SensorID: 5498,
Firmware Version: 1.5.5,

mm-dd,hh:mm:ss,SmO2 Live,SmO2 Averaged,THb,Lap,Session Ct,
3-26,11:13:15,46,46,13.15,1,152,
3-26,11:13:15,45,45,13.12,1,152,
3-26,11:13:16,44,44,13.11,1,152,
3-26,11:13:16,45,45,13.14,1,152,
3-26,11:13:17,45,45,13.13,1,152,
3-26,11:13:17,45,45,13.14,1,152,
3-26,11:13:18,45,45,13.13,1,152,
3-26,11:13:18,45,45,13.13,1,152,
3-26,11:13:19,46,46,13.15,1,152,
3-26,11:13:19,45,45,13.13,1,152,
3-26,11:13:20,44,44,13.12,1,152,
3-26,11:13:20,44,44,13.11,1,152,
3-26,11:13:21,44,44,13.12,1,152,
3-26,11:13:15,46,46,13.15,1,152,
3-26,11:13:15,45,45,13.12,1,152,
3-26,11:13:16,44,44,13.11,1,152,
3-26,11:13:16,45,45,13.14,1,152,
3-26,11:13:17,45,45,13.13,1,152,
3-26,11:13:17,45,45,13.14,1,152,
3-26,11:13:18,45,45,13.13,1,152,
3-26,11:13:18,45,45,13.13,1,152,
3-26,11:13:19,46,46,13.15,1,152,
3-26,11:13:19,45,45,13.13,1,152,
3-26,11:13:20,44,44,13.12,1,152,
3-26,11:13:20,44,44,13.11,1,152,
3-26,11:13:21,44,44,13.12,1,152,
3-26,11:13:21,44,44,13.13,1,152,
3-26,11:13:22,45,45,13.14,1,152,
3-26,11:13:22,45,45,13.13,1,152,
3-26,11:13:23,45,45,13.14,1,152,
3-26,11:13:23,45,45,13.14,1,152,
3-26,11:13:24,43,43,13.11,1,152,
3-26,11:13:24,44,44,13.12,1,152,
3-26,11:13:25,44,44,13.12,1,152,
3-26,11:13:25,44,44,13.11,1,152,
3-26,11:13:26,45,45,13.12,1,152,
3-26,11:13:26,44,44,13.11,1,152,
3-26,11:13:27,44,44,13.13,1,152,
3-26,11:13:27,44,44,13.12,1,152,
3-26,11:13:28,44,44,13.13,1,152,
3-26,11:13:28,45,45,13.16,1,152,
3-26,11:13:29,44,44,13.13,1,152,
3-26,11:13:29,43,43,13.11,1,152,
3-26,11:13:30,43,43,13.11,1,152,
3-26,11:13:30,43,43,13.13,1,152,
3-26,11:13:31,42,42,13.1,1,152,
3-26,11:13:31,44,44,13.14,1,152,
3-26,11:13:32,45,45,13.14,1,152,
3-26,11:13:32,42,42,13.1,1,152,
3-26,11:13:33,43,43,13.11,1,152,
3-26,11:13:33,44,44,13.13,1,152,
3-26,11:13:34,43,43,13.12,1,152,
3-26,11:13:34,44,44,13.14,1,152,
3-26,11:13:35,42,42,13.1,1,152,
3-26,11:13:35,43,43,13.12,1,152,
3-26,11:13:36,45,45,13.16,1,152,
3-26,11:13:36,44,44,13.13,1,152,
3-26,11:13:37,44,44,13.14,1,152,
3-26,11:13:37,44,44,13.13,1,152,
3-26,11:13:38,43,43,13.1,1,152,
3-26,11:13:38,45,45,13.14,1,152,
3-26,11:13:39,44,44,13.13,1,152,
3-26,11:13:39,44,44,13.13,1,152,
3-26,11:13:40,44,44,13.13,1,152,
3-26,11:13:40,44,44,13.13,1,152,
3-26,11:13:41,45,45,13.15,1,152,
3-26,11:13:41,45,45,13.15,1,152,
3-26,11:13:42,45,45,13.15,1,152,
3-26,11:13:42,45,45,13.14,1,152,
3-26,11:13:43,44,44,13.13,1,152,
3-26,11:13:43,44,44,13.13,1,152,
3-26,11:13:44,44,44,13.13,1,152,
3-26,11:13:44,44,44,13.13,1,152,
3-26,11:13:45,43,43,13.11,1,152,
3-26,11:13:45,45,45,13.14,1,152,
3-26,11:13:46,44,44,13.13,1,152,
3-26,11:13:46,45,45,13.14,1,152,
3-26,11:13:47,44,44,13.12,1,152,
3-26,11:13:47,44,44,13.14,1,152,
3-26,11:13:48,44,44,13.11,1,152,
3-26,11:13:48,45,45,13.13,1,152,
3-26,11:13:49,44,44,13.13,1,152,
3-26,11:13:49,45,45,13.14,1,152,
3-26,11:13:50,45,45,13.13,1,152,
3-26,11:13:50,45,45,13.12,1,152,
3-26,11:13:51,45,45,13.14,1,152,
3-26,11:13:51,45,45,13.12,1,152,
3-26,11:13:52,45,45,13.13,1,152,
3-26,11:13:52,45,45,13.13,1,152,
3-26,11:13:53,44,44,13.1,1,152,
3-26,11:13:53,45,45,13.11,1,152,
3-26,11:13:54,45,45,13.11,1,152,
3-26,11:13:54,45,45,13.13,1,152,
3-26,11:13:55,45,45,13.13,1,152,
3-26,11:13:55,46,46,13.13,1,152,
3-26,11:13:56,46,46,13.13,1,152,
3-26,11:13:56,45,45,13.1,1,152,
3-26,11:13:57,46,46,13.12,1,152,
3-26,11:13:57,46,46,13.12,1,152,
3-26,11:13:58,46,46,13.13,1,152,
3-26,11:13:58,46,46,13.13,1,152,
3-26,11:13:59,47,47,13.13,1,152,
3-26,11:13:59,46,46,13.12,1,152,
3-26,11:14:0,46,46,13.12,1,152,
3-26,11:14:0,47,47,13.13,1,152,
3-26,11:14:1,47,47,13.12,1,152,
3-26,11:14:1,47,47,13.11,1,152,
3-26,11:14:2,47,47,13.12,1,152,
3-26,11:14:2,47,47,13.12,1,152,
3-26,11:14:3,47,47,13.1,1,152,
3-26,11:14:3,48,48,13.13,1,152,
3-26,11:14:4,48,48,13.11,1,152,
3-26,11:14:4,47,47,13.09,1,152,
3-26,11:14:5,48,48,13.11,1,152,
3-26,11:14:5,47,47,13.1,1,152,
3-26,11:14:6,49,49,13.13,1,152,
3-26,11:14:6,48,48,13.11,1,152,
3-26,11:14:7,48,48,13.1,1,152,
3-26,11:14:7,47,47,13.08,1,152,
3-26,11:14:8,48,48,13.1,1,152,
3-26,11:14:8,48,48,13.1,1,152,
3-26,11:14:9,48,48,13.1,1,152,
3-26,11:14:9,49,49,13.12,1,152,
3-26,11:14:10,48,48,13.1,1,152,
3-26,11:14:10,49,49,13.12,1,152,
3-26,11:14:11,49,49,13.13,1,152,
3-26,11:14:11,49,49,13.1,1,152,
3-26,11:14:12,49,49,13.11,1,152,
3-26,11:14:12,48,48,13.09,1,152,
3-26,11:14:13,48,48,13.09,1,152,
3-26,11:14:13,49,49,13.11,1,152,
3-26,11:14:14,50,50,13.13,1,152,
3-26,11:14:14,49,49,13.1,1,152,
3-26,11:14:15,49,49,13.11,1,152,
3-26,11:14:15,49,49,13.11,1,152,
3-26,11:14:16,49,49,13.1,1,152,
3-26,11:14:16,49,49,13.12,1,152,
3-26,11:14:17,49,49,13.11,1,152,
3-26,11:14:17,49,49,13.11,1,152,
3-26,11:14:18,49,49,13.12,1,152,
3-26,11:14:18,48,48,13.1,1,152,
3-26,11:14:19,48,48,13.09,1,152,
3-26,11:14:19,48,48,13.1,1,152,
3-26,11:14:20,48,48,13.09,1,152,
3-26,11:14:20,48,48,13.1,1,152,
3-26,11:14:21,49,49,13.11,1,152,
3-26,11:14:21,49,49,13.13,1,152,
3-26,11:14:22,48,48,13.08,1,152,
3-26,11:14:22,49,49,13.13,1,152,
3-26,11:14:23,48,48,13.09,1,152,
3-26,11:14:23,48,48,13.11,1,152,
3-26,11:14:24,48,48,13.11,1,152,
3-26,11:14:24,47,47,13.09,1,152,
3-26,11:14:25,49,49,13.13,1,152,
3-26,11:14:25,50,50,13.15,1,152,
3-26,11:14:26,49,49,13.12,1,152,
3-26,11:14:26,49,49,13.13,1,152,
3-26,11:14:27,48,48,13.12,1,152,
3-26,11:14:27,49,49,13.13,1,152,
3-26,11:14:28,48,48,13.14,1,152,
3-26,11:14:28,48,48,13.12,1,152,
3-26,11:14:29,48,48,13.11,1,152,
3-26,11:14:29,49,49,13.13,1,152,
3-26,11:14:30,47,47,13.09,1,152,
3-26,11:14:30,49,49,13.14,1,152,
3-26,11:14:31,49,49,13.12,1,152,
3-26,11:14:31,48,48,13.11,1,152,
3-26,11:14:32,48,48,13.12,1,152,
3-26,11:14:32,47,47,13.1,1,152,
3-26,11:14:33,49,49,13.12,1,152,
3-26,11:14:33,49,49,13.13,1,152,
3-26,11:14:34,48,48,13.1,1,152,
3-26,11:14:34,48,48,13.1,1,152,
3-26,11:14:35,48,48,13.11,1,152,
3-26,11:14:35,48,48,13.12,1,152,
3-26,11:14:36,48,48,13.11,1,152,
3-26,11:14:36,48,48,13.11,1,152,
3-26,11:14:37,48,48,13.09,1,152,
3-26,11:14:37,47,47,13.09,1,152,
3-26,11:14:38,47,47,13.1,1,152,
3-26,11:14:38,47,47,13.09,1,152,
3-26,11:14:39,48,48,13.11,1,152,
3-26,11:14:39,48,48,13.12,1,152,
3-26,11:14:40,47,47,13.11,1,152,
3-26,11:14:40,47,47,13.13,1,152,
3-26,11:14:41,47,47,13.13,1,152,
3-26,11:14:41,47,47,13.11,1,152,
3-26,11:14:42,47,47,13.12,1,152,
3-26,11:14:42,47,47,13.13,1,152,
3-26,11:14:43,47,47,13.13,1,152,
3-26,11:14:43,46,46,13.09,1,152,
3-26,11:14:44,47,47,13.14,1,152,
3-26,11:14:44,47,47,13.13,1,152,
3-26,11:14:45,46,46,13.12,1,152,
3-26,11:14:45,48,48,13.15,1,152,
3-26,11:14:46,47,47,13.14,1,152,
3-26,11:14:46,46,46,13.14,1,152,
3-26,11:14:47,47,47,13.14,1,152,
3-26,11:14:47,45,45,13.12,1,152,
3-26,11:14:48,47,47,13.14,1,152,
3-26,11:14:48,45,45,13.13,1,152,
3-26,11:14:49,46,46,13.13,1,152,
3-26,11:14:49,45,45,13.11,1,152,
3-26,11:14:50,46,46,13.14,1,152,
3-26,11:14:50,46,46,13.15,1,152,
3-26,11:14:51,46,46,13.14,1,152,
3-26,11:14:51,45,45,13.12,1,152,
3-26,11:14:52,46,46,13.16,1,152,
3-26,11:14:52,44,44,13.11,1,152,
3-26,11:14:53,44,44,13.11,1,152,
3-26,11:14:53,44,44,13.11,1,152,
3-26,11:14:54,46,46,13.14,1,152,
3-26,11:14:54,44,44,13.12,1,152,
3-26,11:14:55,46,46,13.17,1,152,
3-26,11:14:55,45,45,13.13,1,152,
3-26,11:14:56,44,44,13.13,1,152,
3-26,11:14:56,44,44,13.12,1,152,
3-26,11:14:57,45,45,13.15,1,152,
3-26,11:14:57,45,45,13.14,1,152,
3-26,11:14:58,45,45,13.14,1,152,
3-26,11:14:58,44,44,13.12,1,152,
3-26,11:14:59,44,44,13.12,1,152,
3-26,11:14:59,45,45,13.14,1,152,
3-26,11:15:0,44,44,13.12,1,152,
3-26,11:15:0,45,45,13.14,1,152,
3-26,11:15:1,44,44,13.13,1,152,
3-26,11:15:1,45,45,13.15,1,152,
3-26,11:15:2,45,45,13.15,1,152,
3-26,11:15:2,46,46,13.15,1,152,
3-26,11:15:3,45,45,13.14,1,152,
3-26,11:15:3,44,44,13.12,1,152,
3-26,11:15:4,45,45,13.14,1,152,
3-26,11:15:4,44,44,13.12,1,152,
3-26,11:15:5,46,46,13.15,1,152,
3-26,11:15:5,45,45,13.12,1,152,
3-26,11:15:6,46,46,13.14,1,152,
3-26,11:15:6,45,45,13.13,1,152,
3-26,11:15:7,45,45,13.13,1,152,
3-26,11:15:7,45,45,13.13,1,152,
3-26,11:15:8,45,45,13.13,1,152,
3-26,11:15:8,45,45,13.14,1,152,
3-26,11:15:9,45,45,13.13,1,152,
3-26,11:15:9,45,45,13.12,1,152,
3-26,11:15:10,45,45,13.12,1,152,
3-26,11:15:10,46,46,13.14,1,152,
3-26,11:15:11,45,45,13.11,1,152,
3-26,11:15:11,46,46,13.14,1,152,
3-26,11:15:12,45,45,13.13,1,152,
3-26,11:15:12,45,45,13.13,1,152,
3-26,11:15:13,46,46,13.15,1,152,
3-26,11:15:13,46,46,13.13,1,152,
3-26,11:15:14,47,47,13.15,1,152,
3-26,11:15:14,45,45,13.12,1,152,
3-26,11:15:15,45,45,13.12,1,152,
3-26,11:15:15,46,46,13.13,1,152,
3-26,11:15:16,46,46,13.13,1,152,
3-26,11:15:16,45,45,13.12,1,152,
3-26,11:15:17,45,45,13.12,1,152,
3-26,11:15:17,46,46,13.12,1,152,
3-26,11:15:18,47,47,13.15,1,152,
3-26,11:15:18,45,45,13.12,1,152,
3-26,11:15:19,46,46,13.12,1,152,
3-26,11:15:19,47,47,13.15,1,152,
3-26,11:15:20,47,47,13.14,1,152,
3-26,11:15:20,46,46,13.14,1,152,
3-26,11:15:21,46,46,13.14,1,152,
3-26,11:15:21,47,47,13.16,1,152,
3-26,11:15:22,47,47,13.16,1,152,
3-26,11:15:22,47,47,13.14,1,152,
3-26,11:15:23,46,46,13.13,1,152,
3-26,11:15:23,47,47,13.14,1,152,
3-26,11:15:24,46,46,13.11,1,152,
3-26,11:15:24,46,46,13.13,1,152,
3-26,11:15:25,46,46,13.12,1,152,
3-26,11:15:25,47,47,13.13,1,152,
3-26,11:15:26,47,47,13.15,1,152,
3-26,11:15:26,47,47,13.15,1,152,
3-26,11:15:27,47,47,13.12,1,152,
3-26,11:15:27,48,48,13.16,1,152,
3-26,11:15:28,47,47,13.12,1,152,
3-26,11:15:28,48,48,13.14,1,152,
3-26,11:15:29,47,47,13.14,1,152,
3-26,11:15:29,46,46,13.12,1,152,
3-26,11:15:30,47,47,13.15,1,152,
3-26,11:15:30,48,48,13.16,1,152,
3-26,11:15:31,47,47,13.13,1,152,
3-26,11:15:31,47,47,13.13,1,152,
3-26,11:15:32,47,47,13.13,1,152,
3-26,11:15:32,48,48,13.15,1,152,
3-26,11:15:33,46,46,13.11,1,152,
3-26,11:15:33,48,48,13.16,1,152,
3-26,11:15:34,47,47,13.13,1,152,
3-26,11:15:34,47,47,13.13,1,152,
3-26,11:15:35,48,48,13.14,1,152,
3-26,11:15:35,48,48,13.15,1,152,
3-26,11:15:36,48,48,13.14,1,152,
3-26,11:15:36,48,48,13.16,1,152,
3-26,11:15:37,47,47,13.12,1,152,
3-26,11:15:37,47,47,13.09,1,152,
3-26,11:15:38,47,47,13.1,1,152,
3-26,11:15:38,47,47,13.1,1,152,
3-26,11:15:39,47,47,13.12,1,152,
3-26,11:15:39,48,48,13.11,1,152,
3-26,11:15:40,49,49,13.17,1,152,
3-26,11:15:40,47,47,13.13,1,152,
3-26,11:15:41,47,47,13.1,1,152,
3-26,11:15:41,48,48,13.14,1,152,
3-26,11:15:42,48,48,13.11,1,152,
3-26,11:15:42,47,47,13.1,1,152,
3-26,11:15:43,47,47,13.11,1,152,
3-26,11:15:43,48,48,13.12,1,152,
3-26,11:15:44,47,47,13.09,1,152,
3-26,11:15:44,49,49,13.12,1,152,
3-26,11:15:45,49,49,13.14,1,152,
3-26,11:15:45,48,48,13.12,1,152,
3-26,11:15:46,49,49,13.13,1,152,
3-26,11:15:46,48,48,13.13,1,152,
3-26,11:15:47,49,49,13.12,1,152,
3-26,11:15:47,48,48,13.1,1,152,
3-26,11:15:48,48,48,13.12,1,152,
3-26,11:15:48,49,49,13.15,1,152,
3-26,11:15:49,48,48,13.12,1,152,
3-26,11:15:49,48,48,13.11,1,152,
3-26,11:15:50,48,48,13.12,1,152,
3-26,11:15:50,48,48,13.1,1,152,
3-26,11:15:51,48,48,13.11,1,152,
3-26,11:15:51,48,48,13.11,1,152,
3-26,11:15:52,49,49,13.13,1,152,
3-26,11:15:52,48,48,13.15,1,152,
3-26,11:15:53,48,48,13.12,1,152,
3-26,11:15:53,48,48,13.13,1,152,
3-26,11:15:54,49,49,13.14,1,152,
3-26,11:15:54,48,48,13.09,1,152,
3-26,11:15:55,48,48,13.11,1,152,
3-26,11:15:55,47,47,13.1,1,152,
3-26,11:15:56,48,48,13.11,1,152,
3-26,11:15:56,49,49,13.16,1,152,
3-26,11:15:57,48,48,13.12,1,152,
3-26,11:15:57,47,47,13.1,1,152,
3-26,11:15:58,47,47,13.09,1,152,
3-26,11:15:58,48,48,13.1,1,152,
3-26,11:15:59,48,48,13.12,1,152,
3-26,11:15:59,49,49,13.16,1,152,
3-26,11:16:0,48,48,13.15,1,152,
3-26,11:16:0,47,47,13.09,1,152,
3-26,11:16:1,47,47,13.1,1,152,
3-26,11:16:1,48,48,13.14,1,152,
3-26,11:16:2,48,48,13.15,1,152,
3-26,11:16:2,48,48,13.14,1,152,
3-26,11:16:3,48,48,13.14,1,152,
3-26,11:16:3,48,48,13.14,1,152,
3-26,11:16:4,47,47,13.1,1,152,
3-26,11:16:4,47,47,13.1,1,152,
3-26,11:16:5,47,47,13.14,1,152,
3-26,11:16:5,47,47,13.13,1,152,
3-26,11:16:6,46,46,13.12,1,152,
3-26,11:16:6,48,48,13.15,1,152,
3-26,11:16:7,48,48,13.15,1,152,
3-26,11:16:7,47,47,13.14,1,152,
3-26,11:16:8,48,48,13.15,1,152,
3-26,11:16:8,48,48,13.15,1,152,
3-26,11:16:9,47,47,13.14,1,152,
3-26,11:16:9,47,47,13.12,1,152,
3-26,11:16:10,48,48,13.15,1,152,
3-26,11:16:10,47,47,13.14,1,152,
3-26,11:16:11,47,47,13.14,1,152,
3-26,11:16:11,47,47,13.14,1,152,
3-26,11:16:12,47,47,13.16,1,152,
3-26,11:16:12,46,46,13.13,1,152,
3-26,11:16:13,45,45,13.11,1,152,
3-26,11:16:13,46,46,13.13,1,152,
3-26,11:16:14,46,46,13.13,1,152,
3-26,11:16:14,47,47,13.14,1,152,
3-26,11:16:15,46,46,13.12,1,152,
3-26,11:16:15,47,47,13.16,1,152,
3-26,11:16:16,46,46,13.13,1,152,
3-26,11:16:16,47,47,13.16,1,152,
3-26,11:16:17,45,45,13.12,1,152,
3-26,11:16:17,47,47,13.17,1,152,
3-26,11:16:18,46,46,13.13,1,152,
3-26,11:16:18,46,46,13.15,1,152,
3-26,11:16:19,46,46,13.14,1,152,
3-26,11:16:19,45,45,13.11,1,152,
3-26,11:16:20,47,47,13.15,1,152,
3-26,11:16:20,46,46,13.15,1,152,
3-26,11:16:21,46,46,13.14,1,152,
3-26,11:16:21,46,46,13.14,1,152,
3-26,11:16:22,45,45,13.13,1,152,
3-26,11:16:22,48,48,13.19,1,152,
3-26,11:16:23,47,47,13.16,1,152,
3-26,11:16:23,46,46,13.14,1,152,
3-26,11:16:24,45,45,13.12,1,152,
3-26,11:16:24,46,46,13.14,1,152,
3-26,11:16:25,47,47,13.17,1,152,
3-26,11:16:25,46,46,13.14,1,152,
3-26,11:16:26,46,46,13.14,1,152,
3-26,11:16:26,44,44,13.11,1,152,
3-26,11:16:27,46,46,13.13,1,152,
3-26,11:16:27,44,44,13.11,1,152,
3-26,11:16:28,45,45,13.13,1,152,
3-26,11:16:28,44,44,13.12,1,152,
3-26,11:16:29,44,44,13.11,1,152,
3-26,11:16:29,46,46,13.16,1,152,
3-26,11:16:30,45,45,13.12,1,152,
3-26,11:16:30,46,46,13.15,1,152,
3-26,11:16:31,47,47,13.17,1,152,
3-26,11:16:31,46,46,13.13,1,152,
3-26,11:16:32,47,47,13.18,1,152,
3-26,11:16:32,45,45,13.14,1,152,
3-26,11:16:33,46,46,13.16,1,152,
3-26,11:16:33,46,46,13.16,1,152,
3-26,11:16:34,46,46,13.15,1,152,
3-26,11:16:34,45,45,13.13,1,152,
3-26,11:16:35,45,45,13.15,1,152,
3-26,11:16:35,44,44,13.12,1,152,
3-26,11:16:36,45,45,13.14,1,152,
3-26,11:16:36,45,45,13.14,1,152,
3-26,11:16:37,46,46,13.16,1,152,
3-26,11:16:37,45,45,13.13,1,152,
3-26,11:16:38,44,44,13.14,1,152,
3-26,11:16:38,44,44,13.11,1,152,
3-26,11:16:39,46,46,13.16,1,152,
3-26,11:16:39,46,46,13.14,1,152,
3-26,11:16:40,46,46,13.15,1,152,
3-26,11:16:40,45,45,13.13,1,152,
3-26,11:16:41,43,43,13.1,1,152,
3-26,11:16:41,45,45,13.15,1,152,
3-26,11:16:42,45,45,13.14,1,152,
3-26,11:16:42,45,45,13.15,1,152,
3-26,11:16:43,46,46,13.15,1,152,
3-26,11:16:43,44,44,13.11,1,152,
3-26,11:16:44,45,45,13.12,1,152,
3-26,11:16:44,44,44,13.11,1,152,
3-26,11:16:45,46,46,13.16,1,152,
3-26,11:16:45,45,45,13.14,1,152,
3-26,11:16:46,46,46,13.16,1,152,
3-26,11:16:46,46,46,13.17,1,152,
3-26,11:16:47,45,45,13.13,1,152,
3-26,11:16:47,46,46,13.15,1,152,
3-26,11:16:48,46,46,13.15,1,152,
3-26,11:16:48,45,45,13.13,1,152,
3-26,11:16:49,45,45,13.14,1,152,
3-26,11:16:49,44,44,13.13,1,152,
3-26,11:16:50,46,46,13.14,1,152,
3-26,11:16:50,44,44,13.12,1,152,
3-26,11:16:51,46,46,13.16,1,152,
3-26,11:16:51,47,47,13.16,1,152,
3-26,11:16:52,44,44,13.11,1,152,
3-26,11:16:52,46,46,13.15,1,152,
3-26,11:16:53,44,44,13.12,1,152,
3-26,11:16:53,47,47,13.16,1,152,
3-26,11:16:54,44,44,13.11,1,152,
3-26,11:16:54,44,44,13.11,1,152,
3-26,11:16:55,46,46,13.15,1,152,
3-26,11:16:55,45,45,13.12,1,152,
3-26,11:16:56,46,46,13.16,1,152,
3-26,11:16:56,48,48,13.18,1,152,
3-26,11:16:57,45,45,13.13,1,152,
3-26,11:16:57,45,45,13.13,1,152,
3-26,11:16:58,45,45,13.14,1,152,
3-26,11:16:58,45,45,13.14,1,152,
3-26,11:16:59,44,44,13.11,1,152,
3-26,11:16:59,46,46,13.14,1,152,
3-26,11:17:0,45,45,13.13,1,152,
3-26,11:17:0,47,47,13.15,1,152,
3-26,11:17:1,47,47,13.17,1,152,
3-26,11:17:1,47,47,13.16,1,152,
3-26,11:17:2,46,46,13.15,1,152,
3-26,11:17:2,46,46,13.14,1,152,
3-26,11:17:3,46,46,13.13,1,152,
3-26,11:17:3,45,45,13.12,1,152,
3-26,11:17:4,46,46,13.13,1,152,
3-26,11:17:4,45,45,13.13,1,152,
3-26,11:17:5,44,44,13.11,1,152,
3-26,11:17:5,45,45,13.12,1,152,
3-26,11:17:6,47,47,13.16,1,152,
3-26,11:17:6,45,45,13.13,1,152,
3-26,11:17:7,46,46,13.14,1,152,
3-26,11:17:7,45,45,13.13,1,152,
3-26,11:17:8,46,46,13.14,1,152,
3-26,11:17:8,45,45,13.11,1,152,
3-26,11:17:9,45,45,13.13,1,152,
3-26,11:17:9,45,45,13.11,1,152,
3-26,11:17:10,46,46,13.15,1,152,
3-26,11:17:10,46,46,13.14,1,152,
3-26,11:17:11,47,47,13.16,1,152,
3-26,11:17:11,44,44,13.09,1,152,
3-26,11:17:12,47,47,13.15,1,152,
3-26,11:17:12,47,47,13.15,1,152,
3-26,11:17:13,45,45,13.12,1,152,
3-26,11:17:13,46,46,13.15,1,152,
3-26,11:17:14,46,46,13.14,1,152,
3-26,11:17:14,46,46,13.15,1,152,
3-26,11:17:15,47,47,13.15,1,152,
3-26,11:17:15,46,46,13.16,1,152,
3-26,11:17:16,47,47,13.15,1,152,
3-26,11:17:16,46,46,13.15,1,152,
3-26,11:17:17,44,44,13.1,1,152,
3-26,11:17:17,48,48,13.18,1,152,
3-26,11:17:18,47,47,13.17,1,152,
3-26,11:17:18,46,46,13.14,1,152,
3-26,11:17:19,47,47,13.15,1,152,
3-26,11:17:19,46,46,13.13,1,152,
3-26,11:17:20,46,46,13.13,1,152,
3-26,11:17:20,45,45,13.11,1,152,
3-26,11:17:21,45,45,13.13,1,152,
3-26,11:17:21,46,46,13.14,1,152,
3-26,11:17:22,46,46,13.14,1,152,
3-26,11:17:22,46,46,13.15,1,152,
3-26,11:17:23,46,46,13.15,1,152,
3-26,11:17:23,46,46,13.13,1,152,
3-26,11:17:24,46,46,13.15,1,152,
3-26,11:17:24,46,46,13.13,1,152,
3-26,11:17:25,45,45,13.13,1,152,
3-26,11:17:25,46,46,13.13,1,152,
3-26,11:17:26,48,48,13.18,1,152,
3-26,11:17:26,44,44,13.1,1,152,
3-26,11:17:27,45,45,13.12,1,152,
3-26,11:17:27,46,46,13.14,1,152,
3-26,11:17:28,46,46,13.15,1,152,
3-26,11:17:28,46,46,13.13,1,152,
3-26,11:17:29,46,46,13.14,1,152,
3-26,11:17:29,47,47,13.17,1,152,
3-26,11:17:30,48,48,13.18,1,152,
3-26,11:17:30,46,46,13.16,1,152,
3-26,11:17:31,45,45,13.12,1,152,
3-26,11:17:31,45,45,13.13,1,152,
3-26,11:17:32,47,47,13.17,1,152,
3-26,11:17:32,45,45,13.13,1,152,
3-26,11:17:33,45,45,13.12,1,152,
3-26,11:17:33,46,46,13.16,1,152,
3-26,11:17:34,46,46,13.15,1,152,
3-26,11:17:34,46,46,13.14,1,152,
3-26,11:17:35,45,45,13.13,1,152,
3-26,11:17:35,45,45,13.12,1,152,
3-26,11:17:36,47,47,13.17,1,152,
3-26,11:17:36,45,45,13.14,1,152,
3-26,11:17:37,46,46,13.13,1,152,
3-26,11:17:37,46,46,13.14,1,152,
3-26,11:17:38,45,45,13.12,1,152,
3-26,11:17:38,45,45,13.12,1,152,
3-26,11:17:39,47,47,13.16,1,152,
3-26,11:17:39,45,45,13.13,1,152,
3-26,11:17:40,46,46,13.15,1,152,
3-26,11:17:40,45,45,13.15,1,152,
3-26,11:17:41,44,44,13.12,1,152,
3-26,11:17:41,45,45,13.13,1,152,
3-26,11:17:42,45,45,13.13,1,152,
3-26,11:17:42,46,46,13.14,1,152,
3-26,11:17:43,45,45,13.13,1,152,
3-26,11:17:43,45,45,13.14,1,152,
3-26,11:17:44,45,45,13.14,1,152,
3-26,11:17:44,46,46,13.14,1,152,
3-26,11:17:45,45,45,13.14,1,152,
3-26,11:17:45,48,48,13.19,1,152,
3-26,11:17:46,45,45,13.15,1,152,
3-26,11:17:46,45,45,13.14,1,152,
3-26,11:17:47,44,44,13.12,1,152,
3-26,11:17:47,45,45,13.14,1,152,
3-26,11:17:48,44,44,13.13,1,152,
3-26,11:17:48,46,46,13.15,1,152,
3-26,11:17:49,45,45,13.15,1,152,
3-26,11:17:49,48,48,13.18,1,152,
3-26,11:17:50,47,47,13.16,1,152,
3-26,11:17:50,46,46,13.15,1,152,
3-26,11:17:51,46,46,13.14,1,152,
3-26,11:17:51,46,46,13.15,1,152,
3-26,11:17:52,48,48,13.18,1,152,
3-26,11:17:52,46,46,13.15,1,152,
3-26,11:17:53,45,45,13.13,1,152,
3-26,11:17:53,45,45,13.14,1,152,
3-26,11:17:54,46,46,13.15,1,152,
3-26,11:17:54,45,45,13.12,1,152,
3-26,11:17:55,48,48,13.18,1,152,
3-26,11:17:55,46,46,13.14,1,152,
3-26,11:17:56,45,45,13.13,1,152,
3-26,11:17:56,45,45,13.13,1,152,
3-26,11:17:57,46,46,13.13,1,152,
3-26,11:17:57,47,47,13.16,1,152,
3-26,11:17:58,47,47,13.17,1,152,
3-26,11:17:58,47,47,13.16,1,152,
3-26,11:17:59,47,47,13.15,1,152,
3-26,11:17:59,45,45,13.13,1,152,
3-26,11:18:0,46,46,13.15,1,152,
3-26,11:18:0,45,45,13.11,1,152,
3-26,11:18:1,46,46,13.15,1,152,
3-26,11:18:1,45,45,13.13,1,152,
3-26,11:18:2,45,45,13.11,1,152,
3-26,11:18:2,46,46,13.14,1,152,
3-26,11:18:3,45,45,13.11,1,152,
3-26,11:18:3,44,44,13.11,1,152,
3-26,11:18:4,47,47,13.15,1,152,
3-26,11:18:4,46,46,13.15,1,152,
3-26,11:18:5,48,48,13.18,1,152,
3-26,11:18:5,46,46,13.13,1,152,
3-26,11:18:6,45,45,13.09,1,152,
3-26,11:18:6,46,46,13.13,1,152,
3-26,11:18:7,46,46,13.13,1,152,
3-26,11:18:7,47,47,13.15,1,152,
3-26,11:18:8,44,44,13.09,1,152,
3-26,11:18:8,47,47,13.14,1,152,
3-26,11:18:9,47,47,13.13,1,152,
3-26,11:18:9,47,47,13.16,1,152,
3-26,11:18:10,45,45,13.12,1,152,
3-26,11:18:10,48,48,13.17,1,152,
3-26,11:18:11,49,49,13.18,1,152,
3-26,11:18:11,46,46,13.14,1,152,
3-26,11:18:12,46,46,13.11,1,152,
3-26,11:18:12,47,47,13.14,1,152,
3-26,11:18:13,46,46,13.13,1,152,
3-26,11:18:13,47,47,13.15,1,152,
3-26,11:18:14,47,47,13.15,1,152,
3-26,11:18:14,46,46,13.12,1,152,
3-26,11:18:15,47,47,13.15,1,152,
3-26,11:18:15,46,46,13.12,1,152,
3-26,11:18:16,47,47,13.14,1,152,
3-26,11:18:16,47,47,13.15,1,152,
3-26,11:18:17,47,47,13.13,1,152,
3-26,11:18:17,48,48,13.16,1,152,
3-26,11:18:18,46,46,13.12,1,152,
3-26,11:18:18,46,46,13.13,1,152,
3-26,11:18:19,48,48,13.16,1,152,
3-26,11:18:19,47,47,13.15,1,152,
3-26,11:18:20,45,45,13.11,1,152,
3-26,11:18:20,45,45,13.11,1,152,
3-26,11:18:21,47,47,13.15,1,152,
3-26,11:18:21,49,49,13.17,1,152,
3-26,11:18:22,47,47,13.13,1,152,
3-26,11:18:22,46,46,13.12,1,152,
3-26,11:18:23,47,47,13.14,1,152,
3-26,11:18:23,47,47,13.15,1,152,
3-26,11:18:24,47,47,13.14,1,152,
3-26,11:18:24,48,48,13.15,1,152,
3-26,11:18:25,48,48,13.17,1,152,
3-26,11:18:25,46,46,13.11,1,152,
3-26,11:18:26,46,46,13.12,1,152,
3-26,11:18:26,46,46,13.13,1,152,
3-26,11:18:27,48,48,13.16,1,152,
3-26,11:18:27,48,48,13.15,1,152,
3-26,11:18:28,49,49,13.18,1,152,
3-26,11:18:28,47,47,13.15,1,152,
3-26,11:18:29,48,48,13.15,1,152,
3-26,11:18:29,47,47,13.14,1,152,
3-26,11:18:30,47,47,13.15,1,152,
3-26,11:18:30,47,47,13.14,1,152,
3-26,11:18:31,49,49,13.19,1,152,
3-26,11:18:31,48,48,13.15,1,152,
3-26,11:18:32,47,47,13.14,1,152,
3-26,11:18:32,48,48,13.16,1,152,
3-26,11:18:33,46,46,13.13,1,152,
3-26,11:18:33,47,47,13.15,1,152,
3-26,11:18:34,48,48,13.17,1,152,
3-26,11:18:34,47,47,13.14,1,152,
3-26,11:18:35,46,46,13.12,1,152,
3-26,11:18:35,46,46,13.12,1,152,
3-26,11:18:36,48,48,13.17,1,152,
3-26,11:18:36,46,46,13.12,1,152,
3-26,11:18:37,48,48,13.16,1,152,
3-26,11:18:37,47,47,13.13,1,152,
3-26,11:18:38,47,47,13.14,1,152,
3-26,11:18:38,46,46,13.1,1,152,
3-26,11:18:39,46,46,13.11,1,152,
3-26,11:18:39,49,49,13.18,1,152,
3-26,11:18:40,48,48,13.17,1,152,
3-26,11:18:40,46,46,13.12,1,152,
3-26,11:18:41,48,48,13.16,1,152,
3-26,11:18:41,49,49,13.18,1,152,
3-26,11:18:42,48,48,13.15,1,152,
3-26,11:18:42,45,45,13.11,1,152,
3-26,11:18:43,46,46,13.11,1,152,
3-26,11:18:43,48,48,13.16,1,152,
3-26,11:18:44,47,47,13.15,1,152,
3-26,11:18:44,47,47,13.13,1,152,
3-26,11:18:45,47,47,13.13,1,152,
3-26,11:18:45,48,48,13.15,1,152,
3-26,11:18:46,47,47,13.14,1,152,
3-26,11:18:46,47,47,13.14,1,152,
3-26,11:18:47,48,48,13.15,1,152,
3-26,11:18:47,48,48,13.14,1,152,
3-26,11:18:48,47,47,13.13,1,152,
3-26,11:18:48,48,48,13.15,1,152,
3-26,11:18:49,46,46,13.12,1,152,
3-26,11:18:49,49,49,13.18,1,152,
3-26,11:18:50,48,48,13.16,1,152,
3-26,11:18:50,46,46,13.12,1,152,
3-26,11:18:51,48,48,13.15,1,152,
3-26,11:18:51,49,49,13.17,1,152,
3-26,11:18:52,49,49,13.17,1,152,
3-26,11:18:52,47,47,13.12,1,152,
3-26,11:18:53,47,47,13.14,1,152,
3-26,11:18:53,48,48,13.15,1,152,
3-26,11:18:54,48,48,13.15,1,152,
3-26,11:18:54,48,48,13.15,1,152,
3-26,11:18:55,47,47,13.14,1,152,
3-26,11:18:55,48,48,13.16,1,152,
3-26,11:18:56,48,48,13.16,1,152,
3-26,11:18:56,48,48,13.14,1,152,
3-26,11:18:57,49,49,13.17,1,152,
3-26,11:18:57,50,50,13.2,1,152,
3-26,11:18:58,48,48,13.15,1,152,
3-26,11:18:58,47,47,13.13,1,152,
3-26,11:18:59,47,47,13.12,1,152,
3-26,11:18:59,47,47,13.14,1,152,
3-26,11:19:0,48,48,13.15,1,152,
3-26,11:19:0,45,45,13.1,1,152,
3-26,11:19:1,48,48,13.15,1,152,
3-26,11:19:1,48,48,13.16,1,152,
3-26,11:19:2,47,47,13.11,1,152,
3-26,11:19:2,48,48,13.14,1,152,
3-26,11:19:3,49,49,13.17,1,152,
3-26,11:19:3,50,50,13.19,1,152,
3-26,11:19:4,47,47,13.13,1,152,
3-26,11:19:4,47,47,13.13,1,152,
3-26,11:19:5,49,49,13.16,1,152,
3-26,11:19:5,48,48,13.16,1,152,
3-26,11:19:6,49,49,13.16,1,152,
3-26,11:19:6,48,48,13.15,1,152,
3-26,11:19:7,46,46,13.12,1,152,
3-26,11:19:7,48,48,13.16,1,152,
3-26,11:19:8,48,48,13.15,1,152,
3-26,11:19:8,47,47,13.14,1,152,
3-26,11:19:9,48,48,13.17,1,152,
3-26,11:19:9,48,48,13.14,1,152,
3-26,11:19:10,47,47,13.14,1,152,
3-26,11:19:10,48,48,13.15,1,152,
3-26,11:19:11,47,47,13.1,1,152,
3-26,11:19:11,47,47,13.14,1,152,
3-26,11:19:12,47,47,13.13,1,152,
3-26,11:19:12,48,48,13.17,1,152,
3-26,11:19:13,49,49,13.18,1,152,
3-26,11:19:13,48,48,13.16,1,152,
3-26,11:19:14,47,47,13.14,1,152,
3-26,11:19:14,48,48,13.15,1,152,
3-26,11:19:15,47,47,13.13,1,152,
3-26,11:19:15,49,49,13.17,1,152,
3-26,11:19:16,48,48,13.17,1,152,
3-26,11:19:16,48,48,13.16,1,152,
3-26,11:19:17,47,47,13.14,1,152,
3-26,11:19:17,47,47,13.14,1,152,
3-26,11:19:18,48,48,13.16,1,152,
3-26,11:19:18,49,49,13.19,1,152,
3-26,11:19:19,49,49,13.2,1,152,
3-26,11:19:19,47,47,13.14,1,152,
3-26,11:19:20,47,47,13.15,1,152,
3-26,11:19:20,44,44,13.09,1,152,
3-26,11:19:21,47,47,13.14,1,152,
3-26,11:19:21,48,48,13.17,1,152,
3-26,11:19:22,46,46,13.12,1,152,
3-26,11:19:22,49,49,13.17,1,152,
3-26,11:19:23,47,47,13.15,1,152,
3-26,11:19:23,47,47,13.16,1,152,
3-26,11:19:24,47,47,13.15,1,152,
3-26,11:19:24,46,46,13.13,1,152,
3-26,11:19:25,47,47,13.14,1,152,
3-26,11:19:25,48,48,13.16,1,152,
3-26,11:19:26,48,48,13.17,1,152,
3-26,11:19:26,47,47,13.16,1,152,
3-26,11:19:27,47,47,13.16,1,152,
3-26,11:19:27,46,46,13.12,1,152,
3-26,11:19:28,48,48,13.17,1,152,
3-26,11:19:28,47,47,13.16,1,152,
3-26,11:19:29,47,47,13.15,1,152,
3-26,11:19:29,46,46,13.12,1,152,
3-26,11:19:30,48,48,13.16,1,152,
3-26,11:19:30,48,48,13.18,1,152,
3-26,11:19:31,47,47,13.14,1,152,
3-26,11:19:31,46,46,13.12,1,152,
3-26,11:19:32,46,46,13.14,1,152,
3-26,11:19:32,49,49,13.18,1,152,
3-26,11:19:33,48,48,13.17,1,152,
3-26,11:19:33,47,47,13.15,1,152,
3-26,11:19:34,48,48,13.17,1,152,
3-26,11:19:34,47,47,13.16,1,152,
3-26,11:19:35,48,48,13.18,1,152,
3-26,11:19:35,48,48,13.19,1,152,
3-26,11:19:36,47,47,13.16,1,152,
3-26,11:19:36,48,48,13.17,1,152,
3-26,11:19:37,47,47,13.13,1,152,
3-26,11:19:37,45,45,13.11,1,152,
3-26,11:19:38,46,46,13.13,1,152,
3-26,11:19:38,50,50,13.21,1,152,
3-26,11:19:39,48,48,13.16,1,152,
3-26,11:19:39,46,46,13.12,1,152,
3-26,11:19:40,47,47,13.16,1,152,
3-26,11:19:40,47,47,13.14,1,152,
3-26,11:19:41,48,48,13.15,1,152,
3-26,11:19:41,48,48,13.16,1,152,
3-26,11:19:42,47,47,13.14,1,152,
3-26,11:19:42,48,48,13.16,1,152,
3-26,11:19:43,47,47,13.16,1,152,
3-26,11:19:43,46,46,13.12,1,152,
3-26,11:19:44,46,46,13.14,1,152,
3-26,11:19:44,45,45,13.1,1,152,
3-26,11:19:45,47,47,13.15,1,152,
3-26,11:19:45,46,46,13.11,1,152,
3-26,11:19:46,46,46,13.13,1,152,
3-26,11:19:46,45,45,13.1,1,152,
3-26,11:19:47,47,47,13.15,1,152,
3-26,11:19:47,47,47,13.15,1,152,
3-26,11:19:48,47,47,13.16,1,152,
3-26,11:19:48,47,47,13.15,1,152,
3-26,11:19:49,46,46,13.14,1,152,
3-26,11:19:49,48,48,13.16,1,152,
3-26,11:19:50,47,47,13.16,1,152,
3-26,11:19:50,48,48,13.18,1,152,
3-26,11:19:51,47,47,13.16,1,152,
3-26,11:19:51,46,46,13.13,1,152,
3-26,11:19:52,46,46,13.14,1,152,
3-26,11:19:52,47,47,13.15,1,152,
3-26,11:19:53,48,48,13.17,1,152,
3-26,11:19:53,48,48,13.17,1,152,
3-26,11:19:54,48,48,13.16,1,152,
3-26,11:19:54,46,46,13.15,1,152,
3-26,11:19:55,46,46,13.14,1,152,
3-26,11:19:55,48,48,13.18,1,152,
3-26,11:19:56,47,47,13.15,1,152,
3-26,11:19:56,48,48,13.18,1,152,
3-26,11:19:57,46,46,13.14,1,152,
3-26,11:19:57,47,47,13.16,1,152,
3-26,11:19:58,47,47,13.15,1,152,
3-26,11:19:58,48,48,13.16,1,152,
3-26,11:19:59,47,47,13.13,1,152,
3-26,11:19:59,47,47,13.16,1,152,
3-26,11:20:0,47,47,13.14,1,152,
3-26,11:20:0,47,47,13.15,1,152,
3-26,11:20:1,47,47,13.15,1,152,
3-26,11:20:1,47,47,13.14,1,152,
3-26,11:20:2,47,47,13.16,1,152,
3-26,11:20:2,47,47,13.14,1,152,
3-26,11:20:3,47,47,13.15,1,152,
3-26,11:20:3,46,46,13.12,1,152,
3-26,11:20:4,49,49,13.18,1,152,
3-26,11:20:4,46,46,13.14,1,152,
3-26,11:20:5,47,47,13.15,1,152,
3-26,11:20:5,47,47,13.15,1,152,
3-26,11:20:6,48,48,13.16,1,152,
3-26,11:20:6,49,49,13.19,1,152,
3-26,11:20:7,46,46,13.12,1,152,
3-26,11:20:7,47,47,13.15,1,152,
3-26,11:20:8,47,47,13.15,1,152,
3-26,11:20:8,47,47,13.16,1,152,
3-26,11:20:9,47,47,13.15,1,152,
3-26,11:20:9,46,46,13.13,1,152,
3-26,11:20:10,46,46,13.12,1,152,
3-26,11:20:10,47,47,13.13,1,152,
3-26,11:20:11,47,47,13.14,1,152,
3-26,11:20:11,47,47,13.14,1,152,
3-26,11:20:12,47,47,13.16,1,152,
3-26,11:20:12,47,47,13.15,1,152,
3-26,11:20:13,47,47,13.13,1,152,
3-26,11:20:13,48,48,13.16,1,152,
3-26,11:20:14,48,48,13.17,1,152,
3-26,11:20:14,48,48,13.17,1,152,
3-26,11:20:15,49,49,13.2,1,152,
3-26,11:20:15,48,48,13.17,1,152,
3-26,11:20:16,47,47,13.14,1,152,
3-26,11:20:16,47,47,13.14,1,152,
3-26,11:20:17,47,47,13.15,1,152,
3-26,11:20:17,46,46,13.14,1,152,
3-26,11:20:18,48,48,13.15,1,152,
3-26,11:20:18,48,48,13.16,1,152,
3-26,11:20:19,47,47,13.13,1,152,
3-26,11:20:19,46,46,13.12,1,152,
3-26,11:20:20,47,47,13.15,1,152,
3-26,11:20:20,48,48,13.15,1,152,
3-26,11:20:21,51,51,13.21,1,152,
3-26,11:20:21,47,47,13.15,1,152,
3-26,11:20:22,48,48,13.15,1,152,
3-26,11:20:22,48,48,13.15,1,152,
3-26,11:20:23,48,48,13.15,1,152,
3-26,11:20:23,48,48,13.16,1,152,
3-26,11:20:24,47,47,13.14,1,152,
3-26,11:20:24,48,48,13.15,1,152,
3-26,11:20:25,46,46,13.11,1,152,
3-26,11:20:25,48,48,13.15,1,152,
3-26,11:20:26,47,47,13.14,1,152,
3-26,11:20:26,45,45,13.1,1,152,
3-26,11:20:27,48,48,13.15,1,152,
3-26,11:20:27,49,49,13.17,1,152,
3-26,11:20:28,48,48,13.15,1,152,
3-26,11:20:28,49,49,13.16,1,152,
3-26,11:20:29,50,50,13.2,1,152,
3-26,11:20:29,49,49,13.16,1,152,
3-26,11:20:30,49,49,13.16,1,152,
3-26,11:20:30,48,48,13.14,1,152,
3-26,11:20:31,48,48,13.15,1,152,
3-26,11:20:31,48,48,13.15,1,152,
3-26,11:20:32,49,49,13.15,1,152,
3-26,11:20:32,49,49,13.15,1,152,
3-26,11:20:33,50,50,13.18,1,152,
3-26,11:20:33,49,49,13.17,1,152,
3-26,11:20:34,49,49,13.16,1,152,
3-26,11:20:34,49,49,13.16,1,152,
3-26,11:20:35,48,48,13.16,1,152,
3-26,11:20:35,50,50,13.18,1,152,
3-26,11:20:36,48,48,13.13,1,152,
3-26,11:20:36,48,48,13.14,1,152,
3-26,11:20:37,49,49,13.16,1,152,
3-26,11:20:37,48,48,13.12,1,152,
3-26,11:20:38,49,49,13.17,1,152,
3-26,11:20:38,48,48,13.11,1,152,
3-26,11:20:39,50,50,13.17,1,152,
3-26,11:20:39,48,48,13.12,1,152,
3-26,11:20:40,50,50,13.18,1,152,
3-26,11:20:40,49,49,13.16,1,152,
3-26,11:20:41,48,48,13.14,1,152,
3-26,11:20:41,47,47,13.09,1,152,
3-26,11:20:42,49,49,13.16,1,152,
3-26,11:20:42,48,48,13.12,1,152,
3-26,11:20:43,48,48,13.16,1,152,
3-26,11:20:43,48,48,13.12,1,152,
3-26,11:20:44,50,50,13.18,1,152,
3-26,11:20:44,49,49,13.16,1,152,
3-26,11:20:45,48,48,13.11,1,152,
3-26,11:20:45,48,48,13.11,1,152,
3-26,11:20:46,48,48,13.1,1,152,
3-26,11:20:46,50,50,13.16,1,152,
3-26,11:20:47,48,48,13.12,1,152,
3-26,11:20:47,48,48,13.11,1,152,
3-26,11:20:48,48,48,13.11,1,152,
3-26,11:20:48,48,48,13.13,1,152,
3-26,11:20:49,49,49,13.14,1,152,
3-26,11:20:49,49,49,13.15,1,152,
3-26,11:20:50,49,49,13.12,1,152,
3-26,11:20:50,49,49,13.16,1,152,
3-26,11:20:51,48,48,13.11,1,152,
3-26,11:20:51,50,50,13.16,1,152,
3-26,11:20:52,50,50,13.16,1,152,
3-26,11:20:52,48,48,13.11,1,152,
3-26,11:20:53,51,51,13.17,1,152,
3-26,11:20:53,48,48,13.13,1,152,
3-26,11:20:54,50,50,13.14,1,152,
3-26,11:20:54,50,50,13.15,1,152,
3-26,11:20:55,51,51,13.16,1,152,
3-26,11:20:55,49,49,13.12,1,152,
3-26,11:20:56,50,50,13.16,1,152,
3-26,11:20:56,51,51,13.17,1,152,
3-26,11:20:57,50,50,13.15,1,152,
3-26,11:20:57,49,49,13.12,1,152,
3-26,11:20:58,49,49,13.13,1,152,
3-26,11:20:58,51,51,13.16,1,152,
3-26,11:20:59,49,49,13.13,1,152,
3-26,11:20:59,49,49,13.13,1,152,
3-26,11:21:0,51,51,13.16,1,152,
3-26,11:21:0,50,50,13.15,1,152,
3-26,11:21:1,49,49,13.13,1,152,
3-26,11:21:1,52,52,13.21,1,152,
3-26,11:21:2,49,49,13.13,1,152,
3-26,11:21:2,50,50,13.14,1,152,
3-26,11:21:3,50,50,13.17,1,152,
3-26,11:21:3,50,50,13.15,1,152,
3-26,11:21:4,51,51,13.15,1,152,
3-26,11:21:4,50,50,13.16,1,152,
3-26,11:21:5,49,49,13.14,1,152,
3-26,11:21:5,48,48,13.1,1,152,
3-26,11:21:6,49,49,13.13,1,152,
3-26,11:21:6,50,50,13.13,1,152,
3-26,11:21:7,51,51,13.16,1,152,
3-26,11:21:7,48,48,13.1,1,152,
3-26,11:21:8,50,50,13.13,1,152,
3-26,11:21:8,51,51,13.17,1,152,
3-26,11:21:9,48,48,13.11,1,152,
3-26,11:21:9,49,49,13.13,1,152,
3-26,11:21:10,50,50,13.13,1,152,
3-26,11:21:10,51,51,13.12,1,152,
3-26,11:21:11,51,51,13.11,1,152,
3-26,11:21:11,53,53,13.16,1,152,
3-26,11:21:12,51,51,13.13,1,152,
3-26,11:21:12,52,52,13.15,1,152,
3-26,11:21:13,52,52,13.16,1,152,
3-26,11:21:13,53,53,13.16,1,152,
3-26,11:21:14,52,52,13.17,1,152,
3-26,11:21:14,52,52,13.14,1,152,
3-26,11:21:15,51,51,13.12,1,152,
3-26,11:21:15,50,50,13.13,1,152,
3-26,11:21:16,51,51,13.15,1,152,
3-26,11:21:16,51,51,13.11,1,152,
3-26,11:21:17,51,51,13.16,1,152,
3-26,11:21:17,51,51,13.13,1,152,
3-26,11:21:18,52,52,13.15,1,152,
3-26,11:21:18,52,52,13.16,1,152,
3-26,11:21:19,53,53,13.17,1,152,
3-26,11:21:19,50,50,13.1,1,152,
3-26,11:21:20,51,51,13.12,1,152,
3-26,11:21:20,49,49,13.11,1,152,
3-26,11:21:21,51,51,13.13,1,152,
3-26,11:21:21,51,51,13.15,1,152,
3-26,11:21:22,50,50,13.14,1,152,
3-26,11:21:22,50,50,13.12,1,152,
3-26,11:21:23,51,51,13.15,1,152,
3-26,11:21:23,51,51,13.16,1,152,
3-26,11:21:24,51,51,13.16,1,152,
3-26,11:21:24,51,51,13.14,1,152,
3-26,11:21:25,50,50,13.14,1,152,
3-26,11:21:25,50,50,13.15,1,152,
3-26,11:21:26,51,51,13.16,1,152,
3-26,11:21:26,51,51,13.17,1,152,
3-26,11:21:27,50,50,13.15,1,152,
3-26,11:21:27,49,49,13.13,1,152,
3-26,11:21:28,50,50,13.14,1,152,
3-26,11:21:28,49,49,13.11,1,152,
3-26,11:21:29,51,51,13.17,1,152,
3-26,11:21:29,50,50,13.13,1,152,
3-26,11:21:30,50,50,13.15,1,152,
3-26,11:21:30,50,50,13.15,1,152,
3-26,11:21:31,50,50,13.11,1,152,
3-26,11:21:31,51,51,13.16,1,152,
3-26,11:21:32,51,51,13.15,1,152,
3-26,11:21:32,51,51,13.17,1,152,
3-26,11:21:33,50,50,13.15,1,152,
3-26,11:21:33,50,50,13.16,1,152,
3-26,11:21:34,49,49,13.12,1,152,
3-26,11:21:34,49,49,13.13,1,152,
3-26,11:21:35,51,51,13.16,1,152,
3-26,11:21:35,49,49,13.13,1,152,
3-26,11:21:36,49,49,13.11,1,152,
3-26,11:21:36,52,52,13.2,1,152,
3-26,11:21:37,50,50,13.15,1,152,
3-26,11:21:37,51,51,13.17,1,152,
3-26,11:21:38,49,49,13.13,1,152,
3-26,11:21:38,49,49,13.14,1,152,
3-26,11:21:39,51,51,13.18,1,152,
3-26,11:21:39,48,48,13.1,1,152,
3-26,11:21:40,50,50,13.17,1,152,
3-26,11:21:40,50,50,13.15,1,152,
3-26,11:21:41,51,51,13.18,1,152,
3-26,11:21:41,49,49,13.13,1,152,
3-26,11:21:42,48,48,13.14,1,152,
3-26,11:21:42,52,52,13.21,1,152,
3-26,11:21:43,49,49,13.12,1,152,
3-26,11:21:43,52,52,13.19,1,152,
3-26,11:21:44,49,49,13.15,1,152,
3-26,11:21:44,49,49,13.14,1,152,
3-26,11:21:45,50,50,13.17,1,152,
3-26,11:21:45,50,50,13.16,1,152,
3-26,11:21:46,50,50,13.18,1,152,
3-26,11:21:46,50,50,13.16,1,152,
3-26,11:21:47,51,51,13.18,1,152,
3-26,11:21:47,50,50,13.16,1,152,
3-26,11:21:48,49,49,13.15,1,152,
3-26,11:21:48,50,50,13.18,1,152,
3-26,11:21:49,48,48,13.13,1,152,
3-26,11:21:49,50,50,13.17,1,152,
3-26,11:21:50,50,50,13.18,1,152,
3-26,11:21:50,47,47,13.09,1,152,
3-26,11:21:51,50,50,13.17,1,152,
3-26,11:21:51,51,51,13.19,1,152,
3-26,11:21:52,47,47,13.13,1,152,
3-26,11:21:52,50,50,13.17,1,152,
3-26,11:21:53,47,47,13.13,1,152,
3-26,11:21:53,50,50,13.18,1,152,
3-26,11:21:54,48,48,13.11,1,152,
3-26,11:21:54,49,49,13.13,1,152,
3-26,11:21:55,48,48,13.15,1,152,
3-26,11:21:55,50,50,13.17,1,152,
3-26,11:21:56,49,49,13.16,1,152,
3-26,11:21:56,49,49,13.13,1,152,
3-26,11:21:57,49,49,13.13,1,152,
3-26,11:21:57,49,49,13.16,1,152,
3-26,11:21:58,47,47,13.09,1,152,
3-26,11:21:58,49,49,13.12,1,152,
3-26,11:21:59,51,51,13.19,1,152,
3-26,11:21:59,49,49,13.15,1,152,
3-26,11:22:0,50,50,13.18,1,152,
3-26,11:22:0,49,49,13.16,1,152,
3-26,11:22:1,49,49,13.14,1,152,
3-26,11:22:1,50,50,13.16,1,152,
3-26,11:22:2,50,50,13.18,1,152,
3-26,11:22:2,49,49,13.16,1,152,
3-26,11:22:3,47,47,13.13,1,152,
3-26,11:22:3,50,50,13.17,1,152,
3-26,11:22:4,48,48,13.15,1,152,
3-26,11:22:4,50,50,13.17,1,152,
3-26,11:22:5,50,50,13.17,1,152,
3-26,11:22:5,47,47,13.12,1,152,
3-26,11:22:6,48,48,13.13,1,152,
3-26,11:22:6,49,49,13.15,1,152,
3-26,11:22:7,50,50,13.17,1,152,
3-26,11:22:7,48,48,13.14,1,152,
3-26,11:22:8,49,49,13.15,1,152,
3-26,11:22:8,48,48,13.14,1,152,
3-26,11:22:9,49,49,13.13,1,152,
3-26,11:22:9,48,48,13.11,1,152,
3-26,11:22:10,50,50,13.17,1,152,
3-26,11:22:10,50,50,13.16,1,152,
3-26,11:22:11,50,50,13.17,1,152,
3-26,11:22:11,49,49,13.16,1,152,
3-26,11:22:12,50,50,13.2,1,152,
3-26,11:22:12,49,49,13.16,1,152,
3-26,11:22:13,48,48,13.15,1,152,
3-26,11:22:13,48,48,13.12,1,152,
3-26,11:22:14,47,47,13.14,1,152,
3-26,11:22:14,48,48,13.14,1,152,
3-26,11:22:15,47,47,13.13,1,152,
3-26,11:22:15,48,48,13.16,1,152,
3-26,11:22:16,48,48,13.15,1,152,
3-26,11:22:16,49,49,13.17,1,152,
3-26,11:22:17,49,49,13.18,1,152,
3-26,11:22:17,50,50,13.2,1,152,
3-26,11:22:18,49,49,13.16,1,152,
3-26,11:22:18,47,47,13.14,1,152,
3-26,11:22:19,49,49,13.17,1,152,
3-26,11:22:19,48,48,13.14,1,152,
3-26,11:22:20,48,48,13.17,1,152,
3-26,11:22:20,48,48,13.16,1,152,
3-26,11:22:21,49,49,13.18,1,152,
3-26,11:22:21,48,48,13.16,1,152,
3-26,11:22:22,48,48,13.14,1,152,
3-26,11:22:22,47,47,13.14,1,152,
3-26,11:22:23,50,50,13.19,1,152,
3-26,11:22:23,49,49,13.18,1,152,
3-26,11:22:24,48,48,13.16,1,152,
3-26,11:22:24,48,48,13.16,1,152,
3-26,11:22:25,49,49,13.19,1,152,
3-26,11:22:25,47,47,13.15,1,152,
3-26,11:22:26,48,48,13.16,1,152,
3-26,11:22:26,47,47,13.15,1,152,
3-26,11:22:27,48,48,13.17,1,152,
3-26,11:22:27,51,51,13.23,1,152,
3-26,11:22:28,47,47,13.15,1,152,
3-26,11:22:28,48,48,13.17,1,152,
3-26,11:22:29,48,48,13.16,1,152,
3-26,11:22:29,48,48,13.15,1,152,
3-26,11:22:30,46,46,13.13,1,152,
3-26,11:22:30,48,48,13.16,1,152,
3-26,11:22:31,48,48,13.16,1,152,
3-26,11:22:31,47,47,13.15,1,152,
3-26,11:22:32,47,47,13.17,1,152,
3-26,11:22:32,48,48,13.16,1,152,
3-26,11:22:33,48,48,13.17,1,152,
3-26,11:22:33,46,46,13.14,1,152,
3-26,11:22:34,47,47,13.15,1,152,
3-26,11:22:34,50,50,13.21,1,152,
3-26,11:22:35,49,49,13.18,1,152,
3-26,11:22:35,48,48,13.17,1,152,
3-26,11:22:36,48,48,13.17,1,152,
3-26,11:22:36,47,47,13.14,1,152,
3-26,11:22:37,48,48,13.17,1,152,
3-26,11:22:37,46,46,13.14,1,152,
3-26,11:22:38,46,46,13.13,1,152,
3-26,11:22:38,49,49,13.19,1,152,
3-26,11:22:39,49,49,13.2,1,152,
3-26,11:22:39,48,48,13.16,1,152,
3-26,11:22:40,47,47,13.14,1,152,
3-26,11:22:40,47,47,13.16,1,152,
3-26,11:22:41,47,47,13.15,1,152,
3-26,11:22:41,48,48,13.16,1,152,
3-26,11:22:42,48,48,13.17,1,152,
3-26,11:22:42,46,46,13.14,1,152,
3-26,11:22:43,47,47,13.14,1,152,
3-26,11:22:43,47,47,13.15,1,152,
3-26,11:22:44,48,48,13.16,1,152,
3-26,11:22:44,48,48,13.16,1,152,
3-26,11:22:45,46,46,13.13,1,152,
3-26,11:22:45,46,46,13.11,1,152,
3-26,11:22:46,46,46,13.14,1,152,
3-26,11:22:46,48,48,13.16,1,152,
3-26,11:22:47,47,47,13.16,1,152,
3-26,11:22:47,48,48,13.17,1,152,
3-26,11:22:48,46,46,13.13,1,152,
3-26,11:22:48,48,48,13.15,1,152,
3-26,11:22:49,48,48,13.17,1,152,
3-26,11:22:49,47,47,13.17,1,152,
3-26,11:22:50,49,49,13.18,1,152,
3-26,11:22:50,48,48,13.17,1,152,
3-26,11:22:51,47,47,13.16,1,152,
3-26,11:22:51,49,49,13.19,1,152,
3-26,11:22:52,48,48,13.16,1,152,
3-26,11:22:52,48,48,13.17,1,152,
3-26,11:22:53,49,49,13.21,1,152,
3-26,11:22:53,48,48,13.17,1,152,
3-26,11:22:54,47,47,13.15,1,152,
3-26,11:22:54,47,47,13.14,1,152,
3-26,11:22:55,48,48,13.18,1,152,
3-26,11:22:55,47,47,13.16,1,152,
3-26,11:22:56,48,48,13.16,1,152,
3-26,11:22:56,47,47,13.16,1,152,
3-26,11:22:57,48,48,13.17,1,152,
3-26,11:22:57,47,47,13.15,1,152,
3-26,11:22:58,48,48,13.17,1,152,
3-26,11:22:58,47,47,13.16,1,152,
3-26,11:22:59,47,47,13.16,1,152,
3-26,11:22:59,48,48,13.18,1,152,
3-26,11:23:0,47,47,13.16,1,152,
3-26,11:23:0,47,47,13.13,1,152,
3-26,11:23:1,47,47,13.15,1,152,
3-26,11:23:1,48,48,13.16,1,152,
3-26,11:23:2,45,45,13.14,1,152,
3-26,11:23:2,46,46,13.12,1,152,
3-26,11:23:3,47,47,13.17,1,152,
3-26,11:23:3,49,49,13.18,1,152,
3-26,11:23:4,48,48,13.18,1,152,
3-26,11:23:4,48,48,13.17,1,152,
3-26,11:23:5,47,47,13.15,1,152,
3-26,11:23:5,48,48,13.16,1,152,
3-26,11:23:6,49,49,13.19,1,152,
3-26,11:23:6,47,47,13.14,1,152,
3-26,11:23:7,48,48,13.18,1,152,
3-26,11:23:7,49,49,13.17,1,152,
3-26,11:23:8,48,48,13.16,1,152,
3-26,11:23:8,49,49,13.18,1,152,
3-26,11:23:9,47,47,13.15,1,152,
3-26,11:23:9,48,48,13.16,1,152,
3-26,11:23:10,48,48,13.17,1,152,
3-26,11:23:10,47,47,13.14,1,152,
3-26,11:23:11,48,48,13.17,1,152,
3-26,11:23:11,48,48,13.15,1,152,
3-26,11:23:12,49,49,13.18,1,152,
3-26,11:23:12,48,48,13.15,1,152,
3-26,11:23:13,48,48,13.17,1,152,
3-26,11:23:13,48,48,13.16,1,152,
3-26,11:23:14,48,48,13.16,1,152,
3-26,11:23:14,49,49,13.19,1,152,
3-26,11:23:15,48,48,13.17,1,152,
3-26,11:23:15,48,48,13.15,1,152,
3-26,11:23:16,49,49,13.18,1,152,
3-26,11:23:16,47,47,13.14,1,152,
3-26,11:23:17,47,47,13.14,1,152,
3-26,11:23:17,47,47,13.15,1,152,
3-26,11:23:18,48,48,13.15,1,152,
3-26,11:23:18,48,48,13.16,1,152,
3-26,11:23:19,46,46,13.12,1,152,
3-26,11:23:19,47,47,13.14,1,152,
3-26,11:23:20,47,47,13.14,1,152,
3-26,11:23:20,49,49,13.18,1,152,
3-26,11:23:21,45,45,13.1,1,152,
3-26,11:23:21,48,48,13.17,1,152,
3-26,11:23:22,47,47,13.14,1,152,
3-26,11:23:22,49,49,13.15,1,152,
3-26,11:23:23,48,48,13.17,1,152,
3-26,11:23:23,48,48,13.15,1,152,
3-26,11:23:24,47,47,13.14,1,152,
3-26,11:23:24,48,48,13.14,1,152,
3-26,11:23:25,47,47,13.14,1,152,
3-26,11:23:25,49,49,13.17,1,152,
3-26,11:23:26,49,49,13.19,1,152,
3-26,11:23:26,47,47,13.13,1,152,
3-26,11:23:27,47,47,13.13,1,152,
3-26,11:23:27,47,47,13.12,1,152,
3-26,11:23:28,48,48,13.15,1,152,
3-26,11:23:28,48,48,13.15,1,152,
3-26,11:23:29,47,47,13.14,1,152,
3-26,11:23:29,47,47,13.15,1,152,
3-26,11:23:30,49,49,13.16,1,152,
3-26,11:23:30,47,47,13.13,1,152,
3-26,11:23:31,48,48,13.15,1,152,
3-26,11:23:31,48,48,13.16,1,152,
3-26,11:23:32,48,48,13.15,1,152,
3-26,11:23:32,48,48,13.15,1,152,
3-26,11:23:33,49,49,13.17,1,152,
3-26,11:23:33,49,49,13.17,1,152,
3-26,11:23:34,47,47,13.13,1,152,
3-26,11:23:34,49,49,13.16,1,152,
3-26,11:23:35,49,49,13.16,1,152,
3-26,11:23:35,49,49,13.15,1,152,
3-26,11:23:36,49,49,13.16,1,152,
3-26,11:23:36,49,49,13.17,1,152,
3-26,11:23:37,48,48,13.15,1,152,
3-26,11:23:37,49,49,13.18,1,152,
3-26,11:23:38,48,48,13.12,1,152,
3-26,11:23:38,47,47,13.11,1,152,
3-26,11:23:39,47,47,13.12,1,152,
3-26,11:23:39,47,47,13.14,1,152,
3-26,11:23:40,49,49,13.15,1,152,
3-26,11:23:40,50,50,13.18,1,152,
3-26,11:23:41,47,47,13.13,1,152,
3-26,11:23:41,49,49,13.16,1,152,
3-26,11:23:42,49,49,13.16,1,152,
3-26,11:23:42,48,48,13.15,1,152,
3-26,11:23:43,47,47,13.1,1,152,
3-26,11:23:43,49,49,13.15,1,152,
3-26,11:23:44,49,49,13.15,1,152,
3-26,11:23:44,49,49,13.13,1,152,
3-26,11:23:45,48,48,13.14,1,152,
3-26,11:23:45,47,47,13.09,1,152,
3-26,11:23:46,50,50,13.19,1,152,
3-26,11:23:46,49,49,13.16,1,152,
3-26,11:23:47,48,48,13.14,1,152,
3-26,11:23:47,49,49,13.15,1,152,
3-26,11:23:48,49,49,13.16,1,152,
3-26,11:23:48,48,48,13.12,1,152,
3-26,11:23:49,47,47,13.1,1,152,
3-26,11:23:49,49,49,13.15,1,152,
3-26,11:23:50,50,50,13.18,1,152,
3-26,11:23:50,47,47,13.1,1,152,
3-26,11:23:51,49,49,13.13,1,152,
3-26,11:23:51,50,50,13.17,1,152,
3-26,11:23:52,50,50,13.17,1,152,
3-26,11:23:52,49,49,13.17,1,152,
3-26,11:23:53,49,49,13.16,1,152,
3-26,11:23:53,48,48,13.15,1,152,
3-26,11:23:54,48,48,13.12,1,152,
3-26,11:23:54,49,49,13.16,1,152,
3-26,11:23:55,50,50,13.18,1,152,
3-26,11:23:55,48,48,13.13,1,152,
3-26,11:23:56,49,49,13.15,1,152,
3-26,11:23:56,49,49,13.15,1,152,
3-26,11:23:57,50,50,13.18,1,152,
3-26,11:23:57,48,48,13.15,1,152,
3-26,11:23:58,49,49,13.13,1,152,
3-26,11:23:58,50,50,13.17,1,152,
3-26,11:23:59,48,48,13.14,1,152,
3-26,11:23:59,50,50,13.17,1,152,
3-26,11:24:0,48,48,13.14,1,152,
3-26,11:24:0,50,50,13.18,1,152,
3-26,11:24:1,48,48,13.15,1,152,
3-26,11:24:1,49,49,13.13,1,152,
3-26,11:24:2,50,50,13.19,1,152,
3-26,11:24:2,49,49,13.14,1,152,
3-26,11:24:3,48,48,13.13,1,152,
3-26,11:24:3,48,48,13.14,1,152,
3-26,11:24:4,49,49,13.14,1,152,
3-26,11:24:4,50,50,13.18,1,152,
3-26,11:24:5,50,50,13.17,1,152,
3-26,11:24:5,48,48,13.13,1,152,
3-26,11:24:6,49,49,13.16,1,152,
3-26,11:24:6,50,50,13.17,1,152,
3-26,11:24:7,49,49,13.15,1,152,
3-26,11:24:7,49,49,13.15,1,152,
3-26,11:24:8,48,48,13.14,1,152,
3-26,11:24:8,47,47,13.12,1,152,
3-26,11:24:9,47,47,13.1,1,152,
3-26,11:24:9,48,48,13.12,1,152,
3-26,11:24:10,49,49,13.13,1,152,
3-26,11:24:10,48,48,13.11,1,152,
3-26,11:24:11,48,48,13.14,1,152,
3-26,11:24:11,50,50,13.18,1,152,
3-26,11:24:12,48,48,13.12,1,152,
3-26,11:24:12,50,50,13.15,1,152,
3-26,11:24:13,48,48,13.11,1,152,
3-26,11:24:13,47,47,13.1,1,152,
3-26,11:24:14,48,48,13.1,1,152,
3-26,11:24:14,49,49,13.16,1,152,
3-26,11:24:15,47,47,13.13,1,152,
3-26,11:24:15,49,49,13.15,1,152,
3-26,11:24:16,48,48,13.15,1,152,
3-26,11:24:16,48,48,13.12,1,152,
3-26,11:24:17,49,49,13.16,1,152,
3-26,11:24:17,49,49,13.17,1,152,
3-26,11:24:18,49,49,13.16,1,152,
3-26,11:24:18,49,49,13.16,1,152,
3-26,11:24:19,50,50,13.19,1,152,
3-26,11:24:19,49,49,13.14,1,152,
3-26,11:24:20,48,48,13.15,1,152,
3-26,11:24:20,47,47,13.11,1,152,
3-26,11:24:21,48,48,13.15,1,152,
3-26,11:24:21,49,49,13.15,1,152,
3-26,11:24:22,49,49,13.13,1,152,
3-26,11:24:22,48,48,13.12,1,152,
3-26,11:24:23,49,49,13.16,1,152,
3-26,11:24:23,48,48,13.15,1,152,
3-26,11:24:24,49,49,13.15,1,152,
3-26,11:24:24,49,49,13.14,1,152,
3-26,11:24:25,50,50,13.15,1,152,
3-26,11:24:25,50,50,13.17,1,152,
3-26,11:24:26,49,49,13.15,1,152,
3-26,11:24:26,49,49,13.15,1,152,
3-26,11:24:27,49,49,13.13,1,152,
3-26,11:24:27,48,48,13.12,1,152,
3-26,11:24:28,47,47,13.14,1,152,
3-26,11:24:28,50,50,13.17,1,152,
3-26,11:24:29,49,49,13.14,1,152,
3-26,11:24:29,51,51,13.2,1,152,
3-26,11:24:30,48,48,13.14,1,152,
3-26,11:24:30,50,50,13.18,1,152,
3-26,11:24:31,47,47,13.13,1,152,
3-26,11:24:31,46,46,13.11,1,152,
3-26,11:24:32,48,48,13.14,1,152,
3-26,11:24:32,49,49,13.15,1,152,
3-26,11:24:33,48,48,13.12,1,152,
3-26,11:24:33,49,49,13.16,1,152,
3-26,11:24:34,49,49,13.16,1,152,
3-26,11:24:34,49,49,13.15,1,152,
3-26,11:24:35,48,48,13.13,1,152,
3-26,11:24:35,49,49,13.17,1,152,
3-26,11:24:36,48,48,13.16,1,152,
3-26,11:24:36,49,49,13.16,1,152,
3-26,11:24:37,49,49,13.18,1,152,
3-26,11:24:37,47,47,13.11,1,152,
3-26,11:24:38,50,50,13.17,1,152,
3-26,11:24:38,48,48,13.14,1,152,
3-26,11:24:39,47,47,13.12,1,152,
3-26,11:24:39,49,49,13.18,1,152,
3-26,11:24:40,49,49,13.16,1,152,
3-26,11:24:40,47,47,13.14,1,152,
3-26,11:24:41,49,49,13.16,1,152,
3-26,11:24:41,46,46,13.12,1,152,
3-26,11:24:42,49,49,13.16,1,152,
3-26,11:24:42,47,47,13.1,1,152,
3-26,11:24:43,49,49,13.16,1,152,
3-26,11:24:43,49,49,13.16,1,152,
3-26,11:24:44,48,48,13.16,1,152,
3-26,11:24:44,48,48,13.12,1,152,
3-26,11:24:45,48,48,13.15,1,152,
3-26,11:24:45,48,48,13.15,1,152,
3-26,11:24:46,49,49,13.17,1,152,
3-26,11:24:46,47,47,13.14,1,152,
3-26,11:24:47,47,47,13.1,1,152,
3-26,11:24:47,48,48,13.16,1,152,
3-26,11:24:48,49,49,13.17,1,152,
3-26,11:24:48,48,48,13.14,1,152,
3-26,11:24:49,49,49,13.17,1,152,
3-26,11:24:49,47,47,13.12,1,152,
3-26,11:24:50,47,47,13.12,1,152,
3-26,11:24:50,47,47,13.14,1,152,
3-26,11:24:51,49,49,13.17,1,152,
3-26,11:24:51,47,47,13.15,1,152,
3-26,11:24:52,47,47,13.13,1,152,
3-26,11:24:52,49,49,13.17,1,152,
3-26,11:24:53,47,47,13.12,1,152,
3-26,11:24:53,49,49,13.17,1,152,
3-26,11:24:54,48,48,13.16,1,152,
3-26,11:24:54,48,48,13.14,1,152,
3-26,11:24:55,47,47,13.14,1,152,
3-26,11:24:55,47,47,13.13,1,152,
3-26,11:24:56,50,50,13.18,1,152,
3-26,11:24:56,48,48,13.16,1,152,
3-26,11:24:57,48,48,13.17,1,152,
3-26,11:24:57,49,49,13.18,1,152,
3-26,11:24:58,47,47,13.13,1,152,
3-26,11:24:58,48,48,13.13,1,152,
3-26,11:24:59,48,48,13.15,1,152,
3-26,11:24:59,47,47,13.14,1,152,
3-26,11:25:0,49,49,13.18,1,152,
3-26,11:25:0,48,48,13.15,1,152,
3-26,11:25:1,48,48,13.16,1,152,
3-26,11:25:1,50,50,13.19,1,152,
3-26,11:25:2,47,47,13.14,1,152,
3-26,11:25:2,47,47,13.13,1,152,
3-26,11:25:3,48,48,13.16,1,152,
3-26,11:25:3,47,47,13.14,1,152,
3-26,11:25:4,48,48,13.18,1,152,
3-26,11:25:4,47,47,13.14,1,152,
3-26,11:25:5,48,48,13.16,1,152,
3-26,11:25:5,47,47,13.15,1,152,
3-26,11:25:6,48,48,13.15,1,152,
3-26,11:25:6,48,48,13.16,1,152,
3-26,11:25:7,47,47,13.13,1,152,
3-26,11:25:7,47,47,13.13,1,152,
3-26,11:25:8,48,48,13.17,1,152,
3-26,11:25:8,49,49,13.16,1,152,
3-26,11:25:9,49,49,13.17,1,152,
3-26,11:25:9,47,47,13.15,1,152,
3-26,11:25:10,47,47,13.13,1,152,
3-26,11:25:10,50,50,13.19,1,152,
3-26,11:25:11,47,47,13.13,1,152,
3-26,11:25:11,47,47,13.14,1,152,
3-26,11:25:12,50,50,13.2,1,152,
3-26,11:25:12,48,48,13.17,1,152,
3-26,11:25:13,48,48,13.16,1,152,
3-26,11:25:13,48,48,13.16,1,152,
3-26,11:25:14,48,48,13.14,1,152,
3-26,11:25:14,49,49,13.18,1,152,
3-26,11:25:15,46,46,13.12,1,152,
3-26,11:25:15,47,47,13.13,1,152,
3-26,11:25:16,49,49,13.19,1,152,
3-26,11:25:16,48,48,13.14,1,152,
3-26,11:25:17,49,49,13.17,1,152,
3-26,11:25:17,49,49,13.14,1,152,
3-26,11:25:18,47,47,13.1,1,152,
3-26,11:25:18,47,47,13.14,1,152,
3-26,11:25:19,50,50,13.19,1,152,
3-26,11:25:19,49,49,13.16,1,152,
3-26,11:25:20,49,49,13.17,1,152,
3-26,11:25:20,48,48,13.15,1,152,
3-26,11:25:21,47,47,13.09,1,152,
3-26,11:25:21,49,49,13.18,1,152,
3-26,11:25:22,49,49,13.16,1,152,
3-26,11:25:22,50,50,13.18,1,152,
3-26,11:25:23,51,51,13.18,1,152,
3-26,11:25:23,51,51,13.16,1,152,
3-26,11:25:24,50,50,13.1,1,152,
3-26,11:25:24,50,50,13.12,1,152,
3-26,11:25:25,52,52,13.16,1,152,
3-26,11:25:25,52,52,13.16,1,152,
3-26,11:25:26,49,49,13.09,1,152,
3-26,11:25:26,50,50,13.1,1,152,
3-26,11:25:27,50,50,13.12,1,152,
3-26,11:25:27,52,52,13.13,1,152,
3-26,11:25:28,50,50,13.11,1,152,
3-26,11:25:28,50,50,13.13,1,152,
3-26,11:25:29,51,51,13.14,1,152,
3-26,11:25:29,50,50,13.13,1,152,
3-26,11:25:30,50,50,13.11,1,152,
3-26,11:25:30,49,49,13.1,1,152,
3-26,11:25:31,50,50,13.11,1,152,
3-26,11:25:31,51,51,13.16,1,152,
3-26,11:25:32,50,50,13.12,1,152,
3-26,11:25:32,51,51,13.15,1,152,
3-26,11:25:33,49,49,13.11,1,152,
3-26,11:25:33,50,50,13.13,1,152,
3-26,11:25:34,51,51,13.13,1,152,
3-26,11:25:34,51,51,13.16,1,152,
3-26,11:25:35,49,49,13.1,1,152,
3-26,11:25:35,50,50,13.13,1,152,
3-26,11:25:36,51,51,13.15,1,152,
3-26,11:25:36,52,52,13.16,1,152,
3-26,11:25:37,51,51,13.13,1,152,
3-26,11:25:37,50,50,13.12,1,152,
3-26,11:25:38,51,51,13.15,1,152,
3-26,11:25:38,51,51,13.15,1,152,
3-26,11:25:39,50,50,13.12,1,152,
3-26,11:25:39,49,49,13.11,1,152,
3-26,11:25:40,49,49,13.1,1,152,
3-26,11:25:40,51,51,13.14,1,152,
3-26,11:25:41,50,50,13.12,1,152,
3-26,11:25:41,51,51,13.13,1,152,
3-26,11:25:42,50,50,13.12,1,152,
3-26,11:25:42,48,48,13.08,1,152,
3-26,11:25:43,51,51,13.16,2,152,
3-26,11:25:43,49,49,13.08,2,152,
3-26,11:25:44,50,50,13.12,2,152,
3-26,11:25:44,50,50,13.11,2,152,
3-26,11:25:45,50,50,13.1,2,152,
3-26,11:25:45,51,51,13.12,2,152,
3-26,11:25:46,51,51,13.12,2,152,
3-26,11:25:46,52,52,13.13,2,152,
3-26,11:25:47,51,51,13.13,2,152,
3-26,11:25:47,51,51,13.13,2,152,
3-26,11:25:48,52,52,13.14,2,152,
3-26,11:25:48,51,51,13.14,2,152,
3-26,11:25:49,51,51,13.12,2,152,
3-26,11:25:49,51,51,13.14,2,152,
3-26,11:25:50,51,51,13.11,2,152,
3-26,11:25:50,52,52,13.16,2,152,
3-26,11:25:51,51,51,13.14,2,152,
3-26,11:25:51,51,51,13.14,2,152,
3-26,11:25:52,51,51,13.12,2,152,
3-26,11:25:52,51,51,13.13,2,152,
3-26,11:25:53,50,50,13.11,2,152,
3-26,11:25:53,50,50,13.11,2,152,
3-26,11:25:54,50,50,13.11,2,152,
3-26,11:25:54,52,52,13.15,2,152,
3-26,11:25:55,52,52,13.17,2,152,
3-26,11:25:55,51,51,13.14,2,152,
3-26,11:25:56,52,52,13.16,2,152,
3-26,11:25:56,52,52,13.16,2,152,
3-26,11:25:57,52,52,13.15,2,152,
3-26,11:25:57,50,50,13.12,2,152,
3-26,11:25:58,52,52,13.16,2,152,
3-26,11:25:58,52,52,13.17,2,152,
3-26,11:25:59,52,52,13.15,2,152,
3-26,11:25:59,52,52,13.15,2,152,
3-26,11:26:0,51,51,13.14,2,152,
3-26,11:26:0,52,52,13.16,2,152,
3-26,11:26:1,50,50,13.12,2,152,
3-26,11:26:1,52,52,13.17,2,152,
3-26,11:26:2,50,50,13.13,2,152,
3-26,11:26:2,51,51,13.15,2,152,
3-26,11:26:3,51,51,13.14,2,152,
3-26,11:26:3,51,51,13.14,2,152,
3-26,11:26:4,50,50,13.12,2,152,
3-26,11:26:4,49,49,13.1,2,152,
3-26,11:26:5,50,50,13.11,2,152,
3-26,11:26:5,50,50,13.12,2,152,
3-26,11:26:6,50,50,13.13,2,152,
3-26,11:26:6,52,52,13.17,2,152,
3-26,11:26:7,51,51,13.16,2,152,
3-26,11:26:7,52,52,13.17,2,152,
3-26,11:26:8,51,51,13.15,2,152,
3-26,11:26:8,50,50,13.13,2,152,
3-26,11:26:9,50,50,13.12,2,152,
3-26,11:26:9,50,50,13.14,2,152,
3-26,11:26:10,50,50,13.12,2,152,
3-26,11:26:10,49,49,13.11,2,152,
3-26,11:26:11,50,50,13.13,2,152,
3-26,11:26:11,51,51,13.15,2,152,
3-26,11:26:12,51,51,13.15,2,152,
3-26,11:26:12,50,50,13.14,2,152,
3-26,11:26:13,49,49,13.09,2,152,
3-26,11:26:13,49,49,13.12,2,152,
3-26,11:26:14,49,49,13.1,2,152,
3-26,11:26:14,50,50,13.12,2,152,
3-26,11:26:15,50,50,13.12,2,152,
3-26,11:26:15,50,50,13.13,2,152,
3-26,11:26:16,50,50,13.14,2,152,
3-26,11:26:16,50,50,13.12,2,152,
3-26,11:26:17,52,52,13.18,2,152,
3-26,11:26:17,50,50,13.13,2,152,
3-26,11:26:18,49,49,13.13,2,152,
3-26,11:26:18,50,50,13.14,2,152,
3-26,11:26:19,48,48,13.09,2,152,
3-26,11:26:19,51,51,13.16,2,152,
3-26,11:26:20,49,49,13.12,2,152,
3-26,11:26:20,49,49,13.12,2,152,
3-26,11:26:21,50,50,13.12,2,152,
3-26,11:26:21,48,48,13.11,2,152,
3-26,11:26:22,51,51,13.17,2,152,
3-26,11:26:22,49,49,13.11,2,152,
3-26,11:26:23,50,50,13.15,2,152,
3-26,11:26:23,49,49,13.11,2,152,
3-26,11:26:24,50,50,13.12,2,152,
3-26,11:26:24,50,50,13.15,2,152,
3-26,11:26:25,51,51,13.17,2,152,
3-26,11:26:25,50,50,13.13,2,152,
3-26,11:26:26,49,49,13.13,2,152,
3-26,11:26:26,49,49,13.12,2,152,
3-26,11:26:27,51,51,13.15,2,152,
3-26,11:26:27,50,50,13.16,2,152,
3-26,11:26:28,50,50,13.15,2,152,
3-26,11:26:28,50,50,13.15,2,152,
3-26,11:26:29,50,50,13.15,2,152,
3-26,11:26:29,50,50,13.15,2,152,
3-26,11:26:30,52,52,13.19,2,152,
3-26,11:26:30,50,50,13.14,2,152,
3-26,11:26:31,50,50,13.15,2,152,
3-26,11:26:31,50,50,13.15,2,152,
3-26,11:26:32,51,51,13.18,2,152,
3-26,11:26:32,49,49,13.13,2,152,
3-26,11:26:33,48,48,13.1,2,152,
3-26,11:26:33,50,50,13.16,2,152,
3-26,11:26:34,50,50,13.13,2,152,
3-26,11:26:34,50,50,13.13,2,152,
3-26,11:26:35,51,51,13.18,2,152,
3-26,11:26:35,49,49,13.13,2,152,
3-26,11:26:36,51,51,13.16,2,152,
3-26,11:26:36,51,51,13.16,2,152,
3-26,11:26:37,51,51,13.16,2,152,
3-26,11:26:37,50,50,13.14,2,152,
3-26,11:26:38,50,50,13.17,2,152,
3-26,11:26:38,49,49,13.13,2,152,
3-26,11:26:39,50,50,13.18,2,152,
3-26,11:26:39,49,49,13.13,2,152,
3-26,11:26:40,49,49,13.12,2,152,
3-26,11:26:40,48,48,13.14,2,152,
3-26,11:26:41,48,48,13.15,2,152,
3-26,11:26:41,48,48,13.11,2,152,
3-26,11:26:42,48,48,13.16,2,152,
3-26,11:26:42,49,49,13.16,2,152,
3-26,11:26:43,48,48,13.15,2,152,
3-26,11:26:43,48,48,13.16,2,152,
3-26,11:26:44,48,48,13.16,2,152,
3-26,11:26:44,48,48,13.16,2,152,
3-26,11:26:45,48,48,13.17,2,152,
3-26,11:26:45,47,47,13.16,2,152,
3-26,11:26:46,48,48,13.17,2,152,
3-26,11:26:46,48,48,13.16,2,152,
3-26,11:26:47,48,48,13.18,2,152,
3-26,11:26:47,48,48,13.17,2,152,
3-26,11:26:48,48,48,13.19,2,152,
3-26,11:26:48,48,48,13.18,2,152,
3-26,11:26:49,48,48,13.18,2,152,
3-26,11:26:49,47,47,13.16,2,152,
3-26,11:26:50,47,47,13.18,2,152,
3-26,11:26:50,46,46,13.14,2,152,
3-26,11:26:51,47,47,13.18,2,152,
3-26,11:26:51,45,45,13.14,2,152,
3-26,11:26:52,44,44,13.13,2,152,
3-26,11:26:52,46,46,13.17,2,152,
3-26,11:26:53,45,45,13.15,2,152,
3-26,11:26:53,45,45,13.16,2,152,
3-26,11:26:54,47,47,13.2,2,152,
3-26,11:26:54,47,47,13.21,2,152,
3-26,11:26:55,46,46,13.17,2,152,
3-26,11:26:55,46,46,13.21,2,152,
3-26,11:26:56,45,45,13.17,2,152,
3-26,11:26:56,45,45,13.17,2,152,
3-26,11:26:57,46,46,13.19,2,152,
3-26,11:26:57,45,45,13.18,2,152,
3-26,11:26:58,44,44,13.18,2,152,
3-26,11:26:58,44,44,13.18,2,152,
3-26,11:26:59,43,43,13.18,2,152,
3-26,11:26:59,43,43,13.18,2,152,
3-26,11:27:0,44,44,13.22,2,152,
3-26,11:27:0,44,44,13.2,2,152,
3-26,11:27:1,42,42,13.18,2,152,
3-26,11:27:1,43,43,13.21,2,152,
3-26,11:27:2,41,41,13.17,2,152,
3-26,11:27:2,43,43,13.21,2,152,
3-26,11:27:3,43,43,13.21,2,152,
3-26,11:27:3,43,43,13.21,2,152,
3-26,11:27:4,41,41,13.2,2,152,
3-26,11:27:4,44,44,13.25,2,152,
3-26,11:27:5,42,42,13.2,2,152,
3-26,11:27:5,42,42,13.22,2,152,
3-26,11:27:6,41,41,13.19,2,152,
3-26,11:27:6,43,43,13.26,2,152,
3-26,11:27:7,39,39,13.18,2,152,
3-26,11:27:7,41,41,13.22,2,152,
3-26,11:27:8,39,39,13.19,2,152,
3-26,11:27:8,38,38,13.19,2,152,
3-26,11:27:9,40,40,13.23,2,152,
3-26,11:27:9,38,38,13.2,2,152,
3-26,11:27:10,39,39,13.21,2,152,
3-26,11:27:10,37,37,13.2,2,152,
3-26,11:27:11,39,39,13.21,2,152,
3-26,11:27:11,41,41,13.25,2,152,
3-26,11:27:12,41,41,13.26,2,152,
3-26,11:27:12,37,37,13.21,2,152,
3-26,11:27:13,35,35,13.18,2,152,
3-26,11:27:13,36,36,13.21,2,152,
3-26,11:27:14,36,36,13.21,2,152,
3-26,11:27:14,35,35,13.2,2,152,
3-26,11:27:15,36,36,13.21,2,152,
3-26,11:27:15,35,35,13.2,2,152,
3-26,11:27:16,35,35,13.21,2,152,
3-26,11:27:16,37,37,13.25,2,152,
3-26,11:27:17,35,35,13.22,2,152,
3-26,11:27:17,33,33,13.2,2,152,
3-26,11:27:18,32,32,13.19,2,152,
3-26,11:27:18,34,34,13.22,2,152,
3-26,11:27:19,36,36,13.25,2,152,
3-26,11:27:19,34,34,13.23,2,152,
3-26,11:27:20,35,35,13.25,2,152,
3-26,11:27:20,33,33,13.22,2,152,
3-26,11:27:21,32,32,13.21,2,152,
3-26,11:27:21,31,31,13.21,2,152,
3-26,11:27:22,35,35,13.25,2,152,
3-26,11:27:22,33,33,13.23,2,152,
3-26,11:27:23,33,33,13.25,2,152,
3-26,11:27:23,32,32,13.22,2,152,
3-26,11:27:24,32,32,13.22,2,152,
3-26,11:27:24,31,31,13.23,2,152,
3-26,11:27:25,32,32,13.24,2,152,
3-26,11:27:25,31,31,13.23,2,152,
3-26,11:27:26,30,30,13.22,2,152,
3-26,11:27:26,32,32,13.25,2,152,
3-26,11:27:27,34,34,13.26,2,152,
3-26,11:27:27,28,28,13.21,2,152,
3-26,11:27:28,30,30,13.23,2,152,
3-26,11:27:28,33,33,13.27,2,152,
3-26,11:27:29,31,31,13.24,2,152,
3-26,11:27:29,33,33,13.26,2,152,
3-26,11:27:30,32,32,13.26,2,152,
3-26,11:27:30,30,30,13.24,2,152,
3-26,11:27:31,28,28,13.22,2,152,
3-26,11:27:31,29,29,13.23,2,152,
3-26,11:27:32,30,30,13.26,2,152,
3-26,11:27:32,29,29,13.25,2,152,
3-26,11:27:33,27,27,13.23,2,152,
3-26,11:27:33,27,27,13.22,2,152,
3-26,11:27:34,25,25,13.22,2,152,
3-26,11:27:34,28,28,13.25,2,152,
3-26,11:27:35,28,28,13.25,2,152,
3-26,11:27:35,27,27,13.24,2,152,
3-26,11:27:36,24,24,13.22,2,152,
3-26,11:27:36,26,26,13.22,2,152,
3-26,11:27:37,28,28,13.25,2,152,
3-26,11:27:37,25,25,13.22,2,152,
3-26,11:27:38,29,29,13.26,2,152,
3-26,11:27:38,25,25,13.22,2,152,
3-26,11:27:39,25,25,13.22,2,152,
3-26,11:27:39,26,26,13.24,2,152,
3-26,11:27:40,27,27,13.25,2,152,
3-26,11:27:40,28,28,13.26,2,152,
3-26,11:27:41,26,26,13.25,2,152,
3-26,11:27:41,27,27,13.26,2,152,
3-26,11:27:42,25,25,13.23,2,152,
3-26,11:27:42,28,28,13.27,2,152,
3-26,11:27:43,28,28,13.27,2,152,
3-26,11:27:43,26,26,13.25,2,152,
3-26,11:27:44,24,24,13.24,2,152,
3-26,11:27:44,28,28,13.27,2,152,
3-26,11:27:45,26,26,13.26,2,152,
3-26,11:27:45,25,25,13.24,2,152,
3-26,11:27:46,24,24,13.24,2,152,
3-26,11:27:46,29,29,13.29,2,152,
3-26,11:27:47,23,23,13.24,2,152,
3-26,11:27:47,23,23,13.24,2,152,
3-26,11:27:48,24,24,13.25,2,152,
3-26,11:27:48,25,25,13.26,2,152,
3-26,11:27:49,21,21,13.23,2,152,
3-26,11:27:49,24,24,13.26,2,152,
3-26,11:27:50,26,26,13.27,2,152,
3-26,11:27:50,23,23,13.24,2,152,
3-26,11:27:51,22,22,13.24,2,152,
3-26,11:27:51,22,22,13.24,2,152,
3-26,11:27:52,24,24,13.26,2,152,
3-26,11:27:52,22,22,13.25,2,152,
3-26,11:27:53,21,21,13.23,2,152,
3-26,11:27:53,24,24,13.26,2,152,
3-26,11:27:54,25,25,13.28,2,152,
3-26,11:27:54,19,19,13.22,2,152,
3-26,11:27:55,23,23,13.26,2,152,
3-26,11:27:55,23,23,13.26,2,152,
3-26,11:27:56,24,24,13.28,2,152,
3-26,11:27:56,24,24,13.27,2,152,
3-26,11:27:57,22,22,13.26,2,152,
3-26,11:27:57,19,19,13.22,2,152,
3-26,11:27:58,24,24,13.27,2,152,
3-26,11:27:58,25,25,13.28,2,152,
3-26,11:27:59,21,21,13.25,2,152,
3-26,11:27:59,22,22,13.26,2,152,
3-26,11:28:0,21,21,13.26,2,152,
3-26,11:28:0,20,20,13.25,2,152,
3-26,11:28:1,24,24,13.27,2,152,
3-26,11:28:1,24,24,13.29,2,152,
3-26,11:28:2,21,21,13.26,2,152,
3-26,11:28:2,19,19,13.23,2,152,
3-26,11:28:3,18,18,13.23,2,152,
3-26,11:28:3,18,18,13.23,2,152,
3-26,11:28:4,21,21,13.26,2,152,
3-26,11:28:4,21,21,13.26,2,152,
3-26,11:28:5,23,23,13.29,2,152,
3-26,11:28:5,22,22,13.26,2,152,
3-26,11:28:6,22,22,13.27,2,152,
3-26,11:28:6,24,24,13.3,2,152,
3-26,11:28:7,23,23,13.29,2,152,
3-26,11:28:7,20,20,13.26,2,152,
3-26,11:28:8,16,16,13.25,2,152,
3-26,11:28:8,17,17,13.24,2,152,
3-26,11:28:9,14,14,13.23,2,152,
3-26,11:28:9,23,23,13.29,2,152,
3-26,11:28:10,20,20,13.26,2,152,
3-26,11:28:10,20,20,13.26,2,152,
3-26,11:28:11,21,21,13.27,2,152,
3-26,11:28:11,22,22,13.28,2,152,
3-26,11:28:12,22,22,13.28,2,152,
3-26,11:28:12,24,24,13.31,2,152,
3-26,11:28:13,17,17,13.26,2,152,
3-26,11:28:13,13,13,13.23,2,152,
3-26,11:28:14,16,16,13.26,2,152,
3-26,11:28:14,14,14,13.24,2,152,
3-26,11:28:15,20,20,13.29,2,152,
3-26,11:28:15,21,21,13.29,2,152,
3-26,11:28:16,13,13,13.23,2,152,
3-26,11:28:16,22,22,13.3,2,152,
3-26,11:28:17,17,17,13.27,2,152,
3-26,11:28:17,16,16,13.27,2,152,
3-26,11:28:18,13,13,13.23,2,152,
3-26,11:28:18,20,20,13.28,2,152,
3-26,11:28:19,17,17,13.26,2,152,
3-26,11:28:19,15,15,13.26,2,152,
3-26,11:28:20,23,23,13.3,2,152,
3-26,11:28:20,18,18,13.27,2,152,
3-26,11:28:21,15,15,13.26,2,152,
3-26,11:28:21,21,21,13.3,2,152,
3-26,11:28:22,16,16,13.27,2,152,
3-26,11:28:22,18,18,13.27,2,152,
3-26,11:28:23,18,18,13.27,2,152,
3-26,11:28:23,23,23,13.32,2,152,
3-26,11:28:24,18,18,13.27,2,152,
3-26,11:28:24,17,17,13.27,2,152,
3-26,11:28:25,15,15,13.26,2,152,
3-26,11:28:25,17,17,13.27,2,152,
3-26,11:28:26,16,16,13.27,2,152,
3-26,11:28:26,18,18,13.27,2,152,
3-26,11:28:27,20,20,13.29,2,152,
3-26,11:28:27,18,18,13.28,2,152,
3-26,11:28:28,15,15,13.27,2,152,
3-26,11:28:28,12,12,13.24,2,152,
3-26,11:28:29,17,17,13.27,2,152,
3-26,11:28:29,11,11,13.23,2,152,
3-26,11:28:30,10,10,13.23,2,152,
3-26,11:28:30,18,18,13.28,2,152,
3-26,11:28:31,12,12,13.25,2,152,
3-26,11:28:31,14,14,13.26,2,152,
3-26,11:28:32,20,20,13.3,2,152,
3-26,11:28:32,21,21,13.32,2,152,
3-26,11:28:33,17,17,13.27,2,152,
3-26,11:28:33,16,16,13.27,2,152,
3-26,11:28:34,17,17,13.28,2,152,
3-26,11:28:34,18,18,13.28,2,152,
3-26,11:28:35,15,15,13.27,2,152,
3-26,11:28:35,17,17,13.27,2,152,
3-26,11:28:36,20,20,13.31,2,152,
3-26,11:28:36,8,8,13.21,2,152,
3-26,11:28:37,15,15,13.26,2,152,
3-26,11:28:37,17,17,13.28,2,152,
3-26,11:28:38,15,15,13.27,2,152,
3-26,11:28:38,17,17,13.29,2,152,
3-26,11:28:39,17,17,13.28,2,152,
3-26,11:28:39,16,16,13.28,2,152,
3-26,11:28:40,16,16,13.29,2,152,
3-26,11:28:40,13,13,13.26,2,152,
3-26,11:28:41,15,15,13.26,2,152,
3-26,11:28:41,17,17,13.28,2,152,
3-26,11:28:42,16,16,13.28,2,152,
3-26,11:28:42,10,10,13.25,2,152,
3-26,11:28:43,18,18,13.31,2,152,
3-26,11:28:43,10,10,13.23,2,152,
3-26,11:28:44,10,10,13.24,2,152,
3-26,11:28:44,14,14,13.28,2,152,
3-26,11:28:45,15,15,13.28,2,152,
3-26,11:28:45,10,10,13.25,2,152,
3-26,11:28:46,10,10,13.24,2,152,
3-26,11:28:46,18,18,13.31,2,152,
3-26,11:28:47,17,17,13.3,2,152,
3-26,11:28:47,15,15,13.29,2,152,
3-26,11:28:48,11,11,13.26,2,152,
3-26,11:28:48,19,19,13.33,2,152,
3-26,11:28:49,13,13,13.28,2,152,
3-26,11:28:49,9,9,13.24,2,152,
3-26,11:28:50,13,13,13.27,2,152,
3-26,11:28:50,9,9,13.24,2,152,
3-26,11:28:51,11,11,13.27,2,152,
3-26,11:28:51,16,16,13.3,2,152,
3-26,11:28:52,16,16,13.3,2,152,
3-26,11:28:52,12,12,13.27,2,152,
3-26,11:28:53,13,13,13.27,2,152,
3-26,11:28:53,9,9,13.24,2,152,
3-26,11:28:54,12,12,13.27,2,152,
3-26,11:28:54,11,11,13.26,2,152,
3-26,11:28:55,15,15,13.3,2,152,
3-26,11:28:55,13,13,13.28,2,152,
3-26,11:28:56,15,15,13.29,2,152,
3-26,11:28:56,13,13,13.29,2,152,
3-26,11:28:57,14,14,13.29,2,152,
3-26,11:28:57,11,11,13.27,2,152,
3-26,11:28:58,14,14,13.28,2,152,
3-26,11:28:58,14,14,13.3,2,152,
3-26,11:28:59,10,10,13.27,2,152,
3-26,11:28:59,9,9,13.25,2,152,
3-26,11:29:0,14,14,13.29,2,152,
3-26,11:29:0,10,10,13.26,2,152,
3-26,11:29:1,9,9,13.25,2,152,
3-26,11:29:1,13,13,13.28,2,152,
3-26,11:29:2,13,13,13.29,2,152,
3-26,11:29:2,12,12,13.28,2,152,
3-26,11:29:3,12,12,13.28,2,152,
3-26,11:29:3,12,12,13.28,2,152,
3-26,11:29:4,10,10,13.28,2,152,
3-26,11:29:4,13,13,13.29,2,152,
3-26,11:29:5,16,16,13.34,2,152,
3-26,11:29:5,14,14,13.31,2,152,
3-26,11:29:6,9,9,13.26,2,152,
3-26,11:29:6,14,14,13.3,2,152,
3-26,11:29:7,10,10,13.27,2,152,
3-26,11:29:7,14,14,13.31,2,152,
3-26,11:29:8,8,8,13.27,2,152,
3-26,11:29:8,13,13,13.3,2,152,
3-26,11:29:9,7,7,13.24,2,152,
3-26,11:29:9,11,11,13.28,2,152,
3-26,11:29:10,12,12,13.28,2,152,
3-26,11:29:10,8,8,13.26,2,152,
3-26,11:29:11,9,9,13.27,2,152,
3-26,11:29:11,5,5,13.23,2,152,
3-26,11:29:12,12,12,13.28,2,152,
3-26,11:29:12,8,8,13.25,2,152,
3-26,11:29:13,9,9,13.26,2,152,
3-26,11:29:13,14,14,13.31,2,152,
3-26,11:29:14,15,15,13.32,2,152,
3-26,11:29:14,11,11,13.28,2,152,
3-26,11:29:15,12,12,13.3,2,152,
3-26,11:29:15,15,15,13.33,2,152,
3-26,11:29:16,10,10,13.29,2,152,
3-26,11:29:16,11,11,13.28,2,152,
3-26,11:29:17,11,11,13.3,2,152,
3-26,11:29:17,7,7,13.26,2,152,
3-26,11:29:18,1,1,13.19,2,152,
3-26,11:29:18,9,9,13.28,2,152,
3-26,11:29:19,11,11,13.3,2,152,
3-26,11:29:19,8,8,13.28,2,152,
3-26,11:29:20,8,8,13.27,2,152,
3-26,11:29:20,11,11,13.29,2,152,
3-26,11:29:21,6,6,13.26,2,152,
3-26,11:29:21,13,13,13.32,2,152,
3-26,11:29:22,10,10,13.29,2,152,
3-26,11:29:22,7,7,13.28,2,152,
3-26,11:29:23,7,7,13.27,2,152,
3-26,11:29:23,10,10,13.3,2,152,
3-26,11:29:24,8,8,13.28,2,152,
3-26,11:29:24,8,8,13.28,2,152,
3-26,11:29:25,8,8,13.28,2,152,
3-26,11:29:25,9,9,13.29,2,152,
3-26,11:29:26,9,9,13.29,2,152,
3-26,11:29:26,7,7,13.27,2,152,
3-26,11:29:27,6,6,13.26,2,152,
3-26,11:29:27,14,14,13.33,2,152,
3-26,11:29:28,10,10,13.31,2,152,
3-26,11:29:28,7,7,13.28,2,152,
3-26,11:29:29,5,5,13.25,2,152,
3-26,11:29:29,5,5,13.27,2,152,
3-26,11:29:30,12,12,13.3,2,152,
3-26,11:29:30,10,10,13.3,2,152,
3-26,11:29:31,9,9,13.29,2,152,
3-26,11:29:31,6,6,13.25,2,152,
3-26,11:29:32,6,6,13.26,2,152,
3-26,11:29:32,6,6,13.27,2,152,
3-26,11:29:33,5,5,13.26,2,152,
3-26,11:29:33,10,10,13.3,2,152,
3-26,11:29:34,6,6,13.27,2,152,
3-26,11:29:34,8,8,13.29,2,152,
3-26,11:29:35,6,6,13.29,2,152,
3-26,11:29:35,6,6,13.28,2,152,
3-26,11:29:36,16,16,13.36,2,152,
3-26,11:29:36,8,8,13.28,2,152,
3-26,11:29:37,12,12,13.33,2,152,
3-26,11:29:37,6,6,13.27,2,152,
3-26,11:29:38,11,11,13.31,2,152,
3-26,11:29:38,11,11,13.31,2,152,
3-26,11:29:39,9,9,13.31,2,152,
3-26,11:29:39,12,12,13.32,2,152,
3-26,11:29:40,4,4,13.24,2,152,
3-26,11:29:40,7,7,13.29,2,152,
3-26,11:29:41,9,9,13.3,2,152,
3-26,11:29:41,6,6,13.27,2,152,
3-26,11:29:42,3,3,13.24,2,152,
3-26,11:29:42,5,5,13.28,2,152,
3-26,11:29:43,13,13,13.33,2,152,
3-26,11:29:43,7,7,13.28,2,152,
3-26,11:29:44,5,5,13.27,2,152,
3-26,11:29:44,7,7,13.28,2,152,
3-26,11:29:45,6,6,13.28,2,152,
3-26,11:29:45,13,13,13.34,2,152,
3-26,11:29:46,4,4,13.26,2,152,
3-26,11:29:46,5,5,13.27,2,152,
3-26,11:29:47,4,4,13.25,2,152,
3-26,11:29:47,5,5,13.27,2,152,
3-26,11:29:48,8,8,13.3,2,152,
3-26,11:29:48,7,7,13.29,2,152,
3-26,11:29:49,8,8,13.29,2,152,
3-26,11:29:49,6,6,13.29,2,152,
3-26,11:29:50,6,6,13.29,2,152,
3-26,11:29:50,9,9,13.31,2,152,
3-26,11:29:51,4,4,13.28,2,152,
3-26,11:29:51,10,10,13.31,2,152,
3-26,11:29:52,8,8,13.3,2,152,
3-26,11:29:52,4,4,13.27,2,152,
3-26,11:29:53,4,4,13.27,2,152,
3-26,11:29:53,8,8,13.3,2,152,
3-26,11:29:54,6,6,13.27,2,152,
3-26,11:29:54,5,5,13.27,2,152,
3-26,11:29:55,3,3,13.25,2,152,
3-26,11:29:55,5,5,13.27,2,152,
3-26,11:29:56,7,7,13.29,2,152,
3-26,11:29:56,10,10,13.32,2,152,
3-26,11:29:57,4,4,13.26,2,152,
3-26,11:29:57,6,6,13.29,2,152,
3-26,11:29:58,5,5,13.28,2,152,
3-26,11:29:58,4,4,13.27,2,152,
3-26,11:29:59,4,4,13.25,2,152,
3-26,11:29:59,4,4,13.27,2,152,
3-26,11:30:0,4,4,13.26,2,152,
3-26,11:30:0,7,7,13.3,2,152,
3-26,11:30:1,4,4,13.28,2,152,
3-26,11:30:1,3,3,13.26,2,152,
3-26,11:30:2,14,14,13.35,2,152,
3-26,11:30:2,10,10,13.33,2,152,
3-26,11:30:3,7,7,13.29,2,152,
3-26,11:30:3,5,5,13.27,2,152,
3-26,11:30:4,9,9,13.32,2,152,
3-26,11:30:4,7,7,13.3,2,152,
3-26,11:30:5,7,7,13.3,2,152,
3-26,11:30:5,8,8,13.31,2,152,
3-26,11:30:6,4,4,13.27,2,152,
3-26,11:30:6,4,4,13.27,2,152,
3-26,11:30:7,6,6,13.3,2,152,
3-26,11:30:7,8,8,13.32,2,152,
3-26,11:30:8,8,8,13.31,2,152,
3-26,11:30:8,7,7,13.3,2,152,
3-26,11:30:9,6,6,13.29,2,152,
3-26,11:30:9,5,5,13.27,2,152,
3-26,11:30:10,3,3,13.25,2,152,
3-26,11:30:10,3,3,13.27,2,152,
3-26,11:30:11,7,7,13.3,2,152,
3-26,11:30:11,5,5,13.28,2,152,
3-26,11:30:12,3,3,13.26,2,152,
3-26,11:30:12,4,4,13.28,2,152,
3-26,11:30:13,6,6,13.3,2,152,
3-26,11:30:13,4,4,13.27,2,152,
3-26,11:30:14,8,8,13.32,2,152,
3-26,11:30:14,6,6,13.29,2,152,
3-26,11:30:15,4,4,13.27,2,152,
3-26,11:30:15,6,6,13.3,2,152,
3-26,11:30:16,6,6,13.3,2,152,
3-26,11:30:16,3,3,13.26,2,152,
3-26,11:30:17,4,4,13.27,2,152,
3-26,11:30:17,3,3,13.26,2,152,
3-26,11:30:18,3,3,13.27,2,152,
3-26,11:30:18,1,1,13.24,2,152,
3-26,11:30:19,8,8,13.31,2,152,
3-26,11:30:19,6,6,13.29,2,152,
3-26,11:30:20,5,5,13.29,2,152,
3-26,11:30:20,6,6,13.29,2,152,
3-26,11:30:21,4,4,13.27,2,152,
3-26,11:30:21,6,6,13.3,2,152,
3-26,11:30:22,9,9,13.32,2,152,
3-26,11:30:22,0,0,13.23,2,152,
3-26,11:30:23,6,6,13.3,2,152,
3-26,11:30:23,2,2,13.26,2,152,
3-26,11:30:24,7,7,13.31,2,152,
3-26,11:30:24,4,4,13.27,2,152,
3-26,11:30:25,3,3,13.26,2,152,
3-26,11:30:25,3,3,13.27,2,152,
3-26,11:30:26,8,8,13.32,2,152,
3-26,11:30:26,8,8,13.32,2,152,
3-26,11:30:27,5,5,13.29,2,152,
3-26,11:30:27,7,7,13.31,2,152,
3-26,11:30:28,3,3,13.26,2,152,
3-26,11:30:28,9,9,13.32,2,152,
3-26,11:30:29,4,4,13.28,2,152,
3-26,11:30:29,2,2,13.26,2,152,
3-26,11:30:30,5,5,13.29,2,152,
3-26,11:30:30,7,7,13.31,2,152,
3-26,11:30:31,4,4,13.26,2,152,
3-26,11:30:31,3,3,13.27,2,152,
3-26,11:30:32,6,6,13.3,2,152,
3-26,11:30:32,5,5,13.29,2,152,
3-26,11:30:33,0,0,13.23,2,152,
3-26,11:30:33,3,3,13.26,2,152,
3-26,11:30:34,3,3,13.27,2,152,
3-26,11:30:34,1,1,13.25,2,152,
3-26,11:30:35,1,1,13.24,2,152,
3-26,11:30:35,4,4,13.28,2,152,
3-26,11:30:36,0,0,13.23,2,152,
3-26,11:30:36,10,10,13.34,2,152,
3-26,11:30:37,3,3,13.27,2,152,
3-26,11:30:37,4,4,13.28,2,152,
3-26,11:30:38,6,6,13.29,2,152,
3-26,11:30:38,4,4,13.28,2,152,
3-26,11:30:39,3,3,13.26,2,152,
3-26,11:30:39,2,2,13.25,2,152,
3-26,11:30:40,3,3,13.28,2,152,
3-26,11:30:40,4,4,13.27,2,152,
3-26,11:30:41,4,4,13.27,2,152,
3-26,11:30:41,3,3,13.26,2,152,
3-26,11:30:42,10,10,13.35,2,152,
3-26,11:30:42,1,1,13.25,2,152,
3-26,11:30:43,4,4,13.28,2,152,
3-26,11:30:43,6,6,13.31,2,152,
3-26,11:30:44,5,5,13.3,2,152,
3-26,11:30:44,5,5,13.29,2,152,
3-26,11:30:45,2,2,13.25,2,152,
3-26,11:30:45,5,5,13.3,2,152,
3-26,11:30:46,7,7,13.3,2,152,
3-26,11:30:46,4,4,13.28,2,152,
3-26,11:30:47,5,5,13.28,2,152,
3-26,11:30:47,0,0,13.23,2,152,
3-26,11:30:48,0,0,13.23,2,152,
3-26,11:30:48,3,3,13.27,2,152,
3-26,11:30:49,3,3,13.27,2,152,
3-26,11:30:49,4,4,13.28,2,152,
3-26,11:30:50,8,8,13.31,2,152,
3-26,11:30:50,6,6,13.3,2,152,
3-26,11:30:51,4,4,13.28,2,152,
3-26,11:30:51,6,6,13.31,2,152,
3-26,11:30:52,3,3,13.26,2,152,
3-26,11:30:52,4,4,13.28,2,152,
3-26,11:30:53,8,8,13.33,2,152,
3-26,11:30:53,5,5,13.29,2,152,
3-26,11:30:54,4,4,13.27,2,152,
3-26,11:30:54,3,3,13.27,2,152,
3-26,11:30:55,1,1,13.24,2,152,
3-26,11:30:55,5,5,13.3,2,152,
3-26,11:30:56,0,0,13.22,2,152,
3-26,11:30:56,4,4,13.29,2,152,
3-26,11:30:57,3,3,13.27,2,152,
3-26,11:30:57,8,8,13.33,2,152,
3-26,11:30:58,6,6,13.31,2,152,
3-26,11:30:58,0,0,13.24,2,152,
3-26,11:30:59,4,4,13.27,2,152,
3-26,11:30:59,4,4,13.29,2,152,
3-26,11:31:0,3,3,13.27,2,152,
3-26,11:31:0,3,3,13.27,2,152,
3-26,11:31:1,5,5,13.29,2,152,
3-26,11:31:1,7,7,13.32,2,152,
3-26,11:31:2,6,6,13.31,2,152,
3-26,11:31:2,9,9,13.34,2,152,
3-26,11:31:3,10,10,13.35,2,152,
3-26,11:31:3,8,8,13.33,2,152,
3-26,11:31:4,9,9,13.35,2,152,
3-26,11:31:4,3,3,13.27,2,152,
3-26,11:31:5,10,10,13.35,2,152,
3-26,11:31:5,4,4,13.28,2,152,
3-26,11:31:6,3,3,13.28,2,152,
3-26,11:31:6,3,3,13.28,2,152,
3-26,11:31:7,2,2,13.26,2,152,
3-26,11:31:7,2,2,13.27,2,152,
3-26,11:31:8,11,11,13.36,2,152,
3-26,11:31:8,3,3,13.27,2,152,
3-26,11:31:9,5,5,13.31,2,152,
3-26,11:31:9,6,6,13.31,2,152,
3-26,11:31:10,3,3,13.28,2,152,
3-26,11:31:10,10,10,13.35,2,152,
3-26,11:31:11,2,2,13.26,2,152,
3-26,11:31:11,3,3,13.29,2,152,
3-26,11:31:12,7,7,13.32,2,152,
3-26,11:31:12,6,6,13.31,2,152,
3-26,11:31:13,2,2,13.28,2,152,
3-26,11:31:13,5,5,13.3,2,152,
3-26,11:31:14,9,9,13.33,2,152,
3-26,11:31:14,8,8,13.32,2,152,
3-26,11:31:15,8,8,13.33,2,152,
3-26,11:31:15,3,3,13.27,2,152,
3-26,11:31:16,5,5,13.3,2,152,
3-26,11:31:16,3,3,13.28,2,152,
3-26,11:31:17,4,4,13.29,2,152,
3-26,11:31:17,2,2,13.26,2,152,
3-26,11:31:18,4,4,13.29,2,152,
3-26,11:31:18,5,5,13.3,2,152,
3-26,11:31:19,2,2,13.27,2,152,
3-26,11:31:19,2,2,13.27,2,152,
3-26,11:31:20,3,3,13.29,2,152,
3-26,11:31:20,3,3,13.28,2,152,
3-26,11:31:21,12,12,13.37,2,152,
3-26,11:31:21,6,6,13.32,2,152,
3-26,11:31:22,3,3,13.29,2,152,
3-26,11:31:22,9,9,13.34,2,152,
3-26,11:31:23,7,7,13.32,2,152,
3-26,11:31:23,0,0,13.24,2,152,
3-26,11:31:24,4,4,13.29,2,152,
3-26,11:31:24,5,5,13.3,2,152,
3-26,11:31:25,3,3,13.27,2,152,
3-26,11:31:25,5,5,13.31,2,152,
3-26,11:31:26,6,6,13.31,2,152,
3-26,11:31:26,6,6,13.31,2,152,
3-26,11:31:27,5,5,13.31,2,152,
3-26,11:31:27,4,4,13.29,2,152,
3-26,11:31:28,6,6,13.3,2,152,
3-26,11:31:28,8,8,13.34,2,152,
3-26,11:31:29,2,2,13.25,2,152,
3-26,11:31:29,3,3,13.27,2,152,
3-26,11:31:30,1,1,13.25,2,152,
3-26,11:31:30,6,6,13.31,2,152,
3-26,11:31:31,5,5,13.3,2,152,
3-26,11:31:31,7,7,13.32,2,152,
3-26,11:31:32,3,3,13.27,2,152,
3-26,11:31:32,2,2,13.28,2,152,
3-26,11:31:33,4,4,13.29,2,152,
3-26,11:31:33,10,10,13.34,2,152,
3-26,11:31:34,4,4,13.24,2,152,
3-26,11:31:34,15,15,13.29,2,152,
3-26,11:31:35,17,17,13.27,2,152,
3-26,11:31:35,22,22,13.28,2,152,
3-26,11:31:36,30,30,13.33,2,152,
3-26,11:31:36,31,31,13.3,2,152,
3-26,11:31:37,35,35,13.29,2,152,
3-26,11:31:37,33,33,13.24,2,152,
3-26,11:31:38,38,38,13.26,2,152,
3-26,11:31:38,41,41,13.24,2,152,
3-26,11:31:39,45,45,13.26,2,152,
3-26,11:31:39,49,49,13.31,2,152,
3-26,11:31:40,50,50,13.26,2,152,
3-26,11:31:40,52,52,13.26,2,152,
3-26,11:31:41,53,53,13.26,2,152,
3-26,11:31:41,57,57,13.27,2,152,
3-26,11:31:42,55,55,13.18,2,152,
3-26,11:31:42,60,60,13.23,2,152,
3-26,11:31:43,61,61,13.21,2,152,
3-26,11:31:43,62,62,13.24,2,152,
3-26,11:31:44,63,63,13.22,2,152,
3-26,11:31:44,64,64,13.2,2,152,
3-26,11:31:45,65,65,13.18,2,152,
3-26,11:31:45,66,66,13.18,2,152,
3-26,11:31:46,68,68,13.2,2,152,
3-26,11:31:46,69,69,13.2,2,152,
3-26,11:31:47,70,70,13.23,2,152,
3-26,11:31:47,71,71,13.2,2,152,
3-26,11:31:48,71,71,13.19,2,152,
3-26,11:31:48,72,72,13.24,2,152,
3-26,11:31:49,72,72,13.19,2,152,
3-26,11:31:49,72,72,13.18,2,152,
3-26,11:31:50,72,72,13.18,2,152,
3-26,11:31:50,73,73,13.21,2,152,
3-26,11:31:51,73,73,13.2,2,152,
3-26,11:31:51,73,73,13.21,2,152,
3-26,11:31:52,73,73,13.16,2,152,
3-26,11:31:52,73,73,13.22,2,152,
3-26,11:31:53,73,73,13.18,2,152,
3-26,11:31:53,73,73,13.16,2,152,
3-26,11:31:54,74,74,13.17,2,152,
3-26,11:31:54,74,74,13.18,2,152,
3-26,11:31:55,74,74,13.15,2,152,
3-26,11:31:55,74,74,13.19,2,152,
3-26,11:31:56,74,74,13.18,2,152,
3-26,11:31:56,75,75,13.24,2,152,
3-26,11:31:57,74,74,13.21,2,152,
3-26,11:31:57,74,74,13.23,2,152,
3-26,11:31:58,74,74,13.19,2,152,
3-26,11:31:58,74,74,13.21,2,152,
3-26,11:31:59,74,74,13.19,2,152,
3-26,11:31:59,74,74,13.17,2,152,
3-26,11:32:0,74,74,13.16,2,152,
3-26,11:32:0,74,74,13.2,2,152,
3-26,11:32:1,74,74,13.15,2,152,
3-26,11:32:1,75,75,13.21,2,152,
3-26,11:32:2,74,74,13.25,2,152,
3-26,11:32:2,73,73,13.16,2,152,
3-26,11:32:3,74,74,13.18,2,152,
3-26,11:32:3,74,74,13.17,2,152,
3-26,11:32:4,74,74,13.19,2,152,
3-26,11:32:4,74,74,13.16,2,152,
3-26,11:32:5,74,74,13.22,2,152,
3-26,11:32:5,73,73,13.14,2,152,
3-26,11:32:6,73,73,13.16,2,152,
3-26,11:32:6,73,73,13.21,2,152,
3-26,11:32:7,73,73,13.17,2,152,
3-26,11:32:7,73,73,13.17,2,152,
3-26,11:32:8,73,73,13.21,2,152,
3-26,11:32:8,73,73,13.2,2,152,
3-26,11:32:9,73,73,13.18,2,152,
3-26,11:32:9,73,73,13.19,2,152,
3-26,11:32:10,73,73,13.19,2,152,
3-26,11:32:10,73,73,13.16,2,152,
3-26,11:32:11,74,74,13.25,2,152,
3-26,11:32:11,73,73,13.19,2,152,
3-26,11:32:12,74,74,13.2,2,152,
3-26,11:32:12,74,74,13.18,2,152,
3-26,11:32:13,73,73,13.15,2,152,
3-26,11:32:13,73,73,13.15,2,152,
3-26,11:32:14,73,73,13.18,2,152,
3-26,11:32:14,73,73,13.16,2,152,
3-26,11:32:15,73,73,13.17,2,152,
3-26,11:32:15,73,73,13.22,2,152,
3-26,11:32:16,73,73,13.17,2,152,
3-26,11:32:16,73,73,13.19,2,152,
3-26,11:32:17,73,73,13.15,2,152,
3-26,11:32:17,73,73,13.15,2,152,
3-26,11:32:18,73,73,13.18,2,152,
3-26,11:32:18,73,73,13.16,2,152,
3-26,11:32:19,73,73,13.14,2,152,
3-26,11:32:19,73,73,13.19,2,152,
3-26,11:32:20,73,73,13.19,2,152,
3-26,11:32:20,73,73,13.18,2,152,
3-26,11:32:21,72,72,13.15,2,152,
3-26,11:32:21,74,74,13.2,2,152,
3-26,11:32:22,73,73,13.19,2,152,
3-26,11:32:22,73,73,13.18,2,152,
3-26,11:32:23,73,73,13.14,2,152,
3-26,11:32:23,73,73,13.16,2,152,
3-26,11:32:24,73,73,13.19,2,152,
3-26,11:32:24,73,73,13.14,2,152,
3-26,11:32:25,73,73,13.17,2,152,
3-26,11:32:25,72,72,13.13,2,152,
3-26,11:32:26,72,72,13.12,2,152,
3-26,11:32:26,72,72,13.13,2,152,
3-26,11:32:27,72,72,13.16,2,152,
3-26,11:32:27,72,72,13.17,2,152,
3-26,11:32:28,73,73,13.2,2,152,
3-26,11:32:28,72,72,13.15,2,152,
3-26,11:32:29,72,72,13.13,2,152,
3-26,11:32:29,73,73,13.18,2,152,
3-26,11:32:30,73,73,13.19,2,152,
3-26,11:32:30,72,72,13.17,2,152,
3-26,11:32:31,73,73,13.17,2,152,
3-26,11:32:31,72,72,13.13,2,152,
3-26,11:32:32,73,73,13.14,2,152,
3-26,11:32:32,72,72,13.13,2,152,
3-26,11:32:33,73,73,13.17,2,152,
3-26,11:32:33,73,73,13.13,2,152,
3-26,11:32:34,73,73,13.15,2,152,
3-26,11:32:34,73,73,13.18,2,152,
3-26,11:32:35,72,72,13.18,2,152,
3-26,11:32:35,73,73,13.2,2,152,
3-26,11:32:36,73,73,13.19,2,152,
3-26,11:32:36,72,72,13.14,2,152,
3-26,11:32:37,73,73,13.17,2,152,
3-26,11:32:37,72,72,13.13,2,152,
3-26,11:32:38,73,73,13.16,2,152,
3-26,11:32:38,72,72,13.13,2,152,
3-26,11:32:39,72,72,13.16,2,152,
3-26,11:32:39,72,72,13.18,2,152,
3-26,11:32:40,72,72,13.14,2,152,
3-26,11:32:40,72,72,13.13,2,152,
3-26,11:32:41,72,72,13.14,2,152,
3-26,11:32:41,72,72,13.14,2,152,
3-26,11:32:42,72,72,13.17,2,152,
3-26,11:32:42,72,72,13.15,2,152,
3-26,11:32:43,72,72,13.16,2,152,
3-26,11:32:43,72,72,13.11,2,152,
3-26,11:32:44,72,72,13.15,2,152,
3-26,11:32:44,72,72,13.15,2,152,
3-26,11:32:45,72,72,13.16,2,152,
3-26,11:32:45,72,72,13.16,2,152,
3-26,11:32:46,72,72,13.15,2,152,
3-26,11:32:46,71,71,13.15,2,152,
3-26,11:32:47,71,71,13.15,2,152,
3-26,11:32:47,71,71,13.17,2,152,
3-26,11:32:48,72,72,13.18,2,152,
3-26,11:32:48,71,71,13.1,2,152,
3-26,11:32:49,71,71,13.16,2,152,
3-26,11:32:49,71,71,13.16,2,152,
3-26,11:32:50,71,71,13.19,2,152,
3-26,11:32:50,71,71,13.15,2,152,
3-26,11:32:51,70,70,13.17,2,152,
3-26,11:32:51,70,70,13.16,2,152,
3-26,11:32:52,70,70,13.16,2,152,
3-26,11:32:52,71,71,13.15,2,152,
3-26,11:32:53,71,71,13.19,2,152,
3-26,11:32:53,70,70,13.15,2,152,
3-26,11:32:54,71,71,13.21,2,152,
3-26,11:32:54,69,69,13.13,2,152,
3-26,11:32:55,69,69,13.11,2,152,
3-26,11:32:55,70,70,13.16,2,152,
3-26,11:32:56,70,70,13.17,2,152,
3-26,11:32:56,70,70,13.16,2,152,
3-26,11:32:57,70,70,13.16,2,152,
3-26,11:32:57,69,69,13.15,2,152,
3-26,11:32:58,69,69,13.13,2,152,
3-26,11:32:58,68,68,13.13,2,152,
3-26,11:32:59,69,69,13.14,2,152,
3-26,11:32:59,69,69,13.15,2,152,
3-26,11:33:0,69,69,13.15,2,152,
3-26,11:33:0,68,68,13.14,2,152,
3-26,11:33:1,67,67,13.1,2,152,
3-26,11:33:1,68,68,13.17,2,152,
3-26,11:33:2,68,68,13.16,2,152,
3-26,11:33:2,67,67,13.11,2,152,
3-26,11:33:3,68,68,13.14,2,152,
3-26,11:33:3,68,68,13.16,2,152,
3-26,11:33:4,68,68,13.17,2,152,
3-26,11:33:4,68,68,13.14,2,152,
3-26,11:33:5,68,68,13.16,2,152,
3-26,11:33:5,67,67,13.12,2,152,
3-26,11:33:6,67,67,13.12,2,152,
3-26,11:33:6,67,67,13.14,2,152,
3-26,11:33:7,67,67,13.12,2,152,
3-26,11:33:7,67,67,13.13,2,152,
3-26,11:33:8,67,67,13.16,2,152,
3-26,11:33:8,67,67,13.17,2,152,
3-26,11:33:9,66,66,13.13,2,152,
3-26,11:33:9,66,66,13.12,2,152,
3-26,11:33:10,67,67,13.21,2,152,
3-26,11:33:10,66,66,13.11,2,152,
3-26,11:33:11,66,66,13.14,2,152,
3-26,11:33:11,66,66,13.16,2,152,
3-26,11:33:12,66,66,13.15,2,152,
3-26,11:33:12,65,65,13.14,2,152,
3-26,11:33:13,66,66,13.15,2,152,
3-26,11:33:13,66,66,13.13,2,152,
3-26,11:33:14,65,65,13.14,2,152,
3-26,11:33:14,66,66,13.19,2,152,
3-26,11:33:15,65,65,13.18,2,152,
3-26,11:33:15,65,65,13.17,2,152,
3-26,11:33:16,65,65,13.16,2,152,
3-26,11:33:16,64,64,13.15,2,152,
3-26,11:33:17,65,65,13.18,2,152,
3-26,11:33:17,65,65,13.16,2,152,
3-26,11:33:18,65,65,13.17,2,152,
3-26,11:33:18,63,63,13.13,2,152,
3-26,11:33:19,63,63,13.13,2,152,
3-26,11:33:19,63,63,13.13,2,152,
3-26,11:33:20,63,63,13.14,2,152,
3-26,11:33:20,64,64,13.16,2,152,
3-26,11:33:21,64,64,13.17,2,152,
3-26,11:33:21,63,63,13.17,2,152,
3-26,11:33:22,64,64,13.2,2,152,
3-26,11:33:22,63,63,13.14,2,152,
3-26,11:33:23,63,63,13.15,2,152,
3-26,11:33:23,63,63,13.15,2,152,
3-26,11:33:24,62,62,13.13,2,152,
3-26,11:33:24,63,63,13.17,2,152,
3-26,11:33:25,62,62,13.15,2,152,
3-26,11:33:25,62,62,13.15,2,152,
3-26,11:33:26,63,63,13.17,2,152,
3-26,11:33:26,63,63,13.18,2,152,
3-26,11:33:27,61,61,13.13,2,152,
3-26,11:33:27,61,61,13.13,2,152,
3-26,11:33:28,63,63,13.18,2,152,
3-26,11:33:28,61,61,13.14,2,152,
3-26,11:33:29,62,62,13.17,2,152,
3-26,11:33:29,62,62,13.15,2,152,
3-26,11:33:30,61,61,13.14,2,152,
3-26,11:33:30,61,61,13.16,2,152,
3-26,11:33:31,60,60,13.12,2,152,
3-26,11:33:31,62,62,13.18,2,152,
3-26,11:33:32,61,61,13.15,2,152,
3-26,11:33:32,61,61,13.18,2,152,
3-26,11:33:33,61,61,13.19,2,152,
3-26,11:33:33,59,59,13.12,2,152,
3-26,11:33:34,60,60,13.15,2,152,
3-26,11:33:34,60,60,13.17,2,152,
3-26,11:33:35,61,61,13.19,2,152,
3-26,11:33:35,59,59,13.16,2,152,
3-26,11:33:36,60,60,13.15,2,152,
3-26,11:33:36,59,59,13.14,2,152,
3-26,11:33:37,58,58,13.13,2,152,
3-26,11:33:37,59,59,13.17,2,152,
3-26,11:33:38,59,59,13.16,2,152,
3-26,11:33:38,59,59,13.18,2,152,
3-26,11:33:39,59,59,13.16,2,152,
3-26,11:33:39,58,58,13.16,2,152,
3-26,11:33:40,59,59,13.17,2,152,
3-26,11:33:40,59,59,13.19,2,152,
3-26,11:33:41,58,58,13.16,2,152,
3-26,11:33:41,59,59,13.18,2,152,
3-26,11:33:42,57,57,13.13,2,152,
3-26,11:33:42,58,58,13.15,2,152,
3-26,11:33:43,57,57,13.14,2,152,
3-26,11:33:43,58,58,13.16,2,152,
3-26,11:33:44,57,57,13.14,2,152,
3-26,11:33:44,57,57,13.15,2,152,
3-26,11:33:45,57,57,13.16,2,152,
3-26,11:33:45,57,57,13.16,2,152,
3-26,11:33:46,56,56,13.14,2,152,
3-26,11:33:46,56,56,13.15,2,152,
3-26,11:33:47,57,57,13.17,2,152,
3-26,11:33:47,57,57,13.16,2,152,
3-26,11:33:48,57,57,13.17,2,152,
3-26,11:33:48,56,56,13.15,2,152,
3-26,11:33:49,56,56,13.17,2,152,
3-26,11:33:49,57,57,13.16,2,152,
3-26,11:33:50,56,56,13.16,2,152,
3-26,11:33:50,57,57,13.18,2,152,
3-26,11:33:51,54,54,13.11,2,152,
3-26,11:33:51,57,57,13.19,2,152,
3-26,11:33:52,55,55,13.14,2,152,
3-26,11:33:52,55,55,13.15,2,152,
3-26,11:33:53,55,55,13.16,2,152,
3-26,11:33:53,54,54,13.13,2,152,
3-26,11:33:54,55,55,13.16,2,152,
3-26,11:33:54,54,54,13.1,2,152,
3-26,11:33:55,55,55,13.15,2,152,
3-26,11:33:55,56,56,13.2,2,152,
3-26,11:33:56,54,54,13.17,2,152,
3-26,11:33:56,55,55,13.17,2,152,
3-26,11:33:57,54,54,13.16,2,152,
3-26,11:33:57,53,53,13.15,2,152,
3-26,11:33:58,53,53,13.15,2,152,
3-26,11:33:58,54,54,13.15,2,152,
3-26,11:33:59,54,54,13.16,2,152,
3-26,11:33:59,53,53,13.14,2,152,
3-26,11:34:0,54,54,13.16,2,152,
3-26,11:34:0,56,56,13.21,2,152,
3-26,11:34:1,53,53,13.17,2,152,
3-26,11:34:1,53,53,13.15,2,152,
3-26,11:34:2,54,54,13.18,2,152,
3-26,11:34:2,52,52,13.13,2,152,
3-26,11:34:3,52,52,13.15,2,152,
3-26,11:34:3,53,53,13.16,2,152,
3-26,11:34:4,54,54,13.18,2,152,
3-26,11:34:4,52,52,13.14,2,152,
3-26,11:34:5,52,52,13.14,2,152,
3-26,11:34:5,53,53,13.16,2,152,
3-26,11:34:6,52,52,13.14,2,152,
3-26,11:34:6,53,53,13.18,2,152,
3-26,11:34:7,54,54,13.2,2,152,
3-26,11:34:7,53,53,13.18,2,152,
3-26,11:34:8,52,52,13.16,2,152,
3-26,11:34:8,51,51,13.15,2,152,
3-26,11:34:9,53,53,13.21,2,152,
3-26,11:34:9,52,52,13.17,2,152,
3-26,11:34:10,53,53,13.2,2,152,
3-26,11:34:10,51,51,13.16,2,152,
3-26,11:34:11,53,53,13.18,2,152,
3-26,11:34:11,50,50,13.13,2,152,
3-26,11:34:12,52,52,13.17,2,152,
3-26,11:34:12,51,51,13.15,2,152,
3-26,11:34:13,52,52,13.18,2,152,
3-26,11:34:13,52,52,13.19,2,152,
3-26,11:34:14,52,52,13.18,2,152,
3-26,11:34:14,49,49,13.12,2,152,
3-26,11:34:15,50,50,13.13,2,152,
3-26,11:34:15,51,51,13.16,2,152,
3-26,11:34:16,52,52,13.19,2,152,
3-26,11:34:16,51,51,13.17,2,152,
3-26,11:34:17,50,50,13.16,2,152,
3-26,11:34:17,51,51,13.16,2,152,
3-26,11:34:18,51,51,13.15,2,152,
3-26,11:34:18,51,51,13.18,2,152,
3-26,11:34:19,50,50,13.15,2,152,
3-26,11:34:19,50,50,13.16,2,152,
3-26,11:34:20,50,50,13.18,2,152,
3-26,11:34:20,50,50,13.16,2,152,
3-26,11:34:21,51,51,13.19,2,152,
3-26,11:34:21,50,50,13.17,2,152,
3-26,11:34:22,49,49,13.14,2,152,
3-26,11:34:22,49,49,13.14,2,152,
3-26,11:34:23,51,51,13.19,2,152,
3-26,11:34:23,50,50,13.17,2,152,
3-26,11:34:24,50,50,13.15,2,152,
3-26,11:34:24,49,49,13.15,2,152,
3-26,11:34:25,50,50,13.18,2,152,
3-26,11:34:25,50,50,13.18,2,152,
3-26,11:34:26,50,50,13.18,2,152,
3-26,11:34:26,49,49,13.15,2,152,
3-26,11:34:27,48,48,13.12,2,152,
3-26,11:34:27,49,49,13.16,2,152,
3-26,11:34:28,50,50,13.18,2,152,
3-26,11:34:28,49,49,13.16,2,152,
3-26,11:34:29,50,50,13.18,2,152,
3-26,11:34:29,51,51,13.19,2,152,
3-26,11:34:30,49,49,13.15,2,152,
3-26,11:34:30,48,48,13.16,2,152,
3-26,11:34:31,51,51,13.2,2,152,
3-26,11:34:31,51,51,13.21,2,152,
3-26,11:34:32,51,51,13.2,2,152,
3-26,11:34:32,50,50,13.2,2,152,
3-26,11:34:33,48,48,13.15,2,152,
3-26,11:34:33,49,49,13.17,2,152,
3-26,11:34:34,47,47,13.14,2,152,
3-26,11:34:34,48,48,13.14,2,152,
3-26,11:34:35,48,48,13.17,2,152,
3-26,11:34:35,49,49,13.19,2,152,
3-26,11:34:36,49,49,13.16,2,152,
3-26,11:34:36,46,46,13.14,2,152,
3-26,11:34:37,48,48,13.16,2,152,
3-26,11:34:37,49,49,13.18,2,152,
3-26,11:34:38,51,51,13.21,2,152,
3-26,11:34:38,49,49,13.18,2,152,
3-26,11:34:39,48,48,13.15,2,152,
3-26,11:34:39,49,49,13.2,2,152,
3-26,11:34:40,49,49,13.19,2,152,
3-26,11:34:40,48,48,13.16,2,152,
3-26,11:34:41,49,49,13.19,2,152,
3-26,11:34:41,50,50,13.19,2,152,
3-26,11:34:42,47,47,13.14,2,152,
3-26,11:34:42,48,48,13.17,2,152,
3-26,11:34:43,48,48,13.18,2,152,
3-26,11:34:43,48,48,13.18,2,152,
3-26,11:34:44,48,48,13.16,2,152,
3-26,11:34:44,47,47,13.16,2,152,
3-26,11:34:45,49,49,13.19,2,152,
3-26,11:34:45,48,48,13.16,2,152,
3-26,11:34:46,49,49,13.19,2,152,
3-26,11:34:46,48,48,13.18,2,152,
3-26,11:34:47,47,47,13.16,2,152,
3-26,11:34:47,46,46,13.13,2,152,
3-26,11:34:48,48,48,13.18,2,152,
3-26,11:34:48,48,48,13.17,2,152,
3-26,11:34:49,46,46,13.13,2,152,
3-26,11:34:49,47,47,13.16,2,152,
3-26,11:34:50,47,47,13.16,2,152,
3-26,11:34:50,48,48,13.18,2,152,
3-26,11:34:51,47,47,13.15,2,152,
3-26,11:34:51,47,47,13.16,2,152,
3-26,11:34:52,48,48,13.16,2,152,
3-26,11:34:52,48,48,13.17,2,152,
3-26,11:34:53,47,47,13.13,2,152,
3-26,11:34:53,48,48,13.19,2,152,
3-26,11:34:54,47,47,13.15,2,152,
3-26,11:34:54,47,47,13.13,2,152,
3-26,11:34:55,47,47,13.16,2,152,
3-26,11:34:55,50,50,13.22,2,152,
3-26,11:34:56,48,48,13.17,2,152,
3-26,11:34:56,47,47,13.14,2,152,
3-26,11:34:57,50,50,13.22,2,152,
3-26,11:34:57,49,49,13.18,2,152,
3-26,11:34:58,47,47,13.15,2,152,
3-26,11:34:58,46,46,13.14,2,152,
3-26,11:34:59,48,48,13.17,2,152,
3-26,11:34:59,46,46,13.13,2,152,
3-26,11:35:0,48,48,13.17,2,152,
3-26,11:35:0,47,47,13.15,2,152,
3-26,11:35:1,46,46,13.14,2,152,
3-26,11:35:1,48,48,13.14,2,152,
3-26,11:35:2,48,48,13.15,2,152,
3-26,11:35:2,49,49,13.17,2,152,
3-26,11:35:3,47,47,13.16,2,152,
3-26,11:35:3,47,47,13.13,2,152,
3-26,11:35:4,49,49,13.16,2,152,
3-26,11:35:4,48,48,13.16,2,152,
3-26,11:35:5,48,48,13.14,2,152,
3-26,11:35:5,47,47,13.15,2,152,
3-26,11:35:6,49,49,13.17,2,152,
3-26,11:35:6,48,48,13.15,2,152,
3-26,11:35:7,48,48,13.13,2,152,
3-26,11:35:7,49,49,13.14,2,152,
3-26,11:35:8,48,48,13.16,2,152,
3-26,11:35:8,46,46,13.11,2,152,
3-26,11:35:9,50,50,13.19,2,152,
3-26,11:35:9,49,49,13.13,2,152,
3-26,11:35:10,50,50,13.16,2,152,
3-26,11:35:10,49,49,13.14,2,152,
3-26,11:35:11,49,49,13.14,2,152,
3-26,11:35:11,50,50,13.16,2,152,
3-26,11:35:12,54,54,13.23,2,152,
3-26,11:35:12,50,50,13.13,2,152,
3-26,11:35:13,50,50,13.14,2,152,
3-26,11:35:13,52,52,13.17,2,152,
3-26,11:35:14,52,52,13.11,2,152,
3-26,11:35:14,53,53,13.14,2,152,
3-26,11:35:15,53,53,13.13,2,152,
3-26,11:35:15,53,53,13.15,2,152,
3-26,11:35:16,52,52,13.11,2,152,
3-26,11:35:16,54,54,13.17,2,152,
3-26,11:35:17,56,56,13.21,2,152,
3-26,11:35:17,57,57,13.14,2,152,
3-26,11:35:18,57,57,13.11,2,152,
3-26,11:35:18,56,56,13.09,2,152,
3-26,11:35:19,59,59,13.12,2,152,
3-26,11:35:19,57,57,13.09,2,152,
3-26,11:35:20,57,57,13.1,2,152,
3-26,11:35:20,57,57,13.1,2,152,
3-26,11:35:21,57,57,13.05,2,152,
3-26,11:35:21,60,60,13.1,2,152,
3-26,11:35:22,59,59,13.1,2,152,
3-26,11:35:22,60,60,13.09,2,152,
3-26,11:35:23,61,61,13.12,2,152,
3-26,11:35:23,61,61,13.1,2,152,
3-26,11:35:24,62,62,13.12,2,152,
3-26,11:35:24,63,63,13.16,2,152,
3-26,11:35:25,64,64,13.15,2,152,
3-26,11:35:25,64,64,13.15,2,152,
3-26,11:35:26,65,65,13.16,2,152,
3-26,11:35:26,64,64,13.17,2,152,
3-26,11:35:27,64,64,13.16,2,152,
3-26,11:35:27,63,63,13.13,2,152,
3-26,11:35:28,64,64,13.12,2,152,
3-26,11:35:28,62,62,13.08,2,152,
3-26,11:35:29,63,63,13.1,2,152,
3-26,11:35:29,61,61,13.09,2,152,
3-26,11:35:30,62,62,13.13,2,152,
3-26,11:35:30,62,62,13.1,2,152,
3-26,11:35:31,63,63,13.14,2,152,
3-26,11:35:31,61,61,13.11,2,152,
3-26,11:35:32,62,62,13.13,2,152,
3-26,11:35:32,62,62,13.13,2,152,
3-26,11:35:33,61,61,13.1,2,152,
3-26,11:35:33,62,62,13.14,2,152,
3-26,11:35:34,61,61,13.13,2,152,
3-26,11:35:34,61,61,13.14,2,152,
3-26,11:35:35,60,60,13.11,2,152,
3-26,11:35:35,61,61,13.12,2,152,
3-26,11:35:36,60,60,13.12,2,152,
3-26,11:35:36,59,59,13.09,2,152,
3-26,11:35:37,60,60,13.15,2,152,
3-26,11:35:37,58,58,13.13,2,152,
3-26,11:35:38,60,60,13.12,2,152,
3-26,11:35:38,58,58,13.13,2,152,
3-26,11:35:39,57,57,13.08,2,152,
3-26,11:35:39,60,60,13.15,2,152,
3-26,11:35:40,59,59,13.15,2,152,
3-26,11:35:40,59,59,13.1,2,152,
3-26,11:35:41,58,58,13.13,2,152,
3-26,11:35:41,57,57,13.15,2,152,
3-26,11:35:42,56,56,13.11,2,152,
3-26,11:35:42,55,55,13.1,2,152,
3-26,11:35:43,56,56,13.13,2,152,
3-26,11:35:43,54,54,13.1,2,152,
3-26,11:35:44,54,54,13.12,2,152,
3-26,11:35:44,53,53,13.11,2,152,
3-26,11:35:45,53,53,13.14,2,152,
3-26,11:35:45,52,52,13.18,2,152,
3-26,11:35:46,53,53,13.16,2,152,
3-26,11:35:46,50,50,13.14,2,152,
3-26,11:35:47,49,49,13.14,2,152,
3-26,11:35:47,48,48,13.12,2,152,
3-26,11:35:48,49,49,13.17,2,152,
3-26,11:35:48,48,48,13.1,2,152,
3-26,11:35:49,46,46,13.11,2,152,
3-26,11:35:49,47,47,13.16,2,152,
3-26,11:35:50,51,51,13.19,2,152,
3-26,11:35:50,50,50,13.16,2,152,
3-26,11:35:51,49,49,13.16,2,152,
3-26,11:35:51,52,52,13.16,2,152,
3-26,11:35:52,51,51,13.12,2,152,
3-26,11:35:52,51,51,13.12,2,152,
3-26,11:35:53,52,52,13.13,2,152,
3-26,11:35:53,53,53,13.15,2,152,
3-26,11:35:54,54,54,13.15,2,152,
3-26,11:35:54,52,52,13.13,2,152,
3-26,11:35:55,53,53,13.1,2,152,
3-26,11:35:55,53,53,13.14,2,152,
3-26,11:35:56,54,54,13.16,2,152,
3-26,11:35:56,54,54,13.1,2,152,
3-26,11:35:57,54,54,13.09,2,152,
3-26,11:35:57,53,53,13.09,2,152,
3-26,11:35:58,54,54,13.09,2,152,
3-26,11:35:58,56,56,13.12,2,152,
3-26,11:35:59,55,55,13.12,2,152,
3-26,11:35:59,53,53,13.08,2,152,
3-26,11:36:0,53,53,13.14,2,152,
3-26,11:36:0,52,52,13.13,2,152,
3-26,11:36:1,53,53,13.15,2,152,
3-26,11:36:1,50,50,13.14,2,152,
3-26,11:36:2,53,53,13.15,2,152,
3-26,11:36:2,52,52,13.13,2,152,
3-26,11:36:3,51,51,13.12,2,152,
3-26,11:36:3,50,50,13.1,2,152,
3-26,11:36:4,49,49,13.11,2,152,
3-26,11:36:4,53,53,13.14,2,152,
3-26,11:36:5,55,55,13.11,2,152,
3-26,11:36:5,55,55,13.09,2,152,
3-26,11:36:6,56,56,13.1,2,152,
3-26,11:36:6,55,55,13.08,2,152,
3-26,11:36:7,58,58,13.12,2,152,
3-26,11:36:7,57,57,13.1,2,152,
3-26,11:36:8,56,56,13.09,2,152,
3-26,11:36:8,59,59,13.1,2,152,
3-26,11:36:9,57,57,13.13,2,152,
3-26,11:36:9,57,57,13.11,2,152,
3-26,11:36:10,61,61,13.16,2,152,
3-26,11:36:10,59,59,13.1,2,152,
3-26,11:36:11,59,59,13.08,2,152,
3-26,11:36:11,60,60,13.1,2,152,
3-26,11:36:12,58,58,13.08,2,152,
3-26,11:36:12,59,59,13.1,2,152,
3-26,11:36:13,60,60,13.12,2,152,
3-26,11:36:13,58,58,13.07,2,152,
3-26,11:36:14,58,58,13.07,2,152,
3-26,11:36:14,58,58,13.1,2,152,
3-26,11:36:15,58,58,13.09,2,152,
3-26,11:36:15,57,57,13.12,2,152,
3-26,11:36:16,57,57,13.12,2,152,
3-26,11:36:16,52,52,13.08,2,152,
3-26,11:36:17,50,50,13.09,2,152,
3-26,11:36:17,49,49,13.09,2,152,
3-26,11:36:18,49,49,13.1,2,152,
3-26,11:36:18,48,48,13.1,2,152,
3-26,11:36:19,47,47,13.1,2,152,
3-26,11:36:19,47,47,13.15,2,152,
3-26,11:36:20,49,49,13.13,2,152,
3-26,11:36:20,50,50,13.14,2,152,
3-26,11:36:21,49,49,13.1,2,152,
3-26,11:36:21,51,51,13.15,2,152,
3-26,11:36:22,50,50,13.11,2,152,
3-26,11:36:22,53,53,13.17,2,152,
3-26,11:36:23,53,53,13.08,2,152,
3-26,11:36:23,54,54,13.08,2,152,
3-26,11:36:24,54,54,13.09,2,152,
3-26,11:36:24,55,55,13.1,2,152,
3-26,11:36:25,56,56,13.08,2,152,
3-26,11:36:25,55,55,13.07,2,152,
3-26,11:36:26,56,56,13.1,2,152,
3-26,11:36:26,55,55,13.11,2,152,
3-26,11:36:27,57,57,13.11,2,152,
3-26,11:36:27,53,53,13.09,2,152,
3-26,11:36:28,53,53,13.09,2,152,
3-26,11:36:28,55,55,13.12,2,152,
3-26,11:36:29,55,55,13.1,2,152,
3-26,11:36:29,55,55,13.08,2,152,
3-26,11:36:30,55,55,13.12,2,152,
3-26,11:36:30,56,56,13.13,2,152,
3-26,11:36:31,56,56,13.13,2,152,
3-26,11:36:31,56,56,13.12,2,152,
3-26,11:36:32,55,55,13.13,2,152,
3-26,11:36:32,55,55,13.12,2,152,
3-26,11:36:33,53,53,13.09,2,152,
3-26,11:36:33,54,54,13.14,2,152,
3-26,11:36:34,52,52,13.11,2,152,
3-26,11:36:34,53,53,13.15,2,152,
3-26,11:36:35,51,51,13.14,2,152,
3-26,11:36:35,50,50,13.13,2,152,
3-26,11:36:36,50,50,13.14,2,152,
3-26,11:36:36,48,48,13.13,2,152,
3-26,11:36:37,46,46,13.11,2,152,
3-26,11:36:37,46,46,13.13,2,152,
3-26,11:36:38,46,46,13.16,2,152,
3-26,11:36:38,45,45,13.14,2,152,
3-26,11:36:39,44,44,13.13,2,152,
3-26,11:36:39,43,43,13.13,2,152,
3-26,11:36:40,41,41,13.13,2,152,
3-26,11:36:40,42,42,13.16,2,152,
3-26,11:36:41,41,41,13.16,2,152,
3-26,11:36:41,41,41,13.16,2,152,
3-26,11:36:42,41,41,13.18,2,152,
3-26,11:36:42,37,37,13.12,2,152,
3-26,11:36:43,40,40,13.18,2,152,
3-26,11:36:43,40,40,13.17,2,152,
3-26,11:36:44,38,38,13.17,2,152,
3-26,11:36:44,39,39,13.18,2,152,
3-26,11:36:45,38,38,13.17,2,152,
3-26,11:36:45,38,38,13.17,2,152,
3-26,11:36:46,37,37,13.17,2,152,
3-26,11:36:46,38,38,13.16,2,152,
3-26,11:36:47,37,37,13.16,2,152,
3-26,11:36:47,38,38,13.13,2,152,
3-26,11:36:48,39,39,13.15,2,152,
3-26,11:36:48,39,39,13.12,2,152,
3-26,11:36:49,38,38,13.13,2,152,
3-26,11:36:49,41,41,13.14,2,152,
3-26,11:36:50,42,42,13.16,2,152,
3-26,11:36:50,42,42,13.1,2,152,
3-26,11:36:51,44,44,13.16,2,152,
3-26,11:36:51,45,45,13.12,2,152,
3-26,11:36:52,47,47,13.15,2,152,
3-26,11:36:52,50,50,13.18,2,152,
3-26,11:36:53,49,49,13.14,2,152,
3-26,11:36:53,53,53,13.16,2,152,
3-26,11:36:54,52,52,13.09,2,152,
3-26,11:36:54,54,54,13.1,2,152,
3-26,11:36:55,56,56,13.12,2,152,
3-26,11:36:55,55,55,13.1,2,152,
3-26,11:36:56,54,54,13.09,2,152,
3-26,11:36:56,53,53,13.1,2,152,
3-26,11:36:57,51,51,13.07,2,152,
3-26,11:36:57,53,53,13.11,2,152,
3-26,11:36:58,55,55,13.12,2,152,
3-26,11:36:58,55,55,13.12,2,152,
3-26,11:36:59,55,55,13.1,2,152,
3-26,11:36:59,57,57,13.12,2,152,
3-26,11:37:0,59,59,13.12,2,152,
3-26,11:37:0,56,56,13.07,2,152,
3-26,11:37:1,58,58,13.11,2,152,
3-26,11:37:1,59,59,13.11,2,152,
3-26,11:37:2,59,59,13.14,2,152,
3-26,11:37:2,58,58,13.13,2,152,
3-26,11:37:3,56,56,13.1,2,152,
3-26,11:37:3,57,57,13.13,2,152,
3-26,11:37:4,56,56,13.12,2,152,
3-26,11:37:4,56,56,13.12,2,152,
3-26,11:37:5,55,55,13.09,2,152,
3-26,11:37:5,55,55,13.09,2,152,
3-26,11:37:6,50,50,12.98,2,152,
3-26,11:37:6,55,55,13.11,2,152,
3-26,11:37:7,55,55,13.09,2,152,
3-26,11:37:7,55,55,13.1,2,152,
3-26,11:37:8,56,56,13.11,2,152,
3-26,11:37:8,55,55,13.09,2,152,
3-26,11:37:9,53,53,13.07,2,152,
3-26,11:37:9,55,55,13.1,2,152,
3-26,11:37:10,54,54,13.08,2,152,
3-26,11:37:10,53,53,13.08,2,152,
3-26,11:37:11,54,54,13.1,2,152,
3-26,11:37:11,53,53,13.08,2,152,
3-26,11:37:12,53,53,13.1,2,152,
3-26,11:37:12,52,52,13.08,2,152,
3-26,11:37:13,54,54,13.11,2,152,
3-26,11:37:13,52,52,13.08,2,152,
3-26,11:37:14,52,52,13.08,2,152,
3-26,11:37:14,53,53,13.09,2,152,
3-26,11:37:15,52,52,13.08,2,152,
3-26,11:37:15,52,52,13.09,2,152,
3-26,11:37:16,52,52,13.12,2,152,
3-26,11:37:16,52,52,13.12,2,152,
3-26,11:37:17,51,51,13.1,2,152,
3-26,11:37:17,52,52,13.13,2,152,
3-26,11:37:18,51,51,13.11,2,152,
3-26,11:37:18,50,50,13.1,2,152,
3-26,11:37:19,50,50,13.09,2,152,
3-26,11:37:19,49,49,13.1,2,152,
3-26,11:37:20,50,50,13.09,2,152,
3-26,11:37:20,50,50,13.13,2,152,
3-26,11:37:21,51,51,13.12,2,152,
3-26,11:37:21,50,50,13.11,2,152,
3-26,11:37:22,50,50,13.11,2,152,
3-26,11:37:22,49,49,13.09,2,152,
3-26,11:37:23,50,50,13.1,2,152,
3-26,11:37:23,50,50,13.1,2,152,
3-26,11:37:24,50,50,13.11,2,152,
3-26,11:37:24,49,49,13.1,2,152,
3-26,11:37:25,50,50,13.1,2,152,
3-26,11:37:25,50,50,13.1,2,152,
3-26,11:37:26,50,50,13.09,2,152,
3-26,11:37:26,50,50,13.08,2,152,
3-26,11:37:27,51,51,13.1,2,152,
3-26,11:37:27,52,52,13.1,2,152,
3-26,11:37:28,51,51,13.1,2,152,
3-26,11:37:28,52,52,13.11,2,152,
3-26,11:37:29,52,52,13.13,2,152,
3-26,11:37:29,51,51,13.11,2,152,
3-26,11:37:30,51,51,13.07,2,152,
3-26,11:37:30,52,52,13.11,2,152,
3-26,11:37:31,52,52,13.11,2,152,
3-26,11:37:31,52,52,13.1,2,152,
3-26,11:37:32,52,52,13.09,2,152,
3-26,11:37:32,51,51,13.09,2,152,
3-26,11:37:33,52,52,13.12,2,152,
3-26,11:37:33,53,53,13.08,2,152,
3-26,11:37:34,52,52,13.09,2,152,
3-26,11:37:34,50,50,13.08,2,152,
3-26,11:37:35,51,51,13.12,2,152,
3-26,11:37:35,50,50,13.11,2,152,
3-26,11:37:36,50,50,13.11,2,152,
3-26,11:37:36,49,49,13.13,2,152,
3-26,11:37:37,50,50,13.15,2,152,
3-26,11:37:37,52,52,13.13,2,152,
3-26,11:37:38,52,52,13.12,2,152,
3-26,11:37:38,53,53,13.09,2,152,
3-26,11:37:39,53,53,13.08,2,152,
3-26,11:37:39,55,55,13.11,2,152,
3-26,11:37:40,54,54,13.09,2,152,
3-26,11:37:40,55,55,13.09,2,152,
3-26,11:37:41,56,56,13.1,2,152,
3-26,11:37:41,56,56,13.09,2,152,
3-26,11:37:42,56,56,13.1,2,152,
3-26,11:37:42,55,55,13.07,2,152,
3-26,11:37:43,56,56,13.11,2,152,
3-26,11:37:43,55,55,13.09,2,152,
3-26,11:37:44,55,55,13.1,2,152,
3-26,11:37:44,55,55,13.11,2,152,
3-26,11:37:45,54,54,13.09,2,152,
3-26,11:37:45,55,55,13.09,2,152,
3-26,11:37:46,54,54,13.1,2,152,
3-26,11:37:46,54,54,13.1,2,152,
3-26,11:37:47,53,53,13.08,2,152,
3-26,11:37:47,52,52,13.09,2,152,
3-26,11:37:48,52,52,13.1,2,152,
3-26,11:37:48,50,50,13.09,2,152,
3-26,11:37:49,51,51,13.12,2,152,
3-26,11:37:49,50,50,13.1,2,152,
3-26,11:37:50,49,49,13.09,2,152,
3-26,11:37:50,50,50,13.13,2,152,
3-26,11:37:51,49,49,13.11,2,152,
3-26,11:37:51,48,48,13.1,2,152,
3-26,11:37:52,48,48,13.11,2,152,
3-26,11:37:52,47,47,13.1,2,152,
3-26,11:37:53,47,47,13.12,2,152,
3-26,11:37:53,46,46,13.11,2,152,
3-26,11:37:54,46,46,13.11,2,152,
3-26,11:37:54,48,48,13.16,2,152,
3-26,11:37:55,44,44,13.1,2,152,
3-26,11:37:55,46,46,13.13,2,152,
3-26,11:37:56,46,46,13.15,2,152,
3-26,11:37:56,46,46,13.15,2,152,
3-26,11:37:57,44,44,13.12,2,152,
3-26,11:37:57,43,43,13.11,2,152,
3-26,11:37:58,43,43,13.13,2,152,
3-26,11:37:58,43,43,13.12,2,152,
3-26,11:37:59,43,43,13.15,2,152,
3-26,11:37:59,43,43,13.15,2,152,
3-26,11:38:0,44,44,13.15,2,152,
3-26,11:38:0,42,42,13.14,2,152,
3-26,11:38:1,41,41,13.13,2,152,
3-26,11:38:1,42,42,13.17,2,152,
3-26,11:38:2,41,41,13.16,2,152,
3-26,11:38:2,42,42,13.17,2,152,
3-26,11:38:3,40,40,13.14,2,152,
3-26,11:38:3,40,40,13.14,2,152,
3-26,11:38:4,40,40,13.13,2,152,
3-26,11:38:4,41,41,13.15,2,152,
3-26,11:38:5,43,43,13.19,2,152,
3-26,11:38:5,38,38,13.1,2,152,
3-26,11:38:6,41,41,13.17,2,152,
3-26,11:38:6,40,40,13.16,2,152,
3-26,11:38:7,41,41,13.16,2,152,
3-26,11:38:7,42,42,13.18,2,152,
3-26,11:38:8,41,41,13.16,2,152,
3-26,11:38:8,41,41,13.16,2,152,
3-26,11:38:9,39,39,13.14,2,152,
3-26,11:38:9,39,39,13.14,2,152,
3-26,11:38:10,40,40,13.14,2,152,
3-26,11:38:10,42,42,13.19,2,152,
3-26,11:38:11,41,41,13.16,2,152,
3-26,11:38:11,39,39,13.13,2,152,
3-26,11:38:12,43,43,13.2,2,152,
3-26,11:38:12,42,42,13.18,2,152,
3-26,11:38:13,42,42,13.18,2,152,
3-26,11:38:13,40,40,13.13,2,152,
3-26,11:38:14,40,40,13.15,2,152,
3-26,11:38:14,42,42,13.16,2,152,
3-26,11:38:15,40,40,13.13,2,152,
3-26,11:38:15,41,41,13.15,2,152,
3-26,11:38:16,42,42,13.19,2,152,
3-26,11:38:16,39,39,13.14,2,152,
3-26,11:38:17,39,39,13.13,2,152,
3-26,11:38:17,41,41,13.19,2,152,
3-26,11:38:18,43,43,13.16,2,152,
3-26,11:38:18,44,44,13.18,2,152,
3-26,11:38:19,45,45,13.17,2,152,
3-26,11:38:19,47,47,13.19,2,152,
3-26,11:38:20,48,48,13.21,2,152,
3-26,11:38:20,49,49,13.16,2,152,
3-26,11:38:21,51,51,13.16,2,152,
3-26,11:38:21,51,51,13.16,2,152,
3-26,11:38:22,53,53,13.18,2,152,
3-26,11:38:22,56,56,13.15,2,152,
3-26,11:38:23,57,57,13.1,2,152,
3-26,11:38:23,56,56,13.13,2,152,
3-26,11:38:24,56,56,13.12,2,152,
3-26,11:38:24,58,58,13.15,2,152,
3-26,11:38:25,62,62,13.16,2,152,
3-26,11:38:25,63,63,13.13,2,152,
3-26,11:38:26,62,62,13.09,2,152,
3-26,11:38:26,64,64,13.11,2,152,
3-26,11:38:27,63,63,13.08,2,152,
3-26,11:38:27,65,65,13.11,2,152,
3-26,11:38:28,65,65,13.07,2,152,
3-26,11:38:28,65,65,13.09,2,152,
3-26,11:38:29,64,64,13.06,2,152,
3-26,11:38:29,66,66,13.1,2,152,
3-26,11:38:30,65,65,13.08,2,152,
3-26,11:38:30,65,65,13.1,2,152,
3-26,11:38:31,65,65,13.1,2,152,
3-26,11:38:31,65,65,13.12,2,152,
3-26,11:38:32,63,63,13.07,2,152,
3-26,11:38:32,63,63,13.07,2,152,
3-26,11:38:33,64,64,13.1,2,152,
3-26,11:38:33,62,62,13.09,2,152,
3-26,11:38:34,62,62,13.1,2,152,
3-26,11:38:34,62,62,13.09,2,152,
3-26,11:38:35,59,59,13.06,2,152,
3-26,11:38:35,60,60,13.09,2,152,
3-26,11:38:36,61,61,13.1,2,152,
3-26,11:38:36,58,58,13.07,2,152,
3-26,11:38:37,59,59,13.08,2,152,
3-26,11:38:37,59,59,13.13,2,152,
3-26,11:38:38,58,58,13.11,2,152,
3-26,11:38:38,56,56,13.07,2,152,
3-26,11:38:39,56,56,13.08,2,152,
3-26,11:38:39,56,56,13.12,2,152,
3-26,11:38:40,56,56,13.1,2,152,
3-26,11:38:40,54,54,13.11,2,152,
3-26,11:38:41,55,55,13.1,2,152,
3-26,11:38:41,53,53,13.08,2,152,
3-26,11:38:42,52,52,13.08,2,152,
3-26,11:38:42,52,52,13.11,2,152,
3-26,11:38:43,51,51,13.1,2,152,
3-26,11:38:43,51,51,13.12,2,152,
3-26,11:38:44,50,50,13.12,2,152,
3-26,11:38:44,51,51,13.13,2,152,
3-26,11:38:45,50,50,13.12,2,152,
3-26,11:38:45,52,52,13.16,2,152,
3-26,11:38:46,48,48,13.09,2,152,
3-26,11:38:46,50,50,13.13,2,152,
3-26,11:38:47,49,49,13.13,2,152,
3-26,11:38:47,48,48,13.11,2,152,
3-26,11:38:48,49,49,13.15,2,152,
3-26,11:38:48,49,49,13.15,2,152,
3-26,11:38:49,48,48,13.11,2,152,
3-26,11:38:49,48,48,13.13,2,152,
3-26,11:38:50,49,49,13.15,2,152,
3-26,11:38:50,49,49,13.13,2,152,
3-26,11:38:51,49,49,13.15,2,152,
3-26,11:38:51,48,48,13.14,2,152,
3-26,11:38:52,47,47,13.09,2,152,
3-26,11:38:52,47,47,13.13,2,152,
3-26,11:38:53,49,49,13.13,2,152,
3-26,11:38:53,48,48,13.16,2,152,
3-26,11:38:54,48,48,13.1,2,152,
3-26,11:38:54,48,48,13.13,2,152,
3-26,11:38:55,49,49,13.12,2,152,
3-26,11:38:55,49,49,13.14,2,152,
3-26,11:38:56,49,49,13.12,2,152,
3-26,11:38:56,48,48,13.08,2,152,
3-26,11:38:57,50,50,13.14,2,152,
3-26,11:38:57,50,50,13.15,2,152,
3-26,11:38:58,49,49,13.14,2,152,
3-26,11:38:58,49,49,13.11,2,152,
3-26,11:38:59,51,51,13.11,2,152,
3-26,11:38:59,49,49,13.11,2,152,
3-26,11:39:0,52,52,13.13,2,152,
3-26,11:39:0,51,51,13.11,2,152,
3-26,11:39:1,52,52,13.14,2,152,
3-26,11:39:1,48,48,13.1,2,152,
3-26,11:39:2,49,49,13.09,2,152,
3-26,11:39:2,48,48,13.1,2,152,
3-26,11:39:3,46,46,13.1,2,152,
3-26,11:39:3,45,45,13.11,2,152,
3-26,11:39:4,44,44,13.11,2,152,
3-26,11:39:4,44,44,13.13,2,152,
3-26,11:39:5,42,42,13.13,2,152,
3-26,11:39:5,40,40,13.13,2,152,
3-26,11:39:6,39,39,13.12,2,152,
3-26,11:39:6,38,38,13.13,2,152,
3-26,11:39:7,37,37,13.14,2,152,
3-26,11:39:7,36,36,13.15,2,152,
3-26,11:39:8,37,37,13.17,2,152,
3-26,11:39:8,39,39,13.17,2,152,
3-26,11:39:9,41,41,13.16,2,152,
3-26,11:39:9,40,40,13.14,2,152,
3-26,11:39:10,44,44,13.13,2,152,
3-26,11:39:10,48,48,13.14,2,152,
3-26,11:39:11,48,48,13.15,2,152,
3-26,11:39:11,49,49,13.13,2,152,
3-26,11:39:12,52,52,13.12,2,152,
3-26,11:39:12,53,53,13.16,2,152,
3-26,11:39:13,53,53,13.1,2,152,
3-26,11:39:13,54,54,13.12,2,152,
3-26,11:39:14,55,55,13.12,2,152,
3-26,11:39:14,55,55,13.11,2,152,
3-26,11:39:15,56,56,13.13,2,152,
3-26,11:39:15,57,57,13.1,2,152,
3-26,11:39:16,55,55,13.05,2,152,
3-26,11:39:16,59,59,13.1,2,152,
3-26,11:39:17,56,56,13.08,2,152,
3-26,11:39:17,57,57,13.08,2,152,
3-26,11:39:18,58,58,13.11,2,152,
3-26,11:39:18,58,58,13.1,2,152,
3-26,11:39:19,59,59,13.09,2,152,
3-26,11:39:19,57,57,13.12,2,152,
3-26,11:39:20,58,58,13.11,2,152,
3-26,11:39:20,56,56,13.12,2,152,
3-26,11:39:21,58,58,13.13,2,152,
3-26,11:39:21,56,56,13.1,2,152,
3-26,11:39:22,58,58,13.14,2,152,
3-26,11:39:22,58,58,13.13,2,152,
3-26,11:39:23,56,56,13.11,2,152,
3-26,11:39:23,56,56,13.1,2,152,
3-26,11:39:24,56,56,13.1,2,152,
3-26,11:39:24,57,57,13.11,2,152,
3-26,11:39:25,57,57,13.12,2,152,
3-26,11:39:25,56,56,13.09,2,152,
3-26,11:39:26,57,57,13.12,2,152,
3-26,11:39:26,56,56,13.12,2,152,
3-26,11:39:27,57,57,13.13,2,152,
3-26,11:39:27,55,55,13.11,2,152,
3-26,11:39:28,55,55,13.11,2,152,
3-26,11:39:28,55,55,13.13,2,152,
3-26,11:39:29,55,55,13.14,2,152,
3-26,11:39:29,53,53,13.11,2,152,
3-26,11:39:30,54,54,13.15,2,152,
3-26,11:39:30,52,52,13.12,2,152,
3-26,11:39:31,52,52,13.14,2,152,
3-26,11:39:31,51,51,13.12,2,152,
3-26,11:39:32,52,52,13.14,2,152,
3-26,11:39:32,52,52,13.13,2,152,
3-26,11:39:33,52,52,13.13,2,152,
3-26,11:39:33,51,51,13.12,2,152,
3-26,11:39:34,52,52,13.15,2,152,
3-26,11:39:34,50,50,13.13,2,152,
3-26,11:39:35,52,52,13.13,2,152,
3-26,11:39:35,52,52,13.16,2,152,
3-26,11:39:36,52,52,13.13,2,152,
3-26,11:39:36,53,53,13.16,2,152,
3-26,11:39:37,52,52,13.14,2,152,
3-26,11:39:37,49,49,13.1,2,152,
3-26,11:39:38,51,51,13.12,2,152,
3-26,11:39:38,49,49,13.1,2,152,
3-26,11:39:39,50,50,13.13,2,152,
3-26,11:39:39,48,48,13.09,2,152,
3-26,11:39:40,49,49,13.11,2,152,
3-26,11:39:40,52,52,13.17,2,152,
3-26,11:39:41,48,48,13.1,2,152,
3-26,11:39:41,50,50,13.13,2,152,
3-26,11:39:42,48,48,13.14,2,152,
3-26,11:39:42,47,47,13.09,2,152,
3-26,11:39:43,48,48,13.12,2,152,
3-26,11:39:43,49,49,13.11,2,152,
3-26,11:39:44,49,49,13.15,2,152,
3-26,11:39:44,48,48,13.12,2,152,
3-26,11:39:45,50,50,13.14,2,152,
3-26,11:39:45,47,47,13.11,2,152,
3-26,11:39:46,50,50,13.11,2,152,
3-26,11:39:46,49,49,13.12,2,152,
3-26,11:39:47,49,49,13.1,2,152,
3-26,11:39:47,50,50,13.13,2,152,
3-26,11:39:48,52,52,13.14,2,152,
3-26,11:39:48,50,50,13.11,2,152,
3-26,11:39:49,52,52,13.11,2,152,
3-26,11:39:49,51,51,13.1,2,152,
3-26,11:39:50,51,51,13.12,2,152,
3-26,11:39:50,52,52,13.14,2,152,
3-26,11:39:51,52,52,13.14,2,152,
3-26,11:39:51,53,53,13.15,2,152,
3-26,11:39:52,50,50,13.1,2,152,
3-26,11:39:52,50,50,13.1,2,152,
3-26,11:39:53,51,51,13.12,2,152,
3-26,11:39:53,51,51,13.14,2,152,
3-26,11:39:54,50,50,13.12,2,152,
3-26,11:39:54,51,51,13.13,2,152,
3-26,11:39:55,50,50,13.14,2,152,
3-26,11:39:55,51,51,13.14,2,152,
3-26,11:39:56,51,51,13.12,2,152,
3-26,11:39:56,50,50,13.13,2,152,
3-26,11:39:57,52,52,13.12,2,152,
3-26,11:39:57,50,50,13.1,2,152,
3-26,11:39:58,52,52,13.12,2,152,
3-26,11:39:58,52,52,13.09,2,152,
3-26,11:39:59,53,53,13.09,2,152,
3-26,11:39:59,53,53,13.09,2,152,
3-26,11:40:0,52,52,13.11,2,152,
3-26,11:40:0,54,54,13.1,2,152,
3-26,11:40:1,54,54,13.14,2,152,
3-26,11:40:1,53,53,13.09,2,152,
3-26,11:40:2,52,52,13.08,2,152,
3-26,11:40:2,53,53,13.1,2,152,
3-26,11:40:3,52,52,13.13,2,152,
3-26,11:40:3,52,52,13.14,2,152,
3-26,11:40:4,52,52,13.13,2,152,
3-26,11:40:4,51,51,13.11,2,152,
3-26,11:40:5,51,51,13.11,2,152,
3-26,11:40:5,50,50,13.1,2,152,
3-26,11:40:6,51,51,13.12,2,152,
3-26,11:40:6,51,51,13.11,2,152,
3-26,11:40:7,50,50,13.1,2,152,
3-26,11:40:7,50,50,13.11,2,152,
3-26,11:40:8,49,49,13.1,2,152,
3-26,11:40:8,50,50,13.1,2,152,
3-26,11:40:9,51,51,13.12,2,152,
3-26,11:40:9,50,50,13.11,2,152,
3-26,11:40:10,49,49,13.09,2,152,
3-26,11:40:10,50,50,13.11,2,152,
3-26,11:40:11,49,49,13.08,2,152,
3-26,11:40:11,49,49,13.09,2,152,
3-26,11:40:12,47,47,13.08,2,152,
3-26,11:40:12,48,48,13.09,2,152,
3-26,11:40:13,48,48,13.09,2,152,
3-26,11:40:13,49,49,13.11,2,152,
3-26,11:40:14,48,48,13.1,2,152,
3-26,11:40:14,48,48,13.1,2,152,
3-26,11:40:15,49,49,13.13,2,152,
3-26,11:40:15,47,47,13.09,2,152,
3-26,11:40:16,48,48,13.11,2,152,
3-26,11:40:16,48,48,13.14,2,152,
3-26,11:40:17,48,48,13.11,2,152,
3-26,11:40:17,47,47,13.1,2,152,
3-26,11:40:18,45,45,13.1,2,152,
3-26,11:40:18,45,45,13.11,2,152,
3-26,11:40:19,46,46,13.13,2,152,
3-26,11:40:19,46,46,13.11,2,152,
3-26,11:40:20,47,47,13.14,2,152,
3-26,11:40:20,43,43,13.09,2,152,
3-26,11:40:21,44,44,13.11,2,152,
3-26,11:40:21,42,42,13.09,2,152,
3-26,11:40:22,45,45,13.13,2,152,
3-26,11:40:22,43,43,13.12,2,152,
3-26,11:40:23,44,44,13.14,2,152,
3-26,11:40:23,45,45,13.14,2,152,
3-26,11:40:24,40,40,13.09,2,152,
3-26,11:40:24,40,40,13.1,2,152,
3-26,11:40:25,42,42,13.11,2,152,
3-26,11:40:25,40,40,13.11,2,152,
3-26,11:40:26,42,42,13.14,2,152,
3-26,11:40:26,39,39,13.1,2,152,
3-26,11:40:27,42,42,13.15,2,152,
3-26,11:40:27,41,41,13.14,2,152,
3-26,11:40:28,39,39,13.12,2,152,
3-26,11:40:28,40,40,13.13,2,152,
3-26,11:40:29,41,41,13.15,2,152,
3-26,11:40:29,38,38,13.11,2,152,
3-26,11:40:30,40,40,13.14,2,152,
3-26,11:40:30,42,42,13.18,2,152,
3-26,11:40:31,39,39,13.13,2,152,
3-26,11:40:31,38,38,13.13,2,152,
3-26,11:40:32,41,41,13.18,2,152,
3-26,11:40:32,42,42,13.17,2,152,
3-26,11:40:33,43,43,13.15,2,152,
3-26,11:40:33,45,45,13.18,2,152,
3-26,11:40:34,43,43,13.15,2,152,
3-26,11:40:34,47,47,13.17,2,152,
3-26,11:40:35,46,46,13.13,2,152,
3-26,11:40:35,50,50,13.18,2,152,
3-26,11:40:36,50,50,13.14,2,152,
3-26,11:40:36,54,54,13.16,2,152,
3-26,11:40:37,54,54,13.15,2,152,
3-26,11:40:37,57,57,13.14,2,152,
3-26,11:40:38,58,58,13.14,2,152,
3-26,11:40:38,60,60,13.12,2,152,
3-26,11:40:39,62,62,13.13,2,152,
3-26,11:40:39,63,63,13.13,2,152,
3-26,11:40:40,64,64,13.11,2,152,
3-26,11:40:40,65,65,13.11,2,152,
3-26,11:40:41,67,67,13.1,2,152,
3-26,11:40:41,67,67,13.1,2,152,
3-26,11:40:42,67,67,13.1,2,152,
3-26,11:40:42,67,67,13.06,2,152,
3-26,11:40:43,67,67,13.12,2,152,
3-26,11:40:43,67,67,13.1,2,152,
3-26,11:40:44,66,66,13.08,2,152,
3-26,11:40:44,66,66,13.08,2,152,
3-26,11:40:45,64,64,13.09,2,152,
3-26,11:40:45,64,64,13.08,2,152,
3-26,11:40:46,62,62,13.1,2,152,
3-26,11:40:46,62,62,13.12,2,152,
3-26,11:40:47,60,60,13.09,2,152,
3-26,11:40:47,58,58,13.08,2,152,
3-26,11:40:48,57,57,13.13,2,152,
3-26,11:40:48,56,56,13.14,2,152,
3-26,11:40:49,55,55,13.09,2,152,
3-26,11:40:49,55,55,13.13,2,152,
3-26,11:40:50,54,54,13.09,2,152,
3-26,11:40:50,54,54,13.11,2,152,
3-26,11:40:51,52,52,13.13,2,152,
3-26,11:40:51,53,53,13.14,2,152,
3-26,11:40:52,51,51,13.1,2,152,
3-26,11:40:52,52,52,13.13,2,152,
3-26,11:40:53,51,51,13.09,2,152,
3-26,11:40:53,51,51,13.13,2,152,
3-26,11:40:54,51,51,13.14,2,152,
3-26,11:40:54,50,50,13.1,2,152,
3-26,11:40:55,49,49,13.11,2,152,
3-26,11:40:55,47,47,13.12,2,152,
3-26,11:40:56,48,48,13.14,2,152,
3-26,11:40:56,44,44,13.1,2,152,
3-26,11:40:57,42,42,13.11,2,152,
3-26,11:40:57,41,41,13.12,2,152,
3-26,11:40:58,34,34,13.03,2,152,
3-26,11:40:58,39,39,13.12,2,152,
3-26,11:40:59,39,39,13.17,2,152,
3-26,11:40:59,38,38,13.17,2,152,
3-26,11:41:0,37,37,13.16,2,152,
3-26,11:41:0,35,35,13.16,2,152,
3-26,11:41:1,37,37,13.18,2,152,
3-26,11:41:1,35,35,13.15,2,152,
3-26,11:41:2,34,34,13.16,2,152,
3-26,11:41:2,36,36,13.16,2,152,
3-26,11:41:3,35,35,13.15,2,152,
3-26,11:41:3,37,37,13.17,2,152,
3-26,11:41:4,37,37,13.16,2,152,
3-26,11:41:4,39,39,13.17,2,152,
3-26,11:41:5,39,39,13.16,2,152,
3-26,11:41:5,40,40,13.19,2,152,
3-26,11:41:6,40,40,13.16,2,152,
3-26,11:41:6,41,41,13.15,2,152,
3-26,11:41:7,39,39,13.15,2,152,
3-26,11:41:7,40,40,13.14,2,152,
3-26,11:41:8,38,38,13.12,2,152,
3-26,11:41:8,39,39,13.14,2,152,
3-26,11:41:9,39,39,13.17,2,152,
3-26,11:41:9,39,39,13.15,2,152,
3-26,11:41:10,38,38,13.13,2,152,
3-26,11:41:10,38,38,13.17,2,152,
3-26,11:41:11,37,37,13.13,2,152,
3-26,11:41:11,36,36,13.13,2,152,
3-26,11:41:12,35,35,13.14,2,152,
3-26,11:41:12,35,35,13.14,2,152,
3-26,11:41:13,38,38,13.17,2,152,
3-26,11:41:13,36,36,13.16,2,152,
3-26,11:41:14,34,34,13.16,2,152,
3-26,11:41:14,37,37,13.17,2,152,
3-26,11:41:15,35,35,13.14,2,152,
3-26,11:41:15,33,33,13.14,2,152,
3-26,11:41:16,36,36,13.13,2,152,
3-26,11:41:16,37,37,13.16,2,152,
3-26,11:41:17,33,33,13.13,2,152,
3-26,11:41:17,33,33,13.14,2,152,
3-26,11:41:18,33,33,13.15,2,152,
3-26,11:41:18,31,31,13.13,2,152,
3-26,11:41:19,29,29,13.14,2,152,
3-26,11:41:19,31,31,13.17,2,152,
3-26,11:41:20,28,28,13.15,2,152,
3-26,11:41:20,26,26,13.15,2,152,
3-26,11:41:21,27,27,13.15,2,152,
3-26,11:41:21,25,25,13.14,2,152,
3-26,11:41:22,23,23,13.15,2,152,
3-26,11:41:22,28,28,13.19,2,152,
3-26,11:41:23,27,27,13.17,2,152,
3-26,11:41:23,25,25,13.14,2,152,
3-26,11:41:24,25,25,13.15,2,152,
3-26,11:41:24,32,32,13.21,2,152,
3-26,11:41:25,29,29,13.16,2,152,
3-26,11:41:25,27,27,13.17,2,152,
3-26,11:41:26,27,27,13.16,2,152,
3-26,11:41:26,26,26,13.15,2,152,
3-26,11:41:27,24,24,13.15,2,152,
3-26,11:41:27,27,27,13.18,2,152,
3-26,11:41:28,24,24,13.14,2,152,
3-26,11:41:28,27,27,13.17,2,152,
3-26,11:41:29,26,26,13.2,2,152,
3-26,11:41:29,24,24,13.14,2,152,
3-26,11:41:30,26,26,13.17,2,152,
3-26,11:41:30,23,23,13.16,2,152,
3-26,11:41:31,28,28,13.19,2,152,
3-26,11:41:31,24,24,13.12,2,152,
3-26,11:41:32,23,23,13.13,2,152,
3-26,11:41:32,27,27,13.16,2,152,
3-26,11:41:33,26,26,13.12,2,152,
3-26,11:41:33,26,26,13.18,2,152,
3-26,11:41:34,26,26,13.15,2,152,
3-26,11:41:34,25,25,13.17,2,152,
3-26,11:41:35,27,27,13.18,2,152,
3-26,11:41:35,21,21,13.12,2,152,
3-26,11:41:36,23,23,13.18,2,152,
3-26,11:41:36,21,21,13.14,2,152,
3-26,11:41:37,19,19,13.13,2,152,
3-26,11:41:37,20,20,13.16,2,152,
3-26,11:41:38,23,23,13.16,2,152,
3-26,11:41:38,22,22,13.17,2,152,
3-26,11:41:39,21,21,13.14,2,152,
3-26,11:41:39,22,22,13.15,2,152,
3-26,11:41:40,20,20,13.17,2,152,
3-26,11:41:40,21,21,13.16,2,152,
3-26,11:41:41,19,19,13.13,2,152,
3-26,11:41:41,22,22,13.18,2,152,
3-26,11:41:42,21,21,13.14,2,152,
3-26,11:41:42,19,19,13.15,2,152,
3-26,11:41:43,21,21,13.15,2,152,
3-26,11:41:43,17,17,13.11,2,152,
3-26,11:41:44,23,23,13.18,2,152,
3-26,11:41:44,24,24,13.17,2,152,
3-26,11:41:45,22,22,13.19,2,152,
3-26,11:41:45,26,26,13.18,2,152,
3-26,11:41:46,23,23,13.18,2,152,
3-26,11:41:46,19,19,13.13,2,152,
3-26,11:41:47,23,23,13.14,2,152,
3-26,11:41:47,22,22,13.15,2,152,
3-26,11:41:48,25,25,13.15,2,152,
3-26,11:41:48,24,24,13.15,2,152,
3-26,11:41:49,25,25,13.15,2,152,
3-26,11:41:49,25,25,13.14,2,152,
3-26,11:41:50,23,23,13.15,2,152,
3-26,11:41:50,25,25,13.16,2,152,
3-26,11:41:51,24,24,13.14,2,152,
3-26,11:41:51,23,23,13.16,2,152,
3-26,11:41:52,26,26,13.15,2,152,
3-26,11:41:52,25,25,13.18,2,152,
3-26,11:41:53,26,26,13.16,2,152,
3-26,11:41:53,22,22,13.13,2,152,
3-26,11:41:54,25,25,13.17,2,152,
3-26,11:41:54,23,23,13.13,2,152,
3-26,11:41:55,26,26,13.18,2,152,
3-26,11:41:55,28,28,13.19,2,152,
3-26,11:41:56,26,26,13.15,2,152,
3-26,11:41:56,24,24,13.15,2,152,
3-26,11:41:57,27,27,13.16,2,152,
3-26,11:41:57,27,27,13.19,2,152,
3-26,11:41:58,26,26,13.15,2,152,
3-26,11:41:58,26,26,13.14,2,152,
3-26,11:41:59,26,26,13.18,2,152,
3-26,11:41:59,29,29,13.18,2,152,
3-26,11:42:0,25,25,13.14,2,152,
3-26,11:42:0,29,29,13.18,2,152,
3-26,11:42:1,25,25,13.14,2,152,
3-26,11:42:1,27,27,13.2,2,152,
3-26,11:42:2,26,26,13.15,2,152,
3-26,11:42:2,25,25,13.15,2,152,
3-26,11:42:3,27,27,13.16,2,152,
3-26,11:42:3,28,28,13.16,2,152,
3-26,11:42:4,27,27,13.17,2,152,
3-26,11:42:4,29,29,13.14,2,152,
3-26,11:42:5,29,29,13.16,2,152,
3-26,11:42:5,28,28,13.13,2,152,
3-26,11:42:6,29,29,13.14,2,152,
3-26,11:42:6,30,30,13.16,2,152,
3-26,11:42:7,32,32,13.14,2,152,
3-26,11:42:7,32,32,13.18,2,152,
3-26,11:42:8,31,31,13.16,2,152,
3-26,11:42:8,32,32,13.16,2,152,
3-26,11:42:9,32,32,13.16,2,152,
3-26,11:42:9,34,34,13.16,2,152,
3-26,11:42:10,33,33,13.17,2,152,
3-26,11:42:10,33,33,13.17,2,152,
3-26,11:42:11,32,32,13.17,2,152,
3-26,11:42:11,32,32,13.15,2,152,
3-26,11:42:12,31,31,13.16,2,152,
3-26,11:42:12,33,33,13.18,2,152,
3-26,11:42:13,36,36,13.18,2,152,
3-26,11:42:13,31,31,13.13,2,152,
3-26,11:42:14,35,35,13.15,2,152,
3-26,11:42:14,33,33,13.13,2,152,
3-26,11:42:15,32,32,13.15,2,152,
3-26,11:42:15,33,33,13.14,2,152,
3-26,11:42:16,33,33,13.15,2,152,
3-26,11:42:16,33,33,13.16,2,152,
3-26,11:42:17,33,33,13.13,2,152,
3-26,11:42:17,32,32,13.16,2,152,
3-26,11:42:18,31,31,13.14,2,152,
3-26,11:42:18,31,31,13.14,2,152,
3-26,11:42:19,32,32,13.17,2,152,
3-26,11:42:19,32,32,13.14,2,152,
3-26,11:42:20,31,31,13.16,2,152,
3-26,11:42:20,32,32,13.15,2,152,
3-26,11:42:21,31,31,13.13,2,152,
3-26,11:42:21,31,31,13.14,2,152,
3-26,11:42:22,34,34,13.14,2,152,
3-26,11:42:22,33,33,13.14,2,152,
3-26,11:42:23,34,34,13.14,2,152,
3-26,11:42:23,32,32,13.11,2,152,
3-26,11:42:24,33,33,13.14,2,152,
3-26,11:42:24,36,36,13.16,2,152,
3-26,11:42:25,34,34,13.16,2,152,
3-26,11:42:25,35,35,13.14,2,152,
3-26,11:42:26,34,34,13.12,2,152,
3-26,11:42:26,36,36,13.16,2,152,
3-26,11:42:27,36,36,13.15,2,152,
3-26,11:42:27,31,31,13.1,2,152,
3-26,11:42:28,35,35,13.16,2,152,
3-26,11:42:28,36,36,13.18,2,152,
3-26,11:42:29,33,33,13.15,2,152,
3-26,11:42:29,34,34,13.12,2,152,
3-26,11:42:30,32,32,13.14,2,152,
3-26,11:42:30,36,36,13.16,2,152,
3-26,11:42:31,34,34,13.13,2,152,
3-26,11:42:31,32,32,13.15,2,152,
3-26,11:42:32,34,34,13.14,2,152,
3-26,11:42:32,34,34,13.15,2,152,
3-26,11:42:33,35,35,13.17,2,152,
3-26,11:42:33,37,37,13.18,2,152,
3-26,11:42:34,37,37,13.16,2,152,
3-26,11:42:34,37,37,13.17,2,152,
3-26,11:42:35,37,37,13.14,2,152,
3-26,11:42:35,39,39,13.17,2,152,
3-26,11:42:36,37,37,13.15,2,152,
3-26,11:42:36,39,39,13.15,2,152,
3-26,11:42:37,39,39,13.17,2,152,
3-26,11:42:37,40,40,13.18,2,152,
3-26,11:42:38,39,39,13.13,2,152,
3-26,11:42:38,39,39,13.17,2,152,
3-26,11:42:39,40,40,13.19,2,152,
3-26,11:42:39,39,39,13.15,2,152,
3-26,11:42:40,37,37,13.16,2,152,
3-26,11:42:40,40,40,13.17,2,152,
3-26,11:42:41,37,37,13.12,2,152,
3-26,11:42:41,38,38,13.16,2,152,
3-26,11:42:42,39,39,13.15,2,152,
3-26,11:42:42,39,39,13.16,2,152,
3-26,11:42:43,37,37,13.16,2,152,
3-26,11:42:43,37,37,13.18,2,152,
3-26,11:42:44,35,35,13.17,2,152,
3-26,11:42:44,32,32,13.15,2,152,
3-26,11:42:45,34,34,13.17,2,152,
3-26,11:42:45,33,33,13.16,2,152,
3-26,11:42:46,32,32,13.14,2,152,
3-26,11:42:46,34,34,13.17,2,152,
3-26,11:42:47,34,34,13.14,2,152,
3-26,11:42:47,34,34,13.14,2,152,
3-26,11:42:48,35,35,13.18,2,152,
3-26,11:42:48,34,34,13.15,2,152,
3-26,11:42:49,32,32,13.12,2,152,
3-26,11:42:49,32,32,13.16,2,152,
3-26,11:42:50,31,31,13.15,2,152,
3-26,11:42:50,30,30,13.15,2,152,
3-26,11:42:51,30,30,13.19,2,152,
3-26,11:42:51,30,30,13.17,2,152,
3-26,11:42:52,28,28,13.14,2,152,
3-26,11:42:52,28,28,13.16,2,152,
3-26,11:42:53,33,33,13.19,2,152,
3-26,11:42:53,32,32,13.16,2,152,
3-26,11:42:54,32,32,13.16,2,152,
3-26,11:42:54,33,33,13.16,2,152,
3-26,11:42:55,34,34,13.17,2,152,
3-26,11:42:55,32,32,13.13,2,152,
3-26,11:42:56,33,33,13.17,2,152,
3-26,11:42:56,34,34,13.17,2,152,
3-26,11:42:57,32,32,13.16,2,152,
3-26,11:42:57,32,32,13.19,2,152,
3-26,11:42:58,33,33,13.18,2,152,
3-26,11:42:58,32,32,13.16,2,152,
3-26,11:42:59,30,30,13.15,2,152,
3-26,11:42:59,32,32,13.12,2,152,
3-26,11:43:0,35,35,13.14,2,152,
3-26,11:43:0,34,34,13.13,2,152,
3-26,11:43:1,34,34,13.15,2,152,
3-26,11:43:1,31,31,13.12,2,152,
3-26,11:43:2,31,31,13.15,2,152,
3-26,11:43:2,31,31,13.19,2,152,
3-26,11:43:3,28,28,13.15,2,152,
3-26,11:43:3,28,28,13.14,2,152,
3-26,11:43:4,30,30,13.2,2,152,
3-26,11:43:4,30,30,13.17,2,152,
3-26,11:43:5,29,29,13.15,2,152,
3-26,11:43:5,29,29,13.19,2,152,
3-26,11:43:6,28,28,13.16,2,152,
3-26,11:43:6,31,31,13.16,2,152,
3-26,11:43:7,30,30,13.17,2,152,
3-26,11:43:7,31,31,13.16,2,152,
3-26,11:43:8,30,30,13.14,2,152,
3-26,11:43:8,30,30,13.15,2,152,
3-26,11:43:9,30,30,13.16,2,152,
3-26,11:43:9,31,31,13.16,2,152,
3-26,11:43:10,26,26,13.11,2,152,
3-26,11:43:10,25,25,13.13,2,152,
3-26,11:43:11,26,26,13.14,2,152,
3-26,11:43:11,23,23,13.11,2,152,
3-26,11:43:12,28,28,13.19,2,152,
3-26,11:43:12,27,27,13.15,2,152,
3-26,11:43:13,24,24,13.13,2,152,
3-26,11:43:13,24,24,13.14,2,152,
3-26,11:43:14,26,26,13.15,2,152,
3-26,11:43:14,30,30,13.18,2,152,
3-26,11:43:15,29,29,13.18,2,152,
3-26,11:43:15,29,29,13.17,2,152,
3-26,11:43:16,30,30,13.14,2,152,
3-26,11:43:16,30,30,13.14,2,152,
3-26,11:43:17,30,30,13.14,2,152,
3-26,11:43:17,34,34,13.17,2,152,
3-26,11:43:18,32,32,13.15,2,152,
3-26,11:43:18,32,32,13.17,2,152,
3-26,11:43:19,30,30,13.13,2,152,
3-26,11:43:19,29,29,13.13,2,152,
3-26,11:43:20,29,29,13.14,2,152,
3-26,11:43:20,31,31,13.16,2,152,
3-26,11:43:21,32,32,13.16,2,152,
3-26,11:43:21,30,30,13.16,2,152,
3-26,11:43:22,30,30,13.16,2,152,
3-26,11:43:22,29,29,13.15,2,152,
3-26,11:43:23,27,27,13.15,2,152,
3-26,11:43:23,29,29,13.15,2,152,
3-26,11:43:24,28,28,13.15,2,152,
3-26,11:43:24,28,28,13.15,2,152,
3-26,11:43:25,33,33,13.17,2,152,
3-26,11:43:25,31,31,13.14,2,152,
3-26,11:43:26,29,29,13.15,2,152,
3-26,11:43:26,31,31,13.16,2,152,
3-26,11:43:27,29,29,13.15,2,152,
3-26,11:43:27,27,27,13.16,2,152,
3-26,11:43:28,29,29,13.17,2,152,
3-26,11:43:28,26,26,13.15,2,152,
3-26,11:43:29,27,27,13.15,2,152,
3-26,11:43:29,27,27,13.14,2,152,
3-26,11:43:30,28,28,13.14,2,152,
3-26,11:43:30,29,29,13.13,2,152,
3-26,11:43:31,28,28,13.12,2,152,
3-26,11:43:31,30,30,13.14,2,152,
3-26,11:43:32,27,27,13.1,2,152,
3-26,11:43:32,28,28,13.16,2,152,
3-26,11:43:33,29,29,13.14,2,152,
3-26,11:43:33,27,27,13.15,2,152,
3-26,11:43:34,26,26,13.15,2,152,
3-26,11:43:34,27,27,13.14,2,152,
3-26,11:43:35,26,26,13.15,2,152,
3-26,11:43:35,26,26,13.11,2,152,
3-26,11:43:36,25,25,13.1,2,152,
3-26,11:43:36,27,27,13.13,2,152,
3-26,11:43:37,29,29,13.17,2,152,
3-26,11:43:37,27,27,13.17,2,152,
3-26,11:43:38,24,24,13.11,2,152,
3-26,11:43:38,25,25,13.15,2,152,
3-26,11:43:39,25,25,13.14,2,152,
3-26,11:43:39,24,24,13.09,2,152,
3-26,11:43:40,27,27,13.17,2,152,
3-26,11:43:40,27,27,13.13,2,152,
3-26,11:43:41,28,28,13.15,2,152,
3-26,11:43:41,31,31,13.14,2,152,
3-26,11:43:42,31,31,13.15,2,152,
3-26,11:43:42,33,33,13.17,2,152,
3-26,11:43:43,31,31,13.15,2,152,
3-26,11:43:43,32,32,13.12,2,152,
3-26,11:43:44,30,30,13.13,2,152,
3-26,11:43:44,32,32,13.13,2,152,
3-26,11:43:45,32,32,13.13,2,152,
3-26,11:43:45,30,30,13.13,2,152,
3-26,11:43:46,32,32,13.12,2,152,
3-26,11:43:46,34,34,13.17,2,152,
3-26,11:43:47,30,30,13.09,2,152,
3-26,11:43:47,33,33,13.17,2,152,
3-26,11:43:48,32,32,13.11,2,152,
3-26,11:43:48,32,32,13.15,2,152,
3-26,11:43:49,32,32,13.13,2,152,
3-26,11:43:49,31,31,13.16,2,152,
3-26,11:43:50,33,33,13.14,2,152,
3-26,11:43:50,33,33,13.17,2,152,
3-26,11:43:51,31,31,13.12,2,152,
3-26,11:43:51,33,33,13.14,2,152,
3-26,11:43:52,33,33,13.12,2,152,
3-26,11:43:52,33,33,13.12,2,152,
3-26,11:43:53,33,33,13.12,2,152,
3-26,11:43:53,36,36,13.15,2,152,
3-26,11:43:54,38,38,13.18,2,152,
3-26,11:43:54,36,36,13.13,2,152,
3-26,11:43:55,37,37,13.16,2,152,
3-26,11:43:55,38,38,13.13,2,152,
3-26,11:43:56,37,37,13.15,2,152,
3-26,11:43:56,36,36,13.11,2,152,
3-26,11:43:57,37,37,13.13,2,152,
3-26,11:43:57,37,37,13.15,2,152,
3-26,11:43:58,38,38,13.12,2,152,
3-26,11:43:58,38,38,13.15,2,152,
3-26,11:43:59,37,37,13.11,2,152,
3-26,11:43:59,35,35,13.12,2,152,
3-26,11:44:0,36,36,13.13,2,152,
3-26,11:44:0,36,36,13.12,2,152,
3-26,11:44:1,36,36,13.13,2,152,
3-26,11:44:1,36,36,13.12,2,152,
3-26,11:44:2,38,38,13.15,2,152,
3-26,11:44:2,35,35,13.13,2,152,
3-26,11:44:3,38,38,13.15,2,152,
3-26,11:44:3,35,35,13.1,2,152,
3-26,11:44:4,35,35,13.13,2,152,
3-26,11:44:4,34,34,13.11,2,152,
3-26,11:44:5,35,35,13.11,2,152,
3-26,11:44:5,36,36,13.13,2,152,
3-26,11:44:6,37,37,13.12,2,152,
3-26,11:44:6,37,37,13.15,2,152,
3-26,11:44:7,37,37,13.13,2,152,
3-26,11:44:7,38,38,13.15,2,152,
3-26,11:44:8,38,38,13.12,2,152,
3-26,11:44:8,38,38,13.12,2,152,
3-26,11:44:9,38,38,13.14,2,152,
3-26,11:44:9,37,37,13.09,2,152,
3-26,11:44:10,37,37,13.12,2,152,
3-26,11:44:10,37,37,13.12,2,152,
3-26,11:44:11,37,37,13.11,2,152,
3-26,11:44:11,38,38,13.12,2,152,
3-26,11:44:12,39,39,13.14,2,152,
3-26,11:44:12,36,36,13.13,2,152,
3-26,11:44:13,37,37,13.1,2,152,
3-26,11:44:13,36,36,13.1,2,152,
3-26,11:44:14,40,40,13.17,2,152,
3-26,11:44:14,35,35,13.1,2,152,
3-26,11:44:15,38,38,13.13,2,152,
3-26,11:44:15,40,40,13.16,2,152,
3-26,11:44:16,39,39,13.12,2,152,
3-26,11:44:16,40,40,13.12,2,152,
3-26,11:44:17,42,42,13.16,2,152,
3-26,11:44:17,41,41,13.13,2,152,
3-26,11:44:18,39,39,13.11,2,152,
3-26,11:44:18,38,38,13.11,2,152,
3-26,11:44:19,40,40,13.11,2,152,
3-26,11:44:19,40,40,13.13,2,152,
3-26,11:44:20,39,39,13.12,2,152,
3-26,11:44:20,38,38,13.11,2,152,
3-26,11:44:21,41,41,13.17,2,152,
3-26,11:44:21,40,40,13.13,2,152,
3-26,11:44:22,38,38,13.11,2,152,
3-26,11:44:22,40,40,13.11,2,152,
3-26,11:44:23,38,38,13.11,2,152,
3-26,11:44:23,40,40,13.13,2,152,
3-26,11:44:24,40,40,13.14,2,152,
3-26,11:44:24,40,40,13.13,2,152,
3-26,11:44:25,40,40,13.13,2,152,
3-26,11:44:25,39,39,13.12,2,152,
3-26,11:44:26,41,41,13.15,2,152,
3-26,11:44:26,40,40,13.14,2,152,
3-26,11:44:27,39,39,13.12,2,152,
3-26,11:44:27,40,40,13.15,2,152,
3-26,11:44:28,38,38,13.11,2,152,
3-26,11:44:28,40,40,13.15,2,152,
3-26,11:44:29,38,38,13.12,2,152,
3-26,11:44:29,37,37,13.14,2,152,
3-26,11:44:30,38,38,13.13,2,152,
3-26,11:44:30,37,37,13.12,2,152,
3-26,11:44:31,39,39,13.13,2,152,
3-26,11:44:31,39,39,13.11,2,152,
3-26,11:44:32,39,39,13.11,2,152,
3-26,11:44:32,39,39,13.1,2,152,
3-26,11:44:33,40,40,13.11,2,152,
3-26,11:44:33,42,42,13.14,2,152,
3-26,11:44:34,40,40,13.12,2,152,
3-26,11:44:34,41,41,13.14,2,152,
3-26,11:44:35,41,41,13.14,2,152,
3-26,11:44:35,42,42,13.15,2,152,
3-26,11:44:36,41,41,13.14,2,152,
3-26,11:44:36,42,42,13.13,2,152,
3-26,11:44:37,43,43,13.11,2,152,
3-26,11:44:37,44,44,13.13,2,152,
3-26,11:44:38,44,44,13.13,2,152,
3-26,11:44:38,46,46,13.14,2,152,
3-26,11:44:39,44,44,13.11,2,152,
3-26,11:44:39,43,43,13.11,2,152,
3-26,11:44:40,45,45,13.14,2,152,
3-26,11:44:40,42,42,13.09,2,152,
3-26,11:44:41,42,42,13.1,2,152,
3-26,11:44:41,42,42,13.11,2,152,
3-26,11:44:42,42,42,13.1,2,152,
3-26,11:44:42,40,40,13.11,2,152,
3-26,11:44:43,42,42,13.13,2,152,
3-26,11:44:43,42,42,13.14,2,152,
3-26,11:44:44,41,41,13.14,2,152,
3-26,11:44:44,39,39,13.11,2,152,
3-26,11:44:45,40,40,13.14,2,152,
3-26,11:44:45,40,40,13.13,2,152,
3-26,11:44:46,39,39,13.11,2,152,
3-26,11:44:46,40,40,13.13,2,152,
3-26,11:44:47,40,40,13.12,2,152,
3-26,11:44:47,39,39,13.12,2,152,
3-26,11:44:48,38,38,13.15,2,152,
3-26,11:44:48,37,37,13.11,2,152,
3-26,11:44:49,36,36,13.13,2,152,
3-26,11:44:49,35,35,13.12,2,152,
3-26,11:44:50,35,35,13.13,2,152,
3-26,11:44:50,35,35,13.09,2,152,
3-26,11:44:51,36,36,13.13,2,152,
3-26,11:44:51,36,36,13.13,2,152,
3-26,11:44:52,34,34,13.11,2,152,
3-26,11:44:52,36,36,13.1,2,152,
3-26,11:44:53,33,33,13.1,2,152,
3-26,11:44:53,35,35,13.13,2,152,
3-26,11:44:54,36,36,13.11,2,152,
3-26,11:44:54,35,35,13.11,2,152,
3-26,11:44:55,36,36,13.13,2,152,
3-26,11:44:55,37,37,13.12,2,152,
3-26,11:44:56,39,39,13.13,2,152,
3-26,11:44:56,36,36,13.1,2,152,
3-26,11:44:57,40,40,13.14,2,152,
3-26,11:44:57,38,38,13.14,2,152,
3-26,11:44:58,37,37,13.1,2,152,
3-26,11:44:58,37,37,13.11,2,152,
3-26,11:44:59,37,37,13.1,2,152,
3-26,11:44:59,39,39,13.13,2,152,
3-26,11:45:0,39,39,13.13,2,152,
3-26,11:45:0,35,35,13.09,2,152,
3-26,11:45:1,35,35,13.11,2,152,
3-26,11:45:1,36,36,13.15,2,152,
3-26,11:45:2,36,36,13.14,2,152,
3-26,11:45:2,34,34,13.13,2,152,
3-26,11:45:3,32,32,13.1,2,152,
3-26,11:45:3,34,34,13.13,2,152,
3-26,11:45:4,35,35,13.12,2,152,
3-26,11:45:4,35,35,13.14,2,152,
3-26,11:45:5,34,34,13.12,2,152,
3-26,11:45:5,34,34,13.12,2,152,
3-26,11:45:6,36,36,13.14,2,152,
3-26,11:45:6,35,35,13.15,2,152,
3-26,11:45:7,33,33,13.11,2,152,
3-26,11:45:7,35,35,13.15,2,152,
3-26,11:45:8,33,33,13.12,2,152,
3-26,11:45:8,33,33,13.13,2,152,
3-26,11:45:9,30,30,13.12,2,152,
3-26,11:45:9,29,29,13.09,2,152,
3-26,11:45:10,31,31,13.13,2,152,
3-26,11:45:10,31,31,13.11,2,152,
3-26,11:45:11,32,32,13.13,2,152,
3-26,11:45:11,33,33,13.13,2,152,
3-26,11:45:12,31,31,13.13,2,152,
3-26,11:45:12,30,30,13.12,2,152,
3-26,11:45:13,33,33,13.17,2,152,
3-26,11:45:13,30,30,13.09,2,152,
3-26,11:45:14,33,33,13.13,2,152,
3-26,11:45:14,30,30,13.1,2,152,
3-26,11:45:15,33,33,13.12,2,152,
3-26,11:45:15,34,34,13.13,2,152,
3-26,11:45:16,34,34,13.12,2,152,
3-26,11:45:16,32,32,13.1,2,152,
3-26,11:45:17,32,32,13.1,2,152,
3-26,11:45:17,33,33,13.13,2,152,
3-26,11:45:18,29,29,13.09,2,152,
3-26,11:45:18,32,32,13.14,2,152,
3-26,11:45:19,32,32,13.1,2,152,
3-26,11:45:19,32,32,13.11,2,152,
3-26,11:45:20,32,32,13.11,2,152,
3-26,11:45:20,34,34,13.11,2,152,
3-26,11:45:21,34,34,13.11,2,152,
3-26,11:45:21,32,32,13.09,2,152,
3-26,11:45:22,33,33,13.12,2,152,
3-26,11:45:22,34,34,13.14,2,152,
3-26,11:45:23,31,31,13.11,2,152,
3-26,11:45:23,30,30,13.15,2,152,
3-26,11:45:24,32,32,13.14,2,152,
3-26,11:45:24,28,28,13.13,2,152,
3-26,11:45:25,29,29,13.16,2,152,
3-26,11:45:25,29,29,13.11,2,152,
3-26,11:45:26,31,31,13.11,2,152,
3-26,11:45:26,33,33,13.14,2,152,
3-26,11:45:27,34,34,13.14,2,152,
3-26,11:45:27,35,35,13.13,2,152,
3-26,11:45:28,35,35,13.13,2,152,
3-26,11:45:28,34,34,13.11,2,152,
3-26,11:45:29,34,34,13.11,2,152,
3-26,11:45:29,33,33,13.1,2,152,
3-26,11:45:30,33,33,13.12,2,152,
3-26,11:45:30,34,34,13.12,2,152,
3-26,11:45:31,34,34,13.12,2,152,
3-26,11:45:31,34,34,13.13,2,152,
3-26,11:45:32,35,35,13.12,2,152,
3-26,11:45:32,35,35,13.14,2,152,
3-26,11:45:33,34,34,13.14,2,152,
3-26,11:45:33,36,36,13.13,2,152,
3-26,11:45:34,33,33,13.1,2,152,
3-26,11:45:34,33,33,13.13,2,152,
3-26,11:45:35,35,35,13.12,2,152,
3-26,11:45:35,35,35,13.13,2,152,
3-26,11:45:36,35,35,13.11,2,152,
3-26,11:45:36,35,35,13.12,2,152,
3-26,11:45:37,36,36,13.13,2,152,
3-26,11:45:37,36,36,13.16,2,152,
3-26,11:45:38,33,33,13.1,2,152,
3-26,11:45:38,35,35,13.12,2,152,
3-26,11:45:39,36,36,13.1,2,152,
3-26,11:45:39,35,35,13.09,2,152,
3-26,11:45:40,34,34,13.12,2,152,
3-26,11:45:40,37,37,13.11,2,152,
3-26,11:45:41,35,35,13.1,2,152,
3-26,11:45:41,36,36,13.1,2,152,
3-26,11:45:42,33,33,13.1,2,152,
3-26,11:45:42,32,32,13.1,2,152,
3-26,11:45:43,32,32,13.1,2,152,
3-26,11:45:43,35,35,13.14,2,152,
3-26,11:45:44,37,37,13.12,2,152,
3-26,11:45:44,36,36,13.11,2,152,
3-26,11:45:45,35,35,13.11,2,152,
3-26,11:45:45,37,37,13.09,2,152,
3-26,11:45:46,38,38,13.11,2,152,
3-26,11:45:46,37,37,13.09,2,152,
3-26,11:45:47,39,39,13.13,2,152,
3-26,11:45:47,41,41,13.13,2,152,
3-26,11:45:48,39,39,13.12,2,152,
3-26,11:45:48,39,39,13.11,2,152,
3-26,11:45:49,41,41,13.13,2,152,
3-26,11:45:49,39,39,13.13,2,152,
3-26,11:45:50,36,36,13.09,2,152,
3-26,11:45:50,39,39,13.12,2,152,
3-26,11:45:51,37,37,13.11,2,152,
3-26,11:45:51,36,36,13.1,2,152,
3-26,11:45:52,37,37,13.11,2,152,
3-26,11:45:52,40,40,13.14,2,152,
3-26,11:45:53,37,37,13.12,2,152,
3-26,11:45:53,37,37,13.12,2,152,
3-26,11:45:54,38,38,13.16,2,152,
3-26,11:45:54,37,37,13.12,2,152,
3-26,11:45:55,36,36,13.12,2,152,
3-26,11:45:55,35,35,13.12,2,152,
3-26,11:45:56,36,36,13.11,2,152,
3-26,11:45:56,33,33,13.09,2,152,
3-26,11:45:57,36,36,13.12,2,152,
3-26,11:45:57,36,36,13.13,2,152,
3-26,11:45:58,38,38,13.13,2,152,
3-26,11:45:58,36,36,13.09,2,152,
3-26,11:45:59,35,35,13.13,2,152,
3-26,11:45:59,37,37,13.11,2,152,
3-26,11:46:0,35,35,13.12,2,152,
3-26,11:46:0,34,34,13.1,2,152,
3-26,11:46:1,36,36,13.14,2,152,
3-26,11:46:1,35,35,13.13,2,152,
3-26,11:46:2,36,36,13.14,2,152,
3-26,11:46:2,35,35,13.12,2,152,
3-26,11:46:3,35,35,13.12,2,152,
3-26,11:46:3,35,35,13.12,2,152,
3-26,11:46:4,34,34,13.12,2,152,
3-26,11:46:4,34,34,13.1,2,152,
3-26,11:46:5,34,34,13.12,2,152,
3-26,11:46:5,32,32,13.1,2,152,
3-26,11:46:6,31,31,13.09,2,152,
3-26,11:46:6,35,35,13.12,2,152,
3-26,11:46:7,36,36,13.14,2,152,
3-26,11:46:7,35,35,13.12,2,152,
3-26,11:46:8,36,36,13.11,2,152,
3-26,11:46:8,35,35,13.12,2,152,
3-26,11:46:9,35,35,13.12,2,152,
3-26,11:46:9,34,34,13.1,2,152,
3-26,11:46:10,33,33,13.09,2,152,
3-26,11:46:10,33,33,13.11,2,152,
3-26,11:46:11,35,35,13.11,2,152,
3-26,11:46:11,33,33,13.11,2,152,
3-26,11:46:12,33,33,13.13,2,152,
3-26,11:46:12,33,33,13.11,2,152,
3-26,11:46:13,32,32,13.1,2,152,
3-26,11:46:13,32,32,13.13,2,152,
3-26,11:46:14,35,35,13.09,2,152,
3-26,11:46:14,32,32,13.11,2,152,
3-26,11:46:15,31,31,13.1,2,152,
3-26,11:46:15,33,33,13.11,2,152,
3-26,11:46:16,32,32,13.12,2,152,
3-26,11:46:16,31,31,13.1,2,152,
3-26,11:46:17,31,31,13.12,2,152,
3-26,11:46:17,29,29,13.14,2,152,
3-26,11:46:18,32,32,13.13,2,152,
3-26,11:46:18,31,31,13.1,2,152,
3-26,11:46:19,31,31,13.13,2,152,
3-26,11:46:19,34,34,13.15,2,152,
3-26,11:46:20,31,31,13.12,2,152,
3-26,11:46:20,32,32,13.11,2,152,
3-26,11:46:21,35,35,13.16,2,152,
3-26,11:46:21,36,36,13.14,2,152,
3-26,11:46:22,35,35,13.12,2,152,
3-26,11:46:22,35,35,13.12,2,152,
3-26,11:46:23,33,33,13.1,2,152,
3-26,11:46:23,35,35,13.12,2,152,
3-26,11:46:24,37,37,13.15,2,152,
3-26,11:46:24,36,36,13.16,2,152,
3-26,11:46:25,34,34,13.12,2,152,
3-26,11:46:25,32,32,13.1,2,152,
3-26,11:46:26,33,33,13.12,2,152,
3-26,11:46:26,31,31,13.1,2,152,
3-26,11:46:27,32,32,13.13,2,152,
3-26,11:46:27,32,32,13.14,2,152,
3-26,11:46:28,30,30,13.12,2,152,
3-26,11:46:28,29,29,13.14,2,152,
3-26,11:46:29,27,27,13.12,2,152,
3-26,11:46:29,27,27,13.13,2,152,
3-26,11:46:30,30,30,13.18,2,152,
3-26,11:46:30,25,25,13.13,2,152,
3-26,11:46:31,26,26,13.16,2,152,
3-26,11:46:31,25,25,13.15,2,152,
3-26,11:46:32,24,24,13.14,2,152,
3-26,11:46:32,23,23,13.13,2,152,
3-26,11:46:33,22,22,13.13,2,152,
3-26,11:46:33,23,23,13.15,2,152,
3-26,11:46:34,18,18,13.1,2,152,
3-26,11:46:34,24,24,13.17,2,152,
3-26,11:46:35,27,27,13.2,2,152,
3-26,11:46:35,25,25,13.18,2,152,
3-26,11:46:36,24,24,13.16,2,152,
3-26,11:46:36,23,23,13.15,2,152,
3-26,11:46:37,23,23,13.16,2,152,
3-26,11:46:37,26,26,13.18,2,152,
3-26,11:46:38,23,23,13.13,2,152,
3-26,11:46:38,24,24,13.16,2,152,
3-26,11:46:39,26,26,13.18,2,152,
3-26,11:46:39,21,21,13.12,2,152,
3-26,11:46:40,26,26,13.17,2,152,
3-26,11:46:40,21,21,13.11,2,152,
3-26,11:46:41,27,27,13.17,2,152,
3-26,11:46:41,29,29,13.2,2,152,
3-26,11:46:42,26,26,13.15,2,152,
3-26,11:46:42,24,24,13.13,2,152,
3-26,11:46:43,22,22,13.1,2,152,
3-26,11:46:43,28,28,13.17,2,152,
3-26,11:46:44,27,27,13.16,2,152,
3-26,11:46:44,27,27,13.15,2,152,
3-26,11:46:45,29,29,13.17,2,152,
3-26,11:46:45,26,26,13.11,2,152,
3-26,11:46:46,28,28,13.12,2,152,
3-26,11:46:46,28,28,13.13,2,152,
3-26,11:46:47,32,32,13.16,2,152,
3-26,11:46:47,27,27,13.12,2,152,
3-26,11:46:48,28,28,13.12,2,152,
3-26,11:46:48,29,29,13.13,2,152,
3-26,11:46:49,31,31,13.14,2,152,
3-26,11:46:49,30,30,13.13,2,152,
3-26,11:46:50,31,31,13.15,2,152,
3-26,11:46:50,30,30,13.13,2,152,
3-26,11:46:51,33,33,13.15,2,152,
3-26,11:46:51,27,27,13.08,2,152,
3-26,11:46:52,31,31,13.12,2,152,
3-26,11:46:52,32,32,13.12,2,152,
3-26,11:46:53,33,33,13.13,2,152,
3-26,11:46:53,31,31,13.12,2,152,
3-26,11:46:54,32,32,13.11,2,152,
3-26,11:46:54,30,30,13.12,2,152,
3-26,11:46:55,30,30,13.1,2,152,
3-26,11:46:55,31,31,13.11,2,152,
3-26,11:46:56,33,33,13.14,2,152,
3-26,11:46:56,31,31,13.1,2,152,
3-26,11:46:57,34,34,13.13,2,152,
3-26,11:46:57,33,33,13.14,2,152,
3-26,11:46:58,32,32,13.12,2,152,
3-26,11:46:58,31,31,13.1,2,152,
3-26,11:46:59,31,31,13.1,2,152,
3-26,11:46:59,33,33,13.12,2,152,
3-26,11:47:0,34,34,13.14,2,152,
3-26,11:47:0,31,31,13.09,2,152,
3-26,11:47:1,33,33,13.11,2,152,
3-26,11:47:1,35,35,13.15,2,152,
3-26,11:47:2,31,31,13.1,2,152,
3-26,11:47:2,34,34,13.14,2,152,
3-26,11:47:3,35,35,13.14,2,152,
3-26,11:47:3,36,36,13.16,2,152,
3-26,11:47:4,38,38,13.19,2,152,
3-26,11:47:4,33,33,13.11,2,152,
3-26,11:47:5,33,33,13.12,2,152,
3-26,11:47:5,33,33,13.11,2,152,
3-26,11:47:6,33,33,13.13,2,152,
3-26,11:47:6,34,34,13.13,2,152,
3-26,11:47:7,34,34,13.13,2,152,
3-26,11:47:7,36,36,13.16,2,152,
3-26,11:47:8,36,36,13.16,2,152,
3-26,11:47:8,34,34,13.14,2,152,
3-26,11:47:9,37,37,13.15,2,152,
3-26,11:47:9,34,34,13.13,2,152,
3-26,11:47:10,32,32,13.1,2,152,
3-26,11:47:10,37,37,13.17,2,152,
3-26,11:47:11,32,32,13.1,2,152,
3-26,11:47:11,37,37,13.16,2,152,
3-26,11:47:12,34,34,13.12,2,152,
3-26,11:47:12,34,34,13.12,2,152,
3-26,11:47:13,35,35,13.14,2,152,
3-26,11:47:13,36,36,13.15,2,152,
3-26,11:47:14,35,35,13.12,2,152,
3-26,11:47:14,35,35,13.12,2,152,
3-26,11:47:15,34,34,13.13,2,152,
3-26,11:47:15,36,36,13.15,2,152,
3-26,11:47:16,31,31,13.09,2,152,
3-26,11:47:16,33,33,13.11,2,152,
3-26,11:47:17,35,35,13.12,2,152,
3-26,11:47:17,37,37,13.14,2,152,
3-26,11:47:18,34,34,13.1,2,152,
3-26,11:47:18,35,35,13.13,2,152,
3-26,11:47:19,35,35,13.12,2,152,
3-26,11:47:19,38,38,13.17,2,152,
3-26,11:47:20,36,36,13.14,2,152,
3-26,11:47:20,33,33,13.1,2,152,
3-26,11:47:21,34,34,13.12,2,152,
3-26,11:47:21,37,37,13.16,2,152,
3-26,11:47:22,36,36,13.14,2,152,
3-26,11:47:22,34,34,13.1,2,152,
3-26,11:47:23,35,35,13.12,2,152,
3-26,11:47:23,37,37,13.15,2,152,
3-26,11:47:24,36,36,13.15,2,152,
3-26,11:47:24,35,35,13.13,2,152,
3-26,11:47:25,35,35,13.11,2,152,
3-26,11:47:25,33,33,13.1,2,152,
3-26,11:47:26,35,35,13.12,2,152,
3-26,11:47:26,34,34,13.11,2,152,
3-26,11:47:27,35,35,13.12,2,152,
3-26,11:47:27,37,37,13.15,2,152,
3-26,11:47:28,36,36,13.14,2,152,
3-26,11:47:28,38,38,13.16,2,152,
3-26,11:47:29,36,36,13.12,2,152,
3-26,11:47:29,37,37,13.16,2,152,
3-26,11:47:30,37,37,13.16,2,152,
3-26,11:47:30,34,34,13.11,2,152,
3-26,11:47:31,38,38,13.18,2,152,
3-26,11:47:31,34,34,13.1,2,152,
3-26,11:47:32,38,38,13.17,2,152,
3-26,11:47:32,39,39,13.17,2,152,
3-26,11:47:33,37,37,13.14,2,152,
3-26,11:47:33,35,35,13.12,2,152,
3-26,11:47:34,38,38,13.16,2,152,
3-26,11:47:34,39,39,13.16,2,152,
3-26,11:47:35,35,35,13.13,2,152,
3-26,11:47:35,38,38,13.17,2,152,
3-26,11:47:36,40,40,13.2,2,152,
3-26,11:47:36,36,36,13.14,2,152,
3-26,11:47:37,36,36,13.13,2,152,
3-26,11:47:37,35,35,13.12,2,152,
3-26,11:47:38,38,38,13.16,2,152,
3-26,11:47:38,37,37,13.15,2,152,
3-26,11:47:39,35,35,13.12,2,152,
3-26,11:47:39,38,38,13.16,2,152,
3-26,11:47:40,34,34,13.11,2,152,
3-26,11:47:40,35,35,13.12,2,152,
3-26,11:47:41,34,34,13.13,2,152,
3-26,11:47:41,37,37,13.16,2,152,
3-26,11:47:42,34,34,13.1,2,152,
3-26,11:47:42,35,35,13.13,2,152,
3-26,11:47:43,37,37,13.15,2,152,
3-26,11:47:43,37,37,13.14,2,152,
3-26,11:47:44,36,36,13.13,2,152,
3-26,11:47:44,37,37,13.15,2,152,
3-26,11:47:45,36,36,13.14,2,152,
3-26,11:47:45,37,37,13.15,2,152,
3-26,11:47:46,35,35,13.13,2,152,
3-26,11:47:46,34,34,13.11,2,152,
3-26,11:47:47,38,38,13.16,2,152,
3-26,11:47:47,36,36,13.14,2,152,
3-26,11:47:48,38,38,13.16,2,152,
3-26,11:47:48,38,38,13.16,2,152,
3-26,11:47:49,37,37,13.14,2,152,
3-26,11:47:49,35,35,13.13,2,152,
3-26,11:47:50,38,38,13.15,2,152,
3-26,11:47:50,38,38,13.15,2,152,
3-26,11:47:51,37,37,13.15,2,152,
3-26,11:47:51,37,37,13.14,2,152,
3-26,11:47:52,37,37,13.16,2,152,
3-26,11:47:52,35,35,13.1,2,152,
3-26,11:47:53,34,34,13.11,2,152,
3-26,11:47:53,35,35,13.1,2,152,
3-26,11:47:54,36,36,13.13,2,152,
3-26,11:47:54,38,38,13.16,2,152,
3-26,11:47:55,36,36,13.13,2,152,
3-26,11:47:55,34,34,13.11,2,152,
3-26,11:47:56,38,38,13.14,2,152,
3-26,11:47:56,36,36,13.11,2,152,
3-26,11:47:57,35,35,13.11,2,152,
3-26,11:47:57,35,35,13.13,2,152,
3-26,11:47:58,39,39,13.18,2,152,
3-26,11:47:58,40,40,13.17,2,152,
3-26,11:47:59,38,38,13.16,2,152,
3-26,11:47:59,36,36,13.13,2,152,
3-26,11:48:0,38,38,13.16,2,152,
3-26,11:48:0,37,37,13.14,2,152,
3-26,11:48:1,36,36,13.13,2,152,
3-26,11:48:1,38,38,13.16,2,152,
3-26,11:48:2,35,35,13.12,2,152,
3-26,11:48:2,37,37,13.15,2,152,
3-26,11:48:3,37,37,13.15,2,152,
3-26,11:48:3,39,39,13.18,2,152,
3-26,11:48:4,38,38,13.16,2,152,
3-26,11:48:4,37,37,13.14,2,152,
3-26,11:48:5,40,40,13.18,2,152,
3-26,11:48:5,36,36,13.14,2,152,
3-26,11:48:6,41,41,13.19,2,152,
3-26,11:48:6,37,37,13.11,2,152,
3-26,11:48:7,38,38,13.13,2,152,
3-26,11:48:7,38,38,13.13,2,152,
3-26,11:48:8,39,39,13.15,2,152,
3-26,11:48:8,38,38,13.14,2,152,
3-26,11:48:9,38,38,13.13,2,152,
3-26,11:48:9,38,38,13.14,2,152,
3-26,11:48:10,39,39,13.15,2,152,
3-26,11:48:10,39,39,13.15,2,152,
3-26,11:48:11,39,39,13.15,2,152,
3-26,11:48:11,40,40,13.16,2,152,
3-26,11:48:12,38,38,13.13,2,152,
3-26,11:48:12,41,41,13.17,2,152,
3-26,11:48:13,42,42,13.18,2,152,
3-26,11:48:13,37,37,13.1,2,152,
3-26,11:48:14,39,39,13.13,2,152,
3-26,11:48:14,38,38,13.13,2,152,
3-26,11:48:15,39,39,13.12,2,152,
3-26,11:48:15,40,40,13.15,2,152,
3-26,11:48:16,42,42,13.18,2,152,
3-26,11:48:16,41,41,13.13,2,152,
3-26,11:48:17,40,40,13.13,2,152,
3-26,11:48:17,40,40,13.13,2,152,
3-26,11:48:18,41,41,13.16,2,152,
3-26,11:48:18,40,40,13.15,2,152,
3-26,11:48:19,41,41,13.14,2,152,
3-26,11:48:19,42,42,13.16,2,152,
3-26,11:48:20,40,40,13.13,2,152,
3-26,11:48:20,40,40,13.13,2,152,
3-26,11:48:21,42,42,13.14,2,152,
3-26,11:48:21,39,39,13.11,2,152,
3-26,11:48:22,41,41,13.14,2,152,
3-26,11:48:22,39,39,13.1,2,152,
3-26,11:48:23,40,40,13.12,2,152,
3-26,11:48:23,41,41,13.14,2,152,
3-26,11:48:24,42,42,13.15,2,152,
3-26,11:48:24,41,41,13.14,2,152,
3-26,11:48:25,41,41,13.13,2,152,
3-26,11:48:25,40,40,13.13,2,152,
3-26,11:48:26,42,42,13.16,2,152,
3-26,11:48:26,44,44,13.17,2,152,
3-26,11:48:27,43,43,13.16,2,152,
3-26,11:48:27,41,41,13.14,2,152,
3-26,11:48:28,41,41,13.14,2,152,
3-26,11:48:28,42,42,13.17,2,152,
3-26,11:48:29,40,40,13.13,2,152,
3-26,11:48:29,40,40,13.13,2,152,
3-26,11:48:30,41,41,13.13,2,152,
3-26,11:48:30,42,42,13.16,2,152,
3-26,11:48:31,43,43,13.16,2,152,
3-26,11:48:31,40,40,13.13,2,152,
3-26,11:48:32,41,41,13.17,2,152,
3-26,11:48:32,40,40,13.12,2,152,
3-26,11:48:33,39,39,13.12,2,152,
3-26,11:48:33,39,39,13.12,2,152,
3-26,11:48:34,43,43,13.18,2,152,
3-26,11:48:34,40,40,13.12,2,152,
3-26,11:48:35,41,41,13.13,2,152,
3-26,11:48:35,42,42,13.16,2,152,
3-26,11:48:36,40,40,13.14,2,152,
3-26,11:48:36,41,41,13.16,2,152,
3-26,11:48:37,42,42,13.16,2,152,
3-26,11:48:37,40,40,13.14,2,152,
3-26,11:48:38,40,40,13.13,2,152,
3-26,11:48:38,42,42,13.19,2,152,
3-26,11:48:39,38,38,13.12,2,152,
3-26,11:48:39,41,41,13.16,2,152,
3-26,11:48:40,42,42,13.17,2,152,
3-26,11:48:40,36,36,13.09,2,152,
3-26,11:48:41,40,40,13.15,2,152,
3-26,11:48:41,40,40,13.15,2,152,
3-26,11:48:42,39,39,13.15,2,152,
3-26,11:48:42,41,41,13.15,2,152,
3-26,11:48:43,41,41,13.17,2,152,
3-26,11:48:43,38,38,13.12,2,152,
3-26,11:48:44,38,38,13.11,2,152,
3-26,11:48:44,38,38,13.1,2,152,
3-26,11:48:45,41,41,13.17,2,152,
3-26,11:48:45,40,40,13.14,2,152,
3-26,11:48:46,42,42,13.19,2,152,
3-26,11:48:46,40,40,13.13,2,152,
3-26,11:48:47,38,38,13.12,2,152,
3-26,11:48:47,39,39,13.13,2,152,
3-26,11:48:48,39,39,13.13,2,152,
3-26,11:48:48,41,41,13.16,2,152,
3-26,11:48:49,38,38,13.12,2,152,
3-26,11:48:49,38,38,13.13,2,152,
3-26,11:48:50,39,39,13.12,2,152,
3-26,11:48:50,39,39,13.14,2,152,
3-26,11:48:51,39,39,13.12,2,152,
3-26,11:48:51,41,41,13.18,2,152,
3-26,11:48:52,41,41,13.17,2,152,
3-26,11:48:52,38,38,13.12,2,152,
3-26,11:48:53,40,40,13.15,2,152,
3-26,11:48:53,39,39,13.12,2,152,
3-26,11:48:54,39,39,13.13,2,152,
3-26,11:48:54,43,43,13.2,2,152,
3-26,11:48:55,40,40,13.16,2,152,
3-26,11:48:55,39,39,13.13,2,152,
3-26,11:48:56,39,39,13.13,2,152,
3-26,11:48:56,38,38,13.1,2,152,
3-26,11:48:57,39,39,13.13,2,152,
3-26,11:48:57,38,38,13.11,2,152,
3-26,11:48:58,41,41,13.15,2,152,
3-26,11:48:58,39,39,13.12,2,152,
3-26,11:48:59,39,39,13.14,2,152,
3-26,11:48:59,40,40,13.13,2,152,
3-26,11:49:0,41,41,13.14,2,152,
3-26,11:49:0,41,41,13.15,2,152,
3-26,11:49:1,41,41,13.17,2,152,
3-26,11:49:1,39,39,13.12,2,152,
3-26,11:49:2,41,41,13.16,2,152,
3-26,11:49:2,41,41,13.16,2,152,
3-26,11:49:3,42,42,13.17,2,152,
3-26,11:49:3,39,39,13.11,2,152,
3-26,11:49:4,40,40,13.13,2,152,
3-26,11:49:4,41,41,13.14,2,152,
3-26,11:49:5,43,43,13.19,2,152,
3-26,11:49:5,42,42,13.16,2,152,
3-26,11:49:6,42,42,13.18,2,152,
3-26,11:49:6,40,40,13.14,2,152,
3-26,11:49:7,43,43,13.18,2,152,
3-26,11:49:7,42,42,13.17,2,152,
3-26,11:49:8,40,40,13.13,2,152,
3-26,11:49:8,41,41,13.15,2,152,
3-26,11:49:9,42,42,13.16,2,152,
3-26,11:49:9,43,43,13.17,2,152,
3-26,11:49:10,41,41,13.14,2,152,
3-26,11:49:10,40,40,13.12,2,152,
3-26,11:49:11,41,41,13.13,2,152,
3-26,11:49:11,43,43,13.18,2,152,
3-26,11:49:12,42,42,13.16,2,152,
3-26,11:49:12,41,41,13.13,2,152,
3-26,11:49:13,41,41,13.14,2,152,
3-26,11:49:13,41,41,13.15,2,152,
3-26,11:49:14,42,42,13.15,2,152,
3-26,11:49:14,43,43,13.17,2,152,
3-26,11:49:15,41,41,13.13,2,152,
3-26,11:49:15,43,43,13.16,2,152,
3-26,11:49:16,44,44,13.18,2,152,
3-26,11:49:16,45,45,13.19,2,152,
3-26,11:49:17,44,44,13.16,2,152,
3-26,11:49:17,43,43,13.14,2,152,
3-26,11:49:18,43,43,13.16,2,152,
3-26,11:49:18,40,40,13.12,2,152,
3-26,11:49:19,43,43,13.14,2,152,
3-26,11:49:19,40,40,13.1,2,152,
3-26,11:49:20,41,41,13.13,2,152,
3-26,11:49:20,43,43,13.14,2,152,
3-26,11:49:21,43,43,13.16,2,152,
3-26,11:49:21,42,42,13.14,2,152,
3-26,11:49:22,44,44,13.16,2,152,
3-26,11:49:22,43,43,13.15,2,152,
3-26,11:49:23,45,45,13.18,2,152,
3-26,11:49:23,42,42,13.1,2,152,
3-26,11:49:24,42,42,13.11,2,152,
3-26,11:49:24,43,43,13.13,2,152,
3-26,11:49:25,45,45,13.18,2,152,
3-26,11:49:25,44,44,13.16,2,152,
3-26,11:49:26,41,41,13.11,2,152,
3-26,11:49:26,43,43,13.13,2,152,
3-26,11:49:27,44,44,13.14,2,152,
3-26,11:49:27,42,42,13.12,2,152,
3-26,11:49:28,41,41,13.09,2,152,
3-26,11:49:28,43,43,13.12,2,152,
3-26,11:49:29,43,43,13.13,2,152,
3-26,11:49:29,46,46,13.18,2,152,
3-26,11:49:30,46,46,13.18,2,152,
3-26,11:49:30,46,46,13.18,2,152,
3-26,11:49:31,44,44,13.14,2,152,
3-26,11:49:31,44,44,13.14,2,152,
3-26,11:49:32,45,45,13.15,2,152,
3-26,11:49:32,42,42,13.11,2,152,
3-26,11:49:33,43,43,13.12,2,152,
3-26,11:49:33,43,43,13.12,2,152,
3-26,11:49:34,44,44,13.13,2,152,
3-26,11:49:34,46,46,13.18,2,152,
3-26,11:49:35,47,47,13.19,2,152,
3-26,11:49:35,44,44,13.14,2,152,
3-26,11:49:36,44,44,13.15,2,152,
3-26,11:49:36,44,44,13.15,2,152,
3-26,11:49:37,44,44,13.14,2,152,
3-26,11:49:37,45,45,13.15,2,152,
3-26,11:49:38,44,44,13.14,2,152,
3-26,11:49:38,45,45,13.16,2,152,
3-26,11:49:39,45,45,13.17,2,152,
3-26,11:49:39,43,43,13.13,2,152,
3-26,11:49:40,44,44,13.14,2,152,
3-26,11:49:40,44,44,13.16,2,152,
3-26,11:49:41,45,45,13.16,2,152,
3-26,11:49:41,44,44,13.13,2,152,
3-26,11:49:42,45,45,13.16,2,152,
3-26,11:49:42,44,44,13.15,2,152,
3-26,11:49:43,46,46,13.19,2,152,
3-26,11:49:43,45,45,13.15,2,152,
3-26,11:49:44,44,44,13.13,2,152,
3-26,11:49:44,44,44,13.16,2,152,
3-26,11:49:45,43,43,13.13,2,152,
3-26,11:49:45,43,43,13.11,2,152,
3-26,11:49:46,43,43,13.13,2,152,
3-26,11:49:46,44,44,13.14,2,152,
3-26,11:49:47,42,42,13.11,2,152,
3-26,11:49:47,45,45,13.17,2,152,
3-26,11:49:48,42,42,13.12,2,152,
3-26,11:49:48,43,43,13.13,2,152,
3-26,11:49:49,45,45,13.17,2,152,
3-26,11:49:49,43,43,13.15,2,152,
3-26,11:49:50,44,44,13.15,2,152,
3-26,11:49:50,43,43,13.15,2,152,
3-26,11:49:51,47,47,13.21,2,152,
3-26,11:49:51,43,43,13.12,2,152,
3-26,11:49:52,42,42,13.1,2,152,
3-26,11:49:52,43,43,13.11,2,152,
3-26,11:49:53,44,44,13.16,2,152,
3-26,11:49:53,43,43,13.12,2,152,
3-26,11:49:54,42,42,13.13,2,152,
3-26,11:49:54,43,43,13.12,2,152,
3-26,11:49:55,43,43,13.16,2,152,
3-26,11:49:55,44,44,13.14,2,152,
3-26,11:49:56,41,41,13.09,2,152,
3-26,11:49:56,43,43,13.13,2,152,
3-26,11:49:57,40,40,13.09,2,152,
3-26,11:49:57,43,43,13.13,2,152,
3-26,11:49:58,42,42,13.14,2,152,
3-26,11:49:58,42,42,13.13,2,152,
3-26,11:49:59,43,43,13.12,2,152,
3-26,11:49:59,44,44,13.16,2,152,
3-26,11:50:0,43,43,13.12,2,152,
3-26,11:50:0,43,43,13.12,2,152,
3-26,11:50:1,43,43,13.13,2,152,
3-26,11:50:1,44,44,13.13,2,152,
3-26,11:50:2,45,45,13.16,2,152,
3-26,11:50:2,43,43,13.15,2,152,
3-26,11:50:3,44,44,13.16,2,152,
3-26,11:50:3,42,42,13.14,2,152,
3-26,11:50:4,44,44,13.16,2,152,
3-26,11:50:4,43,43,13.14,2,152,
3-26,11:50:5,45,45,13.17,2,152,
3-26,11:50:5,43,43,13.12,2,152,
3-26,11:50:6,44,44,13.16,2,152,
3-26,11:50:6,42,42,13.11,2,152,
3-26,11:50:7,43,43,13.15,2,152,
3-26,11:50:7,42,42,13.11,2,152,
3-26,11:50:8,42,42,13.12,2,152,
3-26,11:50:8,44,44,13.16,2,152,
3-26,11:50:9,43,43,13.12,2,152,
3-26,11:50:9,47,47,13.22,2,152,
3-26,11:50:10,44,44,13.16,2,152,
3-26,11:50:10,45,45,13.17,2,152,
3-26,11:50:11,45,45,13.16,2,152,
3-26,11:50:11,44,44,13.15,2,152,
3-26,11:50:12,44,44,13.15,2,152,
3-26,11:50:12,46,46,13.2,2,152,
3-26,11:50:13,42,42,13.12,2,152,
3-26,11:50:13,44,44,13.17,2,152,
3-26,11:50:14,44,44,13.16,2,152,
3-26,11:50:14,44,44,13.13,2,152,
3-26,11:50:15,44,44,13.16,2,152,
3-26,11:50:15,42,42,13.14,2,152,
3-26,11:50:16,45,45,13.16,2,152,
3-26,11:50:16,44,44,13.16,2,152,
3-26,11:50:17,45,45,13.16,2,152,
3-26,11:50:17,44,44,13.15,2,152,
3-26,11:50:18,43,43,13.15,2,152,
3-26,11:50:18,46,46,13.18,2,152,
3-26,11:50:19,43,43,13.12,2,152,
3-26,11:50:19,44,44,13.17,2,152,
3-26,11:50:20,43,43,13.11,2,152,
3-26,11:50:20,44,44,13.13,2,152,
3-26,11:50:21,43,43,13.12,2,152,
3-26,11:50:21,44,44,13.14,2,152,
3-26,11:50:22,43,43,13.14,2,152,
3-26,11:50:22,44,44,13.13,2,152,
3-26,11:50:23,44,44,13.16,2,152,
3-26,11:50:23,45,45,13.15,2,152,
3-26,11:50:24,44,44,13.13,2,152,
3-26,11:50:24,44,44,13.12,2,152,
3-26,11:50:25,44,44,13.17,2,152,
3-26,11:50:25,45,45,13.14,2,152,
3-26,11:50:26,46,46,13.16,2,152,
3-26,11:50:26,45,45,13.16,2,152,
3-26,11:50:27,46,46,13.16,2,152,
3-26,11:50:27,46,46,13.16,2,152,
3-26,11:50:28,44,44,13.13,2,152,
3-26,11:50:28,43,43,13.11,2,152,
3-26,11:50:29,43,43,13.1,2,152,
3-26,11:50:29,46,46,13.15,2,152,
3-26,11:50:30,47,47,13.17,2,152,
3-26,11:50:30,46,46,13.15,2,152,
3-26,11:50:31,47,47,13.17,2,152,
3-26,11:50:31,46,46,13.15,2,152,
3-26,11:50:32,46,46,13.13,2,152,
3-26,11:50:32,47,47,13.16,2,152,
3-26,11:50:33,47,47,13.15,2,152,
3-26,11:50:33,47,47,13.16,2,152,
3-26,11:50:34,48,48,13.17,2,152,
3-26,11:50:34,47,47,13.16,2,152,
3-26,11:50:35,49,49,13.2,2,152,
3-26,11:50:35,46,46,13.13,2,152,
3-26,11:50:36,47,47,13.16,2,152,
3-26,11:50:36,49,49,13.19,2,152,
3-26,11:50:37,47,47,13.16,2,152,
3-26,11:50:37,47,47,13.14,2,152,
3-26,11:50:38,48,48,13.17,2,152,
3-26,11:50:38,46,46,13.16,2,152,
3-26,11:50:39,48,48,13.18,2,152,
3-26,11:50:39,47,47,13.15,2,152,
3-26,11:50:40,47,47,13.15,2,152,
3-26,11:50:40,45,45,13.1,2,152,
3-26,11:50:41,47,47,13.14,2,152,
3-26,11:50:41,48,48,13.15,2,152,
3-26,11:50:42,46,46,13.13,2,152,
3-26,11:50:42,49,49,13.18,2,152,
3-26,11:50:43,48,48,13.16,2,152,
3-26,11:50:43,48,48,13.15,2,152,
3-26,11:50:44,48,48,13.16,2,152,
3-26,11:50:44,49,49,13.19,2,152,
3-26,11:50:45,48,48,13.17,2,152,
3-26,11:50:45,47,47,13.13,2,152,
3-26,11:50:46,48,48,13.18,2,152,
3-26,11:50:46,47,47,13.13,2,152,
3-26,11:50:47,50,50,13.15,2,152,
3-26,11:50:47,49,49,13.12,2,152,
3-26,11:50:48,49,49,13.16,2,152,
3-26,11:50:48,47,47,13.13,2,152,
3-26,11:50:49,48,48,13.11,2,152,
3-26,11:50:49,47,47,13.13,2,152,
3-26,11:50:50,49,49,13.16,2,152,
3-26,11:50:50,47,47,13.13,2,152,
3-26,11:50:51,47,47,13.13,2,152,
3-26,11:50:51,47,47,13.09,2,152,
3-26,11:50:52,47,47,13.13,2,152,
3-26,11:50:52,48,48,13.15,2,152,
3-26,11:50:53,51,51,13.19,2,152,
3-26,11:50:53,43,43,13.07,2,152,
3-26,11:50:54,49,49,13.18,2,152,
3-26,11:50:54,46,46,13.09,2,152,
3-26,11:50:55,47,47,13.14,2,152,
3-26,11:50:55,48,48,13.16,2,152,
3-26,11:50:56,47,47,13.14,2,152,
3-26,11:50:56,47,47,13.14,2,152,
3-26,11:50:57,47,47,13.14,2,152,
3-26,11:50:57,46,46,13.14,2,152,
3-26,11:50:58,47,47,13.15,2,152,
3-26,11:50:58,46,46,13.13,2,152,
3-26,11:50:59,44,44,13.09,2,152,
3-26,11:50:59,48,48,13.15,2,152,
3-26,11:51:0,48,48,13.16,2,152,
3-26,11:51:0,46,46,13.12,2,152,
3-26,11:51:1,45,45,13.11,2,152,
3-26,11:51:1,47,47,13.17,2,152,
3-26,11:51:2,48,48,13.18,2,152,
3-26,11:51:2,46,46,13.14,2,152,
3-26,11:51:3,46,46,13.13,2,152,
3-26,11:51:3,47,47,13.17,2,152,
3-26,11:51:4,45,45,13.13,2,152,
3-26,11:51:4,46,46,13.14,2,152,
3-26,11:51:5,44,44,13.11,2,152,
3-26,11:51:5,45,45,13.14,2,152,
3-26,11:51:6,46,46,13.15,2,152,
3-26,11:51:6,45,45,13.14,2,152,
3-26,11:51:7,46,46,13.15,2,152,
3-26,11:51:7,45,45,13.13,2,152,
3-26,11:51:8,45,45,13.14,2,152,
3-26,11:51:8,44,44,13.11,2,152,
3-26,11:51:9,44,44,13.11,2,152,
3-26,11:51:9,47,47,13.17,2,152,
3-26,11:51:10,45,45,13.14,2,152,
3-26,11:51:10,43,43,13.11,2,152,
3-26,11:51:11,44,44,13.14,2,152,
3-26,11:51:11,46,46,13.16,2,152,
3-26,11:51:12,43,43,13.12,2,152,
3-26,11:51:12,46,46,13.19,2,152,
3-26,11:51:13,42,42,13.11,2,152,
3-26,11:51:13,44,44,13.17,2,152,
3-26,11:51:14,43,43,13.12,2,152,
3-26,11:51:14,43,43,13.12,2,152,
3-26,11:51:15,44,44,13.15,2,152,
3-26,11:51:15,45,45,13.17,2,152,
3-26,11:51:16,44,44,13.16,2,152,
3-26,11:51:16,43,43,13.13,2,152,
3-26,11:51:17,47,47,13.19,2,152,
3-26,11:51:17,45,45,13.15,2,152,
3-26,11:51:18,46,46,13.17,2,152,
3-26,11:51:18,45,45,13.17,2,152,
3-26,11:51:19,44,44,13.13,2,152,
3-26,11:51:19,46,46,13.17,2,152,
3-26,11:51:20,47,47,13.13,2,152,
3-26,11:51:20,45,45,13.12,2,152,
3-26,11:51:21,47,47,13.18,2,152,
3-26,11:51:21,45,45,13.13,2,152,
3-26,11:51:22,46,46,13.15,2,152,
3-26,11:51:22,49,49,13.16,2,152,
3-26,11:51:23,49,49,13.16,2,152,
3-26,11:51:23,50,50,13.19,2,152,
3-26,11:51:24,50,50,13.14,2,152,
3-26,11:51:24,52,52,13.18,2,152,
3-26,11:51:25,52,52,13.13,2,152,
3-26,11:51:25,53,53,13.13,2,152,
3-26,11:51:26,55,55,13.12,2,152,
3-26,11:51:26,54,54,13.14,2,152,
3-26,11:51:27,54,54,13.13,2,152,
3-26,11:51:27,56,56,13.1,2,152,
3-26,11:51:28,60,60,13.17,2,152,
3-26,11:51:28,61,61,13.13,2,152,
3-26,11:51:29,61,61,13.13,2,152,
3-26,11:51:29,63,63,13.11,2,152,
3-26,11:51:30,63,63,13.16,2,152,
3-26,11:51:30,63,63,13.12,2,152,
3-26,11:51:31,63,63,13.12,2,152,
3-26,11:51:31,64,64,13.16,2,152,
3-26,11:51:32,65,65,13.14,2,152,
3-26,11:51:32,64,64,13.13,2,152,
3-26,11:51:33,66,66,13.12,2,152,
3-26,11:51:33,66,66,13.12,2,152,
3-26,11:51:34,66,66,13.1,2,152,
3-26,11:51:34,66,66,13.11,2,152,
3-26,11:51:35,66,66,13.11,2,152,
3-26,11:51:35,67,67,13.1,2,152,
3-26,11:51:36,66,66,13.12,2,152,
3-26,11:51:36,66,66,13.1,2,152,
3-26,11:51:37,62,62,12.98,2,152,
3-26,11:51:37,65,65,13.1,2,152,
3-26,11:51:38,65,65,13.11,2,152,
3-26,11:51:38,66,66,13.11,2,152,
3-26,11:51:39,65,65,13.09,2,152,
3-26,11:51:39,65,65,13.12,2,152,
3-26,11:51:40,66,66,13.12,2,152,
3-26,11:51:40,64,64,13.12,2,152,
3-26,11:51:41,64,64,13.1,2,152,
3-26,11:51:41,63,63,13.11,2,152,
3-26,11:51:42,63,63,13.12,2,152,
3-26,11:51:42,62,62,13.11,2,152,
3-26,11:51:43,62,62,13.09,2,152,
3-26,11:51:43,61,61,13.09,2,152,
3-26,11:51:44,61,61,13.12,2,152,
3-26,11:51:44,60,60,13.09,2,152,
3-26,11:51:45,60,60,13.07,2,152,
3-26,11:51:45,60,60,13.1,2,152,
3-26,11:51:46,60,60,13.11,2,152,
3-26,11:51:46,61,61,13.11,2,152,
3-26,11:51:47,61,61,13.13,2,152,
3-26,11:51:47,61,61,13.1,2,152,
3-26,11:51:48,61,61,13.08,2,152,
3-26,11:51:48,62,62,13.08,2,152,
3-26,11:51:49,61,61,13.1,2,152,
3-26,11:51:49,61,61,13.09,2,152,
3-26,11:51:50,60,60,13.1,2,152,
3-26,11:51:50,58,58,13.1,2,152,
3-26,11:51:51,58,58,13.11,2,152,
3-26,11:51:51,58,58,13.13,2,152,
3-26,11:51:52,58,58,13.13,2,152,
3-26,11:51:52,57,57,13.11,2,152,
3-26,11:51:53,57,57,13.1,2,152,
3-26,11:51:53,58,58,13.1,2,152,
3-26,11:51:54,58,58,13.12,2,152,
3-26,11:51:54,58,58,13.09,2,152,
3-26,11:51:55,57,57,13.1,2,152,
3-26,11:51:55,58,58,13.1,2,152,
3-26,11:51:56,57,57,13.1,2,152,
3-26,11:51:56,57,57,13.1,2,152,
3-26,11:51:57,55,55,13.09,2,152,
3-26,11:51:57,55,55,13.11,2,152,
3-26,11:51:58,55,55,13.12,2,152,
3-26,11:51:58,55,55,13.18,2,152,
3-26,11:51:59,54,54,13.1,2,152,
3-26,11:51:59,54,54,13.1,2,152,
3-26,11:52:0,55,55,13.12,2,152,
3-26,11:52:0,54,54,13.11,2,152,
3-26,11:52:1,55,55,13.1,2,152,
3-26,11:52:1,56,56,13.14,2,152,
3-26,11:52:2,54,54,13.09,2,152,
3-26,11:52:2,55,55,13.11,2,152,
3-26,11:52:3,55,55,13.12,2,152,
3-26,11:52:3,54,54,13.16,2,152,
3-26,11:52:4,52,52,13.12,2,152,
3-26,11:52:4,49,49,13.03,2,152,
3-26,11:52:5,52,52,13.12,2,152,
3-26,11:52:5,50,50,13.07,2,152,
3-26,11:52:6,51,51,13.09,2,152,
3-26,11:52:6,51,51,13.12,2,152,
3-26,11:52:7,52,52,13.13,2,152,
3-26,11:52:7,52,52,13.12,2,152,
3-26,11:52:8,53,53,13.12,2,152,
3-26,11:52:8,54,54,13.09,2,152,
3-26,11:52:9,56,56,13.12,2,152,
3-26,11:52:9,53,53,13.07,2,152,
3-26,11:52:10,52,52,13.08,2,152,
3-26,11:52:10,53,53,13.09,2,152,
3-26,11:52:11,50,50,13.08,2,152,
3-26,11:52:11,51,51,13.11,2,152,
3-26,11:52:12,50,50,13.1,2,152,
3-26,11:52:12,50,50,13.11,2,152,
3-26,11:52:13,49,49,13.09,2,152,
3-26,11:52:13,50,50,13.1,2,152,
3-26,11:52:14,50,50,13.1,2,152,
3-26,11:52:14,51,51,13.13,2,152,
3-26,11:52:15,50,50,13.1,2,152,
3-26,11:52:15,50,50,13.12,2,152,
3-26,11:52:16,50,50,13.12,2,152,
3-26,11:52:16,50,50,13.11,2,152,
3-26,11:52:17,49,49,13.09,2,152,
3-26,11:52:17,50,50,13.11,2,152,
3-26,11:52:18,50,50,13.11,2,152,
3-26,11:52:18,51,51,13.1,2,152,
3-26,11:52:19,52,52,13.13,2,152,
3-26,11:52:19,52,52,13.11,2,152,
3-26,11:52:20,51,51,13.12,2,152,
3-26,11:52:20,51,51,13.12,2,152,
3-26,11:52:21,50,50,13.1,2,152,
3-26,11:52:21,51,51,13.13,2,152,
3-26,11:52:22,49,49,13.09,2,152,
3-26,11:52:22,48,48,13.11,2,152,
3-26,11:52:23,47,47,13.1,2,152,
3-26,11:52:23,48,48,13.1,2,152,
3-26,11:52:24,45,45,13.11,2,152,
3-26,11:52:24,46,46,13.13,2,152,
3-26,11:52:25,45,45,13.1,2,152,
3-26,11:52:25,46,46,13.13,2,152,
3-26,11:52:26,46,46,13.12,2,152,
3-26,11:52:26,45,45,13.11,2,152,
3-26,11:52:27,44,44,13.09,2,152,
3-26,11:52:27,47,47,13.14,2,152,
3-26,11:52:28,45,45,13.1,2,152,
3-26,11:52:28,45,45,13.12,2,152,
3-26,11:52:29,45,45,13.11,2,152,
3-26,11:52:29,44,44,13.1,2,152,
3-26,11:52:30,44,44,13.11,2,152,
3-26,11:52:30,42,42,13.09,2,152,
3-26,11:52:31,41,41,13.09,2,152,
3-26,11:52:31,40,40,13.08,2,152,
3-26,11:52:32,40,40,13.1,2,152,
3-26,11:52:32,43,43,13.15,2,152,
3-26,11:52:33,40,40,13.11,2,152,
3-26,11:52:33,40,40,13.12,2,152,
3-26,11:52:34,42,42,13.15,2,152,
3-26,11:52:34,41,41,13.14,2,152,
3-26,11:52:35,42,42,13.12,2,152,
3-26,11:52:35,41,41,13.09,2,152,
3-26,11:52:36,44,44,13.13,2,152,
3-26,11:52:36,42,42,13.09,2,152,
3-26,11:52:37,42,42,13.1,2,152,
3-26,11:52:37,42,42,13.09,2,152,
3-26,11:52:38,45,45,13.14,2,152,
3-26,11:52:38,42,42,13.1,2,152,
3-26,11:52:39,41,41,13.09,2,152,
3-26,11:52:39,44,44,13.11,2,152,
3-26,11:52:40,44,44,13.12,2,152,
3-26,11:52:40,47,47,13.14,2,152,
3-26,11:52:41,46,46,13.09,2,152,
3-26,11:52:41,47,47,13.13,2,152,
3-26,11:52:42,48,48,13.1,2,152,
3-26,11:52:42,48,48,13.08,2,152,
3-26,11:52:43,50,50,13.12,2,152,
3-26,11:52:43,49,49,13.13,2,152,
3-26,11:52:44,47,47,13.08,2,152,
3-26,11:52:44,47,47,13.09,2,152,
3-26,11:52:45,48,48,13.14,2,152,
3-26,11:52:45,47,47,13.15,2,152,
3-26,11:52:46,45,45,13.1,2,152,
3-26,11:52:46,44,44,13.12,2,152,
3-26,11:52:47,44,44,13.15,2,152,
3-26,11:52:47,42,42,13.11,2,152,
3-26,11:52:48,39,39,13.08,2,152,
3-26,11:52:48,41,41,13.13,2,152,
3-26,11:52:49,41,41,13.09,2,152,
3-26,11:52:49,41,41,13.13,2,152,
3-26,11:52:50,42,42,13.15,2,152,
3-26,11:52:50,43,43,13.12,2,152,
3-26,11:52:51,44,44,13.12,2,152,
3-26,11:52:51,43,43,13.1,2,152,
3-26,11:52:52,45,45,13.12,2,152,
3-26,11:52:52,46,46,13.12,2,152,
3-26,11:52:53,44,44,13.09,2,152,
3-26,11:52:53,48,48,13.12,2,152,
3-26,11:52:54,48,48,13.1,2,152,
3-26,11:52:54,47,47,13.12,2,152,
3-26,11:52:55,49,49,13.12,2,152,
3-26,11:52:55,46,46,13.08,2,152,
3-26,11:52:56,46,46,13.09,2,152,
3-26,11:52:56,48,48,13.1,2,152,
3-26,11:52:57,47,47,13.1,2,152,
3-26,11:52:57,44,44,13.08,2,152,
3-26,11:52:58,49,49,13.16,2,152,
3-26,11:52:58,46,46,13.09,2,152,
3-26,11:52:59,44,44,13.09,2,152,
3-26,11:52:59,47,47,13.12,2,152,
3-26,11:53:0,47,47,13.14,2,152,
3-26,11:53:0,47,47,13.15,2,152,
3-26,11:53:1,46,46,13.12,2,152,
3-26,11:53:1,44,44,13.11,2,152,
3-26,11:53:2,47,47,13.15,2,152,
3-26,11:53:2,46,46,13.15,2,152,
3-26,11:53:3,45,45,13.11,2,152,
3-26,11:53:3,45,45,13.13,2,152,
3-26,11:53:4,45,45,13.13,2,152,
3-26,11:53:4,46,46,13.12,2,152,
3-26,11:53:5,46,46,13.14,2,152,
3-26,11:53:5,46,46,13.13,2,152,
3-26,11:53:6,46,46,13.14,2,152,
3-26,11:53:6,45,45,13.11,2,152,
3-26,11:53:7,46,46,13.12,2,152,
3-26,11:53:7,46,46,13.11,2,152,
3-26,11:53:8,45,45,13.11,2,152,
3-26,11:53:8,45,45,13.12,2,152,
3-26,11:53:9,44,44,13.11,2,152,
3-26,11:53:9,44,44,13.12,2,152,
3-26,11:53:10,44,44,13.13,2,152,
3-26,11:53:10,42,42,13.1,2,152,
3-26,11:53:11,43,43,13.12,2,152,
3-26,11:53:11,43,43,13.1,2,152,
3-26,11:53:12,45,45,13.13,2,152,
3-26,11:53:12,44,44,13.12,2,152,
3-26,11:53:13,42,42,13.11,2,152,
3-26,11:53:13,44,44,13.13,2,152,
3-26,11:53:14,43,43,13.1,2,152,
3-26,11:53:14,43,43,13.1,2,152,
3-26,11:53:15,40,40,13.1,2,152,
3-26,11:53:15,44,44,13.1,2,152,
3-26,11:53:16,45,45,13.11,2,152,
3-26,11:53:16,44,44,13.1,2,152,
3-26,11:53:17,48,48,13.16,2,152,
3-26,11:53:17,46,46,13.12,2,152,
3-26,11:53:18,45,45,13.12,2,152,
3-26,11:53:18,46,46,13.13,2,152,
3-26,11:53:19,46,46,13.1,2,152,
3-26,11:53:19,47,47,13.1,2,152,
3-26,11:53:20,49,49,13.1,2,152,
3-26,11:53:20,49,49,13.11,2,152,
3-26,11:53:21,48,48,13.09,2,152,
3-26,11:53:21,46,46,13.07,2,152,
3-26,11:53:22,46,46,13.08,2,152,
3-26,11:53:22,45,45,13.08,2,152,
3-26,11:53:23,46,46,13.11,2,152,
3-26,11:53:23,47,47,13.1,2,152,
3-26,11:53:24,47,47,13.12,2,152,
3-26,11:53:24,46,46,13.12,2,152,
3-26,11:53:25,46,46,13.09,2,152,
3-26,11:53:25,46,46,13.09,2,152,
3-26,11:53:26,45,45,13.1,2,152,
3-26,11:53:26,44,44,13.09,2,152,
3-26,11:53:27,45,45,13.09,2,152,
3-26,11:53:27,42,42,13.07,2,152,
3-26,11:53:28,44,44,13.1,2,152,
3-26,11:53:28,46,46,13.11,2,152,
3-26,11:53:29,44,44,13.09,2,152,
3-26,11:53:29,46,46,13.14,2,152,
3-26,11:53:30,46,46,13.12,2,152,
3-26,11:53:30,45,45,13.11,2,152,
3-26,11:53:31,45,45,13.11,2,152,
3-26,11:53:31,46,46,13.08,2,152,
3-26,11:53:32,47,47,13.08,2,152,
3-26,11:53:32,47,47,13.09,2,152,
3-26,11:53:33,48,48,13.1,2,152,
3-26,11:53:33,49,49,13.15,2,152,
3-26,11:53:34,48,48,13.14,2,152,
3-26,11:53:34,48,48,13.1,2,152,
3-26,11:53:35,48,48,13.12,2,152,
3-26,11:53:35,47,47,13.1,2,152,
3-26,11:53:36,48,48,13.11,2,152,
3-26,11:53:36,48,48,13.11,2,152,
3-26,11:53:37,50,50,13.16,2,152,
3-26,11:53:37,48,48,13.15,2,152,
3-26,11:53:38,47,47,13.14,2,152,
3-26,11:53:38,47,47,13.15,2,152,
3-26,11:53:39,47,47,13.13,2,152,
3-26,11:53:39,45,45,13.1,2,152,
3-26,11:53:40,49,49,13.16,2,152,
3-26,11:53:40,50,50,13.18,2,152,
3-26,11:53:41,48,48,13.12,2,152,
3-26,11:53:41,48,48,13.13,2,152,
3-26,11:53:42,50,50,13.14,2,152,
3-26,11:53:42,47,47,13.14,2,152,
3-26,11:53:43,47,47,13.17,2,152,
3-26,11:53:43,44,44,13.13,2,152,
3-26,11:53:44,44,44,13.13,2,152,
3-26,11:53:44,45,45,13.13,2,152,
3-26,11:53:45,45,45,13.11,2,152,
3-26,11:53:45,46,46,13.13,2,152,
3-26,11:53:46,43,43,13.1,2,152,
3-26,11:53:46,42,42,13.11,2,152,
3-26,11:53:47,40,40,13.09,2,152,
3-26,11:53:47,40,40,13.12,2,152,
3-26,11:53:48,39,39,13.14,2,152,
3-26,11:53:48,38,38,13.11,2,152,
3-26,11:53:49,41,41,13.15,2,152,
3-26,11:53:49,41,41,13.09,2,152,
3-26,11:53:50,43,43,13.18,2,152,
3-26,11:53:50,41,41,13.1,2,152,
3-26,11:53:51,41,41,13.1,2,152,
3-26,11:53:51,42,42,13.14,2,152,
3-26,11:53:52,41,41,13.15,2,152,
3-26,11:53:52,40,40,13.11,2,152,
3-26,11:53:53,38,38,13.12,2,152,
3-26,11:53:53,39,39,13.13,2,152,
3-26,11:53:54,40,40,13.17,2,152,
3-26,11:53:54,41,41,13.15,2,152,
3-26,11:53:55,40,40,13.12,2,152,
3-26,11:53:55,39,39,13.12,2,152,
3-26,11:53:56,40,40,13.13,2,152,
3-26,11:53:56,39,39,13.13,2,152,
3-26,11:53:57,38,38,13.11,2,152,
3-26,11:53:57,37,37,13.14,2,152,
3-26,11:53:58,40,40,13.15,2,152,
3-26,11:53:58,34,34,13.08,2,152,
3-26,11:53:59,39,39,13.13,2,152,
3-26,11:53:59,40,40,13.15,2,152,
3-26,11:54:0,39,39,13.12,2,152,
3-26,11:54:0,40,40,13.13,2,152,
3-26,11:54:1,37,37,13.12,2,152,
3-26,11:54:1,38,38,13.15,2,152,
3-26,11:54:2,40,40,13.14,2,152,
3-26,11:54:2,38,38,13.13,2,152,
3-26,11:54:3,37,37,13.15,2,152,
3-26,11:54:3,38,38,13.16,2,152,
3-26,11:54:4,37,37,13.15,2,152,
3-26,11:54:4,37,37,13.15,2,152,
3-26,11:54:5,37,37,13.16,2,152,
3-26,11:54:5,38,38,13.14,2,152,
3-26,11:54:6,35,35,13.09,2,152,
3-26,11:54:6,36,36,13.1,2,152,
3-26,11:54:7,37,37,13.14,2,152,
3-26,11:54:7,40,40,13.15,2,152,
3-26,11:54:8,39,39,13.12,2,152,
3-26,11:54:8,38,38,13.14,2,152,
3-26,11:54:9,35,35,13.1,2,152,
3-26,11:54:9,36,36,13.13,2,152,
3-26,11:54:10,35,35,13.13,2,152,
3-26,11:54:10,34,34,13.12,2,152,
3-26,11:54:11,35,35,13.15,2,152,
3-26,11:54:11,34,34,13.12,2,152,
3-26,11:54:12,36,36,13.15,2,152,
3-26,11:54:12,36,36,13.15,2,152,
3-26,11:54:13,37,37,13.11,2,152,
3-26,11:54:13,38,38,13.17,2,152,
3-26,11:54:14,36,36,13.12,2,152,
3-26,11:54:14,34,34,13.12,2,152,
3-26,11:54:15,38,38,13.15,2,152,
3-26,11:54:15,37,37,13.15,2,152,
3-26,11:54:16,38,38,13.13,2,152,
3-26,11:54:16,37,37,13.14,2,152,
3-26,11:54:17,39,39,13.12,2,152,
3-26,11:54:17,39,39,13.14,2,152,
3-26,11:54:18,41,41,13.15,2,152,
3-26,11:54:18,40,40,13.15,2,152,
3-26,11:54:19,39,39,13.13,2,152,
3-26,11:54:19,37,37,13.14,2,152,
3-26,11:54:20,37,37,13.16,2,152,
3-26,11:54:20,37,37,13.18,2,152,
3-26,11:54:21,39,39,13.16,2,152,
3-26,11:54:21,36,36,13.11,2,152,
3-26,11:54:22,37,37,13.15,2,152,
3-26,11:54:22,39,39,13.17,2,152,
3-26,11:54:23,39,39,13.17,2,152,
3-26,11:54:23,38,38,13.15,2,152,
3-26,11:54:24,35,35,13.13,2,152,
3-26,11:54:24,37,37,13.15,2,152,
3-26,11:54:25,35,35,13.14,2,152,
3-26,11:54:25,33,33,13.12,2,152,
3-26,11:54:26,34,34,13.17,2,152,
3-26,11:54:26,36,36,13.19,2,152,
3-26,11:54:27,32,32,13.12,2,152,
3-26,11:54:27,32,32,13.14,2,152,
3-26,11:54:28,31,31,13.11,2,152,
3-26,11:54:28,35,35,13.18,2,152,
3-26,11:54:29,31,31,13.14,2,152,
3-26,11:54:29,31,31,13.16,2,152,
3-26,11:54:30,32,32,13.15,2,152,
3-26,11:54:30,32,32,13.15,2,152,
3-26,11:54:31,31,31,13.14,2,152,
3-26,11:54:31,30,30,13.13,2,152,
3-26,11:54:32,31,31,13.15,2,152,
3-26,11:54:32,27,27,13.12,2,152,
3-26,11:54:33,25,25,13.11,2,152,
3-26,11:54:33,27,27,13.13,2,152,
3-26,11:54:34,28,28,13.14,2,152,
3-26,11:54:34,28,28,13.13,2,152,
3-26,11:54:35,29,29,13.16,2,152,
3-26,11:54:35,29,29,13.12,2,152,
3-26,11:54:36,29,29,13.14,2,152,
3-26,11:54:36,27,27,13.13,2,152,
3-26,11:54:37,29,29,13.17,2,152,
3-26,11:54:37,30,30,13.17,2,152,
3-26,11:54:38,29,29,13.15,2,152,
3-26,11:54:38,31,31,13.16,2,152,
3-26,11:54:39,32,32,13.19,2,152,
3-26,11:54:39,28,28,13.12,2,152,
3-26,11:54:40,28,28,13.12,2,152,
3-26,11:54:40,31,31,13.14,2,152,
3-26,11:54:41,31,31,13.15,2,152,
3-26,11:54:41,30,30,13.09,2,152,
3-26,11:54:42,34,34,13.15,2,152,
3-26,11:54:42,34,34,13.12,2,152,
3-26,11:54:43,34,34,13.11,2,152,
3-26,11:54:43,35,35,13.12,2,152,
3-26,11:54:44,35,35,13.1,2,152,
3-26,11:54:44,36,36,13.13,2,152,
3-26,11:54:45,38,38,13.13,2,152,
3-26,11:54:45,38,38,13.15,2,152,
3-26,11:54:46,39,39,13.14,2,152,
3-26,11:54:46,39,39,13.13,2,152,
3-26,11:54:47,37,37,13.11,2,152,
3-26,11:54:47,38,38,13.13,2,152,
3-26,11:54:48,39,39,13.13,2,152,
3-26,11:54:48,37,37,13.1,2,152,
3-26,11:54:49,38,38,13.13,2,152,
3-26,11:54:49,38,38,13.14,2,152,
3-26,11:54:50,36,36,13.1,2,152,
3-26,11:54:50,38,38,13.13,2,152,
3-26,11:54:51,37,37,13.11,2,152,
3-26,11:54:51,39,39,13.13,2,152,
3-26,11:54:52,41,41,13.16,2,152,
3-26,11:54:52,40,40,13.15,2,152,
3-26,11:54:53,40,40,13.13,2,152,
3-26,11:54:53,38,38,13.1,2,152,
3-26,11:54:54,39,39,13.12,2,152,
3-26,11:54:54,39,39,13.12,2,152,
3-26,11:54:55,41,41,13.14,2,152,
3-26,11:54:55,41,41,13.14,2,152,
3-26,11:54:56,43,43,13.14,2,152,
3-26,11:54:56,43,43,13.12,2,152,
3-26,11:54:57,40,40,13.11,2,152,
3-26,11:54:57,42,42,13.11,2,152,
3-26,11:54:58,44,44,13.14,2,152,
3-26,11:54:58,41,41,13.14,2,152,
3-26,11:54:59,41,41,13.12,2,152,
3-26,11:54:59,40,40,13.1,2,152,
3-26,11:55:0,40,40,13.12,2,152,
3-26,11:55:0,40,40,13.12,2,152,
3-26,11:55:1,41,41,13.09,2,152,
3-26,11:55:1,40,40,13.13,2,152,
3-26,11:55:2,40,40,13.12,2,152,
3-26,11:55:2,42,42,13.14,2,152,
3-26,11:55:3,40,40,13.13,2,152,
3-26,11:55:3,42,42,13.14,2,152,
3-26,11:55:4,42,42,13.14,2,152,
3-26,11:55:4,39,39,13.1,2,152,
3-26,11:55:5,40,40,13.14,2,152,
3-26,11:55:5,40,40,13.14,2,152,
3-26,11:55:6,39,39,13.13,2,152,
3-26,11:55:6,39,39,13.14,2,152,
3-26,11:55:7,39,39,13.1,2,152,
3-26,11:55:7,39,39,13.12,2,152,
3-26,11:55:8,39,39,13.13,2,152,
3-26,11:55:8,40,40,13.13,2,152,
3-26,11:55:9,38,38,13.12,2,152,
3-26,11:55:9,40,40,13.14,2,152,
3-26,11:55:10,40,40,13.14,2,152,
3-26,11:55:10,38,38,13.1,2,152,
3-26,11:55:11,39,39,13.14,2,152,
3-26,11:55:11,41,41,13.15,2,152,
3-26,11:55:12,39,39,13.11,2,152,
3-26,11:55:12,41,41,13.15,2,152,
3-26,11:55:13,39,39,13.11,2,152,
3-26,11:55:13,39,39,13.11,2,152,
3-26,11:55:14,40,40,13.14,2,152,
3-26,11:55:14,39,39,13.12,2,152,
3-26,11:55:15,38,38,13.1,2,152,
3-26,11:55:15,39,39,13.13,2,152,
3-26,11:55:16,41,41,13.15,2,152,
3-26,11:55:16,39,39,13.12,2,152,
3-26,11:55:17,40,40,13.13,2,152,
3-26,11:55:17,41,41,13.16,2,152,
3-26,11:55:18,40,40,13.14,2,152,
3-26,11:55:18,41,41,13.14,2,152,
3-26,11:55:19,41,41,13.14,2,152,
3-26,11:55:19,43,43,13.15,2,152,
3-26,11:55:20,43,43,13.14,2,152,
3-26,11:55:20,43,43,13.15,2,152,
3-26,11:55:21,41,41,13.09,2,152,
3-26,11:55:21,39,39,13.1,2,152,
3-26,11:55:22,39,39,13.13,2,152,
3-26,11:55:22,41,41,13.14,2,152,
3-26,11:55:23,38,38,13.11,2,152,
3-26,11:55:23,40,40,13.14,2,152,
3-26,11:55:24,40,40,13.14,2,152,
3-26,11:55:24,41,41,13.12,2,152,
3-26,11:55:25,39,39,13.12,2,152,
3-26,11:55:25,42,42,13.17,2,152,
3-26,11:55:26,40,40,13.13,2,152,
3-26,11:55:26,39,39,13.11,2,152,
3-26,11:55:27,39,39,13.12,2,152,
3-26,11:55:27,42,42,13.13,2,152,
3-26,11:55:28,41,41,13.08,2,152,
3-26,11:55:28,43,43,13.14,2,152,
3-26,11:55:29,41,41,13.08,2,152,
3-26,11:55:29,41,41,13.12,2,152,
3-26,11:55:30,38,38,13.1,2,152,
3-26,11:55:30,42,42,13.18,2,152,
3-26,11:55:31,41,41,13.13,2,152,
3-26,11:55:31,40,40,13.11,2,152,
3-26,11:55:32,41,41,13.12,2,152,
3-26,11:55:32,42,42,13.11,2,152,
3-26,11:55:33,43,43,13.12,2,152,
3-26,11:55:33,41,41,13.09,2,152,
3-26,11:55:34,43,43,13.11,2,152,
3-26,11:55:34,43,43,13.12,2,152,
3-26,11:55:35,45,45,13.12,2,152,
3-26,11:55:35,43,43,13.12,2,152,
3-26,11:55:36,44,44,13.12,2,152,
3-26,11:55:36,42,42,13.1,2,152,
3-26,11:55:37,43,43,13.1,2,152,
3-26,11:55:37,42,42,13.1,2,152,
3-26,11:55:38,44,44,13.09,2,152,
3-26,11:55:38,43,43,13.1,2,152,
3-26,11:55:39,43,43,13.09,2,152,
3-26,11:55:39,43,43,13.11,2,152,
3-26,11:55:40,41,41,13.1,2,152,
3-26,11:55:40,40,40,13.08,2,152,
3-26,11:55:41,43,43,13.11,2,152,
3-26,11:55:41,43,43,13.11,2,152,
3-26,11:55:42,44,44,13.09,2,152,
3-26,11:55:42,44,44,13.09,2,152,
3-26,11:55:43,45,45,13.13,2,152,
3-26,11:55:43,46,46,13.12,2,152,
3-26,11:55:44,43,43,13.1,2,152,
3-26,11:55:44,42,42,13.1,2,152,
3-26,11:55:45,43,43,13.16,2,152,
3-26,11:55:45,44,44,13.13,2,152,
3-26,11:55:46,43,43,13.13,2,152,
3-26,11:55:46,41,41,13.1,2,152,
3-26,11:55:47,43,43,13.12,2,152,
3-26,11:55:47,45,45,13.12,2,152,
3-26,11:55:48,45,45,13.13,2,152,
3-26,11:55:48,44,44,13.1,2,152,
3-26,11:55:49,44,44,13.14,2,152,
3-26,11:55:49,44,44,13.1,2,152,
3-26,11:55:50,42,42,13.12,2,152,
3-26,11:55:50,43,43,13.09,2,152,
3-26,11:55:51,44,44,13.12,2,152,
3-26,11:55:51,43,43,13.09,2,152,
3-26,11:55:52,44,44,13.14,2,152,
3-26,11:55:52,43,43,13.1,2,152,
3-26,11:55:53,42,42,13.13,2,152,
3-26,11:55:53,41,41,13.12,2,152,
3-26,11:55:54,42,42,13.15,2,152,
3-26,11:55:54,43,43,13.16,2,152,
3-26,11:55:55,38,38,13.08,2,152,
3-26,11:55:55,39,39,13.11,2,152,
3-26,11:55:56,40,40,13.11,2,152,
3-26,11:55:56,40,40,13.12,2,152,
3-26,11:55:57,38,38,13.11,2,152,
3-26,11:55:57,37,37,13.12,2,152,
3-26,11:55:58,37,37,13.13,2,152,
3-26,11:55:58,37,37,13.12,2,152,
3-26,11:55:59,37,37,13.14,2,152,
3-26,11:55:59,37,37,13.14,2,152,
3-26,11:56:0,40,40,13.13,2,152,
3-26,11:56:0,37,37,13.11,2,152,
3-26,11:56:1,36,36,13.11,2,152,
3-26,11:56:1,36,36,13.14,2,152,
3-26,11:56:2,39,39,13.16,2,152,
3-26,11:56:2,37,37,13.12,2,152,
3-26,11:56:3,36,36,13.11,2,152,
3-26,11:56:3,39,39,13.13,2,152,
3-26,11:56:4,38,38,13.11,2,152,
3-26,11:56:4,36,36,13.11,2,152,
3-26,11:56:5,37,37,13.15,2,152,
3-26,11:56:5,34,34,13.12,2,152,
3-26,11:56:6,33,33,13.11,2,152,
3-26,11:56:6,31,31,13.1,2,152,
3-26,11:56:7,31,31,13.09,2,152,
3-26,11:56:7,32,32,13.09,2,152,
3-26,11:56:8,35,35,13.12,2,152,
3-26,11:56:8,32,32,13.1,2,152,
3-26,11:56:9,32,32,13.1,2,152,
3-26,11:56:9,33,33,13.11,2,152,
3-26,11:56:10,32,32,13.13,2,152,
3-26,11:56:10,30,30,13.09,2,152,
3-26,11:56:11,34,34,13.13,2,152,
3-26,11:56:11,34,34,13.12,2,152,
3-26,11:56:12,35,35,13.14,2,152,
3-26,11:56:12,36,36,13.11,2,152,
3-26,11:56:13,36,36,13.11,2,152,
3-26,11:56:13,36,36,13.09,2,152,
3-26,11:56:14,37,37,13.11,2,152,
3-26,11:56:14,38,38,13.11,2,152,
3-26,11:56:15,39,39,13.1,2,152,
3-26,11:56:15,37,37,13.12,2,152,
3-26,11:56:16,38,38,13.12,2,152,
3-26,11:56:16,37,37,13.11,2,152,
3-26,11:56:17,36,36,13.09,2,152,
3-26,11:56:17,38,38,13.1,2,152,
3-26,11:56:18,36,36,13.09,2,152,
3-26,11:56:18,38,38,13.09,2,152,
3-26,11:56:19,39,39,13.1,2,152,
3-26,11:56:19,39,39,13.1,2,152,
3-26,11:56:20,39,39,13.09,2,152,
3-26,11:56:20,37,37,13.1,2,152,
3-26,11:56:21,39,39,13.12,2,152,
3-26,11:56:21,35,35,13.08,2,152,
3-26,11:56:22,36,36,13.09,2,152,
3-26,11:56:22,37,37,13.1,2,152,
3-26,11:56:23,39,39,13.12,2,152,
3-26,11:56:23,36,36,13.08,2,152,
3-26,11:56:24,36,36,13.09,2,152,
3-26,11:56:24,39,39,13.11,2,152,
3-26,11:56:25,37,37,13.09,2,152,
3-26,11:56:25,35,35,13.09,2,152,
3-26,11:56:26,37,37,13.11,2,152,
3-26,11:56:26,37,37,13.09,2,152,
3-26,11:56:27,37,37,13.09,2,152,
3-26,11:56:27,38,38,13.09,2,152,
3-26,11:56:28,38,38,13.09,2,152,
3-26,11:56:28,39,39,13.1,2,152,
3-26,11:56:29,42,42,13.09,2,152,
3-26,11:56:29,42,42,13.09,2,152,
3-26,11:56:30,40,40,13.1,2,152,
3-26,11:56:30,41,41,13.09,2,152,
3-26,11:56:31,39,39,13.05,2,152,
3-26,11:56:31,42,42,13.13,2,152,
3-26,11:56:32,41,41,13.12,2,152,
3-26,11:56:32,40,40,13.12,2,152,
3-26,11:56:33,41,41,13.09,2,152,
3-26,11:56:33,42,42,13.14,2,152,
3-26,11:56:34,42,42,13.1,2,152,
3-26,11:56:34,43,43,13.13,2,152,
3-26,11:56:35,43,43,13.12,2,152,
3-26,11:56:35,44,44,13.09,2,152,
3-26,11:56:36,42,42,13.1,2,152,
3-26,11:56:36,40,40,13.09,2,152,
3-26,11:56:37,43,43,13.1,2,152,
3-26,11:56:37,41,41,13.1,2,152,
3-26,11:56:38,38,38,13.09,2,152,
3-26,11:56:38,40,40,13.1,2,152,
3-26,11:56:39,40,40,13.12,2,152,
3-26,11:56:39,38,38,13.09,2,152,
3-26,11:56:40,41,41,13.1,2,152,
3-26,11:56:40,40,40,13.11,2,152,
3-26,11:56:41,38,38,13.08,2,152,
3-26,11:56:41,33,33,13.04,2,152,
3-26,11:56:42,36,36,13.1,2,152,
3-26,11:56:42,33,33,13.07,2,152,
3-26,11:56:43,34,34,13.11,2,152,
3-26,11:56:43,34,34,13.12,2,152,
3-26,11:56:44,32,32,13.11,2,152,
3-26,11:56:44,35,35,13.13,2,152,
3-26,11:56:45,34,34,13.14,2,152,
3-26,11:56:45,34,34,13.13,2,152,
3-26,11:56:46,34,34,13.16,2,152,
3-26,11:56:46,36,36,13.09,2,152,
3-26,11:56:47,37,37,13.14,2,152,
3-26,11:56:47,39,39,13.1,2,152,
3-26,11:56:48,43,43,13.16,2,152,
3-26,11:56:48,41,41,13.1,2,152,
3-26,11:56:49,44,44,13.14,2,152,
3-26,11:56:49,44,44,13.14,2,152,
3-26,11:56:50,45,45,13.14,2,152,
3-26,11:56:50,40,40,13.09,2,152,
3-26,11:56:51,42,42,13.1,2,152,
3-26,11:56:51,41,41,13.09,2,152,
3-26,11:56:52,43,43,13.12,2,152,
3-26,11:56:52,40,40,13.1,2,152,
3-26,11:56:53,42,42,13.15,2,152,
3-26,11:56:53,42,42,13.14,2,152,
3-26,11:56:54,38,38,13.11,2,152,
3-26,11:56:54,35,35,13.08,2,152,
3-26,11:56:55,39,39,13.13,2,152,
3-26,11:56:55,36,36,13.1,2,152,
3-26,11:56:56,38,38,13.13,2,152,
3-26,11:56:56,39,39,13.16,2,152,
3-26,11:56:57,34,34,13.1,2,152,
3-26,11:56:57,34,34,13.1,2,152,
3-26,11:56:58,35,35,13.1,2,152,
3-26,11:56:58,36,36,13.11,2,152,
3-26,11:56:59,35,35,13.11,2,152,
3-26,11:56:59,34,34,13.1,2,152,
3-26,11:57:0,37,37,13.13,2,152,
3-26,11:57:0,35,35,13.12,2,152,
3-26,11:57:1,35,35,13.09,2,152,
3-26,11:57:1,35,35,13.09,2,152,
3-26,11:57:2,38,38,13.16,2,152,
3-26,11:57:2,35,35,13.09,2,152,
3-26,11:57:3,34,34,13.07,2,152,
3-26,11:57:3,37,37,13.13,2,152,
3-26,11:57:4,36,36,13.09,2,152,
3-26,11:57:4,37,37,13.1,2,152,
3-26,11:57:5,39,39,13.14,2,152,
3-26,11:57:5,36,36,13.09,2,152,
3-26,11:57:6,37,37,13.1,2,152,
3-26,11:57:6,39,39,13.12,2,152,
3-26,11:57:7,38,38,13.11,2,152,
3-26,11:57:7,37,37,13.09,2,152,
3-26,11:57:8,37,37,13.08,2,152,
3-26,11:57:8,39,39,13.1,2,152,
3-26,11:57:9,40,40,13.13,2,152,
3-26,11:57:9,38,38,13.1,2,152,
3-26,11:57:10,39,39,13.11,2,152,
3-26,11:57:10,39,39,13.1,2,152,
3-26,11:57:11,41,41,13.13,2,152,
3-26,11:57:11,40,40,13.11,2,152,
3-26,11:57:12,38,38,13.09,2,152,
3-26,11:57:12,40,40,13.08,2,152,
3-26,11:57:13,38,38,13.07,2,152,
3-26,11:57:13,41,41,13.12,2,152,
3-26,11:57:14,40,40,13.11,2,152,
3-26,11:57:14,42,42,13.13,2,152,
3-26,11:57:15,40,40,13.11,2,152,
3-26,11:57:15,43,43,13.14,2,152,
3-26,11:57:16,42,42,13.14,2,152,
3-26,11:57:16,43,43,13.14,2,152,
3-26,11:57:17,41,41,13.09,2,152,
3-26,11:57:17,44,44,13.13,2,152,
3-26,11:57:18,39,39,13.09,2,152,
3-26,11:57:18,41,41,13.12,2,152,
3-26,11:57:19,42,42,13.13,2,152,
3-26,11:57:19,43,43,13.12,2,152,
3-26,11:57:20,44,44,13.13,2,152,
3-26,11:57:20,43,43,13.12,2,152,
3-26,11:57:21,41,41,13.1,2,152,
3-26,11:57:21,41,41,13.1,2,152,
3-26,11:57:22,43,43,13.13,2,152,
3-26,11:57:22,41,41,13.08,2,152,
3-26,11:57:23,44,44,13.15,2,152,
3-26,11:57:23,41,41,13.1,2,152,
3-26,11:57:24,44,44,13.17,2,152,
3-26,11:57:24,41,41,13.13,2,152,
3-26,11:57:25,41,41,13.12,2,152,
3-26,11:57:25,39,39,13.08,2,152,
3-26,11:57:26,41,41,13.11,2,152,
3-26,11:57:26,42,42,13.15,2,152,
3-26,11:57:27,44,44,13.17,2,152,
3-26,11:57:27,41,41,13.12,2,152,
3-26,11:57:28,41,41,13.12,2,152,
3-26,11:57:28,41,41,13.12,2,152,
3-26,11:57:29,42,42,13.13,2,152,
3-26,11:57:29,40,40,13.1,2,152,
3-26,11:57:30,41,41,13.13,2,152,
3-26,11:57:30,41,41,13.12,2,152,
3-26,11:57:31,40,40,13.1,2,152,
3-26,11:57:31,40,40,13.11,2,152,
3-26,11:57:32,41,41,13.11,2,152,
3-26,11:57:32,40,40,13.11,2,152,
3-26,11:57:33,39,39,13.1,2,152,
3-26,11:57:33,41,41,13.12,2,152,
3-26,11:57:34,41,41,13.13,2,152,
3-26,11:57:34,41,41,13.13,2,152,
3-26,11:57:35,40,40,13.12,2,152,
3-26,11:57:35,39,39,13.09,2,152,
3-26,11:57:36,38,38,13.09,2,152,
3-26,11:57:36,40,40,13.14,2,152,
3-26,11:57:37,38,38,13.1,2,152,
3-26,11:57:37,40,40,13.13,2,152,
3-26,11:57:38,42,42,13.16,2,152,
3-26,11:57:38,41,41,13.14,2,152,
3-26,11:57:39,40,40,13.11,2,152,
3-26,11:57:39,42,42,13.17,2,152,
3-26,11:57:40,39,39,13.1,2,152,
3-26,11:57:40,41,41,13.15,2,152,
3-26,11:57:41,40,40,13.11,2,152,
3-26,11:57:41,40,40,13.11,2,152,
3-26,11:57:42,38,38,13.1,2,152,
3-26,11:57:42,39,39,13.1,2,152,
3-26,11:57:43,39,39,13.12,2,152,
3-26,11:57:43,38,38,13.09,2,152,
3-26,11:57:44,41,41,13.12,2,152,
3-26,11:57:44,43,43,13.18,2,152,
3-26,11:57:45,41,41,13.15,2,152,
3-26,11:57:45,41,41,13.13,2,152,
3-26,11:57:46,41,41,13.15,2,152,
3-26,11:57:46,40,40,13.15,2,152,
3-26,11:57:47,39,39,13.09,2,152,
3-26,11:57:47,40,40,13.13,2,152,
3-26,11:57:48,39,39,13.11,2,152,
3-26,11:57:48,40,40,13.13,2,152,
3-26,11:57:49,39,39,13.11,2,152,
3-26,11:57:49,40,40,13.14,2,152,
3-26,11:57:50,39,39,13.11,2,152,
3-26,11:57:50,40,40,13.13,2,152,
3-26,11:57:51,40,40,13.13,2,152,
3-26,11:57:51,38,38,13.1,2,152,
3-26,11:57:52,39,39,13.1,2,152,
3-26,11:57:52,40,40,13.12,2,152,
3-26,11:57:53,42,42,13.16,2,152,
3-26,11:57:53,42,42,13.14,2,152,
3-26,11:57:54,37,37,13.07,2,152,
3-26,11:57:54,38,38,13.1,2,152,
3-26,11:57:55,40,40,13.13,2,152,
3-26,11:57:55,40,40,13.12,2,152,
3-26,11:57:56,40,40,13.1,2,152,
3-26,11:57:56,41,41,13.12,2,152,
3-26,11:57:57,40,40,13.11,2,152,
3-26,11:57:57,41,41,13.14,2,152,
3-26,11:57:58,41,41,13.11,2,152,
3-26,11:57:58,41,41,13.14,2,152,
3-26,11:57:59,44,44,13.19,2,152,
3-26,11:57:59,42,42,13.14,2,152,
3-26,11:58:0,40,40,13.12,2,152,
3-26,11:58:0,41,41,13.15,2,152,
3-26,11:58:1,40,40,13.11,2,152,
3-26,11:58:1,41,41,13.13,2,152,
3-26,11:58:2,42,42,13.13,2,152,
3-26,11:58:2,41,41,13.13,2,152,
3-26,11:58:3,41,41,13.13,2,152,
3-26,11:58:3,40,40,13.09,2,152,
3-26,11:58:4,42,42,13.16,2,152,
3-26,11:58:4,43,43,13.16,2,152,
3-26,11:58:5,40,40,13.12,2,152,
3-26,11:58:5,42,42,13.14,2,152,
3-26,11:58:6,42,42,13.15,2,152,
3-26,11:58:6,41,41,13.13,2,152,
3-26,11:58:7,40,40,13.08,2,152,
3-26,11:58:7,42,42,13.13,2,152,
3-26,11:58:8,41,41,13.14,2,152,
3-26,11:58:8,43,43,13.16,2,152,
3-26,11:58:9,42,42,13.17,2,152,
3-26,11:58:9,41,41,13.13,2,152,
3-26,11:58:10,40,40,13.12,2,152,
3-26,11:58:10,40,40,13.11,2,152,
3-26,11:58:11,43,43,13.13,2,152,
3-26,11:58:11,41,41,13.12,2,152,
3-26,11:58:12,41,41,13.13,2,152,
3-26,11:58:12,42,42,13.11,2,152,
3-26,11:58:13,39,39,13.1,2,152,
3-26,11:58:13,41,41,13.14,2,152,
3-26,11:58:14,43,43,13.15,2,152,
3-26,11:58:14,43,43,13.17,2,152,
3-26,11:58:15,37,37,13.07,2,152,
3-26,11:58:15,41,41,13.11,2,152,
3-26,11:58:16,44,44,13.17,2,152,
3-26,11:58:16,44,44,13.19,2,152,
3-26,11:58:17,39,39,13.1,2,152,
3-26,11:58:17,41,41,13.11,2,152,
3-26,11:58:18,40,40,13.08,2,152,
3-26,11:58:18,44,44,13.17,2,152,
3-26,11:58:19,41,41,13.12,2,152,
3-26,11:58:19,41,41,13.13,2,152,
3-26,11:58:20,43,43,13.14,2,152,
3-26,11:58:20,41,41,13.13,2,152,
3-26,11:58:21,38,38,13.08,2,152,
3-26,11:58:21,42,42,13.13,2,152,
3-26,11:58:22,40,40,13.08,2,152,
3-26,11:58:22,43,43,13.12,2,152,
3-26,11:58:23,41,41,13.13,2,152,
3-26,11:58:23,43,43,13.14,2,152,
3-26,11:58:24,44,44,13.16,2,152,
3-26,11:58:24,43,43,13.14,2,152,
3-26,11:58:25,43,43,13.15,2,152,
3-26,11:58:25,43,43,13.16,2,152,
3-26,11:58:26,43,43,13.15,2,152,
3-26,11:58:26,43,43,13.14,2,152,
3-26,11:58:27,43,43,13.15,2,152,
3-26,11:58:27,44,44,13.16,2,152,
3-26,11:58:28,42,42,13.1,2,152,
3-26,11:58:28,41,41,13.09,2,152,
3-26,11:58:29,44,44,13.16,2,152,
3-26,11:58:29,41,41,13.12,2,152,
3-26,11:58:30,41,41,13.12,2,152,
3-26,11:58:30,45,45,13.16,2,152,
3-26,11:58:31,43,43,13.14,2,152,
3-26,11:58:31,42,42,13.14,2,152,
3-26,11:58:32,43,43,13.13,2,152,
3-26,11:58:32,42,42,13.11,2,152,
3-26,11:58:33,43,43,13.13,2,152,
3-26,11:58:33,43,43,13.13,2,152,
3-26,11:58:34,43,43,13.15,2,152,
3-26,11:58:34,43,43,13.15,2,152,
3-26,11:58:35,42,42,13.11,2,152,
3-26,11:58:35,42,42,13.14,2,152,
3-26,11:58:36,43,43,13.13,2,152,
3-26,11:58:36,44,44,13.12,2,152,
3-26,11:58:37,44,44,13.14,2,152,
3-26,11:58:37,41,41,13.09,2,152,
3-26,11:58:38,44,44,13.14,2,152,
3-26,11:58:38,43,43,13.12,2,152,
3-26,11:58:39,45,45,13.16,2,152,
3-26,11:58:39,44,44,13.13,2,152,
3-26,11:58:40,42,42,13.1,2,152,
3-26,11:58:40,42,42,13.1,2,152,
3-26,11:58:41,45,45,13.15,2,152,
3-26,11:58:41,43,43,13.12,2,152,
3-26,11:58:42,46,46,13.17,2,152,
3-26,11:58:42,42,42,13.11,2,152,
3-26,11:58:43,45,45,13.15,2,152,
3-26,11:58:43,44,44,13.13,2,152,
3-26,11:58:44,43,43,13.12,2,152,
3-26,11:58:44,44,44,13.12,2,152,
3-26,11:58:45,43,43,13.13,2,152,
3-26,11:58:45,42,42,13.11,2,152,
3-26,11:58:46,46,46,13.17,2,152,
3-26,11:58:46,44,44,13.14,2,152,
3-26,11:58:47,40,40,13.08,2,152,
3-26,11:58:47,45,45,13.18,2,152,
3-26,11:58:48,43,43,13.13,2,152,
3-26,11:58:48,45,45,13.15,2,152,
3-26,11:58:49,43,43,13.12,2,152,
3-26,11:58:49,46,46,13.15,2,152,
3-26,11:58:50,43,43,13.12,2,152,
3-26,11:58:50,45,45,13.15,2,152,
3-26,11:58:51,46,46,13.17,2,152,
3-26,11:58:51,46,46,13.17,2,152,
3-26,11:58:52,44,44,13.14,2,152,
3-26,11:58:52,43,43,13.13,2,152,
3-26,11:58:53,45,45,13.14,2,152,
3-26,11:58:53,43,43,13.09,2,152,
3-26,11:58:54,46,46,13.17,2,152,
3-26,11:58:54,46,46,13.18,2,152,
3-26,11:58:55,43,43,13.11,2,152,
3-26,11:58:55,45,45,13.15,2,152,
3-26,11:58:56,46,46,13.18,2,152,
3-26,11:58:56,45,45,13.14,2,152,
3-26,11:58:57,45,45,13.12,2,152,
3-26,11:58:57,43,43,13.1,2,152,
3-26,11:58:58,48,48,13.17,2,152,
3-26,11:58:58,44,44,13.13,2,152,
3-26,11:58:59,47,47,13.19,2,152,
3-26,11:58:59,44,44,13.12,2,152,
3-26,11:59:0,43,43,13.1,2,152,
3-26,11:59:0,44,44,13.12,2,152,
3-26,11:59:1,44,44,13.13,2,152,
3-26,11:59:1,45,45,13.14,2,152,
3-26,11:59:2,43,43,13.11,2,152,
3-26,11:59:2,42,42,13.1,2,152,
3-26,11:59:3,43,43,13.1,2,152,
3-26,11:59:3,45,45,13.14,2,152,
3-26,11:59:4,47,47,13.19,2,152,
3-26,11:59:4,45,45,13.13,2,152,
3-26,11:59:5,46,46,13.16,2,152,
3-26,11:59:5,44,44,13.13,2,152,
3-26,11:59:6,45,45,13.14,2,152,
3-26,11:59:6,45,45,13.14,2,152,
3-26,11:59:7,45,45,13.15,2,152,
3-26,11:59:7,45,45,13.14,2,152,
3-26,11:59:8,45,45,13.14,2,152,
3-26,11:59:8,44,44,13.11,2,152,
3-26,11:59:9,43,43,13.09,2,152,
3-26,11:59:9,47,47,13.17,2,152,
3-26,11:59:10,46,46,13.16,2,152,
3-26,11:59:10,43,43,13.09,2,152,
3-26,11:59:11,45,45,13.13,2,152,
3-26,11:59:11,44,44,13.13,2,152,
3-26,11:59:12,46,46,13.16,2,152,
3-26,11:59:12,47,47,13.18,2,152,
3-26,11:59:13,45,45,13.15,2,152,
3-26,11:59:13,44,44,13.13,2,152,
3-26,11:59:14,44,44,13.13,2,152,
3-26,11:59:14,47,47,13.16,2,152,
3-26,11:59:15,45,45,13.13,2,152,
3-26,11:59:15,46,46,13.16,2,152,
3-26,11:59:16,45,45,13.13,2,152,
3-26,11:59:16,44,44,13.12,2,152,
3-26,11:59:17,44,44,13.11,2,152,
3-26,11:59:17,43,43,13.09,2,152,
3-26,11:59:18,47,47,13.17,2,152,
3-26,11:59:18,47,47,13.19,2,152,
3-26,11:59:19,47,47,13.17,2,152,
3-26,11:59:19,44,44,13.13,2,152,
3-26,11:59:20,48,48,13.2,2,152,
3-26,11:59:20,46,46,13.19,2,152,
3-26,11:59:21,45,45,13.13,2,152,
3-26,11:59:21,47,47,13.17,2,152,
3-26,11:59:22,45,45,13.14,2,152,
3-26,11:59:22,46,46,13.14,2,152,
3-26,11:59:23,48,48,13.21,2,152,
3-26,11:59:23,45,45,13.12,2,152,
3-26,11:59:24,45,45,13.13,2,152,
3-26,11:59:24,46,46,13.17,2,152,
3-26,11:59:25,46,46,13.15,2,152,
3-26,11:59:25,46,46,13.12,2,152,
3-26,11:59:26,44,44,13.11,2,152,
3-26,11:59:26,49,49,13.19,2,152,
3-26,11:59:27,46,46,13.16,2,152,
3-26,11:59:27,43,43,13.09,2,152,
3-26,11:59:28,46,46,13.14,2,152,
3-26,11:59:28,46,46,13.15,2,152,
3-26,11:59:29,46,46,13.15,2,152,
3-26,11:59:29,47,47,13.13,2,152,
3-26,11:59:30,45,45,13.12,2,152,
3-26,11:59:30,45,45,13.13,2,152,
3-26,11:59:31,46,46,13.15,2,152,
3-26,11:59:31,46,46,13.12,2,152,
3-26,11:59:32,46,46,13.13,2,152,
3-26,11:59:32,45,45,13.11,2,152,
3-26,11:59:33,46,46,13.15,2,152,
3-26,11:59:33,47,47,13.16,2,152,
3-26,11:59:34,47,47,13.15,2,152,
3-26,11:59:34,47,47,13.16,2,152,
3-26,11:59:35,44,44,13.1,2,152,
3-26,11:59:35,48,48,13.16,2,152,
3-26,11:59:36,44,44,13.12,2,152,
3-26,11:59:36,45,45,13.14,2,152,
3-26,11:59:37,45,45,13.14,2,152,
3-26,11:59:37,47,47,13.16,2,152,
3-26,11:59:38,46,46,13.14,2,152,
3-26,11:59:38,47,47,13.17,2,152,
3-26,11:59:39,45,45,13.12,2,152,
3-26,11:59:39,47,47,13.15,2,152,
3-26,11:59:40,47,47,13.17,2,152,
3-26,11:59:40,46,46,13.14,2,152,
3-26,11:59:41,47,47,13.18,2,152,
3-26,11:59:41,47,47,13.17,2,152,
3-26,11:59:42,45,45,13.12,2,152,
3-26,11:59:42,47,47,13.16,2,152,
3-26,11:59:43,46,46,13.15,2,152,
3-26,11:59:43,47,47,13.16,2,152,
3-26,11:59:44,45,45,13.13,2,152,
3-26,11:59:44,48,48,13.17,2,152,
3-26,11:59:45,45,45,13.1,2,152,
3-26,11:59:45,47,47,13.15,2,152,
3-26,11:59:46,47,47,13.16,2,152,
3-26,11:59:46,44,44,13.09,2,152,
3-26,11:59:47,49,49,13.19,2,152,
3-26,11:59:47,46,46,13.14,2,152,
3-26,11:59:48,44,44,13.1,2,152,
3-26,11:59:48,45,45,13.11,2,152,
3-26,11:59:49,46,46,13.12,2,152,
3-26,11:59:49,45,45,13.09,2,152,
3-26,11:59:50,46,46,13.13,2,152,
3-26,11:59:50,46,46,13.14,2,152,
3-26,11:59:51,48,48,13.15,2,152,
3-26,11:59:51,48,48,13.15,2,152,
3-26,11:59:52,47,47,13.15,2,152,
3-26,11:59:52,48,48,13.15,2,152,
3-26,11:59:53,47,47,13.15,2,152,
3-26,11:59:53,50,50,13.21,2,152,
3-26,11:59:54,48,48,13.16,2,152,
3-26,11:59:54,46,46,13.13,2,152,
3-26,11:59:55,47,47,13.14,2,152,
3-26,11:59:55,47,47,13.15,2,152,
3-26,11:59:56,46,46,13.12,2,152,
3-26,11:59:56,46,46,13.13,2,152,
3-26,11:59:57,49,49,13.16,2,152,
3-26,11:59:57,47,47,13.12,2,152,
3-26,11:59:58,48,48,13.14,2,152,
3-26,11:59:58,45,45,13.1,2,152,
3-26,11:59:59,51,51,13.21,2,152,
3-26,11:59:59,47,47,13.15,2,152,
3-26,12:0:0,47,47,13.14,2,152,
3-26,12:0:0,48,48,13.16,2,152,
3-26,12:0:1,47,47,13.15,2,152,
3-26,12:0:1,48,48,13.15,2,152,
3-26,12:0:2,48,48,13.16,2,152,
3-26,12:0:2,49,49,13.17,2,152,
3-26,12:0:3,50,50,13.18,2,152,
3-26,12:0:3,47,47,13.15,2,152,
3-26,12:0:4,46,46,13.11,2,152,
3-26,12:0:4,50,50,13.19,2,152,
3-26,12:0:5,47,47,13.14,2,152,
3-26,12:0:5,49,49,13.16,2,152,
3-26,12:0:6,48,48,13.16,2,152,
3-26,12:0:6,49,49,13.17,2,152,
3-26,12:0:7,47,47,13.13,2,152,
3-26,12:0:7,47,47,13.15,2,152,
3-26,12:0:8,47,47,13.15,2,152,
3-26,12:0:8,47,47,13.14,2,152,
3-26,12:0:9,47,47,13.13,2,152,
3-26,12:0:9,45,45,13.11,2,152,
3-26,12:0:10,45,45,13.1,2,152,
3-26,12:0:10,47,47,13.11,2,152,
3-26,12:0:11,46,46,13.13,2,152,
3-26,12:0:11,47,47,13.12,2,152,
3-26,12:0:12,47,47,13.1,2,152,
3-26,12:0:12,45,45,13.1,2,152,
3-26,12:0:13,48,48,13.14,2,152,
3-26,12:0:13,49,49,13.18,2,152,
3-26,12:0:14,48,48,13.17,2,152,
3-26,12:0:14,50,50,13.18,2,152,
3-26,12:0:15,49,49,13.17,2,152,
3-26,12:0:15,50,50,13.2,2,152,
3-26,12:0:16,50,50,13.19,2,152,
3-26,12:0:16,47,47,13.14,2,152,
3-26,12:0:17,46,46,13.09,2,152,
3-26,12:0:17,48,48,13.15,2,152,
3-26,12:0:18,47,47,13.1,2,152,
3-26,12:0:18,50,50,13.16,2,152,
3-26,12:0:19,48,48,13.12,2,152,
3-26,12:0:19,48,48,13.14,2,152,
3-26,12:0:20,46,46,13.11,2,152,
3-26,12:0:20,48,48,13.16,2,152,
3-26,12:0:21,48,48,13.14,2,152,
3-26,12:0:21,50,50,13.15,2,152,
3-26,12:0:22,46,46,13.12,2,152,
3-26,12:0:22,48,48,13.15,2,152,
3-26,12:0:23,49,49,13.16,2,152,
3-26,12:0:23,50,50,13.17,2,152,
3-26,12:0:24,46,46,13.08,2,152,
3-26,12:0:24,49,49,13.16,2,152,
3-26,12:0:25,48,48,13.16,2,152,
3-26,12:0:25,46,46,13.13,2,152,
3-26,12:0:26,50,50,13.18,2,152,
3-26,12:0:26,47,47,13.14,2,152,
3-26,12:0:27,47,47,13.1,2,152,
3-26,12:0:27,49,49,13.17,2,152,
3-26,12:0:28,47,47,13.13,2,152,
3-26,12:0:28,47,47,13.14,2,152,
3-26,12:0:29,46,46,13.12,2,152,
3-26,12:0:29,51,51,13.19,2,152,
3-26,12:0:30,49,49,13.17,2,152,
3-26,12:0:30,47,47,13.13,2,152,
3-26,12:0:31,47,47,13.14,2,152,
3-26,12:0:31,44,44,13.06,2,152,
3-26,12:0:32,50,50,13.18,2,152,
3-26,12:0:32,48,48,13.13,2,152,
3-26,12:0:33,49,49,13.13,2,152,
3-26,12:0:33,48,48,13.15,2,152,
3-26,12:0:34,47,47,13.12,2,152,
3-26,12:0:34,48,48,13.13,2,152,
3-26,12:0:35,51,51,13.21,2,152,
3-26,12:0:35,48,48,13.14,2,152,
3-26,12:0:36,50,50,13.13,2,152,
3-26,12:0:36,49,49,13.15,2,152,
3-26,12:0:37,48,48,13.13,2,152,
3-26,12:0:37,50,50,13.18,2,152,
3-26,12:0:38,50,50,13.19,2,152,
3-26,12:0:38,47,47,13.1,2,152,
3-26,12:0:39,49,49,13.13,2,152,
3-26,12:0:39,52,52,13.19,2,152,
3-26,12:0:40,50,50,13.15,2,152,
3-26,12:0:40,48,48,13.09,2,152,
3-26,12:0:41,48,48,13.16,2,152,
3-26,12:0:41,47,47,13.1,2,152,
3-26,12:0:42,47,47,13.09,2,152,
3-26,12:0:42,49,49,13.15,2,152,
3-26,12:0:43,52,52,13.21,2,152,
3-26,12:0:43,48,48,13.11,2,152,
3-26,12:0:44,49,49,13.14,2,152,
3-26,12:0:44,48,48,13.1,2,152,
3-26,12:0:45,48,48,13.1,2,152,
3-26,12:0:45,49,49,13.13,2,152,
3-26,12:0:46,47,47,13.13,2,152,
3-26,12:0:46,51,51,13.19,2,152,
3-26,12:0:47,50,50,13.16,2,152,
3-26,12:0:47,48,48,13.1,2,152,
3-26,12:0:48,48,48,13.12,2,152,
3-26,12:0:48,50,50,13.15,2,152,
3-26,12:0:49,47,47,13.1,2,152,
3-26,12:0:49,49,49,13.13,2,152,
3-26,12:0:50,51,51,13.2,2,152,
3-26,12:0:50,50,50,13.16,2,152,
3-26,12:0:51,49,49,13.13,2,152,
3-26,12:0:51,50,50,13.13,2,152,
3-26,12:0:52,48,48,13.1,2,152,
3-26,12:0:52,49,49,13.12,2,152,
3-26,12:0:53,47,47,13.09,2,152,
3-26,12:0:53,51,51,13.14,2,152,
3-26,12:0:54,49,49,13.11,2,152,
3-26,12:0:54,50,50,13.14,2,152,
3-26,12:0:55,51,51,13.18,2,152,
3-26,12:0:55,49,49,13.11,2,152,
3-26,12:0:56,51,51,13.16,2,152,
3-26,12:0:56,52,52,13.19,2,152,
3-26,12:0:57,49,49,13.14,2,152,
3-26,12:0:57,49,49,13.12,2,152,
3-26,12:0:58,50,50,13.15,2,152,
3-26,12:0:58,50,50,13.13,2,152,
3-26,12:0:59,51,51,13.16,2,152,
3-26,12:0:59,49,49,13.13,2,152,
3-26,12:1:0,51,51,13.17,2,152,
3-26,12:1:0,50,50,13.13,2,152,
3-26,12:1:1,53,53,13.18,2,152,
3-26,12:1:1,49,49,13.12,2,152,
3-26,12:1:2,47,47,13.08,2,152,
3-26,12:1:2,51,51,13.15,2,152,
3-26,12:1:3,47,47,13.09,2,152,
3-26,12:1:3,51,51,13.16,2,152,
3-26,12:1:4,49,49,13.12,2,152,
3-26,12:1:4,50,50,13.15,2,152,
3-26,12:1:5,50,50,13.14,2,152,
3-26,12:1:5,51,51,13.14,2,152,
3-26,12:1:6,49,49,13.12,2,152,
3-26,12:1:6,51,51,13.16,2,152,
3-26,12:1:7,50,50,13.13,2,152,
3-26,12:1:7,50,50,13.12,2,152,
3-26,12:1:8,50,50,13.14,2,152,
3-26,12:1:8,49,49,13.12,2,152,
3-26,12:1:9,50,50,13.12,2,152,
3-26,12:1:9,50,50,13.12,2,152,
3-26,12:1:10,52,52,13.18,2,152,
3-26,12:1:10,49,49,13.12,2,152,
3-26,12:1:11,49,49,13.11,2,152,
3-26,12:1:11,51,51,13.14,2,152,
3-26,12:1:12,49,49,13.12,2,152,
3-26,12:1:12,50,50,13.14,2,152,
3-26,12:1:13,50,50,13.15,2,152,
3-26,12:1:13,49,49,13.12,2,152,
3-26,12:1:14,50,50,13.14,2,152,
3-26,12:1:14,50,50,13.15,2,152,
3-26,12:1:15,47,47,13.08,2,152,
3-26,12:1:15,48,48,13.12,2,152,
3-26,12:1:16,51,51,13.16,2,152,
3-26,12:1:16,50,50,13.14,2,152,
3-26,12:1:17,50,50,13.14,2,152,
3-26,12:1:17,50,50,13.12,2,152,
3-26,12:1:18,50,50,13.13,2,152,
3-26,12:1:18,49,49,13.13,2,152,
3-26,12:1:19,50,50,13.13,2,152,
3-26,12:1:19,51,51,13.15,2,152,
3-26,12:1:20,52,52,13.19,2,152,
3-26,12:1:20,50,50,13.12,2,152,
3-26,12:1:21,51,51,13.16,2,152,
3-26,12:1:21,50,50,13.14,2,152,
3-26,12:1:22,51,51,13.15,2,152,
3-26,12:1:22,50,50,13.15,2,152,
3-26,12:1:23,51,51,13.14,2,152,
3-26,12:1:23,49,49,13.09,2,152,
3-26,12:1:24,51,51,13.15,2,152,
3-26,12:1:24,51,51,13.14,2,152,
3-26,12:1:25,52,52,13.17,2,152,
3-26,12:1:25,50,50,13.12,2,152,
3-26,12:1:26,51,51,13.14,2,152,
3-26,12:1:26,49,49,13.09,2,152,
3-26,12:1:27,49,49,13.11,2,152,
3-26,12:1:27,49,49,13.11,2,152,
3-26,12:1:28,51,51,13.16,2,152,
3-26,12:1:28,51,51,13.15,2,152,
3-26,12:1:29,47,47,13.08,2,152,
3-26,12:1:29,48,48,13.09,2,152,
3-26,12:1:30,50,50,13.13,2,152,
3-26,12:1:30,50,50,13.11,2,152,
3-26,12:1:31,49,49,13.12,2,152,
3-26,12:1:31,50,50,13.12,2,152,
3-26,12:1:32,51,51,13.19,2,152,
3-26,12:1:32,47,47,13.09,2,152,
3-26,12:1:33,52,52,13.19,2,152,
3-26,12:1:33,50,50,13.17,2,152,
3-26,12:1:34,50,50,13.11,2,152,
3-26,12:1:34,51,51,13.17,2,152,
3-26,12:1:35,50,50,13.14,2,152,
3-26,12:1:35,49,49,13.13,2,152,
3-26,12:1:36,45,45,13.05,2,152,
3-26,12:1:36,48,48,13.1,2,152,
3-26,12:1:37,50,50,13.17,2,152,
3-26,12:1:37,48,48,13.1,2,152,
3-26,12:1:38,49,49,13.13,2,152,
3-26,12:1:38,49,49,13.13,2,152,
3-26,12:1:39,52,52,13.18,2,152,
3-26,12:1:39,51,51,13.17,2,152,
3-26,12:1:40,48,48,13.09,2,152,
3-26,12:1:40,50,50,13.14,2,152,
3-26,12:1:41,49,49,13.11,2,152,
3-26,12:1:41,50,50,13.12,2,152,
3-26,12:1:42,50,50,13.13,2,152,
3-26,12:1:42,46,46,13.09,2,152,
3-26,12:1:43,52,52,13.16,2,152,
3-26,12:1:43,49,49,13.11,2,152,
3-26,12:1:44,49,49,13.08,2,152,
3-26,12:1:44,49,49,13.09,2,152,
3-26,12:1:45,50,50,13.12,2,152,
3-26,12:1:45,48,48,13.08,2,152,
3-26,12:1:46,50,50,13.12,2,152,
3-26,12:1:46,51,51,13.13,2,152,
3-26,12:1:47,50,50,13.13,2,152,
3-26,12:1:47,50,50,13.12,2,152,
3-26,12:1:48,51,51,13.13,2,152,
3-26,12:1:48,50,50,13.1,2,152,
3-26,12:1:49,52,52,13.15,2,152,
3-26,12:1:49,51,51,13.13,2,152,
3-26,12:1:50,51,51,13.11,2,152,
3-26,12:1:50,50,50,13.11,2,152,
3-26,12:1:51,51,51,13.11,2,152,
3-26,12:1:51,52,52,13.14,2,152,
3-26,12:1:52,51,51,13.1,2,152,
3-26,12:1:52,51,51,13.11,2,152,
3-26,12:1:53,54,54,13.19,2,152,
3-26,12:1:53,53,53,13.14,2,152,
3-26,12:1:54,52,52,13.14,2,152,
3-26,12:1:54,54,54,13.17,2,152,
3-26,12:1:55,52,52,13.12,2,152,
3-26,12:1:55,53,53,13.16,2,152,
3-26,12:1:56,54,54,13.14,2,152,
3-26,12:1:56,52,52,13.13,2,152,
3-26,12:1:57,52,52,13.13,2,152,
3-26,12:1:57,51,51,13.09,2,152,
3-26,12:1:58,52,52,13.09,2,152,
3-26,12:1:58,53,53,13.1,2,152,
3-26,12:1:59,53,53,13.09,2,152,
3-26,12:1:59,55,55,13.16,2,152,
3-26,12:2:0,53,53,13.13,2,152,
3-26,12:2:0,55,55,13.19,2,152,
3-26,12:2:1,54,54,13.17,2,152,
3-26,12:2:1,52,52,13.1,2,152,
3-26,12:2:2,54,54,13.15,2,152,
3-26,12:2:2,53,53,13.09,2,152,
3-26,12:2:3,53,53,13.1,2,152,
3-26,12:2:3,55,55,13.14,2,152,
3-26,12:2:4,54,54,13.12,2,152,
3-26,12:2:4,54,54,13.1,2,152,
3-26,12:2:5,55,55,13.1,2,152,
3-26,12:2:5,55,55,13.12,2,152,
3-26,12:2:6,55,55,13.13,2,152,
3-26,12:2:6,53,53,13.08,2,152,
3-26,12:2:7,54,54,13.1,2,152,
3-26,12:2:7,55,55,13.15,2,152,
3-26,12:2:8,56,56,13.16,2,152,
3-26,12:2:8,55,55,13.14,2,152,
3-26,12:2:9,55,55,13.11,2,152,
3-26,12:2:9,55,55,13.13,2,152,
3-26,12:2:10,55,55,13.13,2,152,
3-26,12:2:10,53,53,13.08,2,152,
3-26,12:2:11,56,56,13.15,2,152,
3-26,12:2:11,54,54,13.09,2,152,
3-26,12:2:12,56,56,13.15,2,152,
3-26,12:2:12,54,54,13.08,2,152,
3-26,12:2:13,56,56,13.12,2,152,
3-26,12:2:13,54,54,13.09,2,152,
3-26,12:2:14,52,52,13.07,2,152,
3-26,12:2:14,55,55,13.11,2,152,
3-26,12:2:15,55,55,13.14,2,152,
3-26,12:2:15,54,54,13.1,2,152,
3-26,12:2:16,55,55,13.15,2,152,
3-26,12:2:16,57,57,13.17,2,152,
3-26,12:2:17,56,56,13.13,2,152,
3-26,12:2:17,54,54,13.11,2,152,
3-26,12:2:18,56,56,13.13,2,152,
3-26,12:2:18,56,56,13.14,2,152,
3-26,12:2:19,54,54,13.1,2,152,
3-26,12:2:19,54,54,13.09,2,152,
3-26,12:2:20,55,55,13.11,2,152,
3-26,12:2:20,55,55,13.11,2,152,
3-26,12:2:21,54,54,13.11,2,152,
3-26,12:2:21,56,56,13.11,2,152,
3-26,12:2:22,54,54,13.08,2,152,
3-26,12:2:22,53,53,13.08,2,152,
3-26,12:2:23,55,55,13.09,2,152,
3-26,12:2:23,57,57,13.16,2,152,
3-26,12:2:24,56,56,13.13,2,152,
3-26,12:2:24,56,56,13.15,2,152,
3-26,12:2:25,56,56,13.16,2,152,
3-26,12:2:25,56,56,13.13,2,152,
3-26,12:2:26,56,56,13.11,2,152,
3-26,12:2:26,53,53,13.06,2,152,
3-26,12:2:27,56,56,13.13,2,152,
3-26,12:2:27,54,54,13.1,2,152,
3-26,12:2:28,57,57,13.18,2,152,
3-26,12:2:28,55,55,13.09,2,152,
3-26,12:2:29,54,54,13.09,2,152,
3-26,12:2:29,56,56,13.15,2,152,
3-26,12:2:30,54,54,13.09,2,152,
3-26,12:2:30,56,56,13.14,2,152,
3-26,12:2:31,56,56,13.12,2,152,
3-26,12:2:31,56,56,13.13,2,152,
3-26,12:2:32,54,54,13.08,2,152,
3-26,12:2:32,55,55,13.11,2,152,
3-26,12:2:33,55,55,13.1,2,152,
3-26,12:2:33,56,56,13.09,2,152,
3-26,12:2:34,53,53,13.09,2,152,
3-26,12:2:34,56,56,13.14,2,152,
3-26,12:2:35,57,57,13.18,2,152,
3-26,12:2:35,55,55,13.1,2,152,
3-26,12:2:36,55,55,13.11,2,152,
3-26,12:2:36,54,54,13.08,2,152,
3-26,12:2:37,55,55,13.11,2,152,
3-26,12:2:37,57,57,13.15,2,152,
3-26,12:2:38,55,55,13.11,2,152,
3-26,12:2:38,55,55,13.11,2,152,
3-26,12:2:39,56,56,13.11,2,152,
3-26,12:2:39,55,55,13.09,2,152,
3-26,12:2:40,56,56,13.11,2,152,
3-26,12:2:40,54,54,13.1,2,152,
3-26,12:2:41,56,56,13.12,2,152,
3-26,12:2:41,56,56,13.16,2,152,
3-26,12:2:42,54,54,13.09,2,152,
3-26,12:2:42,56,56,13.11,2,152,
3-26,12:2:43,56,56,13.15,2,152,
3-26,12:2:43,55,55,13.11,2,152,
3-26,12:2:44,55,55,13.09,2,152,
3-26,12:2:44,55,55,13.1,2,152,
3-26,12:2:45,55,55,13.09,2,152,
3-26,12:2:45,56,56,13.12,2,152,
3-26,12:2:46,55,55,13.08,2,152,
3-26,12:2:46,55,55,13.09,2,152,
3-26,12:2:47,57,57,13.14,2,152,
3-26,12:2:47,58,58,13.16,2,152,
3-26,12:2:48,56,56,13.12,2,152,
3-26,12:2:48,56,56,13.11,2,152,
3-26,12:2:49,57,57,13.17,2,152,
3-26,12:2:49,56,56,13.12,2,152,
3-26,12:2:50,57,57,13.14,2,152,
3-26,12:2:50,57,57,13.16,2,152,
3-26,12:2:51,56,56,13.1,2,152,
3-26,12:2:51,56,56,13.13,2,152,
3-26,12:2:52,56,56,13.12,2,152,
3-26,12:2:52,55,55,13.11,2,152,
3-26,12:2:53,57,57,13.14,2,152,
3-26,12:2:53,57,57,13.12,2,152,
3-26,12:2:54,54,54,13.06,2,152,
3-26,12:2:54,57,57,13.15,2,152,
3-26,12:2:55,57,57,13.12,2,152,
3-26,12:2:55,56,56,13.09,2,152,
3-26,12:2:56,57,57,13.16,2,152,
3-26,12:2:56,54,54,13.08,2,152,
3-26,12:2:57,57,57,13.14,2,152,
3-26,12:2:57,55,55,13.09,2,152,
3-26,12:2:58,57,57,13.15,2,152,
3-26,12:2:58,57,57,13.13,2,152,
3-26,12:2:59,56,56,13.11,2,152,
3-26,12:2:59,57,57,13.17,2,152,
3-26,12:3:0,51,51,13.02,2,152,
3-26,12:3:0,56,56,13.13,2,152,
3-26,12:3:1,58,58,13.18,2,152,
3-26,12:3:1,57,57,13.15,2,152,
3-26,12:3:2,56,56,13.12,2,152,
3-26,12:3:2,56,56,13.11,2,152,
3-26,12:3:3,56,56,13.11,2,152,
3-26,12:3:3,57,57,13.14,2,152,
3-26,12:3:4,55,55,13.09,2,152,
3-26,12:3:4,56,56,13.11,2,152,
3-26,12:3:5,56,56,13.14,2,152,
3-26,12:3:5,52,52,13.06,2,152,
3-26,12:3:6,58,58,13.15,2,152,
3-26,12:3:6,55,55,13.1,2,152,
3-26,12:3:7,56,56,13.12,2,152,
3-26,12:3:7,59,59,13.17,2,152,
3-26,12:3:8,57,57,13.13,2,152,
3-26,12:3:8,57,57,13.15,2,152,
3-26,12:3:9,58,58,13.18,2,152,
3-26,12:3:9,55,55,13.08,2,152,
3-26,12:3:10,56,56,13.1,2,152,
3-26,12:3:10,55,55,13.09,2,152,
3-26,12:3:11,58,58,13.17,2,152,
3-26,12:3:11,55,55,13.1,2,152,
3-26,12:3:12,54,54,13.09,2,152,
3-26,12:3:12,55,55,13.1,2,152,
3-26,12:3:13,57,57,13.14,2,152,
3-26,12:3:13,56,56,13.12,2,152,
3-26,12:3:14,57,57,13.11,2,152,
3-26,12:3:14,55,55,13.1,2,152,
3-26,12:3:15,57,57,13.13,2,152,
3-26,12:3:15,56,56,13.1,2,152,
3-26,12:3:16,56,56,13.1,2,152,
3-26,12:3:16,55,55,13.09,2,152,
3-26,12:3:17,56,56,13.1,2,152,
3-26,12:3:17,58,58,13.14,2,152,
3-26,12:3:18,57,57,13.14,2,152,
3-26,12:3:18,57,57,13.12,2,152,
3-26,12:3:19,59,59,13.2,2,152,
3-26,12:3:19,56,56,13.14,2,152,
3-26,12:3:20,56,56,13.1,2,152,
3-26,12:3:20,56,56,13.1,2,152,
3-26,12:3:21,56,56,13.12,2,152,
3-26,12:3:21,57,57,13.12,2,152,
3-26,12:3:22,56,56,13.1,2,152,
3-26,12:3:22,56,56,13.14,2,152,
3-26,12:3:23,57,57,13.12,2,152,
3-26,12:3:23,55,55,13.09,2,152,
3-26,12:3:24,57,57,13.18,2,152,
3-26,12:3:24,56,56,13.13,2,152,
3-26,12:3:25,57,57,13.12,2,152,
3-26,12:3:25,56,56,13.09,2,152,
3-26,12:3:26,58,58,13.14,2,152,
3-26,12:3:26,55,55,13.12,2,152,
3-26,12:3:27,55,55,13.11,2,152,
3-26,12:3:27,57,57,13.17,2,152,
3-26,12:3:28,56,56,13.11,2,152,
3-26,12:3:28,57,57,13.12,2,152,
3-26,12:3:29,56,56,13.12,2,152,
3-26,12:3:29,56,56,13.1,2,152,
3-26,12:3:30,56,56,13.11,2,152,
3-26,12:3:30,56,56,13.1,2,152,
3-26,12:3:31,56,56,13.11,2,152,
3-26,12:3:31,56,56,13.1,2,152,
3-26,12:3:32,57,57,13.12,2,152,
3-26,12:3:32,58,58,13.16,2,152,
3-26,12:3:33,57,57,13.14,2,152,
3-26,12:3:33,55,55,13.12,2,152,
3-26,12:3:34,56,56,13.14,2,152,
3-26,12:3:34,55,55,13.09,2,152,
3-26,12:3:35,56,56,13.11,2,152,
3-26,12:3:35,55,55,13.09,2,152,
3-26,12:3:36,57,57,13.13,2,152,
3-26,12:3:36,57,57,13.14,2,152,
3-26,12:3:37,54,54,13.07,2,152,
3-26,12:3:37,56,56,13.12,2,152,
3-26,12:3:38,56,56,13.08,2,152,
3-26,12:3:38,53,53,13.06,2,152,
3-26,12:3:39,55,55,13.07,2,152,
3-26,12:3:39,56,56,13.1,2,152,
3-26,12:3:40,55,55,13.09,2,152,
3-26,12:3:40,53,53,13.06,2,152,
3-26,12:3:41,55,55,13.11,2,152,
3-26,12:3:41,55,55,13.06,2,152,
3-26,12:3:42,57,57,13.12,2,152,
3-26,12:3:42,56,56,13.11,2,152,
3-26,12:3:43,55,55,13.09,2,152,
3-26,12:3:43,55,55,13.11,2,152,
3-26,12:3:44,55,55,13.11,2,152,
3-26,12:3:44,55,55,13.09,2,152,
3-26,12:3:45,56,56,13.12,2,152,
3-26,12:3:45,57,57,13.18,2,152,
3-26,12:3:46,56,56,13.11,2,152,
3-26,12:3:46,56,56,13.12,2,152,
3-26,12:3:47,54,54,13.06,2,152,
3-26,12:3:47,55,55,13.11,2,152,
3-26,12:3:48,57,57,13.15,2,152,
3-26,12:3:48,53,53,13.05,2,152,
3-26,12:3:49,53,53,13.09,2,152,
3-26,12:3:49,56,56,13.13,2,152,
3-26,12:3:50,53,53,13.04,2,152,
3-26,12:3:50,57,57,13.15,2,152,
3-26,12:3:51,56,56,13.12,2,152,
3-26,12:3:51,54,54,13.09,2,152,
3-26,12:3:52,56,56,13.12,2,152,
3-26,12:3:52,55,55,13.09,2,152,
3-26,12:3:53,55,55,13.09,2,152,
3-26,12:3:53,54,54,13.09,2,152,
3-26,12:3:54,55,55,13.1,2,152,
3-26,12:3:54,56,56,13.12,2,152,
3-26,12:3:55,56,56,13.12,2,152,
3-26,12:3:55,55,55,13.09,2,152,
3-26,12:3:56,56,56,13.12,2,152,
3-26,12:3:56,55,55,13.13,2,152,
3-26,12:3:57,56,56,13.16,2,152,
3-26,12:3:57,55,55,13.1,2,152,
3-26,12:3:58,53,53,13.08,2,152,
3-26,12:3:58,53,53,13.09,2,152,
3-26,12:3:59,54,54,13.09,2,152,
3-26,12:3:59,57,57,13.18,2,152,
3-26,12:4:0,54,54,13.09,2,152,
3-26,12:4:0,55,55,13.14,2,152,
3-26,12:4:1,56,56,13.13,2,152,
3-26,12:4:1,56,56,13.15,2,152,
3-26,12:4:2,54,54,13.09,2,152,
3-26,12:4:2,54,54,13.09,2,152,
3-26,12:4:3,55,55,13.11,2,152,
3-26,12:4:3,55,55,13.13,2,152,
3-26,12:4:4,55,55,13.09,2,152,
3-26,12:4:4,52,52,13.09,2,152,
3-26,12:4:5,57,57,13.19,2,152,
3-26,12:4:5,55,55,13.13,2,152,
3-26,12:4:6,55,55,13.13,2,152,
3-26,12:4:6,54,54,13.09,2,152,
3-26,12:4:7,53,53,13.09,2,152,
3-26,12:4:7,53,53,13.08,2,152,
3-26,12:4:8,54,54,13.1,2,152,
3-26,12:4:8,55,55,13.15,2,152,
3-26,12:4:9,54,54,13.12,2,152,
3-26,12:4:9,54,54,13.12,2,152,
3-26,12:4:10,53,53,13.09,2,152,
3-26,12:4:10,54,54,13.12,2,152,
3-26,12:4:11,52,52,13.09,2,152,
3-26,12:4:11,53,53,13.09,2,152,
3-26,12:4:12,52,52,13.08,2,152,
3-26,12:4:12,53,53,13.09,2,152,
3-26,12:4:13,52,52,13.08,2,152,
3-26,12:4:13,52,52,13.09,2,152,
3-26,12:4:14,55,55,13.12,2,152,
3-26,12:4:14,54,54,13.09,2,152,
3-26,12:4:15,53,53,13.1,2,152,
3-26,12:4:15,54,54,13.09,2,152,
3-26,12:4:16,54,54,13.09,2,152,
3-26,12:4:16,52,52,13.08,2,152,
3-26,12:4:17,54,54,13.1,2,152,
3-26,12:4:17,56,56,13.16,2,152,
3-26,12:4:18,54,54,13.12,2,152,
3-26,12:4:18,55,55,13.11,2,152,
3-26,12:4:19,55,55,13.14,2,152,
3-26,12:4:19,52,52,13.08,2,152,
3-26,12:4:20,54,54,13.12,2,152,
3-26,12:4:20,53,53,13.09,2,152,
3-26,12:4:21,54,54,13.1,2,152,
3-26,12:4:21,56,56,13.16,2,152,
3-26,12:4:22,55,55,13.12,2,152,
3-26,12:4:22,53,53,13.09,2,152,
3-26,12:4:23,56,56,13.13,2,152,
3-26,12:4:23,56,56,13.13,2,152,
3-26,12:4:24,54,54,13.08,2,152,
3-26,12:4:24,54,54,13.1,2,152,
3-26,12:4:25,58,58,13.19,2,152,
3-26,12:4:25,57,57,13.18,2,152,
3-26,12:4:26,56,56,13.13,2,152,
3-26,12:4:26,56,56,13.15,2,152,
3-26,12:4:27,56,56,13.14,2,152,
3-26,12:4:27,57,57,13.16,2,152,
3-26,12:4:28,55,55,13.11,2,152,
3-26,12:4:28,54,54,13.09,2,152,
3-26,12:4:29,56,56,13.12,2,152,
3-26,12:4:29,57,57,13.2,2,152,
3-26,12:4:30,54,54,13.09,2,152,
3-26,12:4:30,55,55,13.1,2,152,
3-26,12:4:31,55,55,13.09,2,152,
3-26,12:4:31,57,57,13.14,2,152,
3-26,12:4:32,56,56,13.12,2,152,
3-26,12:4:32,57,57,13.16,2,152,
3-26,12:4:33,56,56,13.15,2,152,
3-26,12:4:33,56,56,13.14,2,152,
3-26,12:4:34,55,55,13.1,2,152,
3-26,12:4:34,57,57,13.16,2,152,
3-26,12:4:35,57,57,13.14,2,152,
3-26,12:4:35,57,57,13.13,2,152,
3-26,12:4:36,55,55,13.09,2,152,
3-26,12:4:36,56,56,13.11,2,152,
3-26,12:4:37,55,55,13.1,2,152,
3-26,12:4:37,56,56,13.1,2,152,
3-26,12:4:38,56,56,13.1,2,152,
3-26,12:4:38,56,56,13.12,2,152,
3-26,12:4:39,54,54,13.05,2,152,
3-26,12:4:39,56,56,13.11,2,152,
3-26,12:4:40,57,57,13.16,2,152,
3-26,12:4:40,56,56,13.12,2,152,
3-26,12:4:41,55,55,13.08,2,152,
3-26,12:4:41,56,56,13.12,2,152,
3-26,12:4:42,55,55,13.09,2,152,
3-26,12:4:42,57,57,13.14,2,152,
3-26,12:4:43,55,55,13.1,2,152,
3-26,12:4:43,56,56,13.07,2,152,
3-26,12:4:44,57,57,13.15,2,152,
3-26,12:4:44,57,57,13.15,2,152,
3-26,12:4:45,57,57,13.16,2,152,
3-26,12:4:45,57,57,13.13,2,152,
3-26,12:4:46,56,56,13.1,2,152,
3-26,12:4:46,56,56,13.11,2,152,
3-26,12:4:47,56,56,13.07,2,152,
3-26,12:4:47,56,56,13.15,2,152,
3-26,12:4:48,57,57,13.17,2,152,
3-26,12:4:48,55,55,13.1,2,152,
3-26,12:4:49,56,56,13.13,2,152,
3-26,12:4:49,56,56,13.13,2,152,
3-26,12:4:50,57,57,13.13,2,152,
3-26,12:4:50,53,53,13.08,2,152,
3-26,12:4:51,54,54,13.07,2,152,
3-26,12:4:51,54,54,13.09,2,152,
3-26,12:4:52,56,56,13.12,2,152,
3-26,12:4:52,56,56,13.13,2,152,
3-26,12:4:53,58,58,13.18,2,152,
3-26,12:4:53,55,55,13.09,2,152,
3-26,12:4:54,57,57,13.14,2,152,
3-26,12:4:54,57,57,13.16,2,152,
3-26,12:4:55,57,57,13.14,2,152,
3-26,12:4:55,56,56,13.11,2,152,
3-26,12:4:56,56,56,13.13,2,152,
3-26,12:4:56,56,56,13.1,2,152,
3-26,12:4:57,55,55,13.1,2,152,
3-26,12:4:57,55,55,13.09,2,152,
3-26,12:4:58,56,56,13.12,2,152,
3-26,12:4:58,54,54,13.06,2,152,
3-26,12:4:59,55,55,13.1,2,152,
3-26,12:4:59,54,54,13.08,2,152,
3-26,12:5:0,58,58,13.18,2,152,
3-26,12:5:0,53,53,13.07,2,152,
3-26,12:5:1,57,57,13.16,2,152,
3-26,12:5:1,53,53,13.05,2,152,
3-26,12:5:2,58,58,13.17,2,152,
3-26,12:5:2,55,55,13.09,2,152,
3-26,12:5:3,57,57,13.13,2,152,
3-26,12:5:3,56,56,13.09,2,152,
3-26,12:5:4,56,56,13.16,2,152,
3-26,12:5:4,55,55,13.11,2,152,
3-26,12:5:5,56,56,13.13,2,152,
3-26,12:5:5,57,57,13.14,2,152,
3-26,12:5:6,56,56,13.11,2,152,
3-26,12:5:6,55,55,13.08,2,152,
3-26,12:5:7,55,55,13.09,2,152,
3-26,12:5:7,56,56,13.1,2,152,
3-26,12:5:8,55,55,13.11,2,152,
3-26,12:5:8,57,57,13.13,2,152,
3-26,12:5:9,55,55,13.09,2,152,
3-26,12:5:9,57,57,13.14,2,152,
3-26,12:5:10,55,55,13.09,2,152,
3-26,12:5:10,57,57,13.16,2,152,
3-26,12:5:11,56,56,13.12,2,152,
3-26,12:5:11,57,57,13.16,2,152,
3-26,12:5:12,55,55,13.09,2,152,
3-26,12:5:12,56,56,13.12,2,152,
3-26,12:5:13,58,58,13.15,2,152,
3-26,12:5:13,57,57,13.14,2,152,
3-26,12:5:14,58,58,13.18,2,152,
3-26,12:5:14,55,55,13.1,2,152,
3-26,12:5:15,56,56,13.12,2,152,
3-26,12:5:15,55,55,13.09,2,152,
3-26,12:5:16,56,56,13.11,2,152,
3-26,12:5:16,56,56,13.13,2,152,
3-26,12:5:17,56,56,13.09,2,152,
3-26,12:5:17,54,54,13.08,2,152,
3-26,12:5:18,56,56,13.1,2,152,
3-26,12:5:18,58,58,13.15,2,152,
3-26,12:5:19,57,57,13.15,2,152,
3-26,12:5:19,55,55,13.09,2,152,
3-26,12:5:20,56,56,13.11,2,152,
3-26,12:5:20,57,57,13.13,2,152,
3-26,12:5:21,56,56,13.1,2,152,
3-26,12:5:21,56,56,13.11,2,152,
3-26,12:5:22,55,55,13.1,2,152,
3-26,12:5:22,55,55,13.09,2,152,
3-26,12:5:23,56,56,13.13,2,152,
3-26,12:5:23,57,57,13.14,2,152,
3-26,12:5:24,57,57,13.13,2,152,
3-26,12:5:24,56,56,13.11,2,152,
3-26,12:5:25,57,57,13.14,2,152,
3-26,12:5:25,56,56,13.13,2,152,
3-26,12:5:26,54,54,13.08,2,152,
3-26,12:5:26,56,56,13.12,2,152,
3-26,12:5:27,56,56,13.1,2,152,
3-26,12:5:27,57,57,13.14,2,152,
3-26,12:5:28,55,55,13.09,2,152,
3-26,12:5:28,55,55,13.08,2,152,
3-26,12:5:29,56,56,13.09,2,152,
3-26,12:5:29,58,58,13.14,2,152,
3-26,12:5:30,57,57,13.14,2,152,
3-26,12:5:30,56,56,13.07,2,152,
3-26,12:5:31,56,56,13.1,2,152,
3-26,12:5:31,57,57,13.12,2,152,
3-26,12:5:32,57,57,13.11,2,152,
3-26,12:5:32,56,56,13.1,2,152,
3-26,12:5:33,56,56,13.08,2,152,
3-26,12:5:33,57,57,13.13,2,152,
3-26,12:5:34,56,56,13.12,2,152,
3-26,12:5:34,57,57,13.09,2,152,
3-26,12:5:35,58,58,13.16,2,152,
3-26,12:5:35,56,56,13.12,2,152,
3-26,12:5:36,56,56,13.1,2,152,
3-26,12:5:36,57,57,13.12,2,152,
3-26,12:5:37,57,57,13.1,2,152,
3-26,12:5:37,57,57,13.11,2,152,
3-26,12:5:38,59,59,13.14,2,152,
3-26,12:5:38,55,55,13.09,2,152,
3-26,12:5:39,58,58,13.16,2,152,
3-26,12:5:39,57,57,13.13,2,152,
3-26,12:5:40,57,57,13.11,2,152,
3-26,12:5:40,58,58,13.13,2,152,
3-26,12:5:41,59,59,13.19,2,152,
3-26,12:5:41,57,57,13.13,2,152,
3-26,12:5:42,55,55,13.1,2,152,
3-26,12:5:42,57,57,13.14,2,152,
3-26,12:5:43,57,57,13.09,2,152,
3-26,12:5:43,56,56,13.11,2,152,
3-26,12:5:44,55,55,13.09,2,152,
3-26,12:5:44,56,56,13.09,2,152,
3-26,12:5:45,58,58,13.13,2,152,
3-26,12:5:45,58,58,13.15,2,152,
3-26,12:5:46,55,55,13.08,2,152,
3-26,12:5:46,59,59,13.15,2,152,
3-26,12:5:47,57,57,13.15,2,152,
3-26,12:5:47,59,59,13.18,2,152,
3-26,12:5:48,57,57,13.12,2,152,
3-26,12:5:48,58,58,13.16,2,152,
3-26,12:5:49,56,56,13.11,2,152,
3-26,12:5:49,56,56,13.1,2,152,
3-26,12:5:50,57,57,13.13,2,152,
3-26,12:5:50,55,55,13.07,2,152,
3-26,12:5:51,58,58,13.15,2,152,
3-26,12:5:51,58,58,13.15,2,152,
3-26,12:5:52,57,57,13.16,2,152,
3-26,12:5:52,56,56,13.11,2,152,
3-26,12:5:53,56,56,13.09,2,152,
3-26,12:5:53,57,57,13.1,2,152,
3-26,12:5:54,58,58,13.13,2,152,
3-26,12:5:54,56,56,13.08,2,152,
3-26,12:5:55,55,55,13.07,2,152,
3-26,12:5:55,56,56,13.1,2,152,
3-26,12:5:56,56,56,13.09,2,152,
3-26,12:5:56,57,57,13.14,2,152,
3-26,12:5:57,57,57,13.1,2,152,
3-26,12:5:57,56,56,13.11,2,152,
3-26,12:5:58,56,56,13.1,2,152,
3-26,12:5:58,57,57,13.15,2,152,
3-26,12:5:59,57,57,13.14,2,152,
3-26,12:5:59,55,55,13.08,2,152,
3-26,12:6:0,57,57,13.13,2,152,
3-26,12:6:0,55,55,13.09,2,152,
3-26,12:6:1,55,55,13.11,2,152,
3-26,12:6:1,56,56,13.1,2,152,
3-26,12:6:2,57,57,13.14,2,152,
3-26,12:6:2,54,54,13.09,2,152,
3-26,12:6:3,55,55,13.07,2,152,
3-26,12:6:3,56,56,13.14,2,152,
3-26,12:6:4,55,55,13.11,2,152,
3-26,12:6:4,56,56,13.13,2,152,
3-26,12:6:5,53,53,13.09,2,152,
3-26,12:6:5,56,56,13.12,2,152,
3-26,12:6:6,57,57,13.17,2,152,
3-26,12:6:6,55,55,13.09,2,152,
3-26,12:6:7,59,59,13.19,2,152,
3-26,12:6:7,55,55,13.09,2,152,
3-26,12:6:8,55,55,13.09,2,152,
3-26,12:6:8,55,55,13.13,2,152,
3-26,12:6:9,55,55,13.09,2,152,
3-26,12:6:9,57,57,13.15,2,152,
3-26,12:6:10,56,56,13.13,2,152,
3-26,12:6:10,56,56,13.14,2,152,
3-26,12:6:11,55,55,13.11,2,152,
3-26,12:6:11,55,55,13.13,2,152,
3-26,12:6:12,56,56,13.14,2,152,
3-26,12:6:12,54,54,13.09,2,152,
3-26,12:6:13,54,54,13.09,2,152,
3-26,12:6:13,58,58,13.17,2,152,
3-26,12:6:14,54,54,13.08,2,152,
3-26,12:6:14,53,53,13.06,2,152,
3-26,12:6:15,53,53,13.09,2,152,
3-26,12:6:15,53,53,13.09,2,152,
3-26,12:6:16,56,56,13.14,2,152,
3-26,12:6:16,56,56,13.13,2,152,
3-26,12:6:17,53,53,13.09,2,152,
3-26,12:6:17,55,55,13.11,2,152,
3-26,12:6:18,55,55,13.12,2,152,
3-26,12:6:18,56,56,13.12,2,152,
3-26,12:6:19,56,56,13.16,2,152,
3-26,12:6:19,52,52,13.06,2,152,
3-26,12:6:20,55,55,13.14,2,152,
3-26,12:6:20,56,56,13.12,2,152,
3-26,12:6:21,55,55,13.1,2,152,
3-26,12:6:21,54,54,13.09,2,152,
3-26,12:6:22,55,55,13.12,2,152,
3-26,12:6:22,54,54,13.1,2,152,
3-26,12:6:23,54,54,13.11,2,152,
3-26,12:6:23,55,55,13.1,2,152,
3-26,12:6:24,55,55,13.12,2,152,
3-26,12:6:24,55,55,13.12,2,152,
3-26,12:6:25,54,54,13.1,2,152,
3-26,12:6:25,54,54,13.1,2,152,
3-26,12:6:26,54,54,13.09,2,152,
3-26,12:6:26,55,55,13.13,2,152,
3-26,12:6:27,53,53,13.09,2,152,
3-26,12:6:27,53,53,13.08,2,152,
3-26,12:6:28,55,55,13.09,2,152,
3-26,12:6:28,55,55,13.15,2,152,
3-26,12:6:29,53,53,13.09,2,152,
3-26,12:6:29,56,56,13.14,2,152,
3-26,12:6:30,53,53,13.1,2,152,
3-26,12:6:30,54,54,13.11,2,152,
3-26,12:6:31,54,54,13.1,2,152,
3-26,12:6:31,57,57,13.19,2,152,
3-26,12:6:32,53,53,13.07,2,152,
3-26,12:6:32,54,54,13.1,2,152,
3-26,12:6:33,56,56,13.14,2,152,
3-26,12:6:33,55,55,13.13,2,152,
3-26,12:6:34,55,55,13.14,2,152,
3-26,12:6:34,54,54,13.09,2,152,
3-26,12:6:35,53,53,13.06,2,152,
3-26,12:6:35,56,56,13.15,2,152,
3-26,12:6:36,54,54,13.1,2,152,
3-26,12:6:36,51,51,13.06,2,152,
3-26,12:6:37,52,52,13.07,2,152,
3-26,12:6:37,54,54,13.08,2,152,
3-26,12:6:38,55,55,13.14,2,152,
3-26,12:6:38,55,55,13.13,2,152,
3-26,12:6:39,55,55,13.14,2,152,
3-26,12:6:39,52,52,13.05,2,152,
3-26,12:6:40,55,55,13.11,2,152,
3-26,12:6:40,55,55,13.12,2,152,
3-26,12:6:41,51,51,13.05,2,152,
3-26,12:6:41,53,53,13.07,2,152,
3-26,12:6:42,54,54,13.11,2,152,
3-26,12:6:42,55,55,13.11,2,152,
3-26,12:6:43,56,56,13.14,2,152,
3-26,12:6:43,54,54,13.09,2,152,
3-26,12:6:44,55,55,13.11,2,152,
3-26,12:6:44,55,55,13.1,2,152,
3-26,12:6:45,55,55,13.1,2,152,
3-26,12:6:45,54,54,13.12,2,152,
3-26,12:6:46,54,54,13.06,2,152,
3-26,12:6:46,56,56,13.12,2,152,
3-26,12:6:47,52,52,13.05,2,152,
3-26,12:6:47,54,54,13.09,2,152,
3-26,12:6:48,56,56,13.13,2,152,
3-26,12:6:48,55,55,13.1,2,152,
3-26,12:6:49,54,54,13.09,2,152,
3-26,12:6:49,56,56,13.12,2,152,
3-26,12:6:50,55,55,13.09,2,152,
3-26,12:6:50,55,55,13.11,2,152,
3-26,12:6:51,55,55,13.1,2,152,
3-26,12:6:51,54,54,13.08,2,152,
3-26,12:6:52,56,56,13.15,2,152,
3-26,12:6:52,53,53,13.08,2,152,
3-26,12:6:53,54,54,13.06,2,152,
3-26,12:6:53,56,56,13.11,2,152,
3-26,12:6:54,55,55,13.09,2,152,
3-26,12:6:54,56,56,13.13,2,152,
3-26,12:6:55,56,56,13.17,2,152,
3-26,12:6:55,54,54,13.09,2,152,
3-26,12:6:56,55,55,13.1,2,152,
3-26,12:6:56,55,55,13.12,2,152,
3-26,12:6:57,55,55,13.1,2,152,
3-26,12:6:57,54,54,13.09,2,152,
3-26,12:6:58,56,56,13.14,2,152,
3-26,12:6:58,55,55,13.1,2,152,
3-26,12:6:59,56,56,13.13,2,152,
3-26,12:6:59,56,56,13.12,2,152,
3-26,12:7:0,55,55,13.11,2,152,
3-26,12:7:0,55,55,13.11,2,152,
3-26,12:7:1,55,55,13.11,2,152,
3-26,12:7:1,55,55,13.13,2,152,
3-26,12:7:2,55,55,13.13,2,152,
3-26,12:7:2,53,53,13.09,2,152,
3-26,12:7:3,56,56,13.12,2,152,
3-26,12:7:3,53,53,13.09,2,152,
3-26,12:7:4,53,53,13.08,2,152,
3-26,12:7:4,54,54,13.08,2,152,
3-26,12:7:5,55,55,13.13,2,152,
3-26,12:7:5,55,55,13.11,2,152,
3-26,12:7:6,55,55,13.11,2,152,
3-26,12:7:6,53,53,13.1,2,152,
3-26,12:7:7,53,53,13.08,2,152,
3-26,12:7:7,56,56,13.16,2,152,
3-26,12:7:8,55,55,13.1,2,152,
3-26,12:7:8,55,55,13.12,2,152,
3-26,12:7:9,52,52,13.03,2,152,
3-26,12:7:9,53,53,13.08,2,152,
3-26,12:7:10,55,55,13.13,2,152,
3-26,12:7:10,53,53,13.08,2,152,
3-26,12:7:11,54,54,13.08,2,152,
3-26,12:7:11,56,56,13.15,2,152,
3-26,12:7:12,56,56,13.14,2,152,
3-26,12:7:12,55,55,13.12,2,152,
3-26,12:7:13,54,54,13.1,2,152,
3-26,12:7:13,55,55,13.1,2,152,
3-26,12:7:14,52,52,13.04,2,152,
3-26,12:7:14,52,52,13.08,2,152,
3-26,12:7:15,54,54,13.09,2,152,
3-26,12:7:15,54,54,13.11,2,152,
3-26,12:7:16,54,54,13.09,2,152,
3-26,12:7:16,56,56,13.18,2,152,
3-26,12:7:17,54,54,13.11,2,152,
3-26,12:7:17,54,54,13.12,2,152,
3-26,12:7:18,53,53,13.09,2,152,
3-26,12:7:18,51,51,13.07,2,152,
3-26,12:7:19,54,54,13.11,2,152,
3-26,12:7:19,55,55,13.16,2,152,
3-26,12:7:20,55,55,13.13,2,152,
3-26,12:7:20,54,54,13.12,2,152,
3-26,12:7:21,55,55,13.12,2,152,
3-26,12:7:21,53,53,13.09,2,152,
3-26,12:7:22,54,54,13.1,2,152,
3-26,12:7:22,54,54,13.13,2,152,
3-26,12:7:23,53,53,13.12,2,152,
3-26,12:7:23,53,53,13.09,2,152,
3-26,12:7:24,53,53,13.1,2,152,
3-26,12:7:24,54,54,13.13,2,152,
3-26,12:7:25,54,54,13.08,2,152,
3-26,12:7:25,53,53,13.08,2,152,
3-26,12:7:26,53,53,13.09,2,152,
3-26,12:7:26,54,54,13.09,2,152,
3-26,12:7:27,53,53,13.13,2,152,
3-26,12:7:27,52,52,13.08,2,152,
3-26,12:7:28,53,53,13.09,2,152,
3-26,12:7:28,55,55,13.19,2,152,
3-26,12:7:29,53,53,13.1,2,152,
3-26,12:7:29,52,52,13.07,2,152,
3-26,12:7:30,54,54,13.12,2,152,
3-26,12:7:30,53,53,13.08,2,152,
3-26,12:7:31,51,51,13.07,2,152,
3-26,12:7:31,54,54,13.12,2,152,
3-26,12:7:32,53,53,13.09,2,152,
3-26,12:7:32,53,53,13.07,2,152,
3-26,12:7:33,52,52,13.08,2,152,
3-26,12:7:33,51,51,13.07,2,152,
3-26,12:7:34,54,54,13.1,2,152,
3-26,12:7:34,52,52,13.08,2,152,
3-26,12:7:35,54,54,13.1,2,152,
3-26,12:7:35,55,55,13.17,2,152,
3-26,12:7:36,51,51,13.05,2,152,
3-26,12:7:36,51,51,13.06,2,152,
3-26,12:7:37,56,56,13.17,2,152,
3-26,12:7:37,52,52,13.08,2,152,
3-26,12:7:38,53,53,13.09,2,152,
3-26,12:7:38,52,52,13.1,2,152,
3-26,12:7:39,55,55,13.14,2,152,
3-26,12:7:39,53,53,13.1,2,152,
3-26,12:7:40,51,51,13.07,2,152,
3-26,12:7:40,52,52,13.08,2,152,
3-26,12:7:41,52,52,13.09,2,152,
3-26,12:7:41,53,53,13.08,2,152,
3-26,12:7:42,52,52,13.09,2,152,
3-26,12:7:42,54,54,13.12,2,152,
3-26,12:7:43,52,52,13.08,2,152,
3-26,12:7:43,51,51,13.07,2,152,
3-26,12:7:44,51,51,13.07,2,152,
3-26,12:7:44,52,52,13.08,2,152,
3-26,12:7:45,53,53,13.11,2,152,
3-26,12:7:45,53,53,13.08,2,152,
3-26,12:7:46,53,53,13.08,2,152,
3-26,12:7:46,52,52,13.09,2,152,
3-26,12:7:47,54,54,13.1,2,152,
3-26,12:7:47,53,53,13.13,2,152,
3-26,12:7:48,52,52,13.09,2,152,
3-26,12:7:48,49,49,13.05,2,152,
3-26,12:7:49,55,55,13.14,2,152,
3-26,12:7:49,52,52,13.09,2,152,
3-26,12:7:50,53,53,13.09,2,152,
3-26,12:7:50,53,53,13.13,2,152,
3-26,12:7:51,52,52,13.08,2,152,
3-26,12:7:51,53,53,13.09,2,152,
3-26,12:7:52,51,51,13.06,2,152,
3-26,12:7:52,53,53,13.09,2,152,
3-26,12:7:53,54,54,13.11,2,152,
3-26,12:7:53,51,51,13.07,2,152,
3-26,12:7:54,53,53,13.12,2,152,
3-26,12:7:54,52,52,13.09,2,152,
3-26,12:7:55,53,53,13.1,2,152,
3-26,12:7:55,53,53,13.1,2,152,
3-26,12:7:56,51,51,13.06,2,152,
3-26,12:7:56,51,51,13.08,2,152,
3-26,12:7:57,53,53,13.09,2,152,
3-26,12:7:57,53,53,13.08,2,152,
3-26,12:7:58,54,54,13.1,2,152,
3-26,12:7:58,54,54,13.12,2,152,
3-26,12:7:59,53,53,13.11,2,152,
3-26,12:7:59,52,52,13.09,2,152,
3-26,12:8:0,53,53,13.1,2,152,
3-26,12:8:0,54,54,13.11,2,152,
3-26,12:8:1,53,53,13.09,2,152,
3-26,12:8:1,55,55,13.14,2,152,
3-26,12:8:2,53,53,13.09,2,152,
3-26,12:8:2,52,52,13.08,2,152,
3-26,12:8:3,54,54,13.09,2,152,
3-26,12:8:3,50,50,13.05,2,152,
3-26,12:8:4,51,51,13.05,2,152,
3-26,12:8:4,52,52,13.1,2,152,
3-26,12:8:5,54,54,13.1,2,152,
3-26,12:8:5,54,54,13.1,2,152,
3-26,12:8:6,53,53,13.09,2,152,
3-26,12:8:6,52,52,13.07,2,152,
3-26,12:8:7,50,50,13.04,2,152,
3-26,12:8:7,54,54,13.11,2,152,
3-26,12:8:8,52,52,13.11,2,152,
3-26,12:8:8,53,53,13.14,2,152,
3-26,12:8:9,52,52,13.09,2,152,
3-26,12:8:9,52,52,13.08,2,152,
3-26,12:8:10,53,53,13.1,2,152,
3-26,12:8:10,47,47,12.98,2,152,
3-26,12:8:11,54,54,13.1,2,152,
3-26,12:8:11,54,54,13.13,2,152,
3-26,12:8:12,53,53,13.09,2,152,
3-26,12:8:12,51,51,13.06,2,152,
3-26,12:8:13,55,55,13.12,2,152,
3-26,12:8:13,52,52,13.09,2,152,
3-26,12:8:14,53,53,13.09,2,152,
3-26,12:8:14,52,52,13.08,2,152,
3-26,12:8:15,52,52,13.08,2,152,
3-26,12:8:15,51,51,13.07,2,152,
3-26,12:8:16,51,51,13.07,2,152,
3-26,12:8:16,52,52,13.09,2,152,
3-26,12:8:17,54,54,13.09,2,152,
3-26,12:8:17,55,55,13.11,2,152,
3-26,12:8:18,56,56,13.16,2,152,
3-26,12:8:18,55,55,13.14,2,152,
3-26,12:8:19,55,55,13.12,2,152,
3-26,12:8:19,55,55,13.12,2,152,
3-26,12:8:20,56,56,13.07,2,152,
3-26,12:8:20,56,56,13.09,2,152,
3-26,12:8:21,57,57,13.08,2,152,
3-26,12:8:21,55,55,13.08,2,152,
3-26,12:8:22,56,56,13.1,2,152,
3-26,12:8:22,59,59,13.09,2,152,
3-26,12:8:23,56,56,13.06,2,152,
3-26,12:8:23,55,55,13.08,2,152,
3-26,12:8:24,58,58,13.11,2,152,
3-26,12:8:24,60,60,13.08,2,152,
3-26,12:8:25,61,61,13.09,2,152,
3-26,12:8:25,61,61,13.06,2,152,
3-26,12:8:26,62,62,13.07,2,152,
3-26,12:8:26,63,63,13.11,2,152,
3-26,12:8:27,63,63,13.11,2,152,
3-26,12:8:27,65,65,13.11,2,152,
3-26,12:8:28,65,65,13.06,2,152,
3-26,12:8:28,69,69,13.13,2,152,
3-26,12:8:29,69,69,13.1,2,152,
3-26,12:8:29,69,69,13.15,2,152,
3-26,12:8:30,71,71,13.17,2,152,
3-26,12:8:30,71,71,13.13,2,152,
3-26,12:8:31,70,70,13.09,2,152,
3-26,12:8:31,71,71,13.1,2,152,
3-26,12:8:32,71,71,13.09,2,152,
3-26,12:8:32,72,72,13.12,2,152,
3-26,12:8:33,72,72,13.11,2,152,
3-26,12:8:33,72,72,13.11,2,152,
3-26,12:8:34,72,72,13.15,2,152,
3-26,12:8:34,71,71,13.11,2,152,
3-26,12:8:35,69,69,13.07,2,152,
3-26,12:8:35,70,70,13.1,2,152,
3-26,12:8:36,70,70,13.14,2,152,
3-26,12:8:36,69,69,13.06,2,152,
3-26,12:8:37,69,69,13.07,2,152,
3-26,12:8:37,70,70,13.13,2,152,
3-26,12:8:38,69,69,13.07,2,152,
3-26,12:8:38,68,68,13.08,2,152,
3-26,12:8:39,68,68,13.1,2,152,
3-26,12:8:39,66,66,13.04,2,152,
3-26,12:8:40,66,66,13.04,2,152,
3-26,12:8:40,66,66,13.05,2,152,
3-26,12:8:41,67,67,13.13,2,152,
3-26,12:8:41,66,66,13.09,2,152,
3-26,12:8:42,65,65,13.05,2,152,
3-26,12:8:42,66,66,13.11,2,152,
3-26,12:8:43,65,65,13.09,2,152,
3-26,12:8:43,65,65,13.09,2,152,
3-26,12:8:44,66,66,13.11,2,152,
3-26,12:8:44,65,65,13.09,2,152,
3-26,12:8:45,63,63,13.05,2,152,
3-26,12:8:45,62,62,13.04,2,152,
3-26,12:8:46,64,64,13.08,2,152,
3-26,12:8:46,63,63,13.11,2,152,
3-26,12:8:47,61,61,13.04,2,152,
3-26,12:8:47,62,62,13.08,2,152,
3-26,12:8:48,61,61,13.05,2,152,
3-26,12:8:48,62,62,13.09,2,152,
3-26,12:8:49,61,61,13.07,2,152,
3-26,12:8:49,61,61,13.09,2,152,
3-26,12:8:50,61,61,13.07,2,152,
3-26,12:8:50,61,61,13.09,2,152,
3-26,12:8:51,59,59,13.04,2,152,
3-26,12:8:51,61,61,13.09,2,152,
3-26,12:8:52,61,61,13.08,2,152,
3-26,12:8:52,61,61,13.1,2,152,
3-26,12:8:53,60,60,13.05,2,152,
3-26,12:8:53,61,61,13.1,2,152,
3-26,12:8:54,60,60,13.08,2,152,
3-26,12:8:54,60,60,13.09,2,152,
3-26,12:8:55,61,61,13.11,2,152,
3-26,12:8:55,58,58,13.05,2,152,
3-26,12:8:56,60,60,13.09,2,152,
3-26,12:8:56,60,60,13.09,2,152,
3-26,12:8:57,60,60,13.09,2,152,
3-26,12:8:57,58,58,13.06,2,152,
3-26,12:8:58,59,59,13.09,2,152,
3-26,12:8:58,60,60,13.12,2,152,
3-26,12:8:59,57,57,13.03,2,152,
3-26,12:8:59,58,58,13.08,2,152,
3-26,12:9:0,59,59,13.08,2,152,
3-26,12:9:0,60,60,13.1,2,152,
3-26,12:9:1,60,60,13.11,2,152,
3-26,12:9:1,58,58,13.06,2,152,
3-26,12:9:2,58,58,13.05,2,152,
3-26,12:9:2,58,58,13.07,2,152,
3-26,12:9:3,59,59,13.08,2,152,
3-26,12:9:3,57,57,13.04,2,152,
3-26,12:9:4,59,59,13.1,2,152,
3-26,12:9:4,60,60,13.06,2,152,
3-26,12:9:5,57,57,13.04,2,152,
3-26,12:9:5,57,57,13.07,2,152,
3-26,12:9:6,57,57,13.06,2,152,
3-26,12:9:6,56,56,13.03,2,152,
3-26,12:9:7,59,59,13.1,2,152,
3-26,12:9:7,57,57,13.05,2,152,
3-26,12:9:8,59,59,13.1,2,152,
3-26,12:9:8,57,57,13.07,2,152,
3-26,12:9:9,58,58,13.08,2,152,
3-26,12:9:9,57,57,13.05,2,152,
3-26,12:9:10,58,58,13.09,2,152,
3-26,12:9:10,57,57,13.06,2,152,
3-26,12:9:11,57,57,13.03,2,152,
3-26,12:9:11,57,57,13.06,2,152,
3-26,12:9:12,56,56,13.02,2,152,
3-26,12:9:12,59,59,13.09,2,152,
3-26,12:9:13,57,57,13.04,2,152,
3-26,12:9:13,57,57,13.05,2,152,
3-26,12:9:14,56,56,13.05,2,152,
3-26,12:9:14,57,57,13.06,2,152,
3-26,12:9:15,60,60,13.14,2,152,
3-26,12:9:15,56,56,13.05,2,152,
3-26,12:9:16,59,59,13.09,2,152,
3-26,12:9:16,58,58,13.07,2,152,
3-26,12:9:17,57,57,13.05,2,152,
3-26,12:9:17,57,57,13.06,2,152,
3-26,12:9:18,57,57,13.07,2,152,
3-26,12:9:18,57,57,13.07,2,152,
3-26,12:9:19,58,58,13.08,2,152,
3-26,12:9:19,57,57,13.08,2,152,
3-26,12:9:20,56,56,13.05,2,152,
3-26,12:9:20,56,56,13.05,2,152,
3-26,12:9:21,56,56,13.05,2,152,
3-26,12:9:21,57,57,13.06,2,152,
3-26,12:9:22,58,58,13.11,2,152,
3-26,12:9:22,57,57,13.05,2,152,
3-26,12:9:23,57,57,13.08,2,152,
3-26,12:9:23,58,58,13.11,2,152,
3-26,12:9:24,56,56,13.07,2,152,
3-26,12:9:24,57,57,13.1,2,152,
3-26,12:9:25,55,55,13.04,2,152,
3-26,12:9:25,57,57,13.1,2,152,
3-26,12:9:26,58,58,13.09,2,152,
3-26,12:9:26,57,57,13.09,2,152,
3-26,12:9:27,57,57,13.08,2,152,
3-26,12:9:27,57,57,13.1,2,152,
3-26,12:9:28,57,57,13.09,2,152,
3-26,12:9:28,55,55,13.05,2,152,
3-26,12:9:29,57,57,13.1,2,152,
3-26,12:9:29,54,54,13.04,2,152,
3-26,12:9:30,57,57,13.11,2,152,
3-26,12:9:30,55,55,13.06,2,152,
3-26,12:9:31,54,54,13.04,2,152,
3-26,12:9:31,56,56,13.07,2,152,
3-26,12:9:32,53,53,13.02,2,152,
3-26,12:9:32,56,56,13.09,2,152,
3-26,12:9:33,56,56,13.09,2,152,
3-26,12:9:33,56,56,13.09,2,152,
3-26,12:9:34,55,55,13.06,2,152,
3-26,12:9:34,56,56,13.11,2,152,
3-26,12:9:35,55,55,13.06,2,152,
3-26,12:9:35,54,54,13.07,2,152,
3-26,12:9:36,56,56,13.07,2,152,
3-26,12:9:36,56,56,13.11,2,152,
3-26,12:9:37,53,53,13.03,2,152,
3-26,12:9:37,54,54,13.06,2,152,
3-26,12:9:38,55,55,13.08,2,152,
3-26,12:9:38,55,55,13.09,2,152,
3-26,12:9:39,55,55,13.1,2,152,
3-26,12:9:39,54,54,13.06,2,152,
3-26,12:9:40,55,55,13.1,2,152,
3-26,12:9:40,54,54,13.06,2,152,
3-26,12:9:41,53,53,13.03,2,152,
3-26,12:9:41,55,55,13.08,2,152,
3-26,12:9:42,55,55,13.09,2,152,
3-26,12:9:42,53,53,13.05,2,152,
3-26,12:9:43,54,54,13.06,2,152,
3-26,12:9:43,54,54,13.07,2,152,
3-26,12:9:44,55,55,13.09,2,152,
3-26,12:9:44,54,54,13.07,2,152,
3-26,12:9:45,55,55,13.08,2,152,
3-26,12:9:45,55,55,13.11,2,152,
3-26,12:9:46,54,54,13.06,2,152,
3-26,12:9:46,52,52,13.02,2,152,
3-26,12:9:47,53,53,13.05,2,152,
3-26,12:9:47,56,56,13.1,2,152,
3-26,12:9:48,55,55,13.09,2,152,
3-26,12:9:48,53,53,13.09,2,152,
3-26,12:9:49,54,54,13.09,2,152,
3-26,12:9:49,55,55,13.1,2,152,
3-26,12:9:50,55,55,13.09,2,152,
3-26,12:9:50,52,52,13.05,2,152,
3-26,12:9:51,54,54,13.08,2,152,
3-26,12:9:51,52,52,13.04,2,152,
3-26,12:9:52,54,54,13.07,2,152,
3-26,12:9:52,54,54,13.09,2,152,
3-26,12:9:53,52,52,13.07,2,152,
3-26,12:9:53,53,53,13.08,2,152,
3-26,12:9:54,54,54,13.06,2,152,
3-26,12:9:54,51,51,13.03,2,152,
3-26,12:9:55,54,54,13.09,2,152,
3-26,12:9:55,54,54,13.1,2,152,
3-26,12:9:56,54,54,13.08,2,152,
3-26,12:9:56,53,53,13.09,2,152,
3-26,12:9:57,51,51,13.03,2,152,
3-26,12:9:57,54,54,13.09,2,152,
3-26,12:9:58,54,54,13.08,2,152,
3-26,12:9:58,54,54,13.08,2,152,
3-26,12:9:59,53,53,13.08,2,152,
3-26,12:9:59,51,51,13.04,2,152,
3-26,12:10:0,54,54,13.08,2,152,
3-26,12:10:0,51,51,13.03,2,152,
3-26,12:10:1,54,54,13.09,2,152,
3-26,12:10:1,52,52,13.05,2,152,
3-26,12:10:2,53,53,13.07,2,152,
3-26,12:10:2,54,54,13.08,2,152,
3-26,12:10:3,53,53,13.06,2,152,
3-26,12:10:3,54,54,13.09,2,152,
3-26,12:10:4,55,55,13.09,2,152,
3-26,12:10:4,55,55,13.08,2,152,
3-26,12:10:5,52,52,13.03,2,152,
3-26,12:10:5,54,54,13.09,2,152,
3-26,12:10:6,54,54,13.05,2,152,
3-26,12:10:6,55,55,13.09,2,152,
3-26,12:10:7,53,53,13.07,2,152,
3-26,12:10:7,53,53,13.07,2,152,
3-26,12:10:8,54,54,13.08,2,152,
3-26,12:10:8,53,53,13.09,2,152,
3-26,12:10:9,53,53,13.07,2,152,
3-26,12:10:9,52,52,13.04,2,152,
3-26,12:10:10,52,52,13.05,2,152,
3-26,12:10:10,55,55,13.09,2,152,
3-26,12:10:11,54,54,13.07,2,152,
3-26,12:10:11,52,52,13.04,2,152,
3-26,12:10:12,54,54,13.09,2,152,
3-26,12:10:12,52,52,13.07,2,152,
3-26,12:10:13,52,52,13.05,2,152,
3-26,12:10:13,52,52,13.05,2,152,
3-26,12:10:14,53,53,13.07,2,152,
3-26,12:10:14,52,52,13.07,2,152,
3-26,12:10:15,54,54,13.11,2,152,
3-26,12:10:15,53,53,13.07,2,152,
3-26,12:10:16,51,51,13.05,2,152,
3-26,12:10:16,52,52,13.08,2,152,
3-26,12:10:17,51,51,13.03,2,152,
3-26,12:10:17,53,53,13.09,2,152,
3-26,12:10:18,51,51,13.05,2,152,
3-26,12:10:18,53,53,13.07,2,152,
3-26,12:10:19,52,52,13.09,2,152,
3-26,12:10:19,54,54,13.08,2,152,
3-26,12:10:20,53,53,13.08,2,152,
3-26,12:10:20,53,53,13.08,2,152,
3-26,12:10:21,53,53,13.09,2,152,
3-26,12:10:21,51,51,13.07,2,152,
3-26,12:10:22,53,53,13.08,2,152,
3-26,12:10:22,51,51,13.06,2,152,
3-26,12:10:23,52,52,13.07,2,152,
3-26,12:10:23,50,50,13.04,2,152,
3-26,12:10:24,52,52,13.08,2,152,
3-26,12:10:24,51,51,13.05,2,152,
3-26,12:10:25,50,50,13.03,2,152,
3-26,12:10:25,50,50,13.06,2,152,
3-26,12:10:26,51,51,13.08,2,152,
3-26,12:10:26,50,50,13.05,2,152,
3-26,12:10:27,51,51,13.07,2,152,
3-26,12:10:27,51,51,13.05,2,152,
3-26,12:10:28,51,51,13.07,2,152,
3-26,12:10:28,51,51,13.08,2,152,
3-26,12:10:29,53,53,13.08,2,152,
3-26,12:10:29,53,53,13.08,2,152,
3-26,12:10:30,51,51,13.07,2,152,
3-26,12:10:30,51,51,13.06,2,152,
3-26,12:10:31,53,53,13.08,2,152,
3-26,12:10:31,51,51,13.06,2,152,
3-26,12:10:32,51,51,13.06,2,152,
3-26,12:10:32,51,51,13.06,2,152,
3-26,12:10:33,54,54,13.09,2,152,
3-26,12:10:33,51,51,13.07,2,152,
3-26,12:10:34,51,51,13.07,2,152,
3-26,12:10:34,51,51,13.06,2,152,
3-26,12:10:35,52,52,13.11,2,152,
3-26,12:10:35,52,52,13.08,2,152,
3-26,12:10:36,52,52,13.09,2,152,
3-26,12:10:36,51,51,13.09,2,152,
3-26,12:10:37,51,51,13.06,2,152,
3-26,12:10:37,50,50,13.05,2,152,
3-26,12:10:38,52,52,13.12,2,152,
3-26,12:10:38,51,51,13.1,2,152,
3-26,12:10:39,52,52,13.1,2,152,
3-26,12:10:39,51,51,13.08,2,152,
3-26,12:10:40,50,50,13.08,2,152,
3-26,12:10:40,51,51,13.07,2,152,
3-26,12:10:41,48,48,13.02,2,152,
3-26,12:10:41,52,52,13.11,2,152,
3-26,12:10:42,52,52,13.09,2,152,
3-26,12:10:42,48,48,13.02,2,152,
3-26,12:10:43,52,52,13.09,2,152,
3-26,12:10:43,50,50,13.07,2,152,
3-26,12:10:44,50,50,13.08,2,152,
3-26,12:10:44,51,51,13.1,2,152,
3-26,12:10:45,52,52,13.11,2,152,
3-26,12:10:45,49,49,13.06,2,152,
3-26,12:10:46,49,49,13.04,2,152,
3-26,12:10:46,48,48,13.03,2,152,
3-26,12:10:47,50,50,13.1,2,152,
3-26,12:10:47,50,50,13.07,2,152,
3-26,12:10:48,50,50,13.07,2,152,
3-26,12:10:48,51,51,13.08,2,152,
3-26,12:10:49,49,49,13.05,2,152,
3-26,12:10:49,49,49,13.07,2,152,
3-26,12:10:50,52,52,13.11,2,152,
3-26,12:10:50,52,52,13.11,2,152,
3-26,12:10:51,49,49,13.05,2,152,
3-26,12:10:51,51,51,13.09,2,152,
3-26,12:10:52,52,52,13.1,2,152,
3-26,12:10:52,48,48,13.04,2,152,
3-26,12:10:53,50,50,13.06,2,152,
3-26,12:10:53,52,52,13.1,2,152,
3-26,12:10:54,50,50,13.06,2,152,
3-26,12:10:54,48,48,13.03,2,152,
3-26,12:10:55,49,49,13.05,2,152,
3-26,12:10:55,51,51,13.07,2,152,
3-26,12:10:56,51,51,13.08,2,152,
3-26,12:10:56,50,50,13.07,2,152,
3-26,12:10:57,49,49,13.05,2,152,
3-26,12:10:57,51,51,13.08,2,152,
3-26,12:10:58,51,51,13.09,2,152,
3-26,12:10:58,49,49,13.06,2,152,
3-26,12:10:59,51,51,13.09,2,152,
3-26,12:10:59,50,50,13.07,2,152,
3-26,12:11:0,51,51,13.09,2,152,
3-26,12:11:0,51,51,13.1,2,152,
3-26,12:11:1,50,50,13.08,2,152,
3-26,12:11:1,50,50,13.07,2,152,
3-26,12:11:2,50,50,13.06,2,152,
3-26,12:11:2,49,49,13.04,2,152,
3-26,12:11:3,51,51,13.1,2,152,
3-26,12:11:3,49,49,13.03,2,152,
3-26,12:11:4,51,51,13.06,2,152,
3-26,12:11:4,51,51,13.07,2,152,
3-26,12:11:5,51,51,13.1,2,152,
3-26,12:11:5,51,51,13.08,2,152,
3-26,12:11:6,52,52,13.08,2,152,
3-26,12:11:6,51,51,13.07,2,152,
3-26,12:11:7,50,50,13.06,2,152,
3-26,12:11:7,50,50,13.07,2,152,
3-26,12:11:8,50,50,13.07,2,152,
3-26,12:11:8,51,51,13.06,2,152,
3-26,12:11:9,51,51,13.07,2,152,
3-26,12:11:9,51,51,13.08,2,152,
3-26,12:11:10,47,47,13.01,2,152,
3-26,12:11:10,51,51,13.07,2,152,
3-26,12:11:11,52,52,13.09,2,152,
3-26,12:11:11,51,51,13.06,2,152,
3-26,12:11:12,50,50,13.06,2,152,
3-26,12:11:12,53,53,13.09,2,152,
3-26,12:11:13,50,50,13.04,2,152,
3-26,12:11:13,49,49,13.05,2,152,
3-26,12:11:14,52,52,13.08,2,152,
3-26,12:11:14,50,50,13.05,2,152,
3-26,12:11:15,52,52,13.1,2,152,
3-26,12:11:15,50,50,13.08,2,152,
3-26,12:11:16,49,49,13.05,2,152,
3-26,12:11:16,52,52,13.1,2,152,
3-26,12:11:17,51,51,13.1,2,152,
3-26,12:11:17,51,51,13.11,2,152,
3-26,12:11:18,52,52,13.12,2,152,
3-26,12:11:18,52,52,13.11,2,152,
3-26,12:11:19,51,51,13.11,2,152,
3-26,12:11:19,52,52,13.12,2,152,
3-26,12:11:20,51,51,13.08,2,152,
3-26,12:11:20,49,49,13.05,2,152,
3-26,12:11:21,49,49,13.04,2,152,
3-26,12:11:21,52,52,13.1,2,152,
3-26,12:11:22,50,50,13.06,2,152,
3-26,12:11:22,50,50,13.05,2,152,
3-26,12:11:23,50,50,13.04,2,152,
3-26,12:11:23,52,52,13.09,2,152,
3-26,12:11:24,52,52,13.08,2,152,
3-26,12:11:24,51,51,13.06,2,152,
3-26,12:11:25,49,49,13.04,2,152,
3-26,12:11:25,50,50,13.06,2,152,
3-26,12:11:26,50,50,13.07,2,152,
3-26,12:11:26,52,52,13.08,2,152,
3-26,12:11:27,47,47,12.99,2,152,
3-26,12:11:27,53,53,13.09,2,152,
3-26,12:11:28,51,51,13.08,2,152,
3-26,12:11:28,49,49,13.03,2,152,
3-26,12:11:29,50,50,13.07,2,152,
3-26,12:11:29,52,52,13.08,2,152,
3-26,12:11:30,52,52,13.09,2,152,
3-26,12:11:30,49,49,13.04,2,152,
3-26,12:11:31,49,49,13.03,2,152,
3-26,12:11:31,51,51,13.08,2,152,
3-26,12:11:32,52,52,13.08,2,152,
3-26,12:11:32,50,50,13.04,2,152,
3-26,12:11:33,51,51,13.07,2,152,
3-26,12:11:33,50,50,13.07,2,152,
3-26,12:11:34,50,50,13.05,2,152,
3-26,12:11:34,52,52,13.09,2,152,
3-26,12:11:35,52,52,13.09,2,152,
3-26,12:11:35,53,53,13.09,2,152,
3-26,12:11:36,53,53,13.1,2,152,
3-26,12:11:36,52,52,13.08,2,152,
3-26,12:11:37,51,51,13.06,2,152,
3-26,12:11:37,53,53,13.08,2,152,
3-26,12:11:38,53,53,13.1,2,152,
3-26,12:11:38,50,50,13.05,2,152,
3-26,12:11:39,52,52,13.09,2,152,
3-26,12:11:39,51,51,13.09,2,152,
3-26,12:11:40,49,49,13.05,2,152,
3-26,12:11:40,50,50,13.06,2,152,
3-26,12:11:41,52,52,13.09,2,152,
3-26,12:11:41,52,52,13.09,2,152,
3-26,12:11:42,48,48,13.01,2,152,
3-26,12:11:42,54,54,13.11,2,152,
3-26,12:11:43,53,53,13.08,2,152,
3-26,12:11:43,53,53,13.09,2,152,
3-26,12:11:44,52,52,13.07,2,152,
3-26,12:11:44,52,52,13.08,2,152,
3-26,12:11:45,49,49,13.04,2,152,
3-26,12:11:45,51,51,13.06,2,152,
3-26,12:11:46,51,51,13.07,2,152,
3-26,12:11:46,51,51,13.07,2,152,
3-26,12:11:47,49,49,13.01,2,152,
3-26,12:11:47,53,53,13.1,2,152,
3-26,12:11:48,52,52,13.07,2,152,
3-26,12:11:48,52,52,13.07,2,152,
3-26,12:11:49,52,52,13.06,2,152,
3-26,12:11:49,52,52,13.07,2,152,
3-26,12:11:50,55,55,13.1,2,152,
3-26,12:11:50,53,53,13.08,2,152,
3-26,12:11:51,52,52,13.06,2,152,
3-26,12:11:51,53,53,13.05,2,152,
3-26,12:11:52,53,53,13.08,2,152,
3-26,12:11:52,52,52,13.05,2,152,
3-26,12:11:53,54,54,13.09,2,152,
3-26,12:11:53,53,53,13.06,2,152,
3-26,12:11:54,53,53,13.06,2,152,
3-26,12:11:54,54,54,13.09,2,152,
3-26,12:11:55,53,53,13.07,2,152,
3-26,12:11:55,53,53,13.05,2,152,
3-26,12:11:56,53,53,13.07,2,152,
3-26,12:11:56,52,52,13.04,2,152,
3-26,12:11:57,54,54,13.08,2,152,
3-26,12:11:57,51,51,13.03,2,152,
3-26,12:11:58,52,52,13.05,2,152,
3-26,12:11:58,53,53,13.07,2,152,
3-26,12:11:59,54,54,13.06,2,152,
3-26,12:11:59,52,52,13.04,2,152,
3-26,12:12:0,52,52,13.05,2,152,
3-26,12:12:0,53,53,13.05,2,152,
3-26,12:12:1,53,53,13.05,2,152,
3-26,12:12:1,55,55,13.11,2,152,
3-26,12:12:2,53,53,13.05,2,152,
3-26,12:12:2,54,54,13.04,2,152,
3-26,12:12:3,53,53,13.05,2,152,
3-26,12:12:3,54,54,13.09,2,152,
3-26,12:12:4,52,52,13.05,2,152,
3-26,12:12:4,55,55,13.09,2,152,
3-26,12:12:5,52,52,13.04,2,152,
3-26,12:12:5,53,53,13.03,2,152,
3-26,12:12:6,54,54,13.05,2,152,
3-26,12:12:6,53,53,13.03,2,152,
3-26,12:12:7,55,55,13.08,2,152,
3-26,12:12:7,54,54,13.05,2,152,
3-26,12:12:8,54,54,13.06,2,152,
3-26,12:12:8,55,55,13.06,2,152,
3-26,12:12:9,54,54,13.05,2,152,
3-26,12:12:9,54,54,13.07,2,152,
3-26,12:12:10,53,53,13.01,2,152,
3-26,12:12:10,54,54,13.04,2,152,
3-26,12:12:11,55,55,13.07,2,152,
3-26,12:12:11,55,55,13.08,2,152,
3-26,12:12:12,54,54,13.03,2,152,
3-26,12:12:12,56,56,13.08,2,152,
3-26,12:12:13,54,54,13.03,2,152,
3-26,12:12:13,56,56,13.08,2,152,
3-26,12:12:14,54,54,13.04,2,152,
3-26,12:12:14,56,56,13.09,2,152,
3-26,12:12:15,55,55,13.05,2,152,
3-26,12:12:15,54,54,13.03,2,152,
3-26,12:12:16,56,56,13.07,2,152,
3-26,12:12:16,55,55,13.06,2,152,
3-26,12:12:17,57,57,13.1,2,152,
3-26,12:12:17,55,55,13.06,2,152,
3-26,12:12:18,57,57,13.09,2,152,
3-26,12:12:18,55,55,13.05,2,152,
3-26,12:12:19,55,55,13.06,2,152,
3-26,12:12:19,57,57,13.1,2,152,
3-26,12:12:20,56,56,13.09,2,152,
3-26,12:12:20,54,54,13.03,2,152,
3-26,12:12:21,54,54,13.02,2,152,
3-26,12:12:21,55,55,13.04,2,152,
3-26,12:12:22,55,55,13.06,2,152,
3-26,12:12:22,56,56,13.07,2,152,
3-26,12:12:23,57,57,13.07,2,152,
3-26,12:12:23,56,56,13.08,2,152,
3-26,12:12:24,56,56,13.05,2,152,
3-26,12:12:24,55,55,13.03,2,152,
3-26,12:12:25,57,57,13.08,2,152,
3-26,12:12:25,56,56,13.06,2,152,
3-26,12:12:26,56,56,13.07,2,152,
3-26,12:12:26,56,56,13.06,2,152,
3-26,12:12:27,55,55,13.06,2,152,
3-26,12:12:27,56,56,13.06,2,152,
3-26,12:12:28,57,57,13.07,2,152,
3-26,12:12:28,56,56,13.06,2,152,
3-26,12:12:29,57,57,13.09,2,152,
3-26,12:12:29,56,56,13.07,2,152,
3-26,12:12:30,57,57,13.11,2,152,
3-26,12:12:30,58,58,13.12,2,152,
3-26,12:12:31,57,57,13.09,2,152,
3-26,12:12:31,57,57,13.08,2,152,
3-26,12:12:32,56,56,13.04,2,152,
3-26,12:12:32,56,56,13.07,2,152,
3-26,12:12:33,57,57,13.09,2,152,
3-26,12:12:33,56,56,13.08,2,152,
3-26,12:12:34,56,56,13.06,2,152,
3-26,12:12:34,56,56,13.07,2,152,
3-26,12:12:35,55,55,13.04,2,152,
3-26,12:12:35,56,56,13.07,2,152,
3-26,12:12:36,55,55,13.03,2,152,
3-26,12:12:36,56,56,13.06,2,152,
3-26,12:12:37,56,56,13.07,2,152,
3-26,12:12:37,55,55,13.06,2,152,
3-26,12:12:38,57,57,13.1,2,152,
3-26,12:12:38,55,55,13.03,2,152,
3-26,12:12:39,54,54,13.04,2,152,
3-26,12:12:39,58,58,13.12,2,152,
3-26,12:12:40,55,55,13.05,2,152,
3-26,12:12:40,54,54,13.02,2,152,
3-26,12:12:41,55,55,13.06,2,152,
3-26,12:12:41,55,55,13.05,2,152,
3-26,12:12:42,57,57,13.09,2,152,
3-26,12:12:42,57,57,13.09,2,152,
3-26,12:12:43,56,56,13.07,2,152,
3-26,12:12:43,55,55,13.05,2,152,
3-26,12:12:44,54,54,13.02,2,152,
3-26,12:12:44,55,55,13.05,2,152,
3-26,12:12:45,57,57,13.07,2,152,
3-26,12:12:45,56,56,13.04,2,152,
3-26,12:12:46,55,55,13.05,2,152,
3-26,12:12:46,57,57,13.1,2,152,
3-26,12:12:47,56,56,13.06,2,152,
3-26,12:12:47,57,57,13.08,2,152,
3-26,12:12:48,55,55,13.07,2,152,
3-26,12:12:48,56,56,13.07,2,152,
3-26,12:12:49,55,55,13.05,2,152,
3-26,12:12:49,56,56,13.08,2,152,
3-26,12:12:50,55,55,13.05,2,152,
3-26,12:12:50,57,57,13.09,2,152,
3-26,12:12:51,55,55,13.05,2,152,
3-26,12:12:51,55,55,13.06,2,152,
3-26,12:12:52,54,54,13.04,2,152,
3-26,12:12:52,56,56,13.09,2,152,
3-26,12:12:53,55,55,13.04,2,152,
3-26,12:12:53,55,55,13.06,2,152,
3-26,12:12:54,56,56,13.07,2,152,
3-26,12:12:54,55,55,13.05,2,152,
3-26,12:12:55,56,56,13.09,2,152,
3-26,12:12:55,55,55,13.05,2,152,
3-26,12:12:56,55,55,13.08,2,152,
3-26,12:12:56,56,56,13.11,2,152,
3-26,12:12:57,56,56,13.09,2,152,
3-26,12:12:57,56,56,13.09,2,152,
3-26,12:12:58,56,56,13.09,2,152,
3-26,12:12:58,52,52,13.03,2,152,
3-26,12:12:59,53,53,13.04,2,152,
3-26,12:12:59,55,55,13.07,2,152,
3-26,12:13:0,54,54,13.05,2,152,
3-26,12:13:0,53,53,13.03,2,152,
3-26,12:13:1,54,54,13.05,2,152,
3-26,12:13:1,54,54,13.06,2,152,
3-26,12:13:2,54,54,13.05,2,152,
3-26,12:13:2,54,54,13.04,2,152,
3-26,12:13:3,54,54,13.05,2,152,
3-26,12:13:3,53,53,13.04,2,152,
3-26,12:13:4,56,56,13.09,2,152,
3-26,12:13:4,55,55,13.08,2,152,
3-26,12:13:5,53,53,13.04,2,152,
3-26,12:13:5,55,55,13.07,2,152,
3-26,12:13:6,54,54,13.07,2,152,
3-26,12:13:6,55,55,13.08,2,152,
3-26,12:13:7,55,55,13.1,2,152,
3-26,12:13:7,54,54,13.08,2,152,
3-26,12:13:8,54,54,13.06,2,152,
3-26,12:13:8,53,53,13.05,2,152,
3-26,12:13:9,56,56,13.11,2,152,
3-26,12:13:9,54,54,13.07,2,152,
3-26,12:13:10,55,55,13.07,2,152,
3-26,12:13:10,53,53,13.06,2,152,
3-26,12:13:11,55,55,13.08,2,152,
3-26,12:13:11,52,52,13.03,2,152,
3-26,12:13:12,57,57,13.09,2,152,
3-26,12:13:12,54,54,13.03,2,152,
3-26,12:13:13,54,54,13.03,2,152,
3-26,12:13:13,55,55,13.02,2,152,
3-26,12:13:14,55,55,13.05,2,152,
3-26,12:13:14,54,54,13.05,2,152,
3-26,12:13:15,55,55,13.06,2,152,
3-26,12:13:15,54,54,13.05,2,152,
3-26,12:13:16,55,55,13.06,2,152,
3-26,12:13:16,55,55,13.05,2,152,
3-26,12:13:17,54,54,13.04,2,152,
3-26,12:13:17,55,55,13.03,2,152,
3-26,12:13:18,56,56,13.06,2,152,
3-26,12:13:18,55,55,13.05,2,152,
3-26,12:13:19,55,55,13.05,2,152,
3-26,12:13:19,55,55,13.05,2,152,
3-26,12:13:20,53,53,13.05,2,152,
3-26,12:13:20,55,55,13.05,2,152,
3-26,12:13:21,55,55,13.04,2,152,
3-26,12:13:21,53,53,13.02,2,152,
3-26,12:13:22,55,55,13.07,2,152,
3-26,12:13:22,53,53,13.03,2,152,
3-26,12:13:23,54,54,13.08,2,152,
3-26,12:13:23,53,53,13.03,2,152,
3-26,12:13:24,54,54,13.06,2,152,
3-26,12:13:24,55,55,13.07,2,152,
3-26,12:13:25,54,54,13.05,2,152,
3-26,12:13:25,54,54,13.05,2,152,
3-26,12:13:26,52,52,13.02,2,152,
3-26,12:13:26,53,53,13.03,2,152,
3-26,12:13:27,55,55,13.09,2,152,
3-26,12:13:27,53,53,13.06,2,152,
3-26,12:13:28,53,53,13.04,2,152,
3-26,12:13:28,53,53,13.04,2,152,
3-26,12:13:29,55,55,13.06,2,152,
3-26,12:13:29,54,54,13.06,2,152,
3-26,12:13:30,53,53,13.07,2,152,
3-26,12:13:30,51,51,12.99,2,152,
3-26,12:13:31,54,54,13.05,2,152,
3-26,12:13:31,52,52,13.02,2,152,
3-26,12:13:32,54,54,13.06,2,152,
3-26,12:13:32,53,53,13.01,2,152,
3-26,12:13:33,53,53,13.02,2,152,
3-26,12:13:33,56,56,13.09,2,152,
3-26,12:13:34,53,53,13.05,2,152,
3-26,12:13:34,53,53,13,2,152,
3-26,12:13:35,52,52,13.01,2,152,
3-26,12:13:35,54,54,13.04,2,152,
3-26,12:13:36,53,53,13.02,2,152,
3-26,12:13:36,54,54,13.04,2,152,
3-26,12:13:37,52,52,13.01,2,152,
3-26,12:13:37,53,53,13.02,2,152,
3-26,12:13:38,54,54,13.05,2,152,
3-26,12:13:38,54,54,13.05,2,152,
3-26,12:13:39,56,56,13.11,2,152,
3-26,12:13:39,55,55,13.07,2,152,
3-26,12:13:40,56,56,13.08,2,152,
3-26,12:13:40,53,53,13.03,2,152,
3-26,12:13:41,54,54,13.03,2,152,
3-26,12:13:41,56,56,13.1,2,152,
3-26,12:13:42,54,54,13.05,2,152,
3-26,12:13:42,55,55,13.06,2,152,
3-26,12:13:43,56,56,13.08,2,152,
3-26,12:13:43,55,55,13.06,2,152,
3-26,12:13:44,55,55,13.06,2,152,
3-26,12:13:44,55,55,13.05,2,152,
3-26,12:13:45,56,56,13.09,2,152,
3-26,12:13:45,54,54,13.03,2,152,
3-26,12:13:46,56,56,13.09,2,152,
3-26,12:13:46,54,54,13.03,2,152,
3-26,12:13:47,54,54,13.03,2,152,
3-26,12:13:47,54,54,13.03,2,152,
3-26,12:13:48,56,56,13.08,2,152,
3-26,12:13:48,54,54,13.04,2,152,
3-26,12:13:49,54,54,13.06,2,152,
3-26,12:13:49,56,56,13.1,2,152,
3-26,12:13:50,55,55,13.07,2,152,
3-26,12:13:50,55,55,13.05,2,152,
3-26,12:13:51,54,54,13.02,2,152,
3-26,12:13:51,51,51,13,2,152,
3-26,12:13:52,54,54,13.03,2,152,
3-26,12:13:52,57,57,13.08,2,152,
3-26,12:13:53,57,57,13.09,2,152,
3-26,12:13:53,55,55,13.06,2,152,
3-26,12:13:54,57,57,13.09,2,152,
3-26,12:13:54,54,54,13.03,2,152,
3-26,12:13:55,54,54,13.05,2,152,
3-26,12:13:55,56,56,13.08,2,152,
3-26,12:13:56,56,56,13.08,2,152,
3-26,12:13:56,56,56,13.09,2,152,
3-26,12:13:57,54,54,13.04,2,152,
3-26,12:13:57,53,53,13.01,2,152,
3-26,12:13:58,57,57,13.09,2,152,
3-26,12:13:58,54,54,13.02,2,152,
3-26,12:13:59,54,54,13.06,2,152,
3-26,12:13:59,55,55,13.05,2,152,
3-26,12:14:0,54,54,13.05,2,152,
3-26,12:14:0,55,55,13.04,2,152,
3-26,12:14:1,55,55,13.03,2,152,
3-26,12:14:1,55,55,13.07,2,152,
3-26,12:14:2,54,54,13.03,2,152,
3-26,12:14:2,56,56,13.07,2,152,
3-26,12:14:3,56,56,13.08,2,152,
3-26,12:14:3,55,55,13.06,2,152,
3-26,12:14:4,55,55,13.04,2,152,
3-26,12:14:4,56,56,13.05,2,152,
3-26,12:14:5,56,56,13.07,2,152,
3-26,12:14:5,55,55,13.05,2,152,
3-26,12:14:6,56,56,13.08,2,152,
3-26,12:14:6,57,57,13.07,2,152,
3-26,12:14:7,55,55,13.03,2,152,
3-26,12:14:7,58,58,13.1,2,152,
3-26,12:14:8,56,56,13.05,2,152,
3-26,12:14:8,57,57,13.08,2,152,
3-26,12:14:9,56,56,13.04,2,152,
3-26,12:14:9,58,58,13.09,2,152,
3-26,12:14:10,57,57,13.06,2,152,
3-26,12:14:10,57,57,13.08,2,152,
3-26,12:14:11,56,56,13.04,2,152,
3-26,12:14:11,57,57,13.06,2,152,
3-26,12:14:12,57,57,13.07,2,152,
3-26,12:14:12,55,55,13.03,2,152,
3-26,12:14:13,56,56,13.06,2,152,
3-26,12:14:13,55,55,13.03,2,152,
3-26,12:14:14,58,58,13.09,2,152,
3-26,12:14:14,56,56,13.04,2,152,
3-26,12:14:15,58,58,13.1,2,152,
3-26,12:14:15,57,57,13.07,2,152,
3-26,12:14:16,57,57,13.05,2,152,
3-26,12:14:16,56,56,13.03,2,152,
3-26,12:14:17,56,56,13.04,2,152,
3-26,12:14:17,57,57,13.06,2,152,
3-26,12:14:18,58,58,13.11,2,152,
3-26,12:14:18,57,57,13.08,2,152,
3-26,12:14:19,56,56,13.03,2,152,
3-26,12:14:19,56,56,13.06,2,152,
3-26,12:14:20,56,56,13.05,2,152,
3-26,12:14:20,57,57,13.05,2,152,
3-26,12:14:21,56,56,13.06,2,152,
3-26,12:14:21,56,56,13.02,2,152,
3-26,12:14:22,56,56,13.02,2,152,
3-26,12:14:22,57,57,13.09,2,152,
3-26,12:14:23,57,57,13.09,2,152,
3-26,12:14:23,58,58,13.09,2,152,
3-26,12:14:24,56,56,13.04,2,152,
3-26,12:14:24,55,55,13.01,2,152,
3-26,12:14:25,58,58,13.08,2,152,
3-26,12:14:25,56,56,13.02,2,152,
3-26,12:14:26,56,56,13.04,2,152,
3-26,12:14:26,56,56,13.04,2,152,
3-26,12:14:27,57,57,13.05,2,152,
3-26,12:14:27,55,55,13.01,2,152,
3-26,12:14:28,58,58,13.08,2,152,
3-26,12:14:28,55,55,13.04,2,152,
3-26,12:14:29,57,57,13.07,2,152,
3-26,12:14:29,56,56,13.04,2,152,
3-26,12:14:30,56,56,13.06,2,152,
3-26,12:14:30,55,55,13.05,2,152,
3-26,12:14:31,56,56,13.06,2,152,
3-26,12:14:31,55,55,13.03,2,152,
3-26,12:14:32,57,57,13.06,2,152,
3-26,12:14:32,56,56,13.04,2,152,
3-26,12:14:33,56,56,13.07,2,152,
3-26,12:14:33,53,53,13,2,152,
3-26,12:14:34,57,57,13.07,2,152,
3-26,12:14:34,55,55,13.05,2,152,
3-26,12:14:35,56,56,13.07,2,152,
3-26,12:14:35,55,55,13.04,2,152,
3-26,12:14:36,56,56,13.06,2,152,
3-26,12:14:36,54,54,13.01,2,152,
3-26,12:14:37,56,56,13.08,2,152,
3-26,12:14:37,57,57,13.07,2,152,
3-26,12:14:38,57,57,13.09,2,152,
3-26,12:14:38,57,57,13.08,2,152,
3-26,12:14:39,55,55,13.04,2,152,
3-26,12:14:39,55,55,13.05,2,152,
3-26,12:14:40,55,55,13.04,2,152,
3-26,12:14:40,54,54,13.03,2,152,
3-26,12:14:41,56,56,13.06,2,152,
3-26,12:14:41,57,57,13.08,2,152,
3-26,12:14:42,55,55,13.01,2,152,
3-26,12:14:42,55,55,13.04,2,152,
3-26,12:14:43,57,57,13.1,2,152,
3-26,12:14:43,54,54,13.02,2,152,
3-26,12:14:44,55,55,13.05,2,152,
3-26,12:14:44,55,55,13.06,2,152,
3-26,12:14:45,55,55,13.06,2,152,
3-26,12:14:45,55,55,13.04,2,152,
3-26,12:14:46,54,54,13.03,2,152,
3-26,12:14:46,55,55,13.05,2,152,
3-26,12:14:47,55,55,13.05,2,152,
3-26,12:14:47,55,55,13.06,2,152,
3-26,12:14:48,56,56,13.04,2,152,
3-26,12:14:48,57,57,13.09,2,152,
3-26,12:14:49,56,56,13.07,2,152,
3-26,12:14:49,57,57,13.09,2,152,
3-26,12:14:50,54,54,13.04,2,152,
3-26,12:14:50,56,56,13.07,2,152,
3-26,12:14:51,54,54,13.02,2,152,
3-26,12:14:51,55,55,13.06,2,152,
3-26,12:14:52,55,55,13.05,2,152,
3-26,12:14:52,54,54,13.04,2,152,
3-26,12:14:53,54,54,13.05,2,152,
3-26,12:14:53,55,55,13.06,2,152,
3-26,12:14:54,55,55,13.05,2,152,
3-26,12:14:54,56,56,13.07,2,152,
3-26,12:14:55,52,52,13,2,152,
3-26,12:14:55,55,55,13.06,2,152,
3-26,12:14:56,54,54,13.03,2,152,
3-26,12:14:56,54,54,13.05,2,152,
3-26,12:14:57,56,56,13.07,2,152,
3-26,12:14:57,55,55,13.06,2,152,
3-26,12:14:58,55,55,13.06,2,152,
3-26,12:14:58,54,54,13.03,2,152,
3-26,12:14:59,56,56,13.08,2,152,
3-26,12:14:59,54,54,13.03,2,152,
3-26,12:15:0,56,56,13.08,2,152,
3-26,12:15:0,56,56,13.07,2,152,
3-26,12:15:1,54,54,13.04,2,152,
3-26,12:15:1,54,54,13.05,2,152,
3-26,12:15:2,55,55,13.04,2,152,
3-26,12:15:2,56,56,13.07,2,152,
3-26,12:15:3,56,56,13.07,2,152,
3-26,12:15:3,56,56,13.08,2,152,
3-26,12:15:4,56,56,13.08,2,152,
3-26,12:15:4,53,53,13.02,2,152,
3-26,12:15:5,54,54,13.06,2,152,
3-26,12:15:5,54,54,13.06,2,152,
3-26,12:15:6,55,55,13.06,2,152,
3-26,12:15:6,55,55,13.08,2,152,
3-26,12:15:7,55,55,13.07,2,152,
3-26,12:15:7,56,56,13.09,2,152,
3-26,12:15:8,54,54,13.05,2,152,
3-26,12:15:8,55,55,13.06,2,152,
3-26,12:15:9,54,54,13.05,2,152,
3-26,12:15:9,53,53,13.04,2,152,
3-26,12:15:10,54,54,13.07,2,152,
3-26,12:15:10,53,53,13.03,2,152,
3-26,12:15:11,54,54,13.06,2,152,
3-26,12:15:11,53,53,13.04,2,152,
3-26,12:15:12,53,53,13.05,2,152,
3-26,12:15:12,53,53,13.06,2,152,
3-26,12:15:13,54,54,13.05,2,152,
3-26,12:15:13,53,53,13.03,2,152,
3-26,12:15:14,53,53,13.02,2,152,
3-26,12:15:14,55,55,13.08,2,152,
3-26,12:15:15,54,54,13.06,2,152,
3-26,12:15:15,54,54,13.07,2,152,
3-26,12:15:16,54,54,13.07,2,152,
3-26,12:15:16,53,53,13.05,2,152,
3-26,12:15:17,53,53,13.03,2,152,
3-26,12:15:17,54,54,13.06,2,152,
3-26,12:15:18,54,54,13.06,2,152,
3-26,12:15:18,53,53,13.03,2,152,
3-26,12:15:19,55,55,13.06,2,152,
3-26,12:15:19,54,54,13.05,2,152,
3-26,12:15:20,53,53,13.02,2,152,
3-26,12:15:20,55,55,13.09,2,152,
3-26,12:15:21,56,56,13.11,2,152,
3-26,12:15:21,56,56,13.1,2,152,
3-26,12:15:22,56,56,13.11,2,152,
3-26,12:15:22,54,54,13.04,2,152,
3-26,12:15:23,54,54,13.06,2,152,
3-26,12:15:23,54,54,13.06,2,152,
3-26,12:15:24,55,55,13.08,2,152,
3-26,12:15:24,54,54,13.06,2,152,
3-26,12:15:25,54,54,13.07,2,152,
3-26,12:15:25,55,55,13.07,2,152,
3-26,12:15:26,53,53,13.05,2,152,
3-26,12:15:26,53,53,13.04,2,152,
3-26,12:15:27,54,54,13.05,2,152,
3-26,12:15:27,55,55,13.07,2,152,
3-26,12:15:28,56,56,13.07,2,152,
3-26,12:15:28,54,54,13.03,2,152,
3-26,12:15:29,54,54,13.06,2,152,
3-26,12:15:29,52,52,13.02,2,152,
3-26,12:15:30,53,53,13.02,2,152,
3-26,12:15:30,55,55,13.07,2,152,
3-26,12:15:31,53,53,13.05,2,152,
3-26,12:15:31,54,54,13.04,2,152,
3-26,12:15:32,54,54,13.07,2,152,
3-26,12:15:32,53,53,13.02,2,152,
3-26,12:15:33,53,53,13.02,2,152,
3-26,12:15:33,55,55,13.07,2,152,
3-26,12:15:34,54,54,13.05,2,152,
3-26,12:15:34,53,53,13.03,2,152,
3-26,12:15:35,54,54,13.04,2,152,
3-26,12:15:35,55,55,13.05,2,152,
3-26,12:15:36,55,55,13.06,2,152,
3-26,12:15:36,53,53,13.02,2,152,
3-26,12:15:37,55,55,13.04,2,152,
3-26,12:15:37,55,55,13.05,2,152,
3-26,12:15:38,54,54,13.02,2,152,
3-26,12:15:38,55,55,13.04,2,152,
3-26,12:15:39,54,54,13.04,2,152,
3-26,12:15:39,55,55,13.05,2,152,
3-26,12:15:40,56,56,13.07,2,152,
3-26,12:15:40,54,54,13.03,2,152,
3-26,12:15:41,55,55,13.07,2,152,
3-26,12:15:41,55,55,13.07,2,152,
3-26,12:15:42,54,54,13.03,2,152,
3-26,12:15:42,53,53,13,2,152,
3-26,12:15:43,55,55,13.06,2,152,
3-26,12:15:43,55,55,13.07,2,152,
3-26,12:15:44,56,56,13.07,2,152,
3-26,12:15:44,54,54,13.05,2,152,
3-26,12:15:45,54,54,13.06,2,152,
3-26,12:15:45,55,55,13.07,2,152,
3-26,12:15:46,56,56,13.07,2,152,
3-26,12:15:46,57,57,13.11,2,152,
3-26,12:15:47,54,54,13.04,2,152,
3-26,12:15:47,56,56,13.07,2,152,
3-26,12:15:48,55,55,13.05,2,152,
3-26,12:15:48,55,55,13.06,2,152,
3-26,12:15:49,53,53,13.02,2,152,
3-26,12:15:49,56,56,13.07,2,152,
3-26,12:15:50,55,55,13.04,2,152,
3-26,12:15:50,54,54,13.04,2,152,
3-26,12:15:51,55,55,13.05,2,152,
3-26,12:15:51,56,56,13.06,2,152,
3-26,12:15:52,54,54,13.04,2,152,
3-26,12:15:52,54,54,13.03,2,152,
3-26,12:15:53,56,56,13.06,2,152,
3-26,12:15:53,56,56,13.06,2,152,
3-26,12:15:54,56,56,13.07,2,152,
3-26,12:15:54,56,56,13.07,2,152,
3-26,12:15:55,55,55,13.04,2,152,
3-26,12:15:55,57,57,13.08,2,152,
3-26,12:15:56,56,56,13.05,2,152,
3-26,12:15:56,56,56,13.07,2,152,
3-26,12:15:57,54,54,13.01,2,152,
3-26,12:15:57,55,55,13.05,2,152,
3-26,12:15:58,56,56,13.07,2,152,
3-26,12:15:58,55,55,13.05,2,152,
3-26,12:15:59,54,54,13.03,2,152,
3-26,12:15:59,56,56,13.04,2,152,
3-26,12:16:0,57,57,13.06,2,152,
3-26,12:16:0,53,53,13.01,2,152,
3-26,12:16:1,54,54,13.02,2,152,
3-26,12:16:1,56,56,13.04,2,152,
3-26,12:16:2,57,57,13.05,2,152,
3-26,12:16:2,57,57,13.05,2,152,
3-26,12:16:3,57,57,13.03,2,152,
3-26,12:16:3,55,55,13.01,2,152,
3-26,12:16:4,56,56,13.06,2,152,
3-26,12:16:4,56,56,13.03,2,152,
3-26,12:16:5,58,58,13.08,2,152,
3-26,12:16:5,57,57,13.04,2,152,
3-26,12:16:6,56,56,13.07,2,152,
3-26,12:16:6,58,58,13.08,2,152,
3-26,12:16:7,57,57,13.05,2,152,
3-26,12:16:7,55,55,13.01,2,152,
3-26,12:16:8,55,55,13.01,2,152,
3-26,12:16:8,57,57,13.06,2,152,
3-26,12:16:9,58,58,13.07,2,152,
3-26,12:16:9,57,57,13.05,2,152,
3-26,12:16:10,58,58,13.09,2,152,
3-26,12:16:10,58,58,13.07,2,152,
3-26,12:16:11,57,57,13.04,2,152,
3-26,12:16:11,58,58,13.07,2,152,
3-26,12:16:12,58,58,13.08,2,152,
3-26,12:16:12,56,56,13,2,152,
3-26,12:16:13,56,56,13.02,2,152,
3-26,12:16:13,58,58,13.07,2,152,
3-26,12:16:14,56,56,13.01,2,152,
3-26,12:16:14,57,57,13.05,2,152,
3-26,12:16:15,56,56,13.02,2,152,
3-26,12:16:15,56,56,13.02,2,152,
3-26,12:16:16,57,57,13.04,2,152,
3-26,12:16:16,59,59,13.09,2,152,
3-26,12:16:17,56,56,13.03,2,152,
3-26,12:16:17,59,59,13.09,2,152,
3-26,12:16:18,57,57,13.02,2,152,
3-26,12:16:18,59,59,13.09,2,152,
3-26,12:16:19,59,59,13.04,2,152,
3-26,12:16:19,59,59,13.08,2,152,
3-26,12:16:20,58,58,13.04,2,152,
3-26,12:16:20,59,59,13.07,2,152,
3-26,12:16:21,56,56,13.01,2,152,
3-26,12:16:21,59,59,13.07,2,152,
3-26,12:16:22,56,56,13.03,2,152,
3-26,12:16:22,59,59,13.09,2,152,
3-26,12:16:23,58,58,13.07,2,152,
3-26,12:16:23,57,57,13.04,2,152,
3-26,12:16:24,58,58,13.06,2,152,
3-26,12:16:24,58,58,13.05,2,152,
3-26,12:16:25,58,58,13.05,2,152,
3-26,12:16:25,58,58,13.05,2,152,
3-26,12:16:26,57,57,13.06,2,152,
3-26,12:16:26,59,59,13.05,2,152,
3-26,12:16:27,58,58,13.05,2,152,
3-26,12:16:27,58,58,13.07,2,152,
3-26,12:16:28,58,58,13.06,2,152,
3-26,12:16:28,58,58,13.05,2,152,
3-26,12:16:29,57,57,13.03,2,152,
3-26,12:16:29,58,58,13.09,2,152,
3-26,12:16:30,57,57,13.04,2,152,
3-26,12:16:30,56,56,13,2,152,
3-26,12:16:31,56,56,13.05,2,152,
3-26,12:16:31,58,58,13.08,2,152,
3-26,12:16:32,58,58,13.04,2,152,
3-26,12:16:32,59,59,13.1,2,152,
3-26,12:16:33,58,58,13.07,2,152,
3-26,12:16:33,57,57,13.05,2,152,
3-26,12:16:34,58,58,13.06,2,152,
3-26,12:16:34,58,58,13.07,2,152,
3-26,12:16:35,57,57,13.09,2,152,
3-26,12:16:35,58,58,13.08,2,152,
3-26,12:16:36,58,58,13.07,2,152,
3-26,12:16:36,57,57,13.05,2,152,
3-26,12:16:37,56,56,13.03,2,152,
3-26,12:16:37,57,57,13.07,2,152,
3-26,12:16:38,58,58,13.07,2,152,
3-26,12:16:38,57,57,13.05,2,152,
3-26,12:16:39,58,58,13.06,2,152,
3-26,12:16:39,59,59,13.08,2,152,
3-26,12:16:40,58,58,13.07,2,152,
3-26,12:16:40,58,58,13.07,2,152,
3-26,12:16:41,57,57,13.04,2,152,
3-26,12:16:41,58,58,13.08,2,152,
3-26,12:16:42,58,58,13.05,2,152,
3-26,12:16:42,57,57,13.05,2,152,
3-26,12:16:43,56,56,13.03,2,152,
3-26,12:16:43,58,58,13.05,2,152,
3-26,12:16:44,58,58,13.06,2,152,
3-26,12:16:44,59,59,13.1,2,152,
3-26,12:16:45,57,57,13.04,2,152,
3-26,12:16:45,58,58,13.04,2,152,
3-26,12:16:46,57,57,13.06,2,152,
3-26,12:16:46,58,58,13.05,2,152,
3-26,12:16:47,56,56,13.02,2,152,
3-26,12:16:47,58,58,13.06,2,152,
3-26,12:16:48,58,58,13.05,2,152,
3-26,12:16:48,57,57,13.04,2,152,
3-26,12:16:49,58,58,13.07,2,152,
3-26,12:16:49,57,57,13.03,2,152,
3-26,12:16:50,58,58,13.09,2,152,
3-26,12:16:50,58,58,13.09,2,152,
3-26,12:16:51,56,56,13.02,2,152,
3-26,12:16:51,58,58,13.05,2,152,
3-26,12:16:52,58,58,13.06,2,152,
3-26,12:16:52,58,58,13.06,2,152,
3-26,12:16:53,57,57,13.04,2,152,
3-26,12:16:53,58,58,13.06,2,152,
3-26,12:16:54,57,57,13.05,2,152,
3-26,12:16:54,58,58,13.03,2,152,
3-26,12:16:55,58,58,13.06,2,152,
3-26,12:16:55,58,58,13.06,2,152,
3-26,12:16:56,56,56,13.03,2,152,
3-26,12:16:56,57,57,13.06,2,152,
3-26,12:16:57,59,59,13.09,2,152,
3-26,12:16:57,56,56,13.01,2,152,
3-26,12:16:58,57,57,13.06,2,152,
3-26,12:16:58,57,57,13.06,2,152,
3-26,12:16:59,56,56,13.02,2,152,
3-26,12:16:59,57,57,13.05,2,152,
3-26,12:17:0,56,56,13.03,2,152,
3-26,12:17:0,58,58,13.07,2,152,
3-26,12:17:1,56,56,13.04,2,152,
3-26,12:17:1,57,57,13.04,2,152,
3-26,12:17:2,57,57,13.09,2,152,
3-26,12:17:2,59,59,13.09,2,152,
3-26,12:17:3,58,58,13.1,2,152,
3-26,12:17:3,56,56,13.04,2,152,
3-26,12:17:4,56,56,13.06,2,152,
3-26,12:17:4,58,58,13.11,2,152,
3-26,12:17:5,57,57,13.06,2,152,
3-26,12:17:5,56,56,13.05,2,152,
3-26,12:17:6,56,56,13.07,2,152,
3-26,12:17:6,57,57,13.08,2,152,
3-26,12:17:7,56,56,13.05,2,152,
3-26,12:17:7,57,57,13.08,2,152,
3-26,12:17:8,56,56,13.05,2,152,
3-26,12:17:8,55,55,13.05,2,152,
3-26,12:17:9,55,55,13.02,2,152,
3-26,12:17:9,57,57,13.09,2,152,
3-26,12:17:10,56,56,13.05,2,152,
3-26,12:17:10,57,57,13.1,2,152,
3-26,12:17:11,57,57,13.08,2,152,
3-26,12:17:11,56,56,13.05,2,152,
3-26,12:17:12,56,56,13.07,2,152,
3-26,12:17:12,54,54,13.02,2,152,
3-26,12:17:13,55,55,13.06,2,152,
3-26,12:17:13,56,56,13.08,2,152,
3-26,12:17:14,56,56,13.09,2,152,
3-26,12:17:14,55,55,13.06,2,152,
3-26,12:17:15,55,55,13.05,2,152,
3-26,12:17:15,55,55,13.07,2,152,
3-26,12:17:16,56,56,13.07,2,152,
3-26,12:17:16,55,55,13.07,2,152,
3-26,12:17:17,54,54,13.07,2,152,
3-26,12:17:17,56,56,13.08,2,152,
3-26,12:17:18,56,56,13.06,2,152,
3-26,12:17:18,56,56,13.1,2,152,
3-26,12:17:19,55,55,13.06,2,152,
3-26,12:17:19,55,55,13.09,2,152,
3-26,12:17:20,55,55,13.08,2,152,
3-26,12:17:20,54,54,13.06,2,152,
3-26,12:17:21,55,55,13.07,2,152,
3-26,12:17:21,54,54,13.05,2,152,
3-26,12:17:22,54,54,13.06,2,152,
3-26,12:17:22,56,56,13.09,2,152,
3-26,12:17:23,54,54,13.05,2,152,
3-26,12:17:23,55,55,13.08,2,152,
3-26,12:17:24,55,55,13.09,2,152,
3-26,12:17:24,56,56,13.09,2,152,
3-26,12:17:25,56,56,13.09,2,152,
3-26,12:17:25,54,54,13.05,2,152,
3-26,12:17:26,54,54,13.06,2,152,
3-26,12:17:26,55,55,13.08,2,152,
3-26,12:17:27,54,54,13.06,2,152,
3-26,12:17:27,52,52,13.02,2,152,
3-26,12:17:28,53,53,13.04,2,152,
3-26,12:17:28,54,54,13.05,2,152,
3-26,12:17:29,53,53,13.06,2,152,
3-26,12:17:29,54,54,13.04,2,152,
3-26,12:17:30,54,54,13.07,2,152,
3-26,12:17:30,56,56,13.1,2,152,
3-26,12:17:31,53,53,13.05,2,152,
3-26,12:17:31,53,53,13.05,2,152,
3-26,12:17:32,54,54,13.07,2,152,
3-26,12:17:32,54,54,13.07,2,152,
3-26,12:17:33,55,55,13.07,2,152,
3-26,12:17:33,55,55,13.08,2,152,
3-26,12:17:34,51,51,13.02,2,152,
3-26,12:17:34,53,53,13.07,2,152,
3-26,12:17:35,54,54,13.06,2,152,
3-26,12:17:35,52,52,13.04,2,152,
3-26,12:17:36,52,52,13.05,2,152,
3-26,12:17:36,50,50,12.99,2,152,
3-26,12:17:37,52,52,13.05,2,152,
3-26,12:17:37,52,52,13.05,2,152,
3-26,12:17:38,53,53,13.05,2,152,
3-26,12:17:38,55,55,13.09,2,152,
3-26,12:17:39,52,52,13.05,2,152,
3-26,12:17:39,52,52,13.05,2,152,
3-26,12:17:40,54,54,13.09,2,152,
3-26,12:17:40,52,52,13.05,2,152,
3-26,12:17:41,52,52,13.04,2,152,
3-26,12:17:41,52,52,13.06,2,152,
3-26,12:17:42,52,52,13.04,2,152,
3-26,12:17:42,54,54,13.08,2,152,
3-26,12:17:43,53,53,13.06,2,152,
3-26,12:17:43,53,53,13.07,2,152,
3-26,12:17:44,52,52,13.06,2,152,
3-26,12:17:44,54,54,13.09,2,152,
3-26,12:17:45,52,52,13.07,2,152,
3-26,12:17:45,53,53,13.08,2,152,
3-26,12:17:46,54,54,13.09,2,152,
3-26,12:17:46,52,52,13.04,2,152,
3-26,12:17:47,54,54,13.09,2,152,
3-26,12:17:47,51,51,13.05,2,152,
3-26,12:17:48,52,52,13.07,2,152,
3-26,12:17:48,53,53,13.08,2,152,
3-26,12:17:49,54,54,13.1,2,152,
3-26,12:17:49,52,52,13.05,2,152,
3-26,12:17:50,51,51,13.04,2,152,
3-26,12:17:50,53,53,13.07,2,152,
3-26,12:17:51,52,52,13.06,2,152,
3-26,12:17:51,53,53,13.08,2,152,
3-26,12:17:52,53,53,13.09,2,152,
3-26,12:17:52,54,54,13.09,2,152,
3-26,12:17:53,53,53,13.06,2,152,
3-26,12:17:53,52,52,13.04,2,152,
3-26,12:17:54,56,56,13.12,2,152,
3-26,12:17:54,54,54,13.08,2,152,
3-26,12:17:55,55,55,13.11,2,152,
3-26,12:17:55,52,52,13.05,2,152,
3-26,12:17:56,54,54,13.08,2,152,
3-26,12:17:56,55,55,13.1,2,152,
3-26,12:17:57,54,54,13.09,2,152,
3-26,12:17:57,53,53,13.06,2,152,
3-26,12:17:58,52,52,13.03,2,152,
3-26,12:17:58,53,53,13.07,2,152,
3-26,12:17:59,53,53,13.08,2,152,
3-26,12:17:59,53,53,13.04,2,152,
3-26,12:18:0,53,53,13.08,2,152,
3-26,12:18:0,56,56,13.12,2,152,
3-26,12:18:1,53,53,13.06,2,152,
3-26,12:18:1,53,53,13.06,2,152,
3-26,12:18:2,53,53,13.07,2,152,
3-26,12:18:2,53,53,13.04,2,152,
3-26,12:18:3,51,51,13.02,2,152,
3-26,12:18:3,54,54,13.06,2,152,
3-26,12:18:4,55,55,13.09,2,152,
3-26,12:18:4,56,56,13.1,2,152,
3-26,12:18:5,54,54,13.06,2,152,
3-26,12:18:5,54,54,13.09,2,152,
3-26,12:18:6,54,54,13.09,2,152,
3-26,12:18:6,52,52,13.06,2,152,
3-26,12:18:7,53,53,13.06,2,152,
3-26,12:18:7,51,51,13.05,2,152,
3-26,12:18:8,52,52,13.04,2,152,
3-26,12:18:8,51,51,13.06,2,152,
3-26,12:18:9,51,51,13.06,2,152,
3-26,12:18:9,52,52,13.09,2,152,
3-26,12:18:10,53,53,13.08,2,152,
3-26,12:18:10,50,50,13.04,2,152,
3-26,12:18:11,50,50,13.05,2,152,
3-26,12:18:11,51,51,13.08,2,152,
3-26,12:18:12,48,48,13.03,2,152,
3-26,12:18:12,53,53,13.08,2,152,
3-26,12:18:13,49,49,13.06,2,152,
3-26,12:18:13,50,50,13.07,2,152,
3-26,12:18:14,52,52,13.09,2,152,
3-26,12:18:14,51,51,13.1,2,152,
3-26,12:18:15,51,51,13.11,2,152,
3-26,12:18:15,49,49,13.05,2,152,
3-26,12:18:16,48,48,13.05,2,152,
3-26,12:18:16,50,50,13.1,2,152,
3-26,12:18:17,47,47,13.05,2,152,
3-26,12:18:17,47,47,13.08,2,152,
3-26,12:18:18,48,48,13.07,2,152,
3-26,12:18:18,48,48,13.07,2,152,
3-26,12:18:19,49,49,13.09,2,152,
3-26,12:18:19,49,49,13.12,2,152,
3-26,12:18:20,49,49,13.1,2,152,
3-26,12:18:20,48,48,13.09,2,152,
3-26,12:18:21,49,49,13.11,2,152,
3-26,12:18:21,49,49,13.11,2,152,
3-26,12:18:22,47,47,13.08,2,152,
3-26,12:18:22,47,47,13.09,2,152,
3-26,12:18:23,44,44,13.07,2,152,
3-26,12:18:23,45,45,13.08,2,152,
3-26,12:18:24,48,48,13.15,2,152,
3-26,12:18:24,46,46,13.12,2,152,
3-26,12:18:25,44,44,13.1,2,152,
3-26,12:18:25,46,46,13.12,2,152,
3-26,12:18:26,44,44,13.1,2,152,
3-26,12:18:26,44,44,13.11,2,152,
3-26,12:18:27,43,43,13.09,2,152,
3-26,12:18:27,44,44,13.12,2,152,
3-26,12:18:28,43,43,13.1,2,152,
3-26,12:18:28,42,42,13.1,2,152,
3-26,12:18:29,41,41,13.1,2,152,
3-26,12:18:29,42,42,13.13,2,152,
3-26,12:18:30,40,40,13.1,2,152,
3-26,12:18:30,41,41,13.12,2,152,
3-26,12:18:31,40,40,13.11,2,152,
3-26,12:18:31,39,39,13.11,2,152,
3-26,12:18:32,41,41,13.17,2,152,
3-26,12:18:32,41,41,13.15,2,152,
3-26,12:18:33,40,40,13.14,2,152,
3-26,12:18:33,40,40,13.16,2,152,
3-26,12:18:34,38,38,13.13,2,152,
3-26,12:18:34,37,37,13.13,2,152,
3-26,12:18:35,35,35,13.09,2,152,
3-26,12:18:35,39,39,13.17,2,152,
3-26,12:18:36,35,35,13.13,2,152,
3-26,12:18:36,35,35,13.12,2,152,
3-26,12:18:37,32,32,13.1,2,152,
3-26,12:18:37,35,35,13.14,2,152,
3-26,12:18:38,34,34,13.13,2,152,
3-26,12:18:38,34,34,13.14,2,152,
3-26,12:18:39,37,37,13.2,2,152,
3-26,12:18:39,31,31,13.11,2,152,
3-26,12:18:40,33,33,13.14,2,152,
3-26,12:18:40,31,31,13.11,2,152,
3-26,12:18:41,31,31,13.14,2,152,
3-26,12:18:41,32,32,13.16,2,152,
3-26,12:18:42,29,29,13.12,2,152,
3-26,12:18:42,33,33,13.17,2,152,
3-26,12:18:43,31,31,13.14,2,152,
3-26,12:18:43,35,35,13.2,2,152,
3-26,12:18:44,32,32,13.17,2,152,
3-26,12:18:44,29,29,13.14,2,152,
3-26,12:18:45,34,34,13.21,2,152,
3-26,12:18:45,30,30,13.16,2,152,
3-26,12:18:46,27,27,13.12,2,152,
3-26,12:18:46,32,32,13.2,2,152,
3-26,12:18:47,29,29,13.17,2,152,
3-26,12:18:47,29,29,13.18,2,152,
3-26,12:18:48,31,31,13.19,2,152,
3-26,12:18:48,25,25,13.14,2,152,
3-26,12:18:49,28,28,13.17,2,152,
3-26,12:18:49,29,29,13.18,2,152,
3-26,12:18:50,28,28,13.16,2,152,
3-26,12:18:50,27,27,13.17,2,152,
3-26,12:18:51,26,26,13.16,2,152,
3-26,12:18:51,26,26,13.16,2,152,
3-26,12:18:52,28,28,13.18,2,152,
3-26,12:18:52,27,27,13.18,2,152,
3-26,12:18:53,23,23,13.14,2,152,
3-26,12:18:53,25,25,13.16,2,152,
3-26,12:18:54,28,28,13.19,2,152,
3-26,12:18:54,26,26,13.18,2,152,
3-26,12:18:55,25,25,13.17,2,152,
3-26,12:18:55,25,25,13.19,2,152,
3-26,12:18:56,24,24,13.18,2,152,
3-26,12:18:56,27,27,13.21,2,152,
3-26,12:18:57,24,24,13.19,2,152,
3-26,12:18:57,24,24,13.19,2,152,
3-26,12:18:58,22,22,13.16,2,152,
3-26,12:18:58,27,27,13.23,2,152,
3-26,12:18:59,22,22,13.16,2,152,
3-26,12:18:59,21,21,13.15,2,152,
3-26,12:19:0,21,21,13.16,2,152,
3-26,12:19:0,22,22,13.17,2,152,
3-26,12:19:1,19,19,13.15,2,152,
3-26,12:19:1,22,22,13.17,2,152,
3-26,12:19:2,21,21,13.17,2,152,
3-26,12:19:2,22,22,13.18,2,152,
3-26,12:19:3,22,22,13.18,2,152,
3-26,12:19:3,19,19,13.15,2,152,
3-26,12:19:4,19,19,13.15,2,152,
3-26,12:19:4,17,17,13.14,2,152,
3-26,12:19:5,18,18,13.15,2,152,
3-26,12:19:5,18,18,13.15,2,152,
3-26,12:19:6,17,17,13.16,2,152,
3-26,12:19:6,20,20,13.17,2,152,
3-26,12:19:7,16,16,13.15,2,152,
3-26,12:19:7,22,22,13.21,2,152,
3-26,12:19:8,20,20,13.18,2,152,
3-26,12:19:8,22,22,13.22,2,152,
3-26,12:19:9,13,13,13.12,2,152,
3-26,12:19:9,16,16,13.17,2,152,
3-26,12:19:10,16,16,13.17,2,152,
3-26,12:19:10,17,17,13.18,2,152,
3-26,12:19:11,20,20,13.19,2,152,
3-26,12:19:11,18,18,13.17,2,152,
3-26,12:19:12,20,20,13.21,2,152,
3-26,12:19:12,21,21,13.2,2,152,
3-26,12:19:13,17,17,13.18,2,152,
3-26,12:19:13,18,18,13.19,2,152,
3-26,12:19:14,15,15,13.15,2,152,
3-26,12:19:14,19,19,13.21,2,152,
3-26,12:19:15,15,15,13.17,2,152,
3-26,12:19:15,18,18,13.18,2,152,
3-26,12:19:16,16,16,13.16,2,152,
3-26,12:19:16,16,16,13.16,2,152,
3-26,12:19:17,14,14,13.17,2,152,
3-26,12:19:17,17,17,13.18,2,152,
3-26,12:19:18,13,13,13.15,2,152,
3-26,12:19:18,19,19,13.21,2,152,
3-26,12:19:19,16,16,13.19,2,152,
3-26,12:19:19,15,15,13.19,2,152,
3-26,12:19:20,17,17,13.21,2,152,
3-26,12:19:20,14,14,13.2,2,152,
3-26,12:19:21,13,13,13.17,2,152,
3-26,12:19:21,18,18,13.22,2,152,
3-26,12:19:22,8,8,13.12,2,152,
3-26,12:19:22,13,13,13.18,2,152,
3-26,12:19:23,17,17,13.22,2,152,
3-26,12:19:23,17,17,13.21,2,152,
3-26,12:19:24,18,18,13.2,2,152,
3-26,12:19:24,17,17,13.2,2,152,
3-26,12:19:25,11,11,13.17,2,152,
3-26,12:19:25,7,7,13.14,2,152,
3-26,12:19:26,9,9,13.16,2,152,
3-26,12:19:26,16,16,13.21,2,152,
3-26,12:19:27,13,13,13.21,2,152,
3-26,12:19:27,11,11,13.17,2,152,
3-26,12:19:28,11,11,13.17,2,152,
3-26,12:19:28,10,10,13.17,2,152,
3-26,12:19:29,8,8,13.15,2,152,
3-26,12:19:29,15,15,13.21,2,152,
3-26,12:19:30,13,13,13.2,2,152,
3-26,12:19:30,2,2,13.11,2,152,
3-26,12:19:31,12,12,13.2,2,152,
3-26,12:19:31,16,16,13.24,2,152,
3-26,12:19:32,11,11,13.18,2,152,
3-26,12:19:32,13,13,13.2,2,152,
3-26,12:19:33,14,14,13.23,2,152,
3-26,12:19:33,11,11,13.18,2,152,
3-26,12:19:34,12,12,13.2,2,152,
3-26,12:19:34,8,8,13.18,2,152,
3-26,12:19:35,14,14,13.24,2,152,
3-26,12:19:35,13,13,13.21,2,152,
3-26,12:19:36,5,5,13.14,2,152,
3-26,12:19:36,13,13,13.22,2,152,
3-26,12:19:37,8,8,13.19,2,152,
3-26,12:19:37,14,14,13.23,2,152,
3-26,12:19:38,12,12,13.21,2,152,
3-26,12:19:38,11,11,13.2,2,152,
3-26,12:19:39,10,10,13.2,2,152,
3-26,12:19:39,13,13,13.22,2,152,
3-26,12:19:40,9,9,13.19,2,152,
3-26,12:19:40,8,8,13.18,2,152,
3-26,12:19:41,14,14,13.25,2,152,
3-26,12:19:41,8,8,13.19,2,152,
3-26,12:19:42,12,12,13.22,2,152,
3-26,12:19:42,10,10,13.19,2,152,
3-26,12:19:43,9,9,13.2,2,152,
3-26,12:19:43,10,10,13.22,2,152,
3-26,12:19:44,12,12,13.24,2,152,
3-26,12:19:44,12,12,13.23,2,152,
3-26,12:19:45,11,11,13.23,2,152,
3-26,12:19:45,8,8,13.2,2,152,
3-26,12:19:46,8,8,13.18,2,152,
3-26,12:19:46,7,7,13.19,2,152,
3-26,12:19:47,9,9,13.21,2,152,
3-26,12:19:47,10,10,13.21,2,152,
3-26,12:19:48,11,11,13.23,2,152,
3-26,12:19:48,9,9,13.21,2,152,
3-26,12:19:49,8,8,13.2,2,152,
3-26,12:19:49,8,8,13.2,2,152,
3-26,12:19:50,3,3,13.14,2,152,
3-26,12:19:50,6,6,13.18,2,152,
3-26,12:19:51,8,8,13.21,2,152,
3-26,12:19:51,5,5,13.18,2,152,
3-26,12:19:52,6,6,13.19,2,152,
3-26,12:19:52,10,10,13.23,2,152,
3-26,12:19:53,11,11,13.23,2,152,
3-26,12:19:53,13,13,13.26,2,152,
3-26,12:19:54,13,13,13.26,2,152,
3-26,12:19:54,13,13,13.26,2,152,
3-26,12:19:55,5,5,13.18,2,152,
3-26,12:19:55,10,10,13.23,2,152,
3-26,12:19:56,9,9,13.22,2,152,
3-26,12:19:56,9,9,13.22,2,152,
3-26,12:19:57,5,5,13.18,2,152,
3-26,12:19:57,8,8,13.22,2,152,
3-26,12:19:58,6,6,13.19,2,152,
3-26,12:19:58,8,8,13.22,2,152,
3-26,12:19:59,7,7,13.21,2,152,
3-26,12:19:59,12,12,13.27,2,152,
3-26,12:20:0,7,7,13.22,2,152,
3-26,12:20:0,7,7,13.21,2,152,
3-26,12:20:1,12,12,13.27,2,152,
3-26,12:20:1,7,7,13.22,2,152,
3-26,12:20:2,1,1,13.15,2,152,
3-26,12:20:2,4,4,13.18,2,152,
3-26,12:20:3,7,7,13.22,2,152,
3-26,12:20:3,10,10,13.24,2,152,
3-26,12:20:4,3,3,13.17,2,152,
3-26,12:20:4,4,4,13.18,2,152,
3-26,12:20:5,6,6,13.18,2,152,
3-26,12:20:5,10,10,13.24,2,152,
3-26,12:20:6,11,11,13.26,2,152,
3-26,12:20:6,8,8,13.23,2,152,
3-26,12:20:7,11,11,13.25,2,152,
3-26,12:20:7,5,5,13.18,2,152,
3-26,12:20:8,8,8,13.23,2,152,
3-26,12:20:8,7,7,13.22,2,152,
3-26,12:20:9,9,9,13.23,2,152,
3-26,12:20:9,6,6,13.2,2,152,
3-26,12:20:10,4,4,13.19,2,152,
3-26,12:20:10,7,7,13.21,2,152,
3-26,12:20:11,15,15,13.3,2,152,
3-26,12:20:11,6,6,13.21,2,152,
3-26,12:20:12,2,2,13.16,2,152,
3-26,12:20:12,6,6,13.21,2,152,
3-26,12:20:13,8,8,13.24,2,152,
3-26,12:20:13,5,5,13.21,2,152,
3-26,12:20:14,2,2,13.17,2,152,
3-26,12:20:14,2,2,13.17,2,152,
3-26,12:20:15,4,4,13.19,2,152,
3-26,12:20:15,3,3,13.18,2,152,
3-26,12:20:16,6,6,13.23,2,152,
3-26,12:20:16,8,8,13.25,2,152,
3-26,12:20:17,3,3,13.19,2,152,
3-26,12:20:17,4,4,13.21,2,152,
3-26,12:20:18,4,4,13.2,2,152,
3-26,12:20:18,5,5,13.21,2,152,
3-26,12:20:19,4,4,13.21,2,152,
3-26,12:20:19,7,7,13.24,2,152,
3-26,12:20:20,5,5,13.22,2,152,
3-26,12:20:20,9,9,13.26,2,152,
3-26,12:20:21,5,5,13.22,2,152,
3-26,12:20:21,4,4,13.19,2,152,
3-26,12:20:22,3,3,13.2,2,152,
3-26,12:20:22,7,7,13.24,2,152,
3-26,12:20:23,3,3,13.21,2,152,
3-26,12:20:23,10,10,13.27,2,152,
3-26,12:20:24,0,0,13.16,2,152,
3-26,12:20:24,6,6,13.22,2,152,
3-26,12:20:25,9,9,13.25,2,152,
3-26,12:20:25,7,7,13.24,2,152,
3-26,12:20:26,3,3,13.19,2,152,
3-26,12:20:26,4,4,13.22,2,152,
3-26,12:20:27,8,8,13.25,2,152,
3-26,12:20:27,8,8,13.26,2,152,
3-26,12:20:28,2,2,13.18,2,152,
3-26,12:20:28,5,5,13.22,2,152,
3-26,12:20:29,3,3,13.2,2,152,
3-26,12:20:29,3,3,13.2,2,152,
3-26,12:20:30,2,2,13.2,2,152,
3-26,12:20:30,1,1,13.19,2,152,
3-26,12:20:31,3,3,13.23,2,152,
3-26,12:20:31,0,0,13.15,2,152,
3-26,12:20:32,7,7,13.25,2,152,
3-26,12:20:32,4,4,13.22,2,152,
3-26,12:20:33,10,10,13.29,2,152,
3-26,12:20:33,5,5,13.23,2,152,
3-26,12:20:34,4,4,13.22,2,152,
3-26,12:20:34,7,7,13.26,2,152,
3-26,12:20:35,3,3,13.23,2,152,
3-26,12:20:35,0,0,13.19,2,152,
3-26,12:20:36,5,5,13.25,2,152,
3-26,12:20:36,0,0,13.18,2,152,
3-26,12:20:37,1,1,13.2,2,152,
3-26,12:20:37,0,0,13.16,2,152,
3-26,12:20:38,4,4,13.23,2,152,
3-26,12:20:38,3,3,13.21,2,152,
3-26,12:20:39,2,2,13.2,2,152,
3-26,12:20:39,8,8,13.28,2,152,
3-26,12:20:40,0,0,13.17,2,152,
3-26,12:20:40,2,2,13.22,2,152,
3-26,12:20:41,1,1,13.19,2,152,
3-26,12:20:41,6,6,13.26,2,152,
3-26,12:20:42,0,0,13.19,2,152,
3-26,12:20:42,5,5,13.25,2,152,
3-26,12:20:43,3,3,13.22,2,152,
3-26,12:20:43,3,3,13.22,2,152,
3-26,12:20:44,5,5,13.25,2,152,
3-26,12:20:44,2,2,13.22,2,152,
3-26,12:20:45,5,5,13.25,2,152,
3-26,12:20:45,6,6,13.28,2,152,
3-26,12:20:46,1,1,13.21,2,152,
3-26,12:20:46,0,0,13.19,2,152,
3-26,12:20:47,4,4,13.24,2,152,
3-26,12:20:47,0,0,13.19,2,152,
3-26,12:20:48,3,3,13.22,2,152,
3-26,12:20:48,7,7,13.27,2,152,
3-26,12:20:49,4,4,13.24,2,152,
3-26,12:20:49,0,0,13.21,2,152,
3-26,12:20:50,7,7,13.26,2,152,
3-26,12:20:50,3,3,13.22,2,152,
3-26,12:20:51,3,3,13.22,2,152,
3-26,12:20:51,1,1,13.21,2,152,
3-26,12:20:52,6,6,13.25,2,152,
3-26,12:20:52,0,0,13.19,2,152,
3-26,12:20:53,2,2,13.21,2,152,
3-26,12:20:53,6,6,13.27,2,152,
3-26,12:20:54,5,5,13.25,2,152,
3-26,12:20:54,0,0,13.18,2,152,
3-26,12:20:55,0,0,13.2,2,152,
3-26,12:20:55,0,0,13.16,2,152,
3-26,12:20:56,4,4,13.24,2,152,
3-26,12:20:56,5,5,13.24,2,152,
3-26,12:20:57,8,8,13.28,2,152,
3-26,12:20:57,6,6,13.24,2,152,
3-26,12:20:58,7,7,13.26,2,152,
3-26,12:20:58,0,0,13.18,2,152,
3-26,12:20:59,0,0,13.19,2,152,
3-26,12:20:59,0,0,13.17,2,152,
3-26,12:21:0,2,2,13.21,2,152,
3-26,12:21:0,0,0,13.18,2,152,
3-26,12:21:1,4,4,13.23,2,152,
3-26,12:21:1,5,5,13.24,2,152,
3-26,12:21:2,0,0,13.19,2,152,
3-26,12:21:2,3,3,13.23,2,152,
3-26,12:21:3,3,3,13.23,2,152,
3-26,12:21:3,0,0,13.19,2,152,
3-26,12:21:4,6,6,13.25,2,152,
3-26,12:21:4,5,5,13.25,2,152,
3-26,12:21:5,1,1,13.19,2,152,
3-26,12:21:5,2,2,13.23,2,152,
3-26,12:21:6,3,3,13.24,2,152,
3-26,12:21:6,0,0,13.18,2,152,
3-26,12:21:7,1,1,13.21,2,152,
3-26,12:21:7,4,4,13.24,2,152,
3-26,12:21:8,4,4,13.24,2,152,
3-26,12:21:8,0,0,13.18,2,152,
3-26,12:21:9,4,4,13.25,2,152,
3-26,12:21:9,3,3,13.23,2,152,
3-26,12:21:10,4,4,13.26,2,152,
3-26,12:21:10,4,4,13.25,2,152,
3-26,12:21:11,4,4,13.27,2,152,
3-26,12:21:11,2,2,13.22,2,152,
3-26,12:21:12,2,2,13.22,2,152,
3-26,12:21:12,0,0,13.2,2,152,
3-26,12:21:13,0,0,13.19,2,152,
3-26,12:21:13,0,0,13.2,2,152,
3-26,12:21:14,1,1,13.22,2,152,
3-26,12:21:14,0,0,13.2,2,152,
3-26,12:21:15,0,0,13.16,2,152,
3-26,12:21:15,4,4,13.24,2,152,
3-26,12:21:16,2,2,13.24,2,152,
3-26,12:21:16,6,6,13.28,2,152,
3-26,12:21:17,4,4,13.26,2,152,
3-26,12:21:17,1,1,13.22,2,152,
3-26,12:21:18,0,0,13.2,2,152,
3-26,12:21:18,3,3,13.23,2,152,
3-26,12:21:19,4,4,13.26,2,152,
3-26,12:21:19,5,5,13.28,2,152,
3-26,12:21:20,0,0,13.2,2,152,
3-26,12:21:20,1,1,13.21,2,152,
3-26,12:21:21,0,0,13.22,2,152,
3-26,12:21:21,2,2,13.24,2,152,
3-26,12:21:22,0,0,13.19,2,152,
3-26,12:21:22,2,2,13.23,2,152,
3-26,12:21:23,1,1,13.24,2,152,
3-26,12:21:23,0,0,13.22,2,152,
3-26,12:21:24,2,2,13.22,2,152,
3-26,12:21:24,0,0,13.2,2,152,
3-26,12:21:25,1,1,13.22,2,152,
3-26,12:21:26,4,4,13.26,2,152,
3-26,12:21:26,0,0,13.21,2,152,
3-26,12:21:27,3,3,13.26,2,152,
3-26,12:21:27,1,1,13.22,2,152,
3-26,12:21:28,0,0,13.18,2,152,
3-26,12:21:28,3,3,13.25,2,152,
3-26,12:21:29,0,0,13.19,2,152,
3-26,12:21:29,3,3,13.23,2,152,
3-26,12:21:30,1,1,13.22,2,152,
3-26,12:21:30,3,3,13.25,2,152,
3-26,12:21:31,4,4,13.25,2,152,
3-26,12:21:31,2,2,13.23,2,152,
3-26,12:21:32,3,3,13.27,2,152,
3-26,12:21:32,3,3,13.24,2,152,
3-26,12:21:33,5,5,13.27,2,152,
3-26,12:21:33,5,5,13.28,2,152,
3-26,12:21:34,0,0,13.2,2,152,
3-26,12:21:34,2,2,13.25,2,152,
3-26,12:21:35,3,3,13.25,2,152,
3-26,12:21:35,0,0,13.2,2,152,
3-26,12:21:36,0,0,13.18,2,152,
3-26,12:21:36,0,0,13.2,2,152,
3-26,12:21:37,0,0,13.2,2,152,
3-26,12:21:37,2,2,13.24,2,152,
3-26,12:21:38,5,5,13.28,2,152,
3-26,12:21:38,2,2,13.23,2,152,
3-26,12:21:39,0,0,13.18,2,152,
3-26,12:21:39,1,1,13.23,2,152,
3-26,12:21:40,0,0,13.2,2,152,
3-26,12:21:40,4,4,13.26,2,152,
3-26,12:21:41,0,0,13.22,2,152,
3-26,12:21:41,1,1,13.22,2,152,
3-26,12:21:42,6,6,13.27,2,152,
3-26,12:21:42,3,3,13.24,2,152,
3-26,12:21:43,6,6,13.28,2,152,
3-26,12:21:43,0,0,13.18,2,152,
3-26,12:21:44,1,1,13.22,2,152,
3-26,12:21:44,3,3,13.25,2,152,
3-26,12:21:45,4,4,13.25,2,152,
3-26,12:21:45,1,1,13.23,2,152,
3-26,12:21:46,3,3,13.25,2,152,
3-26,12:21:46,2,2,13.23,2,152,
3-26,12:21:47,6,6,13.27,2,152,
3-26,12:21:47,1,1,13.21,2,152,
3-26,12:21:48,1,1,13.23,2,152,
3-26,12:21:48,4,4,13.27,2,152,
3-26,12:21:49,6,6,13.29,2,152,
3-26,12:21:49,0,0,13.21,2,152,
3-26,12:21:50,0,0,13.18,2,152,
3-26,12:21:50,8,8,13.3,2,152,
3-26,12:21:51,0,0,13.2,2,152,
3-26,12:21:51,3,3,13.25,2,152,
3-26,12:21:52,7,7,13.29,2,152,
3-26,12:21:52,0,0,13.21,2,152,
3-26,12:21:53,1,1,13.21,2,152,
3-26,12:21:53,0,0,13.18,2,152,
3-26,12:21:54,2,2,13.24,2,152,
3-26,12:21:54,3,3,13.23,2,152,
3-26,12:21:55,0,0,13.17,2,152,
3-26,12:21:55,1,1,13.23,2,152,
3-26,12:21:56,0,0,13.18,2,152,
3-26,12:21:56,0,0,13.2,2,152,
3-26,12:21:57,0,0,13.2,2,152,
3-26,12:21:57,1,1,13.22,2,152,
3-26,12:21:58,3,3,13.27,2,152,
3-26,12:21:58,0,0,13.2,2,152,
3-26,12:21:59,0,0,13.21,2,152,
3-26,12:22:0,6,6,13.28,2,152,
3-26,12:22:0,3,3,13.25,2,152,
3-26,12:22:1,0,0,13.16,2,152,
3-26,12:22:1,0,0,13.21,2,152,
3-26,12:22:2,6,6,13.28,2,152,
3-26,12:22:2,7,7,13.3,2,152,
3-26,12:22:3,0,0,13.22,2,152,
3-26,12:22:3,2,2,13.24,2,152,
3-26,12:22:4,1,1,13.22,2,152,
3-26,12:22:4,0,0,13.16,2,152,
3-26,12:22:5,3,3,13.26,2,152,
3-26,12:22:5,0,0,13.2,2,152,
3-26,12:22:6,0,0,13.22,2,152,
3-26,12:22:6,0,0,13.17,2,152,
3-26,12:22:7,0,0,13.19,2,152,
3-26,12:22:7,0,0,13.18,2,152,
3-26,12:22:8,2,2,13.22,2,152,
3-26,12:22:8,2,2,13.24,2,152,
3-26,12:22:9,2,2,13.25,2,152,
3-26,12:22:9,0,0,13.19,2,152,
3-26,12:22:10,0,0,13.22,2,152,
3-26,12:22:10,4,4,13.26,2,152,
3-26,12:22:11,2,2,13.24,2,152,
3-26,12:22:11,3,3,13.28,2,152,
3-26,12:22:12,5,5,13.27,2,152,
3-26,12:22:12,1,1,13.22,2,152,
3-26,12:22:13,7,7,13.28,2,152,
3-26,12:22:14,3,3,13.25,2,152,
3-26,12:22:14,5,5,13.28,2,152,
3-26,12:22:15,0,0,13.21,2,152,
3-26,12:22:15,3,3,13.24,2,152,
3-26,12:22:16,0,0,13.16,2,152,
3-26,12:22:16,2,2,13.25,2,152,
3-26,12:22:17,5,5,13.27,2,152,
3-26,12:22:17,0,0,13.2,2,152,
3-26,12:22:18,0,0,13.16,2,152,
3-26,12:22:18,0,0,13.18,2,152,
3-26,12:22:19,4,4,13.26,2,152,
3-26,12:22:19,0,0,13.19,2,152,
3-26,12:22:20,0,0,13.21,2,152,
3-26,12:22:20,2,2,13.23,2,152,
3-26,12:22:21,0,0,13.22,2,152,
3-26,12:22:21,3,3,13.25,2,152,
3-26,12:22:22,0,0,13.21,2,152,
3-26,12:22:22,5,5,13.28,2,152,
3-26,12:22:23,4,4,13.26,2,152,
3-26,12:22:23,0,0,13.15,2,152,
3-26,12:22:24,7,7,13.29,2,152,
3-26,12:22:24,3,3,13.26,2,152,
3-26,12:22:25,0,0,13.16,2,152,
3-26,12:22:25,0,0,13.19,2,152,
3-26,12:22:26,0,0,13.18,2,152,
3-26,12:22:26,2,2,13.24,2,152,
3-26,12:22:27,4,4,13.27,2,152,
3-26,12:22:28,0,0,13.18,2,152,
3-26,12:22:28,0,0,13.19,2,152,
3-26,12:22:29,0,0,13.19,2,152,
3-26,12:22:29,2,2,13.23,2,152,
3-26,12:22:30,0,0,13.21,2,152,
3-26,12:22:30,3,3,13.25,2,152,
3-26,12:22:31,5,5,13.27,2,152,
3-26,12:22:31,5,5,13.28,2,152,
3-26,12:22:32,1,1,13.21,2,152,
3-26,12:22:32,3,3,13.25,2,152,
3-26,12:22:33,0,0,13.17,2,152,
3-26,12:22:33,0,0,13.21,2,152,
3-26,12:22:34,0,0,13.18,2,152,
3-26,12:22:34,0,0,13.21,2,152,
3-26,12:22:35,0,0,13.19,2,152,
3-26,12:22:35,4,4,13.27,2,152,
3-26,12:22:36,5,5,13.27,2,152,
3-26,12:22:36,0,0,13.17,2,152,
3-26,12:22:37,0,0,13.21,2,152,
3-26,12:22:37,0,0,13.21,2,152,
3-26,12:22:38,4,4,13.25,2,152,
3-26,12:22:38,7,7,13.31,2,152,
3-26,12:22:39,0,0,13.18,2,152,
3-26,12:22:39,4,4,13.27,2,152,
3-26,12:22:40,0,0,13.18,2,152,
3-26,12:22:40,4,4,13.26,2,152,
3-26,12:22:41,1,1,13.24,2,152,
3-26,12:22:41,0,0,13.2,2,152,
3-26,12:22:42,10,10,13.33,2,152,
3-26,12:22:42,0,0,13.21,2,152,
3-26,12:22:43,0,0,13.19,2,152,
3-26,12:22:43,1,1,13.23,2,152,
3-26,12:22:44,0,0,13.21,2,152,
3-26,12:22:44,4,4,13.27,2,152,
3-26,12:22:45,8,8,13.31,2,152,
3-26,12:22:45,2,2,13.24,2,152,
3-26,12:22:46,6,6,13.27,2,152,
3-26,12:22:46,0,0,13.23,2,152,
3-26,12:22:47,0,0,13.19,2,152,
3-26,12:22:47,0,0,13.21,2,152,
3-26,12:22:48,0,0,13.21,2,152,
3-26,12:22:48,2,2,13.26,2,152,
3-26,12:22:49,0,0,13.19,2,152,
3-26,12:22:49,0,0,13.19,2,152,
3-26,12:22:50,0,0,13.21,2,152,
3-26,12:22:51,0,0,13.21,2,152,
3-26,12:22:51,0,0,13.2,2,152,
3-26,12:22:52,4,4,13.25,2,152,
3-26,12:22:52,1,1,13.22,2,152,
3-26,12:22:53,0,0,13.2,2,152,
3-26,12:22:53,0,0,13.18,2,152,
3-26,12:22:54,0,0,13.2,2,152,
3-26,12:22:54,1,1,13.23,2,152,
3-26,12:22:55,0,0,13.21,2,152,
3-26,12:22:55,0,0,13.23,2,152,
3-26,12:22:56,1,1,13.24,2,152,
3-26,12:22:56,2,2,13.23,2,152,
3-26,12:22:57,0,0,13.19,2,152,
3-26,12:22:57,0,0,13.23,2,152,
3-26,12:22:58,5,5,13.28,2,152,
3-26,12:22:58,2,2,13.25,2,152,
3-26,12:22:59,2,2,13.23,2,152,
3-26,12:22:59,0,0,13.18,2,152,
3-26,12:23:0,1,1,13.24,2,152,
3-26,12:23:0,3,3,13.26,2,152,
3-26,12:23:1,0,0,13.18,2,152,
3-26,12:23:1,0,0,13.21,2,152,
3-26,12:23:2,5,5,13.28,2,152,
3-26,12:23:2,2,2,13.24,2,152,
3-26,12:23:3,10,10,13.33,2,152,
3-26,12:23:3,0,0,13.21,2,152,
3-26,12:23:4,5,5,13.24,2,152,
3-26,12:23:4,10,10,13.26,2,152,
3-26,12:23:5,11,11,13.23,2,152,
3-26,12:23:5,4,4,13.14,2,152,
3-26,12:23:6,15,15,13.2,2,152,
3-26,12:23:6,22,22,13.22,2,152,
3-26,12:23:7,25,25,13.24,2,152,
3-26,12:23:7,22,22,13.18,2,152,
3-26,12:23:8,24,24,13.17,2,152,
3-26,12:23:8,28,28,13.17,2,152,
3-26,12:23:9,33,33,13.21,2,152,
3-26,12:23:9,31,31,13.17,2,152,
3-26,12:23:10,38,38,13.21,2,152,
3-26,12:23:10,44,44,13.26,2,152,
3-26,12:23:11,44,44,13.22,2,152,
3-26,12:23:11,42,42,13.21,2,152,
3-26,12:23:12,44,44,13.14,2,152,
3-26,12:23:12,51,51,13.24,2,152,
3-26,12:23:13,52,52,13.21,2,152,
3-26,12:23:13,50,50,13.13,2,152,
3-26,12:23:14,54,54,13.18,2,152,
3-26,12:23:14,56,56,13.15,2,152,
3-26,12:23:15,57,57,13.17,2,152,
3-26,12:23:15,61,61,13.25,2,152,
3-26,12:23:16,61,61,13.2,2,152,
3-26,12:23:16,62,62,13.14,2,152,
3-26,12:23:17,64,64,13.15,2,152,
3-26,12:23:17,66,66,13.15,2,152,
3-26,12:23:18,67,67,13.19,2,152,
3-26,12:23:18,65,65,13.09,2,152,
3-26,12:23:19,69,69,13.17,2,152,
3-26,12:23:19,70,70,13.19,2,152,
3-26,12:23:20,71,71,13.22,2,152,
3-26,12:23:20,71,71,13.18,2,152,
3-26,12:23:21,70,70,13.11,2,152,
3-26,12:23:21,71,71,13.16,2,152,
3-26,12:23:22,72,72,13.22,2,152,
3-26,12:23:22,71,71,13.18,2,152,
3-26,12:23:23,71,71,13.18,2,152,
3-26,12:23:23,72,72,13.14,2,152,
3-26,12:23:24,71,71,13.17,2,152,
3-26,12:23:24,72,72,13.15,2,152,
3-26,12:23:25,73,73,13.18,2,152,
3-26,12:23:25,72,72,13.12,2,152,
3-26,12:23:26,72,72,13.18,2,152,
3-26,12:23:26,72,72,13.17,2,152,
3-26,12:23:27,72,72,13.17,2,152,
3-26,12:23:27,72,72,13.12,2,152,
3-26,12:23:28,73,73,13.14,2,152,
3-26,12:23:28,72,72,13.15,2,152,
3-26,12:23:29,73,73,13.14,2,152,
3-26,12:23:29,74,74,13.22,2,152,
3-26,12:23:30,74,74,13.21,2,152,
3-26,12:23:30,73,73,13.14,2,152,
3-26,12:23:31,74,74,13.17,2,152,
3-26,12:23:31,73,73,13.2,2,152,
3-26,12:23:32,74,74,13.15,2,152,
3-26,12:23:32,74,74,13.2,2,152,
3-26,12:23:33,73,73,13.11,2,152,
3-26,12:23:33,74,74,13.21,2,152,
3-26,12:23:34,73,73,13.15,2,152,
3-26,12:23:34,74,74,13.29,2,152,
3-26,12:23:35,73,73,13.16,2,152,
3-26,12:23:35,73,73,13.14,2,152,
3-26,12:23:36,73,73,13.16,2,152,
3-26,12:23:36,73,73,13.12,2,152,
3-26,12:23:37,73,73,13.15,2,152,
3-26,12:23:37,74,74,13.15,2,152,
3-26,12:23:38,74,74,13.18,2,152,
3-26,12:23:38,74,74,13.16,2,152,
3-26,12:23:39,74,74,13.12,2,152,
3-26,12:23:39,74,74,13.17,2,152,
3-26,12:23:40,75,75,13.13,2,152,
3-26,12:23:40,74,74,13.1,2,152,
3-26,12:23:41,76,76,13.23,2,152,
3-26,12:23:41,74,74,13.12,2,152,
3-26,12:23:42,74,74,13.14,2,152,
3-26,12:23:42,74,74,13.15,2,152,
3-26,12:23:43,74,74,13.11,2,152,
3-26,12:23:43,75,75,13.2,2,152,
3-26,12:23:44,74,74,13.16,2,152,
3-26,12:23:44,74,74,13.17,2,152,
3-26,12:23:45,74,74,13.16,2,152,
3-26,12:23:45,73,73,13.09,2,152,
3-26,12:23:46,74,74,13.14,2,152,
3-26,12:23:46,74,74,13.16,2,152,
3-26,12:23:47,75,75,13.16,2,152,
3-26,12:23:47,74,74,13.16,2,152,
3-26,12:23:48,75,75,13.15,2,152,
3-26,12:23:48,75,75,13.15,2,152,
3-26,12:23:49,74,74,13.11,2,152,
3-26,12:23:49,75,75,13.12,2,152,
3-26,12:23:50,75,75,13.16,2,152,
3-26,12:23:50,75,75,13.11,2,152,
3-26,12:23:51,76,76,13.18,2,152,
3-26,12:23:51,75,75,13.11,2,152,
3-26,12:23:52,76,76,13.17,2,152,
3-26,12:23:52,76,76,13.15,2,152,
3-26,12:23:53,76,76,13.19,2,152,
3-26,12:23:53,76,76,13.16,2,152,
3-26,12:23:54,75,75,13.17,2,152,
3-26,12:23:54,75,75,13.14,2,152,
3-26,12:23:55,76,76,13.17,2,152,
3-26,12:23:55,75,75,13.16,2,152,
3-26,12:23:56,76,76,13.17,2,152,
3-26,12:23:56,76,76,13.17,2,152,
3-26,12:23:57,76,76,13.18,2,152,
3-26,12:23:57,74,74,13.12,2,152,
3-26,12:23:58,75,75,13.17,2,152,
3-26,12:23:58,75,75,13.12,2,152,
3-26,12:23:59,75,75,13.12,2,152,
3-26,12:23:59,75,75,13.18,2,152,
3-26,12:24:0,76,76,13.21,2,152,
3-26,12:24:0,76,76,13.18,2,152,
3-26,12:24:1,75,75,13.17,2,152,
3-26,12:24:1,75,75,13.12,2,152,
3-26,12:24:2,76,76,13.19,2,152,
3-26,12:24:2,76,76,13.16,2,152,
3-26,12:24:3,76,76,13.17,2,152,
3-26,12:24:3,75,75,13.13,2,152,
3-26,12:24:4,77,77,13.16,2,152,
3-26,12:24:4,77,77,13.15,2,152,
3-26,12:24:5,76,76,13.1,2,152,
3-26,12:24:5,77,77,13.14,2,152,
3-26,12:24:6,77,77,13.16,2,152,
3-26,12:24:6,77,77,13.17,2,152,
3-26,12:24:7,77,77,13.13,2,152,
3-26,12:24:7,77,77,13.16,2,152,
3-26,12:24:8,76,76,13.15,2,152,
3-26,12:24:8,76,76,13.14,2,152,
3-26,12:24:9,76,76,13.14,2,152,
3-26,12:24:9,77,77,13.16,2,152,
3-26,12:24:10,77,77,13.13,2,152,
3-26,12:24:10,77,77,13.19,2,152,
3-26,12:24:11,77,77,13.16,2,152,
3-26,12:24:11,76,76,13.1,2,152,
3-26,12:24:12,77,77,13.17,2,152,
3-26,12:24:12,77,77,13.14,2,152,
3-26,12:24:13,77,77,13.16,2,152,
3-26,12:24:13,77,77,13.15,2,152,
3-26,12:24:14,77,77,13.16,2,152,
3-26,12:24:14,76,76,13.15,2,152,
3-26,12:24:15,76,76,13.13,2,152,
3-26,12:24:15,77,77,13.17,2,152,
3-26,12:24:16,77,77,13.17,2,152,
3-26,12:24:16,77,77,13.14,2,152,
3-26,12:24:17,76,76,13.13,2,152,
3-26,12:24:17,77,77,13.17,2,152,
3-26,12:24:18,77,77,13.08,2,152,
3-26,12:24:18,76,76,13.12,2,152,
3-26,12:24:19,77,77,13.17,2,152,
3-26,12:24:19,77,77,13.16,2,152,
3-26,12:24:20,77,77,13.11,2,152,
3-26,12:24:20,77,77,13.16,2,152,
3-26,12:24:21,77,77,13.14,2,152,
3-26,12:24:21,77,77,13.16,2,152,
3-26,12:24:22,76,76,13.15,2,152,
3-26,12:24:22,75,75,13.12,2,152,
3-26,12:24:23,77,77,13.16,2,152,
3-26,12:24:23,76,76,13.19,2,152,
3-26,12:24:24,76,76,13.16,2,152,
3-26,12:24:24,75,75,13.11,2,152,
3-26,12:24:25,76,76,13.12,2,152,
3-26,12:24:25,76,76,13.17,2,152,
3-26,12:24:26,76,76,13.2,2,152,
3-26,12:24:26,75,75,13.07,2,152,
3-26,12:24:27,76,76,13.11,2,152,
3-26,12:24:27,74,74,13.06,2,152,
3-26,12:24:28,75,75,13.11,2,152,
3-26,12:24:28,75,75,13.16,2,152,
3-26,12:24:29,75,75,13.14,2,152,
3-26,12:24:29,75,75,13.15,2,152,
3-26,12:24:30,75,75,13.16,2,152,
3-26,12:24:30,75,75,13.12,2,152,
3-26,12:24:31,75,75,13.14,2,152,
3-26,12:24:31,74,74,13.08,2,152,
3-26,12:24:32,74,74,13.09,2,152,
3-26,12:24:32,74,74,13.11,2,152,
3-26,12:24:33,74,74,13.14,2,152,
3-26,12:24:33,74,74,13.15,2,152,
3-26,12:24:34,74,74,13.1,2,152,
3-26,12:24:34,73,73,13.09,2,152,
3-26,12:24:35,73,73,13.09,2,152,
3-26,12:24:35,74,74,13.11,2,152,
3-26,12:24:36,73,73,13.12,2,152,
3-26,12:24:36,74,74,13.12,2,152,
3-26,12:24:37,73,73,13.03,2,152,
3-26,12:24:37,73,73,13.06,2,152,
3-26,12:24:38,73,73,13.09,2,152,
3-26,12:24:38,73,73,13.12,2,152,
3-26,12:24:39,73,73,13.11,2,152,
3-26,12:24:39,73,73,13.14,2,152,
3-26,12:24:40,72,72,13.07,2,152,
3-26,12:24:40,72,72,13.09,2,152,
3-26,12:24:41,71,71,13.09,2,152,
3-26,12:24:41,72,72,13.11,2,152,
3-26,12:24:42,72,72,13.09,2,152,
3-26,12:24:42,73,73,13.16,2,152,
3-26,12:24:43,72,72,13.11,2,152,
3-26,12:24:43,72,72,13.1,2,152,
3-26,12:24:44,71,71,13.1,2,152,
3-26,12:24:44,70,70,13.09,2,152,
3-26,12:24:45,70,70,13.08,2,152,
3-26,12:24:45,71,71,13.11,2,152,
3-26,12:24:46,71,71,13.09,2,152,
3-26,12:24:46,69,69,13.05,2,152,
3-26,12:24:47,71,71,13.1,2,152,
3-26,12:24:47,69,69,13.08,2,152,
3-26,12:24:48,69,69,13.06,2,152,
3-26,12:24:48,70,70,13.13,2,152,
3-26,12:24:49,69,69,13.05,2,152,
3-26,12:24:49,70,70,13.09,2,152,
3-26,12:24:50,68,68,13.05,2,152,
3-26,12:24:50,69,69,13.1,2,152,
3-26,12:24:51,70,70,13.11,2,152,
3-26,12:24:51,69,69,13.1,2,152,
3-26,12:24:52,69,69,13.13,2,152,
3-26,12:24:52,69,69,13.11,2,152,
3-26,12:24:53,68,68,13.08,2,152,
3-26,12:24:53,68,68,13.14,2,152,
3-26,12:24:54,67,67,13.07,2,152,
3-26,12:24:54,68,68,13.15,2,152,
3-26,12:24:55,68,68,13.11,2,152,
3-26,12:24:55,67,67,13.08,2,152,
3-26,12:24:56,67,67,13.08,2,152,
3-26,12:24:56,67,67,13.11,2,152,
3-26,12:24:57,67,67,13.12,2,152,
3-26,12:24:57,67,67,13.11,2,152,
3-26,12:24:58,66,66,13.09,2,152,
3-26,12:24:58,66,66,13.09,2,152,
3-26,12:24:59,66,66,13.08,2,152,
3-26,12:24:59,67,67,13.12,2,152,
3-26,12:25:0,66,66,13.11,2,152,
3-26,12:25:0,66,66,13.13,2,152,
3-26,12:25:1,66,66,13.1,2,152,
3-26,12:25:1,66,66,13.08,2,152,
3-26,12:25:2,66,66,13.13,2,152,
3-26,12:25:2,65,65,13.09,2,152,
3-26,12:25:3,65,65,13.11,2,152,
3-26,12:25:3,65,65,13.13,2,152,
3-26,12:25:4,65,65,13.12,2,152,
3-26,12:25:4,64,64,13.1,2,152,
3-26,12:25:5,65,65,13.11,2,152,
3-26,12:25:5,64,64,13.1,2,152,
3-26,12:25:6,65,65,13.12,2,152,
3-26,12:25:6,63,63,13.11,2,152,
3-26,12:25:7,63,63,13.11,2,152,
3-26,12:25:7,64,64,13.11,2,152,
3-26,12:25:8,63,63,13.11,2,152,
3-26,12:25:8,63,63,13.12,2,152,
3-26,12:25:9,62,62,13.08,2,152,
3-26,12:25:9,63,63,13.13,2,152,
3-26,12:25:10,61,61,13.07,2,152,
3-26,12:25:10,61,61,13.08,2,152,
3-26,12:25:11,62,62,13.12,2,152,
3-26,12:25:11,62,62,13.11,2,152,
3-26,12:25:12,61,61,13.09,2,152,
3-26,12:25:12,62,62,13.11,2,152,
3-26,12:25:13,60,60,13.06,2,152,
3-26,12:25:13,62,62,13.12,2,152,
3-26,12:25:14,60,60,13.09,2,152,
3-26,12:25:14,60,60,13.09,2,152,
3-26,12:25:15,60,60,13.08,2,152,
3-26,12:25:15,61,61,13.14,2,152,
3-26,12:25:16,61,61,13.12,2,152,
3-26,12:25:16,60,60,13.09,2,152,
3-26,12:25:17,61,61,13.14,2,152,
3-26,12:25:17,60,60,13.12,2,152,
3-26,12:25:18,57,57,13.06,2,152,
3-26,12:25:18,57,57,13.07,2,152,
3-26,12:25:19,59,59,13.1,2,152,
3-26,12:25:19,57,57,13.07,2,152,
3-26,12:25:20,60,60,13.13,2,152,
3-26,12:25:20,58,58,13.12,2,152,
3-26,12:25:21,58,58,13.14,2,152,
3-26,12:25:21,58,58,13.12,2,152,
3-26,12:25:22,58,58,13.12,2,152,
3-26,12:25:22,58,58,13.11,2,152,
3-26,12:25:23,58,58,13.13,2,152,
3-26,12:25:23,57,57,13.08,2,152,
3-26,12:25:24,56,56,13.11,2,152,
3-26,12:25:24,57,57,13.12,2,152,
3-26,12:25:25,56,56,13.06,2,152,
3-26,12:25:25,56,56,13.08,2,152,
3-26,12:25:26,55,55,13.09,2,152,
3-26,12:25:26,56,56,13.09,2,152,
3-26,12:25:27,56,56,13.1,2,152,
3-26,12:25:27,57,57,13.14,2,152,
3-26,12:25:28,57,57,13.16,2,152,
3-26,12:25:28,55,55,13.1,2,152,
3-26,12:25:29,54,54,13.07,2,152,
3-26,12:25:29,55,55,13.1,2,152,
3-26,12:25:30,55,55,13.1,2,152,
3-26,12:25:30,56,56,13.15,2,152,
3-26,12:25:31,55,55,13.09,2,152,
3-26,12:25:31,54,54,13.11,2,152,
3-26,12:25:32,54,54,13.1,2,152,
3-26,12:25:32,55,55,13.11,2,152,
3-26,12:25:33,56,56,13.15,2,152,
3-26,12:25:33,51,51,13.06,2,152,
3-26,12:25:34,55,55,13.12,2,152,
3-26,12:25:34,54,54,13.1,2,152,
3-26,12:25:35,55,55,13.13,2,152,
3-26,12:25:35,54,54,13.11,2,152,
3-26,12:25:36,53,53,13.08,2,152,
3-26,12:25:36,51,51,13.08,2,152,
3-26,12:25:37,54,54,13.12,2,152,
3-26,12:25:37,53,53,13.12,2,152,
3-26,12:25:38,51,51,13.07,2,152,
3-26,12:25:38,55,55,13.14,2,152,
3-26,12:25:39,52,52,13.11,2,152,
3-26,12:25:39,51,51,13.06,2,152,
3-26,12:25:40,54,54,13.16,2,152,
3-26,12:25:40,53,53,13.09,2,152,
3-26,12:25:41,51,51,13.1,2,152,
3-26,12:25:41,51,51,13.12,2,152,
3-26,12:25:42,52,52,13.1,2,152,
3-26,12:25:42,52,52,13.1,2,152,
3-26,12:25:43,53,53,13.14,2,152,
3-26,12:25:43,50,50,13.09,2,152,
3-26,12:25:44,50,50,13.1,2,152,
3-26,12:25:44,51,51,13.1,2,152,
3-26,12:25:45,52,52,13.11,2,152,
3-26,12:25:45,53,53,13.15,2,152,
3-26,12:25:46,50,50,13.11,2,152,
3-26,12:25:46,51,51,13.09,2,152,
3-26,12:25:47,50,50,13.09,2,152,
3-26,12:25:47,50,50,13.12,2,152,
3-26,12:25:48,51,51,13.12,2,152,
3-26,12:25:48,51,51,13.12,2,152,
3-26,12:25:49,50,50,13.12,2,152,
3-26,12:25:49,52,52,13.13,2,152,
3-26,12:25:50,50,50,13.1,2,152,
3-26,12:25:50,50,50,13.13,2,152,
3-26,12:25:51,48,48,13.09,2,152,
3-26,12:25:51,52,52,13.13,2,152,
3-26,12:25:52,49,49,13.11,2,152,
3-26,12:25:52,49,49,13.1,2,152,
3-26,12:25:53,49,49,13.1,2,152,
3-26,12:25:53,46,46,13.05,2,152,
3-26,12:25:54,50,50,13.12,2,152,
3-26,12:25:54,48,48,13.09,2,152,
3-26,12:25:55,48,48,13.08,2,152,
3-26,12:25:55,49,49,13.1,2,152,
3-26,12:25:56,49,49,13.1,2,152,
3-26,12:25:56,49,49,13.11,2,152,
3-26,12:25:57,47,47,13.09,2,152,
3-26,12:25:57,50,50,13.12,2,152,
3-26,12:25:58,49,49,13.1,2,152,
3-26,12:25:58,47,47,13.08,2,152,
3-26,12:25:59,49,49,13.13,2,152,
3-26,12:25:59,47,47,13.09,2,152,
3-26,12:26:0,49,49,13.11,2,152,
3-26,12:26:0,49,49,13.11,2,152,
3-26,12:26:1,50,50,13.13,2,152,
3-26,12:26:1,48,48,13.07,2,152,
3-26,12:26:2,48,48,13.09,2,152,
3-26,12:26:2,51,51,13.14,2,152,
3-26,12:26:3,50,50,13.14,2,152,
3-26,12:26:3,51,51,13.14,2,152,
3-26,12:26:4,49,49,13.1,2,152,
3-26,12:26:4,48,48,13.1,2,152,
3-26,12:26:5,50,50,13.12,2,152,
3-26,12:26:5,48,48,13.08,2,152,
3-26,12:26:6,50,50,13.12,2,152,
3-26,12:26:6,51,51,13.14,2,152,
3-26,12:26:7,49,49,13.11,2,152,
3-26,12:26:7,49,49,13.1,2,152,
3-26,12:26:8,48,48,13.09,2,152,
3-26,12:26:8,51,51,13.13,2,152,
3-26,12:26:9,50,50,13.13,2,152,
3-26,12:26:9,49,49,13.08,2,152,
3-26,12:26:10,47,47,13.07,2,152,
3-26,12:26:10,49,49,13.1,2,152,
3-26,12:26:11,49,49,13.12,2,152,
3-26,12:26:11,50,50,13.12,2,152,
3-26,12:26:12,49,49,13.08,2,152,
3-26,12:26:12,50,50,13.12,2,152,
3-26,12:26:13,47,47,13.06,2,152,
3-26,12:26:13,49,49,13.11,2,152,
3-26,12:26:14,48,48,13.09,2,152,
3-26,12:26:14,49,49,13.11,2,152,
3-26,12:26:15,48,48,13.09,2,152,
3-26,12:26:15,49,49,13.11,2,152,
3-26,12:26:16,50,50,13.12,2,152,
3-26,12:26:16,48,48,13.09,2,152,
3-26,12:26:17,48,48,13.1,2,152,
3-26,12:26:17,48,48,13.09,2,152,
3-26,12:26:18,49,49,13.12,2,152,
3-26,12:26:18,48,48,13.09,2,152,
3-26,12:26:19,49,49,13.13,2,152,
3-26,12:26:19,47,47,13.08,2,152,
3-26,12:26:20,49,49,13.12,2,152,
3-26,12:26:20,47,47,13.09,2,152,
3-26,12:26:21,48,48,13.1,2,152,
3-26,12:26:21,47,47,13.09,2,152,
3-26,12:26:22,49,49,13.09,2,152,
3-26,12:26:22,47,47,13.09,2,152,
3-26,12:26:23,45,45,13.07,2,152,
3-26,12:26:23,46,46,13.08,2,152,
3-26,12:26:24,46,46,13.07,2,152,
3-26,12:26:24,47,47,13.09,2,152,
3-26,12:26:25,49,49,13.12,2,152,
3-26,12:26:25,49,49,13.11,2,152,
3-26,12:26:26,47,47,13.09,2,152,
3-26,12:26:26,48,48,13.09,2,152,
3-26,12:26:27,47,47,13.09,2,152,
3-26,12:26:27,48,48,13.09,2,152,
3-26,12:26:28,48,48,13.12,2,152,
3-26,12:26:28,44,44,13.06,2,152,
3-26,12:26:29,46,46,13.09,2,152,
3-26,12:26:29,45,45,13.06,2,152,
3-26,12:26:30,47,47,13.1,2,152,
3-26,12:26:30,49,49,13.11,2,152,
3-26,12:26:31,48,48,13.14,2,152,
3-26,12:26:31,47,47,13.09,2,152,
3-26,12:26:32,48,48,13.11,2,152,
3-26,12:26:32,44,44,13.09,2,152,
3-26,12:26:33,46,46,13.09,2,152,
3-26,12:26:33,46,46,13.09,2,152,
3-26,12:26:34,50,50,13.14,2,152,
3-26,12:26:34,50,50,13.14,2,152,
3-26,12:26:35,47,47,13.1,2,152,
3-26,12:26:35,48,48,13.11,2,152,
3-26,12:26:36,49,49,13.11,2,152,
3-26,12:26:36,48,48,13.09,2,152,
3-26,12:26:37,48,48,13.1,2,152,
3-26,12:26:37,47,47,13.09,2,152,
3-26,12:26:38,49,49,13.12,2,152,
3-26,12:26:38,46,46,13.08,2,152,
3-26,12:26:39,48,48,13.09,2,152,
3-26,12:26:39,48,48,13.09,2,152,
3-26,12:26:40,47,47,13.09,2,152,
3-26,12:26:40,47,47,13.08,2,152,
3-26,12:26:41,48,48,13.09,2,152,
3-26,12:26:41,47,47,13.08,2,152,
3-26,12:26:42,48,48,13.09,2,152,
3-26,12:26:42,47,47,13.09,2,152,
3-26,12:26:43,48,48,13.08,2,152,
3-26,12:26:43,49,49,13.1,2,152,
3-26,12:26:44,47,47,13.07,2,152,
3-26,12:26:44,48,48,13.08,2,152,
3-26,12:26:45,49,49,13.11,2,152,
3-26,12:26:45,44,44,13.06,2,152,
3-26,12:26:46,48,48,13.1,2,152,
3-26,12:26:46,48,48,13.09,2,152,
3-26,12:26:47,48,48,13.09,2,152,
3-26,12:26:47,49,49,13.11,2,152,
3-26,12:26:48,47,47,13.09,2,152,
3-26,12:26:48,46,46,13.07,2,152,
3-26,12:26:49,48,48,13.08,2,152,
3-26,12:26:49,45,45,13.04,2,152,
3-26,12:26:50,48,48,13.09,2,152,
3-26,12:26:50,49,49,13.11,2,152,
3-26,12:26:51,47,47,13.08,2,152,
3-26,12:26:51,48,48,13.09,2,152,
3-26,12:26:52,49,49,13.1,2,152,
3-26,12:26:52,46,46,13.06,2,152,
3-26,12:26:53,50,50,13.14,2,152,
3-26,12:26:53,49,49,13.11,2,152,
3-26,12:26:54,46,46,13.08,2,152,
3-26,12:26:54,48,48,13.09,2,152,
3-26,12:26:55,49,49,13.11,2,152,
3-26,12:26:55,49,49,13.09,2,152,
3-26,12:26:56,44,44,13.04,2,152,
3-26,12:26:56,47,47,13.06,2,152,
3-26,12:26:57,48,48,13.09,2,152,
3-26,12:26:57,48,48,13.09,2,152,
3-26,12:26:58,50,50,13.14,2,152,
3-26,12:26:58,49,49,13.1,2,152,
3-26,12:26:59,46,46,13.06,2,152,
3-26,12:26:59,48,48,13.09,2,152,
3-26,12:27:0,47,47,13.09,2,152,
3-26,12:27:0,47,47,13.08,2,152,
3-26,12:27:1,49,49,13.12,2,152,
3-26,12:27:1,46,46,13.07,2,152,
3-26,12:27:2,47,47,13.08,2,152,
3-26,12:27:2,47,47,13.08,2,152,
3-26,12:27:3,45,45,13.07,2,152,
3-26,12:27:3,44,44,13.07,2,152,
3-26,12:27:4,47,47,13.08,2,152,
3-26,12:27:4,47,47,13.08,2,152,
3-26,12:27:5,49,49,13.15,2,152,
3-26,12:27:5,48,48,13.1,2,152,
3-26,12:27:6,45,45,13.1,2,152,
3-26,12:27:6,46,46,13.08,2,152,
3-26,12:27:7,46,46,13.08,2,152,
3-26,12:27:7,46,46,13.08,2,152,
3-26,12:27:8,47,47,13.13,2,152,
3-26,12:27:8,46,46,13.09,2,152,
3-26,12:27:9,48,48,13.12,2,152,
3-26,12:27:9,46,46,13.1,2,152,
3-26,12:27:10,46,46,13.1,2,152,
3-26,12:27:10,47,47,13.08,2,152,
3-26,12:27:11,44,44,13.09,2,152,
3-26,12:27:11,47,47,13.09,2,152,
3-26,12:27:12,48,48,13.14,2,152,
3-26,12:27:12,48,48,13.15,2,152,
3-26,12:27:13,47,47,13.09,2,152,
3-26,12:27:13,46,46,13.08,2,152,
3-26,12:27:14,45,45,13.11,2,152,
3-26,12:27:14,45,45,13.1,2,152,
3-26,12:27:15,45,45,13.07,2,152,
3-26,12:27:15,45,45,13.09,2,152,
3-26,12:27:16,47,47,13.12,2,152,
3-26,12:27:16,44,44,13.06,2,152,
3-26,12:27:17,46,46,13.07,2,152,
3-26,12:27:17,45,45,13.07,2,152,
3-26,12:27:18,48,48,13.1,2,152,
3-26,12:27:18,43,43,13.06,2,152,
3-26,12:27:19,46,46,13.1,2,152,
3-26,12:27:19,47,47,13.08,2,152,
3-26,12:27:20,44,44,13.08,2,152,
3-26,12:27:20,47,47,13.09,2,152,
3-26,12:27:21,47,47,13.09,2,152,
3-26,12:27:21,47,47,13.12,2,152,
3-26,12:27:22,47,47,13.1,2,152,
3-26,12:27:22,45,45,13.09,2,152,
3-26,12:27:23,46,46,13.09,2,152,
3-26,12:27:23,48,48,13.12,2,152,
3-26,12:27:24,45,45,13.07,2,152,
3-26,12:27:24,47,47,13.09,2,152,
3-26,12:27:25,46,46,13.08,2,152,
3-26,12:27:25,45,45,13.08,2,152,
3-26,12:27:26,48,48,13.15,2,152,
3-26,12:27:26,47,47,13.1,2,152,
3-26,12:27:27,48,48,13.14,2,152,
3-26,12:27:27,46,46,13.08,2,152,
3-26,12:27:28,47,47,13.14,2,152,
3-26,12:27:28,45,45,13.09,2,152,
3-26,12:27:29,45,45,13.08,2,152,
3-26,12:27:29,47,47,13.13,2,152,
3-26,12:27:30,44,44,13.06,2,152,
3-26,12:27:30,45,45,13.09,2,152,
3-26,12:27:31,48,48,13.1,2,152,
3-26,12:27:31,48,48,13.12,2,152,
3-26,12:27:32,47,47,13.13,2,152,
3-26,12:27:32,47,47,13.08,2,152,
3-26,12:27:33,46,46,13.1,2,152,
3-26,12:27:33,48,48,13.13,2,152,
3-26,12:27:34,48,48,13.11,2,152,
3-26,12:27:34,46,46,13.09,2,152,
3-26,12:27:35,47,47,13.1,2,152,
3-26,12:27:35,46,46,13.11,2,152,
3-26,12:27:36,48,48,13.13,2,152,
3-26,12:27:36,48,48,13.14,2,152,
3-26,12:27:37,45,45,13.08,2,152,
3-26,12:27:37,48,48,13.1,2,152,
3-26,12:27:38,45,45,13.1,2,152,
3-26,12:27:38,46,46,13.11,2,152,
3-26,12:27:39,44,44,13.08,2,152,
3-26,12:27:39,47,47,13.12,2,152,
3-26,12:27:40,47,47,13.09,2,152,
3-26,12:27:40,49,49,13.16,2,152,
3-26,12:27:41,46,46,13.09,2,152,
3-26,12:27:41,47,47,13.09,2,152,
3-26,12:27:42,46,46,13.12,2,152,
3-26,12:27:42,47,47,13.11,2,152,
3-26,12:27:43,47,47,13.1,2,152,
3-26,12:27:43,49,49,13.12,2,152,
3-26,12:27:44,46,46,13.08,2,152,
3-26,12:27:44,45,45,13.07,2,152,
3-26,12:27:45,48,48,13.13,2,152,
3-26,12:27:45,45,45,13.09,2,152,
3-26,12:27:46,46,46,13.09,2,152,
3-26,12:27:46,46,46,13.1,2,152,
3-26,12:27:47,48,48,13.11,2,152,
3-26,12:27:47,45,45,13.1,2,152,
3-26,12:27:48,47,47,13.12,2,152,
3-26,12:27:48,44,44,13.09,2,152,
3-26,12:27:49,46,46,13.09,2,152,
3-26,12:27:49,47,47,13.09,2,152,
3-26,12:27:50,47,47,13.09,2,152,
3-26,12:27:50,47,47,13.09,2,152,
3-26,12:27:51,45,45,13.1,2,152,
3-26,12:27:51,47,47,13.09,2,152,
3-26,12:27:52,48,48,13.1,2,152,
3-26,12:27:52,48,48,13.1,2,152,
3-26,12:27:53,48,48,13.12,2,152,
3-26,12:27:53,47,47,13.08,2,152,
3-26,12:27:54,45,45,13.09,2,152,
3-26,12:27:54,46,46,13.1,2,152,
3-26,12:27:55,43,43,13.04,2,152,
3-26,12:27:55,47,47,13.09,2,152,
3-26,12:27:56,48,48,13.11,2,152,
3-26,12:27:56,48,48,13.14,2,152,
3-26,12:27:57,45,45,13.09,2,152,
3-26,12:27:57,46,46,13.08,2,152,
3-26,12:27:58,49,49,13.12,2,152,
3-26,12:27:58,47,47,13.08,2,152,
3-26,12:27:59,44,44,13.06,2,152,
3-26,12:27:59,48,48,13.12,2,152,
3-26,12:28:0,46,46,13.1,2,152,
3-26,12:28:0,45,45,13.09,2,152,
3-26,12:28:1,46,46,13.09,2,152,
3-26,12:28:1,44,44,13.08,2,152,
3-26,12:28:2,48,48,13.12,2,152,
3-26,12:28:2,47,47,13.12,2,152,
3-26,12:28:3,48,48,13.11,2,152,
3-26,12:28:3,48,48,13.1,2,152,
3-26,12:28:4,47,47,13.1,2,152,
3-26,12:28:4,46,46,13.07,2,152,
3-26,12:28:5,45,45,13.08,2,152,
3-26,12:28:5,44,44,13.06,2,152,
3-26,12:28:6,44,44,13.07,2,152,
3-26,12:28:6,47,47,13.08,2,152,
3-26,12:28:7,46,46,13.1,2,152,
3-26,12:28:7,46,46,13.07,2,152,
3-26,12:28:8,47,47,13.09,2,152,
3-26,12:28:8,48,48,13.1,2,152,
3-26,12:28:9,47,47,13.09,2,152,
3-26,12:28:9,47,47,13.08,2,152,
3-26,12:28:10,47,47,13.1,2,152,
3-26,12:28:10,45,45,13.05,2,152,
3-26,12:28:11,47,47,13.07,2,152,
3-26,12:28:11,47,47,13.08,2,152,
3-26,12:28:12,48,48,13.12,2,152,
3-26,12:28:12,46,46,13.08,2,152,
3-26,12:28:13,46,46,13.08,2,152,
3-26,12:28:13,44,44,13.04,2,152,
3-26,12:28:14,47,47,13.08,2,152,
3-26,12:28:14,48,48,13.1,2,152,
3-26,12:28:15,49,49,13.09,2,152,
3-26,12:28:15,48,48,13.09,2,152,
3-26,12:28:16,48,48,13.09,2,152,
3-26,12:28:16,48,48,13.08,2,152,
3-26,12:28:17,47,47,13.09,2,152,
3-26,12:28:17,47,47,13.08,2,152,
3-26,12:28:18,47,47,13.09,2,152,
3-26,12:28:18,49,49,13.1,2,152,
3-26,12:28:19,46,46,13.06,2,152,
3-26,12:28:19,47,47,13.09,2,152,
3-26,12:28:20,48,48,13.1,2,152,
3-26,12:28:20,45,45,13.07,2,152,
3-26,12:28:21,49,49,13.12,2,152,
3-26,12:28:21,50,50,13.14,2,152,
3-26,12:28:22,48,48,13.1,2,152,
3-26,12:28:22,48,48,13.08,2,152,
3-26,12:28:23,48,48,13.09,2,152,
3-26,12:28:23,48,48,13.09,2,152,
3-26,12:28:24,46,46,13.09,2,152,
3-26,12:28:24,47,47,13.09,2,152,
3-26,12:28:25,48,48,13.09,2,152,
3-26,12:28:25,46,46,13.08,2,152,
3-26,12:28:26,46,46,13.09,2,152,
3-26,12:28:26,49,49,13.12,2,152,
3-26,12:28:27,47,47,13.1,2,152,
3-26,12:28:27,45,45,13.07,2,152,
3-26,12:28:28,48,48,13.1,2,152,
3-26,12:28:28,47,47,13.09,2,152,
3-26,12:28:29,47,47,13.1,2,152,
3-26,12:28:29,48,48,13.09,2,152,
3-26,12:28:30,48,48,13.11,2,152,
3-26,12:28:30,48,48,13.1,2,152,
3-26,12:28:31,46,46,13.09,2,152,
3-26,12:28:31,46,46,13.1,2,152,
3-26,12:28:32,44,44,13.06,2,152,
3-26,12:28:32,48,48,13.11,2,152,
3-26,12:28:33,48,48,13.09,2,152,
3-26,12:28:33,44,44,13.06,2,152,
3-26,12:28:34,44,44,13.06,2,152,
3-26,12:28:34,45,45,13.07,2,152,
3-26,12:28:35,45,45,13.08,2,152,
3-26,12:28:35,47,47,13.12,2,152,
3-26,12:28:36,47,47,13.08,2,152,
3-26,12:28:36,49,49,13.13,2,152,
3-26,12:28:37,48,48,13.11,2,152,
3-26,12:28:37,46,46,13.09,2,152,
3-26,12:28:38,45,45,13.08,2,152,
3-26,12:28:38,48,48,13.14,2,152,
3-26,12:28:39,47,47,13.09,2,152,
3-26,12:28:39,46,46,13.1,2,152,
3-26,12:28:40,45,45,13.06,2,152,
3-26,12:28:40,43,43,13.05,2,152,
3-26,12:28:41,45,45,13.09,2,152,
3-26,12:28:41,45,45,13.09,2,152,
3-26,12:28:42,46,46,13.11,2,152,
3-26,12:28:42,45,45,13.09,2,152,
3-26,12:28:43,49,49,13.17,2,152,
3-26,12:28:43,43,43,13.06,2,152,
3-26,12:28:44,45,45,13.11,2,152,
3-26,12:28:44,44,44,13.08,2,152,
3-26,12:28:45,47,47,13.09,2,152,
3-26,12:28:45,47,47,13.13,2,152,
3-26,12:28:46,46,46,13.13,2,152,
3-26,12:28:46,45,45,13.1,2,152,
3-26,12:28:47,46,46,13.11,2,152,
3-26,12:28:47,45,45,13.1,2,152,
3-26,12:28:48,46,46,13.11,2,152,
3-26,12:28:48,41,41,13.03,2,152,
3-26,12:28:49,44,44,13.09,2,152,
3-26,12:28:49,46,46,13.08,2,152,
3-26,12:28:50,45,45,13.1,2,152,
3-26,12:28:50,47,47,13.14,2,152,
3-26,12:28:51,44,44,13.1,2,152,
3-26,12:28:51,47,47,13.12,2,152,
3-26,12:28:52,43,43,13.07,2,152,
3-26,12:28:52,45,45,13.09,2,152,
3-26,12:28:53,46,46,13.1,2,152,
3-26,12:28:53,46,46,13.13,2,152,
3-26,12:28:54,46,46,13.09,2,152,
3-26,12:28:54,44,44,13.1,2,152,
3-26,12:28:55,46,46,13.13,2,152,
3-26,12:28:55,47,47,13.13,2,152,
3-26,12:28:56,46,46,13.12,2,152,
3-26,12:28:56,44,44,13.07,2,152,
3-26,12:28:57,45,45,13.1,2,152,
3-26,12:28:57,48,48,13.15,2,152,
3-26,12:28:58,43,43,13.07,2,152,
3-26,12:28:58,44,44,13.1,2,152,
3-26,12:28:59,46,46,13.12,2,152,
3-26,12:28:59,46,46,13.11,2,152,
3-26,12:29:0,47,47,13.12,2,152,
3-26,12:29:0,45,45,13.1,2,152,
3-26,12:29:1,47,47,13.14,2,152,
3-26,12:29:1,44,44,13.09,2,152,
3-26,12:29:2,45,45,13.12,2,152,
3-26,12:29:2,44,44,13.08,2,152,
3-26,12:29:3,44,44,13.07,2,152,
3-26,12:29:3,47,47,13.12,2,152,
3-26,12:29:4,43,43,13.07,2,152,
3-26,12:29:4,47,47,13.13,2,152,
3-26,12:29:5,44,44,13.1,2,152,
3-26,12:29:5,43,43,13.08,2,152,
3-26,12:29:6,47,47,13.1,2,152,
3-26,12:29:6,42,42,13.07,2,152,
3-26,12:29:7,45,45,13.11,2,152,
3-26,12:29:7,45,45,13.12,2,152,
3-26,12:29:8,45,45,13.09,2,152,
3-26,12:29:8,45,45,13.1,2,152,
3-26,12:29:9,46,46,13.12,2,152,
3-26,12:29:9,46,46,13.12,2,152,
3-26,12:29:10,42,42,13.05,2,152,
3-26,12:29:10,47,47,13.1,2,152,
3-26,12:29:11,44,44,13.07,2,152,
3-26,12:29:11,45,45,13.1,2,152,
3-26,12:29:12,44,44,13.08,2,152,
3-26,12:29:12,45,45,13.1,2,152,
3-26,12:29:13,44,44,13.08,2,152,
3-26,12:29:13,45,45,13.1,2,152,
3-26,12:29:14,43,43,13.07,2,152,
3-26,12:29:14,46,46,13.08,2,152,
3-26,12:29:15,46,46,13.11,2,152,
3-26,12:29:15,47,47,13.11,2,152,
3-26,12:29:16,44,44,13.09,2,152,
3-26,12:29:16,47,47,13.12,2,152,
3-26,12:29:17,47,47,13.12,2,152,
3-26,12:29:17,43,43,13.05,2,152,
3-26,12:29:18,46,46,13.11,2,152,
3-26,12:29:18,46,46,13.1,2,152,
3-26,12:29:19,46,46,13.1,2,152,
3-26,12:29:19,44,44,13.08,2,152,
3-26,12:29:20,45,45,13.1,2,152,
3-26,12:29:20,43,43,13.08,2,152,
3-26,12:29:21,47,47,13.1,2,152,
3-26,12:29:21,44,44,13.08,2,152,
3-26,12:29:22,46,46,13.1,2,152,
3-26,12:29:22,45,45,13.12,2,152,
3-26,12:29:23,47,47,13.1,2,152,
3-26,12:29:23,46,46,13.11,2,152,
3-26,12:29:24,45,45,13.09,2,152,
3-26,12:29:24,44,44,13.08,2,152,
3-26,12:29:25,45,45,13.11,2,152,
3-26,12:29:25,48,48,13.14,2,152,
3-26,12:29:26,45,45,13.1,2,152,
3-26,12:29:26,47,47,13.09,2,152,
3-26,12:29:27,45,45,13.1,2,152,
3-26,12:29:27,47,47,13.08,2,152,
3-26,12:29:28,46,46,13.1,2,152,
3-26,12:29:28,48,48,13.13,2,152,
3-26,12:29:29,47,47,13.08,2,152,
3-26,12:29:29,46,46,13.08,2,152,
3-26,12:29:30,48,48,13.12,2,152,
3-26,12:29:30,47,47,13.1,2,152,
3-26,12:29:31,48,48,13.1,2,152,
3-26,12:29:31,45,45,13.07,2,152,
3-26,12:29:32,48,48,13.09,2,152,
3-26,12:29:32,44,44,13.05,2,152,
3-26,12:29:33,50,50,13.1,2,152,
3-26,12:29:33,46,46,13.06,2,152,
3-26,12:29:34,49,49,13.1,2,152,
3-26,12:29:34,50,50,13.13,2,152,
3-26,12:29:35,47,47,13.08,2,152,
3-26,12:29:35,49,49,13.11,2,152,
3-26,12:29:36,48,48,13.1,2,152,
3-26,12:29:36,50,50,13.13,2,152,
3-26,12:29:37,49,49,13.12,2,152,
3-26,12:29:37,46,46,13.05,2,152,
3-26,12:29:38,50,50,13.12,2,152,
3-26,12:29:38,48,48,13.08,2,152,
3-26,12:29:39,49,49,13.11,2,152,
3-26,12:29:39,49,49,13.1,2,152,
3-26,12:29:40,48,48,13.08,2,152,
3-26,12:29:40,47,47,13.09,2,152,
3-26,12:29:41,51,51,13.12,2,152,
3-26,12:29:41,49,49,13.11,2,152,
3-26,12:29:42,48,48,13.09,2,152,
3-26,12:29:42,51,51,13.14,2,152,
3-26,12:29:43,48,48,13.09,2,152,
3-26,12:29:43,49,49,13.1,2,152,
3-26,12:29:44,49,49,13.09,2,152,
3-26,12:29:44,48,48,13.08,2,152,
3-26,12:29:45,50,50,13.13,2,152,
3-26,12:29:45,48,48,13.09,2,152,
3-26,12:29:46,48,48,13.09,2,152,
3-26,12:29:46,47,47,13.07,2,152,
3-26,12:29:47,49,49,13.09,2,152,
3-26,12:29:47,50,50,13.11,2,152,
3-26,12:29:48,47,47,13.07,2,152,
3-26,12:29:48,49,49,13.09,2,152,
3-26,12:29:49,48,48,13.08,2,152,
3-26,12:29:49,48,48,13.09,2,152,
3-26,12:29:50,49,49,13.08,2,152,
3-26,12:29:50,50,50,13.13,2,152,
3-26,12:29:51,49,49,13.09,2,152,
3-26,12:29:51,48,48,13.08,2,152,
3-26,12:29:52,48,48,13.07,2,152,
3-26,12:29:52,48,48,13.07,2,152,
3-26,12:29:53,50,50,13.12,2,152,
3-26,12:29:53,49,49,13.1,2,152,
3-26,12:29:54,48,48,13.07,2,152,
3-26,12:29:54,47,47,13.08,2,152,
3-26,12:29:55,47,47,13.06,2,152,
3-26,12:29:55,49,49,13.09,2,152,
3-26,12:29:56,48,48,13.09,2,152,
3-26,12:29:56,50,50,13.1,2,152,
3-26,12:29:57,49,49,13.08,2,152,
3-26,12:29:57,48,48,13.08,2,152,
3-26,12:29:58,48,48,13.08,2,152,
3-26,12:29:58,49,49,13.1,2,152,
3-26,12:29:59,50,50,13.11,2,152,
3-26,12:29:59,48,48,13.09,2,152,
3-26,12:30:0,50,50,13.11,2,152,
3-26,12:30:0,47,47,13.08,2,152,
3-26,12:30:1,49,49,13.09,2,152,
3-26,12:30:1,48,48,13.1,2,152,
3-26,12:30:2,49,49,13.09,2,152,
3-26,12:30:2,48,48,13.09,2,152,
3-26,12:30:3,47,47,13.06,2,152,
3-26,12:30:3,47,47,13.06,2,152,
3-26,12:30:4,51,51,13.16,2,152,
3-26,12:30:4,47,47,13.07,2,152,
3-26,12:30:5,48,48,13.08,2,152,
3-26,12:30:5,48,48,13.08,2,152,
3-26,12:30:6,49,49,13.1,2,152,
3-26,12:30:6,49,49,13.1,2,152,
3-26,12:30:7,47,47,13.08,2,152,
3-26,12:30:7,47,47,13.07,2,152,
3-26,12:30:8,47,47,13.05,2,152,
3-26,12:30:8,49,49,13.11,2,152,
3-26,12:30:9,49,49,13.09,2,152,
3-26,12:30:9,50,50,13.11,2,152,
3-26,12:30:10,49,49,13.1,2,152,
3-26,12:30:10,47,47,13.06,2,152,
3-26,12:30:11,51,51,13.12,2,152,
3-26,12:30:11,47,47,13.05,2,152,
3-26,12:30:12,48,48,13.09,2,152,
3-26,12:30:12,49,49,13.09,2,152,
3-26,12:30:13,47,47,13.07,2,152,
3-26,12:30:13,48,48,13.08,2,152,
3-26,12:30:14,50,50,13.14,2,152,
3-26,12:30:14,49,49,13.09,2,152,
3-26,12:30:15,46,46,13.06,2,152,
3-26,12:30:15,48,48,13.09,2,152,
3-26,12:30:16,50,50,13.12,2,152,
3-26,12:30:16,46,46,13.06,2,152,
3-26,12:30:17,46,46,13.08,2,152,
3-26,12:30:17,48,48,13.09,2,152,
3-26,12:30:18,48,48,13.09,2,152,
3-26,12:30:18,49,49,13.09,2,152,
3-26,12:30:19,50,50,13.13,2,152,
3-26,12:30:19,50,50,13.12,2,152,
3-26,12:30:20,48,48,13.1,2,152,
3-26,12:30:20,49,49,13.09,2,152,
3-26,12:30:21,48,48,13.08,2,152,
3-26,12:30:21,47,47,13.09,2,152,
3-26,12:30:22,45,45,13.04,2,152,
3-26,12:30:22,48,48,13.09,2,152,
3-26,12:30:23,48,48,13.09,2,152,
3-26,12:30:23,48,48,13.09,2,152,
3-26,12:30:24,49,49,13.12,2,152,
3-26,12:30:24,48,48,13.09,2,152,
3-26,12:30:25,47,47,13.09,2,152,
3-26,12:30:25,46,46,13.06,2,152,
3-26,12:30:26,45,45,13.04,2,152,
3-26,12:30:26,49,49,13.09,2,152,
3-26,12:30:27,49,49,13.13,2,152,
3-26,12:30:27,45,45,13.05,2,152,
3-26,12:30:28,48,48,13.09,2,152,
3-26,12:30:28,47,47,13.08,2,152,
3-26,12:30:29,46,46,13.06,2,152,
3-26,12:30:29,47,47,13.09,2,152,
3-26,12:30:30,49,49,13.12,2,152,
3-26,12:30:30,46,46,13.08,2,152,
3-26,12:30:31,46,46,13.09,2,152,
3-26,12:30:31,44,44,13.03,2,152,
3-26,12:30:32,49,49,13.12,2,152,
3-26,12:30:32,48,48,13.09,2,152,
3-26,12:30:33,45,45,13.06,2,152,
3-26,12:30:33,48,48,13.09,2,152,
3-26,12:30:34,50,50,13.14,2,152,
3-26,12:30:34,48,48,13.09,2,152,
3-26,12:30:35,47,47,13.1,2,152,
3-26,12:30:35,47,47,13.1,2,152,
3-26,12:30:36,46,46,13.09,2,152,
3-26,12:30:36,48,48,13.11,2,152,
3-26,12:30:37,46,46,13.09,2,152,
3-26,12:30:37,48,48,13.12,2,152,
3-26,12:30:38,48,48,13.09,2,152,
3-26,12:30:38,47,47,13.11,2,152,
3-26,12:30:39,46,46,13.1,2,152,
3-26,12:30:39,49,49,13.12,2,152,
3-26,12:30:40,48,48,13.12,2,152,
3-26,12:30:40,45,45,13.06,2,152,
3-26,12:30:41,47,47,13.09,2,152,
3-26,12:30:41,49,49,13.12,2,152,
3-26,12:30:42,45,45,13.07,2,152,
3-26,12:30:42,43,43,13.04,2,152,
3-26,12:30:43,48,48,13.09,2,152,
3-26,12:30:43,45,45,13.07,2,152,
3-26,12:30:44,47,47,13.09,2,152,
3-26,12:30:44,46,46,13.1,2,152,
3-26,12:30:45,50,50,13.15,2,152,
3-26,12:30:45,46,46,13.08,2,152,
3-26,12:30:46,50,50,13.15,2,152,
3-26,12:30:46,48,48,13.11,2,152,
3-26,12:30:47,46,46,13.08,2,152,
3-26,12:30:47,46,46,13.07,2,152,
3-26,12:30:48,47,47,13.11,2,152,
3-26,12:30:48,45,45,13.08,2,152,
3-26,12:30:49,47,47,13.09,2,152,
3-26,12:30:49,47,47,13.1,2,152,
3-26,12:30:50,46,46,13.08,2,152,
3-26,12:30:50,48,48,13.1,2,152,
3-26,12:30:51,46,46,13.08,2,152,
3-26,12:30:51,47,47,13.09,2,152,
3-26,12:30:52,47,47,13.1,2,152,
3-26,12:30:52,51,51,13.16,2,152,
3-26,12:30:53,46,46,13.08,2,152,
3-26,12:30:53,50,50,13.15,2,152,
3-26,12:30:54,48,48,13.09,2,152,
3-26,12:30:54,48,48,13.09,2,152,
3-26,12:30:55,51,51,13.16,2,152,
3-26,12:30:55,49,49,13.11,2,152,
3-26,12:30:56,49,49,13.1,2,152,
3-26,12:30:56,47,47,13.08,2,152,
3-26,12:30:57,49,49,13.1,2,152,
3-26,12:30:57,48,48,13.09,2,152,
3-26,12:30:58,47,47,13.08,2,152,
3-26,12:30:58,51,51,13.13,2,152,
3-26,12:30:59,48,48,13.08,2,152,
3-26,12:30:59,47,47,13.08,2,152,
3-26,12:31:0,46,46,13.06,2,152,
3-26,12:31:0,51,51,13.14,2,152,
3-26,12:31:1,48,48,13.06,2,152,
3-26,12:31:1,49,49,13.11,2,152,
3-26,12:31:2,49,49,13.1,2,152,
3-26,12:31:2,49,49,13.1,2,152,
3-26,12:31:3,49,49,13.1,2,152,
3-26,12:31:3,46,46,13.06,2,152,
3-26,12:31:4,47,47,13.06,2,152,
3-26,12:31:4,50,50,13.11,2,152,
3-26,12:31:5,49,49,13.1,2,152,
3-26,12:31:5,52,52,13.13,2,152,
3-26,12:31:6,48,48,13.09,2,152,
3-26,12:31:6,49,49,13.09,2,152,
3-26,12:31:7,48,48,13.08,2,152,
3-26,12:31:7,49,49,13.11,2,152,
3-26,12:31:8,50,50,13.12,2,152,
3-26,12:31:8,48,48,13.08,2,152,
3-26,12:31:9,51,51,13.14,2,152,
3-26,12:31:9,52,52,13.18,2,152,
3-26,12:31:10,48,48,13.09,2,152,
3-26,12:31:10,50,50,13.11,2,152,
3-26,12:31:11,51,51,13.14,2,152,
3-26,12:31:11,50,50,13.09,2,152,
3-26,12:31:12,49,49,13.09,2,152,
3-26,12:31:12,46,46,13.04,2,152,
3-26,12:31:13,50,50,13.11,2,152,
3-26,12:31:13,49,49,13.09,2,152,
3-26,12:31:14,50,50,13.1,2,152,
3-26,12:31:14,50,50,13.11,2,152,
3-26,12:31:15,51,51,13.15,2,152,
3-26,12:31:15,47,47,13.07,2,152,
3-26,12:31:16,47,47,13.06,2,152,
3-26,12:31:16,51,51,13.12,2,152,
3-26,12:31:17,48,48,13.08,2,152,
3-26,12:31:17,49,49,13.11,2,152,
3-26,12:31:18,50,50,13.11,2,152,
3-26,12:31:18,50,50,13.1,2,152,
3-26,12:31:19,48,48,13.09,2,152,
3-26,12:31:19,48,48,13.09,2,152,
3-26,12:31:20,46,46,13.05,2,152,
3-26,12:31:20,50,50,13.11,2,152,
3-26,12:31:21,49,49,13.11,2,152,
3-26,12:31:21,49,49,13.1,2,152,
3-26,12:31:22,48,48,13.06,2,152,
3-26,12:31:22,51,51,13.12,2,152,
3-26,12:31:23,48,48,13.08,2,152,
3-26,12:31:23,48,48,13.09,2,152,
3-26,12:31:24,48,48,13.08,2,152,
3-26,12:31:24,50,50,13.11,2,152,
3-26,12:31:25,47,47,13.05,2,152,
3-26,12:31:25,49,49,13.1,2,152,
3-26,12:31:26,47,47,13.07,2,152,
3-26,12:31:26,50,50,13.11,2,152,
3-26,12:31:27,48,48,13.08,2,152,
3-26,12:31:27,50,50,13.12,2,152,
3-26,12:31:28,48,48,13.07,2,152,
3-26,12:31:28,49,49,13.1,2,152,
3-26,12:31:29,48,48,13.09,2,152,
3-26,12:31:29,50,50,13.11,2,152,
3-26,12:31:30,47,47,13.04,2,152,
3-26,12:31:30,50,50,13.09,2,152,
3-26,12:31:31,49,49,13.09,2,152,
3-26,12:31:31,47,47,13.08,2,152,
3-26,12:31:32,49,49,13.08,2,152,
3-26,12:31:32,51,51,13.13,2,152,
3-26,12:31:33,47,47,13.08,2,152,
3-26,12:31:33,50,50,13.11,2,152,
3-26,12:31:34,51,51,13.13,2,152,
3-26,12:31:34,50,50,13.12,2,152,
3-26,12:31:35,48,48,13.08,2,152,
3-26,12:31:35,49,49,13.09,2,152,
3-26,12:31:36,50,50,13.12,2,152,
3-26,12:31:36,49,49,13.09,2,152,
3-26,12:31:37,46,46,13.06,2,152,
3-26,12:31:37,48,48,13.08,2,152,
3-26,12:31:38,46,46,13.05,2,152,
3-26,12:31:38,48,48,13.11,2,152,
3-26,12:31:39,50,50,13.11,2,152,
3-26,12:31:39,48,48,13.09,2,152,
3-26,12:31:40,49,49,13.09,2,152,
3-26,12:31:40,49,49,13.1,2,152,
3-26,12:31:41,48,48,13.08,2,152,
3-26,12:31:41,50,50,13.11,2,152,
3-26,12:31:42,50,50,13.13,2,152,
3-26,12:31:42,45,45,13.04,2,152,
3-26,12:31:43,50,50,13.11,2,152,
3-26,12:31:43,50,50,13.11,2,152,
3-26,12:31:44,49,49,13.11,2,152,
3-26,12:31:44,46,46,13.07,2,152,
3-26,12:31:45,51,51,13.12,2,152,
3-26,12:31:45,51,51,13.16,2,152,
3-26,12:31:46,47,47,13.08,2,152,
3-26,12:31:46,48,48,13.08,2,152,
3-26,12:31:47,48,48,13.1,2,152,
3-26,12:31:47,50,50,13.14,2,152,
3-26,12:31:48,47,47,13.09,2,152,
3-26,12:31:48,48,48,13.09,2,152,
3-26,12:31:49,48,48,13.09,2,152,
3-26,12:31:49,49,49,13.11,2,152,
3-26,12:31:50,50,50,13.11,2,152,
3-26,12:31:50,50,50,13.13,2,152,
3-26,12:31:51,47,47,13.08,2,152,
3-26,12:31:51,48,48,13.08,2,152,
3-26,12:31:52,49,49,13.09,2,152,
3-26,12:31:52,48,48,13.09,2,152,
3-26,12:31:53,48,48,13.09,2,152,
3-26,12:31:53,48,48,13.09,2,152,
3-26,12:31:54,49,49,13.1,2,152,
3-26,12:31:54,48,48,13.1,2,152,
3-26,12:31:55,47,47,13.07,2,152,
3-26,12:31:55,47,47,13.08,2,152,
3-26,12:31:56,46,46,13.07,2,152,
3-26,12:31:56,46,46,13.06,2,152,
3-26,12:31:57,47,47,13.08,2,152,
3-26,12:31:57,50,50,13.13,2,152,
3-26,12:31:58,47,47,13.09,2,152,
3-26,12:31:58,48,48,13.11,2,152,
3-26,12:31:59,48,48,13.09,2,152,
3-26,12:31:59,49,49,13.11,2,152,
3-26,12:32:0,48,48,13.1,2,152,
3-26,12:32:0,45,45,13.03,2,152,
3-26,12:32:1,47,47,13.09,2,152,
3-26,12:32:1,49,49,13.11,2,152,
3-26,12:32:2,48,48,13.09,2,152,
3-26,12:32:2,50,50,13.15,2,152,
3-26,12:32:3,45,45,13.06,2,152,
3-26,12:32:3,48,48,13.08,2,152,
3-26,12:32:4,48,48,13.08,2,152,
3-26,12:32:4,48,48,13.1,2,152,
3-26,12:32:5,47,47,13.09,2,152,
3-26,12:32:5,50,50,13.14,2,152,
3-26,12:32:6,47,47,13.09,2,152,
3-26,12:32:6,48,48,13.11,2,152,
3-26,12:32:7,47,47,13.09,2,152,
3-26,12:32:7,49,49,13.12,2,152,
3-26,12:32:8,47,47,13.11,2,152,
3-26,12:32:8,47,47,13.09,2,152,
3-26,12:32:9,47,47,13.09,2,152,
3-26,12:32:9,47,47,13.09,2,152,
3-26,12:32:10,50,50,13.16,2,152,
3-26,12:32:10,47,47,13.09,2,152,
3-26,12:32:11,48,48,13.11,2,152,
3-26,12:32:11,47,47,13.08,2,152,
3-26,12:32:12,45,45,13.07,2,152,
3-26,12:32:12,47,47,13.13,2,152,
3-26,12:32:13,46,46,13.06,2,152,
3-26,12:32:13,47,47,13.09,2,152,
3-26,12:32:14,48,48,13.09,2,152,
3-26,12:32:14,47,47,13.1,2,152,
3-26,12:32:15,48,48,13.11,2,152,
3-26,12:32:15,46,46,13.07,2,152,
3-26,12:32:16,46,46,13.09,2,152,
3-26,12:32:16,45,45,13.04,2,152,
3-26,12:32:17,50,50,13.14,2,152,
3-26,12:32:17,48,48,13.09,2,152,
3-26,12:32:18,48,48,13.09,2,152,
3-26,12:32:18,50,50,13.14,2,152,
3-26,12:32:19,46,46,13.07,2,152,
3-26,12:32:19,46,46,13.08,2,152,
3-26,12:32:20,47,47,13.08,2,152,
3-26,12:32:20,50,50,13.15,2,152,
3-26,12:32:21,48,48,13.08,2,152,
3-26,12:32:21,47,47,13.09,2,152,
3-26,12:32:22,47,47,13.07,2,152,
3-26,12:32:22,48,48,13.09,2,152,
3-26,12:32:23,50,50,13.12,2,152,
3-26,12:32:23,49,49,13.1,2,152,
3-26,12:32:24,50,50,13.14,2,152,
3-26,12:32:24,47,47,13.06,2,152,
3-26,12:32:25,49,49,13.1,2,152,
3-26,12:32:25,47,47,13.07,2,152,
3-26,12:32:26,50,50,13.11,2,152,
3-26,12:32:26,46,46,13.06,2,152,
3-26,12:32:27,49,49,13.11,2,152,
3-26,12:32:27,48,48,13.08,2,152,
3-26,12:32:28,47,47,13.06,2,152,
3-26,12:32:28,48,48,13.09,2,152,
3-26,12:32:29,49,49,13.08,2,152,
3-26,12:32:29,47,47,13.07,2,152,
3-26,12:32:30,51,51,13.14,2,152,
3-26,12:32:30,47,47,13.05,2,152,
3-26,12:32:31,50,50,13.1,2,152,
3-26,12:32:31,49,49,13.1,2,152,
3-26,12:32:32,47,47,13.06,2,152,
3-26,12:32:32,47,47,13.05,2,152,
3-26,12:32:33,50,50,13.12,2,152,
3-26,12:32:33,49,49,13.08,2,152,
3-26,12:32:34,51,51,13.13,2,152,
3-26,12:32:34,50,50,13.07,2,152,
3-26,12:32:35,50,50,13.1,2,152,
3-26,12:32:35,50,50,13.1,2,152,
3-26,12:32:36,51,51,13.1,2,152,
3-26,12:32:36,49,49,13.08,2,152,
3-26,12:32:37,49,49,13.07,2,152,
3-26,12:32:37,48,48,13.07,2,152,
3-26,12:32:38,49,49,13.08,2,152,
3-26,12:32:38,52,52,13.12,2,152,
3-26,12:32:39,48,48,13.05,2,152,
3-26,12:32:39,51,51,13.09,2,152,
3-26,12:32:40,49,49,13.06,2,152,
3-26,12:32:40,50,50,13.1,2,152,
3-26,12:32:41,49,49,13.06,2,152,
3-26,12:32:41,51,51,13.11,2,152,
3-26,12:32:42,50,50,13.1,2,152,
3-26,12:32:42,50,50,13.1,2,152,
3-26,12:32:43,50,50,13.09,2,152,
3-26,12:32:43,49,49,13.08,2,152,
3-26,12:32:44,51,51,13.1,2,152,
3-26,12:32:44,52,52,13.12,2,152,
3-26,12:32:45,50,50,13.09,2,152,
3-26,12:32:45,47,47,13.07,2,152,
3-26,12:32:46,50,50,13.1,2,152,
3-26,12:32:46,49,49,13.08,2,152,
3-26,12:32:47,51,51,13.11,2,152,
3-26,12:32:47,49,49,13.09,2,152,
3-26,12:32:48,50,50,13.11,2,152,
3-26,12:32:48,49,49,13.09,2,152,
3-26,12:32:49,50,50,13.1,2,152,
3-26,12:32:49,51,51,13.11,2,152,
3-26,12:32:50,49,49,13.09,2,152,
3-26,12:32:50,50,50,13.1,2,152,
3-26,12:32:51,49,49,13.09,2,152,
3-26,12:32:51,47,47,13.06,2,152,
3-26,12:32:52,49,49,13.09,2,152,
3-26,12:32:52,50,50,13.12,2,152,
3-26,12:32:53,49,49,13.1,2,152,
3-26,12:32:53,49,49,13.09,2,152,
3-26,12:32:54,48,48,13.08,2,152,
3-26,12:32:54,47,47,13.06,2,152,
3-26,12:32:55,48,48,13.09,2,152,
3-26,12:32:55,48,48,13.08,2,152,
3-26,12:32:56,48,48,13.08,2,152,
3-26,12:32:56,50,50,13.12,2,152,
3-26,12:32:57,48,48,13.08,2,152,
3-26,12:32:57,47,47,13.06,2,152,
3-26,12:32:58,48,48,13.07,2,152,
3-26,12:32:58,47,47,13.07,2,152,
3-26,12:32:59,47,47,13.06,2,152,
3-26,12:32:59,48,48,13.08,2,152,
3-26,12:33:0,47,47,13.06,2,152,
3-26,12:33:0,50,50,13.09,2,152,
3-26,12:33:1,45,45,13,2,152,
3-26,12:33:1,49,49,13.08,2,152,
3-26,12:33:2,50,50,13.08,2,152,
3-26,12:33:2,48,48,13.08,2,152,
3-26,12:33:3,51,51,13.08,2,152,
3-26,12:33:3,46,46,13.05,2,152,
3-26,12:33:4,47,47,13.05,2,152,
3-26,12:33:4,50,50,13.11,2,152,
3-26,12:33:5,49,49,13.07,2,152,
3-26,12:33:5,53,53,13.14,2,152,
3-26,12:33:6,49,49,13.04,2,152,
3-26,12:33:6,51,51,13.08,2,152,
3-26,12:33:7,53,53,13.08,2,152,
3-26,12:33:7,49,49,13.02,2,152,
3-26,12:33:8,51,51,13.08,2,152,
3-26,12:33:8,51,51,13.09,2,152,
3-26,12:33:9,51,51,13.09,2,152,
3-26,12:33:9,50,50,13.04,2,152,
3-26,12:33:10,52,52,13.11,2,152,
3-26,12:33:10,50,50,13.08,2,152,
3-26,12:33:11,51,51,13.08,2,152,
3-26,12:33:11,54,54,13.08,2,152,
3-26,12:33:12,49,49,13.01,2,152,
3-26,12:33:12,52,52,13.07,2,152,
3-26,12:33:13,52,52,13.06,2,152,
3-26,12:33:13,52,52,13.09,2,152,
3-26,12:33:14,50,50,13.03,2,152,
3-26,12:33:14,54,54,13.09,2,152,
3-26,12:33:15,54,54,13.11,2,152,
3-26,12:33:15,48,48,13.02,2,152,
3-26,12:33:16,52,52,13.12,2,152,
3-26,12:33:16,50,50,13.06,2,152,
3-26,12:33:17,49,49,13.06,2,152,
3-26,12:33:17,51,51,13.07,2,152,
3-26,12:33:18,49,49,13.05,2,152,
3-26,12:33:18,52,52,13.1,2,152,
3-26,12:33:19,53,53,13.11,2,152,
3-26,12:33:19,49,49,13.04,2,152,
3-26,12:33:20,50,50,13.05,2,152,
3-26,12:33:20,50,50,13.05,2,152,
3-26,12:33:21,48,48,13.03,2,152,
3-26,12:33:21,50,50,13.06,2,152,
3-26,12:33:22,50,50,13.04,2,152,
3-26,12:33:22,51,51,13.07,2,152,
3-26,12:33:23,51,51,13.09,2,152,
3-26,12:33:23,49,49,13.05,2,152,
3-26,12:33:24,49,49,13.04,2,152,
3-26,12:33:24,49,49,13.06,2,152,
3-26,12:33:25,49,49,13.04,2,152,
3-26,12:33:25,51,51,13.09,2,152,
3-26,12:33:26,50,50,13.05,2,152,
3-26,12:33:26,51,51,13.07,2,152,
3-26,12:33:27,47,47,13.02,2,152,
3-26,12:33:27,48,48,13.02,2,152,
3-26,12:33:28,49,49,13.03,2,152,
3-26,12:33:28,49,49,13.05,2,152,
3-26,12:33:29,49,49,13.04,2,152,
3-26,12:33:29,52,52,13.08,2,152,
3-26,12:33:30,51,51,13.07,2,152,
3-26,12:33:30,51,51,13.08,2,152,
3-26,12:33:31,48,48,13.01,2,152,
3-26,12:33:31,51,51,13.08,2,152,
3-26,12:33:32,49,49,13.05,2,152,
3-26,12:33:32,50,50,13.06,2,152,
3-26,12:33:33,51,51,13.1,2,152,
3-26,12:33:33,49,49,13.05,2,152,
3-26,12:33:34,49,49,13.03,2,152,
3-26,12:33:34,51,51,13.09,2,152,
3-26,12:33:35,49,49,13.05,2,152,
3-26,12:33:35,51,51,13.1,2,152,
3-26,12:33:36,48,48,13.03,2,152,
3-26,12:33:36,52,52,13.09,2,152,
3-26,12:33:37,50,50,13.05,2,152,
3-26,12:33:37,49,49,13.05,2,152,
3-26,12:33:38,48,48,13.01,2,152,
3-26,12:33:38,50,50,13.07,2,152,
3-26,12:33:39,50,50,13.08,2,152,
3-26,12:33:39,47,47,13.03,2,152,
3-26,12:33:40,51,51,13.07,2,152,
3-26,12:33:40,53,53,13.13,2,152,
3-26,12:33:41,48,48,13.02,2,152,
3-26,12:33:41,48,48,13.08,2,152,
3-26,12:33:42,50,50,13.06,2,152,
3-26,12:33:42,52,52,13.1,2,152,
3-26,12:33:43,48,48,13.03,2,152,
3-26,12:33:43,49,49,13.05,2,152,
3-26,12:33:44,48,48,13.04,2,152,
3-26,12:33:44,50,50,13.08,2,152,
3-26,12:33:45,50,50,13.07,2,152,
3-26,12:33:45,49,49,13.07,2,152,
3-26,12:33:46,51,51,13.1,2,152,
3-26,12:33:46,49,49,13.06,2,152,
3-26,12:35:32,77,77,14.82,3,153,
3-26,12:35:32,77,77,14.83,3,153,
3-26,12:35:33,77,77,14.81,3,153,
3-26,12:35:33,77,77,14.81,3,153,
3-26,12:35:34,77,77,14.83,3,153,
3-26,12:35:34,77,77,14.82,3,153,
3-26,12:35:35,77,77,14.82,3,153,
3-26,12:35:35,77,77,14.82,3,153,
3-26,12:35:36,77,77,14.82,3,153,
3-26,12:35:36,77,77,14.82,3,153,
3-26,12:35:37,77,77,14.83,3,153,
3-26,12:35:37,77,77,14.83,3,153,
3-26,12:35:38,77,77,14.82,3,153,
3-26,12:35:38,77,77,14.84,3,153,
3-26,12:35:39,77,77,14.83,3,153,
3-26,12:35:39,77,77,14.84,3,153,
3-26,12:35:40,77,77,14.83,3,153,
3-26,12:35:40,77,77,14.84,3,153,
3-26,12:35:41,77,77,14.84,3,153,
3-26,12:35:41,77,77,14.84,3,153,
3-26,12:35:42,77,77,14.85,3,153,
3-26,12:35:42,77,77,14.85,3,153,
3-26,12:35:43,77,77,14.85,3,153,
3-26,12:35:43,77,77,14.85,3,153,
3-26,12:35:44,77,77,14.85,3,153,
3-26,12:35:44,77,77,14.84,3,153,
3-26,12:35:45,77,77,14.85,3,153,
3-26,12:35:45,77,77,14.84,3,153,
3-26,12:35:46,77,77,14.85,3,153,
3-26,12:35:46,77,77,14.84,3,153,
3-26,12:35:47,77,77,14.84,3,153,
3-26,12:35:47,77,77,14.85,3,153,
3-26,12:35:48,77,77,14.85,3,153,
3-26,12:35:48,77,77,14.84,3,153,
3-26,12:35:49,77,77,14.85,3,153,
3-26,12:35:49,77,77,14.85,3,153,
3-26,12:35:50,77,77,14.85,3,153,
3-26,12:35:50,77,77,14.85,3,153,
3-26,12:35:51,77,77,14.85,3,153,
3-26,12:35:51,77,77,14.85,3,153,
3-26,12:40:24,77,77,14.83,4,154,
3-26,12:40:24,77,77,14.84,4,154,
3-26,12:40:25,77,77,14.85,4,154,
3-26,12:40:25,77,77,14.85,4,154,
3-26,12:40:26,77,77,14.87,4,154,
3-26,12:40:26,77,77,14.87,4,154,
3-26,12:40:27,77,77,14.87,4,154,
3-26,12:40:27,77,77,14.87,4,154,
3-26,12:40:28,77,77,14.88,4,154,
3-26,12:40:28,77,77,14.88,4,154,
3-26,12:40:29,77,77,14.89,4,154,
3-26,12:40:29,76,76,14.89,4,154,
3-26,12:40:30,76,76,14.91,4,154,
3-26,12:40:30,76,76,14.9,4,154,
3-26,12:40:31,76,76,14.91,4,154,
3-26,12:40:31,76,76,14.91,4,154,
3-26,12:40:32,76,76,14.91,4,154,
3-26,12:40:32,76,76,14.9,4,154,
3-26,12:40:33,76,76,14.92,4,154,
3-26,12:40:33,76,76,14.91,4,154