SensorID: 5498,
Firmware Version: 1.5.5,

Date,Time,SmO2 Live,SmO2 Averaged,THb,Lap,Session Ct,
4-14,10:21:14,82,82,12.21,9,202,
4-14,10:21:15,82,82,12.22,9,202,
4-14,10:21:15,80,80,12.15,9,202,
4-14,10:21:16,79,79,12.25,9,202,
4-14,10:21:16,81,81,12.13,9,202,
4-14,10:21:17,81,81,12.11,9,202,
4-14,10:21:17,80,80,12.11,9,202,
4-14,10:21:18,80,80,12.14,9,202,
4-14,10:21:18,79,79,12.17,9,202,
4-14,10:21:19,81,81,12.12,9,202,
4-14,10:21:19,80,80,12.18,9,202,
4-14,10:21:20,80,80,12.17,9,202,
4-14,10:21:20,78,78,12.1,9,202,
4-14,10:21:21,80,80,12.13,9,202,
4-14,10:21:21,80,80,12.06,9,202,
4-14,10:21:22,80,80,12.09,9,202,
4-14,10:21:22,80,80,11.99,9,202,
4-14,10:21:23,81,81,12.1,9,202,
4-14,10:21:23,80,80,12.09,9,202,
4-14,10:21:24,81,81,12.09,9,202,
4-14,10:21:24,81,81,12.08,9,202,
4-14,10:21:25,79,79,12.15,9,202,
4-14,10:21:25,79,79,12.11,9,202,
4-14,10:21:26,79,79,12.12,9,202,
4-14,10:21:26,79,79,12.05,9,202,
4-14,10:21:27,80,80,12.18,9,202,
4-14,10:21:27,80,80,12.07,9,202,
4-14,10:21:28,80,80,12.23,9,202,
4-14,10:21:28,80,80,12.15,9,202,
4-14,10:21:29,80,80,12.21,9,202,
4-14,10:21:29,80,80,12.1,9,202,
4-14,10:21:30,81,81,12.12,9,202,
4-14,10:21:30,80,80,12.27,9,202,
4-14,10:21:31,80,80,12.03,9,202,
4-14,10:21:31,81,81,12.11,9,202,
4-14,10:21:32,81,81,12.18,9,202,
4-14,10:21:32,82,82,12.11,9,202,
4-14,10:21:33,83,83,12.29,9,202,
4-14,10:21:33,81,81,12.14,9,202,
4-14,10:21:34,82,82,12.11,9,202,
4-14,10:21:34,81,81,12.12,9,202,
4-14,10:21:35,83,83,12.14,9,202,
4-14,10:21:35,81,81,12.16,9,202,
4-14,10:21:36,81,81,12.13,9,202,
4-14,10:21:36,81,81,12.13,9,202,
4-14,10:21:37,81,81,12.16,9,202,
4-14,10:21:37,81,81,12.19,9,202,
4-14,10:21:38,81,81,12.07,9,202,
4-14,10:21:38,81,81,12.19,9,202,
4-14,10:21:39,81,81,12.26,9,202,
4-14,10:21:39,81,81,12.26,9,202,
4-14,10:21:40,81,81,12.3,9,202,
4-14,10:21:40,81,81,12.1,9,202,
4-14,10:21:41,82,82,12.15,9,202,
4-14,10:21:41,82,82,12.21,9,202,
4-14,10:21:42,81,81,12.09,9,202,
4-14,10:21:42,80,80,12.13,9,202,
4-14,10:21:43,80,80,12.19,9,202,
4-14,10:21:43,80,80,12.11,9,202,
4-14,10:21:44,82,82,12.06,9,202,
4-14,10:21:44,80,80,12.15,9,202,
4-14,10:21:45,83,83,12.21,9,202,
4-14,10:21:45,82,82,12.09,9,202,
4-14,10:21:46,80,80,12.14,9,202,
4-14,10:21:46,80,80,12.27,9,202,
4-14,10:21:47,80,80,12.08,9,202,
4-14,10:21:47,81,81,12.12,9,202,
4-14,10:21:48,80,80,12.1,9,202,
4-14,10:21:48,81,81,12.25,9,202,
4-14,10:21:49,80,80,12.23,9,202,
4-14,10:21:49,82,82,12.11,9,202,
4-14,10:21:50,79,79,12.25,9,202,
4-14,10:21:50,80,80,12.13,9,202,
4-14,10:21:51,80,80,12.14,9,202,
4-14,10:21:51,79,79,12.1,9,202,
4-14,10:21:52,80,80,12.11,9,202,
4-14,10:21:52,82,82,12.1,9,202,
4-14,10:21:53,79,79,12.15,9,202,
4-14,10:21:53,79,79,12.26,9,202,
4-14,10:21:54,80,80,12.04,9,202,
4-14,10:21:54,81,81,12.05,9,202,
4-14,10:21:55,81,81,12.13,9,202,
4-14,10:21:55,81,81,12.1,9,202,
4-14,10:21:56,82,82,12.11,9,202,
4-14,10:21:56,82,82,12.1,9,202,
4-14,10:21:57,81,81,12.25,9,202,
4-14,10:21:57,81,81,12.02,9,202,
4-14,10:21:58,81,81,12.06,9,202,
4-14,10:21:58,81,81,12.16,9,202,
4-14,10:21:59,79,79,12.12,9,202,
4-14,10:21:59,79,79,12.08,9,202,
4-14,10:22:0,80,80,12.15,9,202,
4-14,10:22:0,81,81,12.16,9,202,
4-14,10:22:1,80,80,12.11,9,202,
4-14,10:22:1,78,78,12.06,9,202,
4-14,10:22:2,79,79,12.09,9,202,
4-14,10:22:2,80,80,12.08,9,202,
4-14,10:22:3,81,81,12,9,202,
4-14,10:22:3,80,80,12.14,9,202,
4-14,10:22:4,82,82,12.15,9,202,
4-14,10:22:4,80,80,12.09,9,202,
4-14,10:22:5,81,81,12.11,9,202,
4-14,10:22:5,79,79,12.13,9,202,
4-14,10:22:6,82,82,12.24,9,202,
4-14,10:22:6,81,81,12.21,9,202,
4-14,10:22:7,80,80,12.02,9,202,
4-14,10:22:7,80,80,12.07,9,202,
4-14,10:22:8,81,81,12.07,9,202,
4-14,10:22:8,80,80,12,9,202,
4-14,10:22:9,80,80,12.09,9,202,
4-14,10:22:9,80,80,12.14,9,202,
4-14,10:22:10,79,79,12.11,9,202,
4-14,10:22:10,80,80,12.12,9,202,
4-14,10:22:11,81,81,12.16,9,202,
4-14,10:22:11,80,80,12.19,9,202,
4-14,10:22:12,79,79,12.12,9,202,
4-14,10:22:12,81,81,12.1,9,202,
4-14,10:22:13,80,80,12.15,9,202,
4-14,10:22:13,81,81,12.11,9,202,
4-14,10:22:14,81,81,12.16,9,202,
4-14,10:22:14,79,79,12.05,9,202,
4-14,10:22:15,79,79,12.16,9,202,
4-14,10:22:15,80,80,12.1,9,202,
4-14,10:22:16,80,80,12.16,9,202,
4-14,10:22:16,80,80,12.2,9,202,
4-14,10:22:17,78,78,11.96,9,202,
4-14,10:22:17,80,80,12.05,9,202,
4-14,10:22:18,81,81,12.05,9,202,
4-14,10:22:18,78,78,12.07,9,202,
4-14,10:22:19,79,79,12.14,9,202,
4-14,10:22:19,80,80,12.09,9,202,
4-14,10:22:20,79,79,12.11,9,202,
4-14,10:22:20,79,79,12.08,9,202,
4-14,10:22:21,78,78,12.07,9,202,
4-14,10:22:21,78,78,12.05,9,202,
4-14,10:22:22,80,80,12.13,9,202,
4-14,10:22:22,79,79,12.13,9,202,
4-14,10:22:23,82,82,12.06,9,202,
4-14,10:22:23,79,79,12.16,9,202,
4-14,10:22:24,79,79,12.18,9,202,
4-14,10:22:24,78,78,12.06,9,202,
4-14,10:22:25,79,79,12.1,9,202,
4-14,10:22:25,81,81,12.02,9,202,
4-14,10:22:26,79,79,12.14,9,202,
4-14,10:22:26,78,78,12.11,9,202,
4-14,10:22:27,78,78,11.98,9,202,
4-14,10:22:27,78,78,12.04,9,202,
4-14,10:22:28,80,80,12.06,9,202,
4-14,10:22:28,79,79,12.19,9,202,
4-14,10:22:29,78,78,12.02,9,202,
4-14,10:22:29,79,79,12.2,9,202,
4-14,10:22:30,79,79,11.98,9,202,
4-14,10:22:30,79,79,12.05,9,202,
4-14,10:22:31,77,77,12.02,9,202,
4-14,10:22:31,76,76,12.01,9,202,
4-14,10:22:32,79,79,12.21,9,202,
4-14,10:22:32,80,80,12.13,9,202,
4-14,10:22:33,80,80,12.16,9,202,
4-14,10:22:33,78,78,12.05,9,202,
4-14,10:22:34,79,79,12.15,9,202,
4-14,10:22:34,78,78,12.01,9,202,
4-14,10:22:35,78,78,12.05,9,202,
4-14,10:22:35,78,78,12.09,9,202,
4-14,10:22:36,79,79,11.99,9,202,
4-14,10:22:36,79,79,12.14,9,202,
4-14,10:22:37,76,76,12.03,9,202,
4-14,10:22:37,77,77,12,9,202,
4-14,10:22:38,76,76,12.02,9,202,
4-14,10:22:38,78,78,12.03,9,202,
4-14,10:22:39,79,79,12.18,9,202,
4-14,10:22:39,77,77,12.08,9,202,
4-14,10:22:40,79,79,12.15,9,202,
4-14,10:22:40,77,77,12.03,9,202,
4-14,10:22:41,79,79,12.08,9,202,
4-14,10:22:41,78,78,12.11,9,202,
4-14,10:22:42,80,80,12.16,9,202,
4-14,10:22:42,77,77,12.03,9,202,
4-14,10:22:43,79,79,12.02,9,202,
4-14,10:22:43,80,80,12.04,9,202,
4-14,10:22:44,77,77,12.09,9,202,
4-14,10:22:44,77,77,12.12,9,202,
4-14,10:22:45,78,78,12.08,9,202,
4-14,10:22:45,77,77,11.98,9,202,
4-14,10:22:46,79,79,12.22,9,202,
4-14,10:22:46,78,78,11.96,9,202,
4-14,10:22:47,79,79,12,9,202,
4-14,10:22:47,77,77,12.2,9,202,
4-14,10:22:48,79,79,12.13,9,202,
4-14,10:22:48,78,78,12.22,9,202,
4-14,10:22:49,79,79,12.16,9,202,
4-14,10:22:49,78,78,12.17,9,202,
4-14,10:22:50,77,77,12.17,9,202,
4-14,10:22:50,78,78,12.07,9,202,
4-14,10:22:51,77,77,12.12,9,202,
4-14,10:22:51,78,78,12.02,9,202,
4-14,10:22:52,74,74,12.01,9,202,
4-14,10:22:52,77,77,12.08,9,202,
4-14,10:22:53,75,75,12.14,9,202,
4-14,10:22:53,78,78,12.19,9,202,
4-14,10:22:54,78,78,12.04,9,202,
4-14,10:22:54,77,77,12.03,9,202,
4-14,10:22:55,79,79,12.14,9,202,
4-14,10:22:55,77,77,12.07,9,202,
4-14,10:22:56,76,76,12.06,9,202,
4-14,10:22:56,77,77,11.93,9,202,
4-14,10:22:57,76,76,12.04,9,202,
4-14,10:22:57,79,79,12.12,9,202,
4-14,10:22:58,78,78,12.03,9,202,
4-14,10:22:58,77,77,12.09,9,202,
4-14,10:22:59,76,76,12.08,9,202,
4-14,10:22:59,79,79,12.1,9,202,
4-14,10:23:0,78,78,11.94,9,202,
4-14,10:23:0,79,79,12.07,9,202,
4-14,10:23:1,80,80,11.97,9,202,
4-14,10:23:1,79,79,12.08,9,202,
4-14,10:23:2,77,77,12.08,9,202,
4-14,10:23:2,79,79,12.16,9,202,
4-14,10:23:3,80,80,12.09,9,202,
4-14,10:23:3,78,78,12.01,9,202,
4-14,10:23:4,78,78,12.08,9,202,
4-14,10:23:4,80,80,12.05,9,202,
4-14,10:23:5,79,79,12.17,9,202,
4-14,10:23:5,79,79,12.08,9,202,
4-14,10:23:6,78,78,12.02,9,202,
4-14,10:23:6,79,79,12.18,9,202,
4-14,10:23:7,79,79,12.12,9,202,
4-14,10:23:7,79,79,12.03,9,202,
4-14,10:23:8,79,79,12.1,9,202,
4-14,10:23:8,79,79,12.08,9,202,
4-14,10:23:9,79,79,12.18,9,202,
4-14,10:23:9,80,80,12.08,9,202,
4-14,10:23:10,78,78,12.1,9,202,
4-14,10:23:10,78,78,11.98,9,202,
4-14,10:23:11,79,79,12.11,9,202,
4-14,10:23:11,80,80,12.02,9,202,
4-14,10:23:12,80,80,12.16,9,202,
4-14,10:23:12,80,80,12.12,9,202,
4-14,10:23:13,80,80,12.06,9,202,
4-14,10:23:13,80,80,12.03,9,202,
4-14,10:23:14,82,82,12.16,9,202,
4-14,10:23:14,80,80,12.05,9,202,
4-14,10:23:15,80,80,12.04,9,202,
4-14,10:23:15,80,80,12.08,9,202,
4-14,10:23:16,80,80,12.05,9,202,
4-14,10:23:16,82,82,12.13,9,202,
4-14,10:23:17,80,80,12.06,9,202,
4-14,10:23:17,80,80,11.98,9,202,
4-14,10:23:18,79,79,12,9,202,
4-14,10:23:18,81,81,12.1,9,202,
4-14,10:23:19,81,81,12.07,9,202,
4-14,10:23:19,80,80,12.01,9,202,
4-14,10:23:20,80,80,12.02,9,202,
4-14,10:23:20,81,81,12.04,9,202,
4-14,10:23:21,81,81,12.04,9,202,
4-14,10:23:21,80,80,12.07,9,202,
4-14,10:23:22,82,82,12.04,9,202,
4-14,10:23:22,82,82,12.02,9,202,
4-14,10:23:23,80,80,12.02,9,202,
4-14,10:23:23,81,81,12.11,9,202,
4-14,10:23:24,80,80,12.01,9,202,
4-14,10:23:24,81,81,12,9,202,
4-14,10:23:25,81,81,12.04,9,202,
4-14,10:23:25,79,79,12.13,9,202,
4-14,10:23:26,81,81,12.09,9,202,
4-14,10:23:26,82,82,12.06,9,202,
4-14,10:23:27,80,80,12.13,9,202,
4-14,10:23:27,81,81,12.09,9,202,
4-14,10:23:28,81,81,11.9,9,202,
4-14,10:23:28,81,81,12,9,202,
4-14,10:23:29,82,82,12.1,9,202,
4-14,10:23:29,81,81,12.07,9,202,
4-14,10:23:30,79,79,12.01,9,202,
4-14,10:23:30,82,82,12,9,202,
4-14,10:23:31,81,81,11.99,9,202,
4-14,10:23:31,82,82,12.1,9,202,
4-14,10:23:32,82,82,12.01,9,202,
4-14,10:23:32,83,83,12.09,9,202,
4-14,10:23:33,81,81,12.07,9,202,
4-14,10:23:33,82,82,12.03,9,202,
4-14,10:23:34,81,81,12.01,9,202,
4-14,10:23:34,82,82,12.01,9,202,
4-14,10:23:35,83,83,12.05,9,202,
4-14,10:23:35,83,83,12.05,9,202,
4-14,10:23:36,83,83,12.04,9,202,
4-14,10:23:36,83,83,12.08,9,202,
4-14,10:23:37,82,82,12.06,9,202,
4-14,10:23:37,84,84,12.14,9,202,
4-14,10:23:38,82,82,11.95,9,202,
4-14,10:23:38,83,83,12.01,9,202,
4-14,10:23:39,81,81,12.02,9,202,
4-14,10:23:39,83,83,12.07,9,202,
4-14,10:23:40,83,83,12.13,9,202,
4-14,10:23:40,83,83,12.09,9,202,
4-14,10:23:41,84,84,12.04,9,202,
4-14,10:23:41,82,82,12.04,9,202,
4-14,10:23:42,84,84,12.15,9,202,
4-14,10:23:42,83,83,12.09,9,202,
4-14,10:23:43,83,83,12.11,9,202,
4-14,10:23:43,82,82,11.99,9,202,
4-14,10:23:44,82,82,11.99,9,202,
4-14,10:23:44,81,81,12.12,9,202,
4-14,10:23:45,81,81,12.03,9,202,
4-14,10:23:45,84,84,11.97,9,202,
4-14,10:23:46,82,82,12.12,9,202,
4-14,10:23:46,81,81,12.03,9,202,
4-14,10:23:47,82,82,11.96,9,202,
4-14,10:23:47,83,83,12.1,9,202,
4-14,10:23:48,83,83,12.08,9,202,
4-14,10:23:48,85,85,12.06,9,202,
4-14,10:23:49,84,84,12,9,202,
4-14,10:23:49,84,84,12.18,9,202,
4-14,10:23:50,84,84,12.14,9,202,
4-14,10:23:50,83,83,12.14,9,202,
4-14,10:23:51,82,82,12.15,9,202,
4-14,10:23:51,83,83,12.07,9,202,
4-14,10:23:52,83,83,12.13,9,202,
4-14,10:23:52,82,82,12.05,9,202,
4-14,10:23:53,81,81,12.04,9,202,
4-14,10:23:53,83,83,12.07,9,202,
4-14,10:23:54,83,83,12.09,9,202,
4-14,10:23:54,81,81,12.05,9,202,
4-14,10:23:55,79,79,12.11,9,202,
4-14,10:23:55,83,83,12.11,9,202,
4-14,10:23:56,83,83,12.11,9,202,
4-14,10:23:56,82,82,12.01,9,202,
4-14,10:23:57,82,82,12.04,9,202,
4-14,10:23:57,82,82,12.11,9,202,
4-14,10:23:58,82,82,12.03,9,202,
4-14,10:23:58,81,81,12.07,9,202,
4-14,10:23:59,81,81,12.11,9,202,
4-14,10:23:59,81,81,11.98,9,202,
4-14,10:24:0,81,81,12.07,9,202,
4-14,10:24:0,81,81,12.11,9,202,
4-14,10:24:1,82,82,12,9,202,
4-14,10:24:1,82,82,12.04,9,202,
4-14,10:24:2,81,81,11.99,9,202,
4-14,10:24:2,82,82,12.05,9,202,
4-14,10:24:3,83,83,12.11,9,202,
4-14,10:24:3,83,83,12.03,9,202,
4-14,10:24:4,83,83,12.03,9,202,
4-14,10:24:4,82,82,12.13,9,202,
4-14,10:24:5,83,83,11.99,9,202,
4-14,10:24:5,83,83,12.06,9,202,
4-14,10:24:6,81,81,12.03,9,202,
4-14,10:24:6,83,83,12.11,9,202,
4-14,10:24:7,81,81,12.04,9,202,
4-14,10:24:7,83,83,12,9,202,
4-14,10:24:8,82,82,12.08,9,202,
4-14,10:24:8,83,83,12.1,9,202,
4-14,10:24:9,79,79,12.08,9,202,
4-14,10:24:9,83,83,12.14,9,202,
4-14,10:24:10,81,81,12,9,202,
4-14,10:24:10,83,83,12.09,9,202,
4-14,10:24:11,82,82,12.12,9,202,
4-14,10:24:11,82,82,12.09,9,202,
4-14,10:24:12,83,83,12.11,9,202,
4-14,10:24:12,82,82,12.03,9,202,
4-14,10:24:13,83,83,12.07,9,202,
4-14,10:24:13,82,82,12.01,9,202,
4-14,10:24:14,81,81,12.04,9,202,
4-14,10:24:14,81,81,12.08,9,202,
4-14,10:24:15,82,82,11.99,9,202,
4-14,10:24:15,81,81,12.05,9,202,
4-14,10:24:16,82,82,12.04,9,202,
4-14,10:24:16,80,80,12,9,202,
4-14,10:24:17,78,78,12.07,9,202,
4-14,10:24:17,81,81,11.98,9,202,
4-14,10:24:18,81,81,12.03,9,202,
4-14,10:24:18,82,82,12.04,9,202,
4-14,10:24:19,81,81,12.11,9,202,
4-14,10:24:19,81,81,12.05,9,202,
4-14,10:24:20,82,82,12.08,9,202,
4-14,10:24:20,80,80,12.11,9,202,
4-14,10:24:21,83,83,11.95,9,202,
4-14,10:24:21,82,82,12.14,9,202,
4-14,10:24:22,82,82,12.05,9,202,
4-14,10:24:22,81,81,12.05,9,202,
4-14,10:24:23,81,81,12.01,9,202,
4-14,10:24:23,81,81,12,9,202,
4-14,10:24:24,80,80,12.06,9,202,
4-14,10:24:24,81,81,12.04,9,202,
4-14,10:24:25,83,83,12.06,9,202,
4-14,10:24:25,82,82,12.12,9,202,
4-14,10:24:26,82,82,12.12,9,202,
4-14,10:24:26,82,82,12.09,9,202,
4-14,10:24:27,81,81,11.92,9,202,
4-14,10:24:27,81,81,11.95,9,202,
4-14,10:24:28,82,82,12.09,9,202,
4-14,10:24:28,81,81,11.99,9,202,
4-14,10:24:29,81,81,11.97,9,202,
4-14,10:24:29,80,80,12.05,9,202,
4-14,10:24:30,81,81,12.04,9,202,
4-14,10:24:30,80,80,12.04,9,202,
4-14,10:24:31,80,80,12.1,9,202,
4-14,10:24:31,81,81,12.06,9,202,
4-14,10:24:32,79,79,11.97,9,202,
4-14,10:24:32,81,81,11.98,9,202,
4-14,10:24:33,79,79,12.05,9,202,
4-14,10:24:33,79,79,12.04,9,202,
4-14,10:24:34,79,79,12.02,9,202,
4-14,10:24:34,81,81,12.03,9,202,
4-14,10:24:35,81,81,12.07,9,202,
4-14,10:24:35,80,80,12.05,9,202,
4-14,10:24:36,80,80,12.04,9,202,
4-14,10:24:36,81,81,12.14,9,202,
4-14,10:24:37,81,81,12.1,9,202,
4-14,10:24:37,81,81,12.01,9,202,
4-14,10:24:38,83,83,12,9,202,
4-14,10:24:38,79,79,12,9,202,
4-14,10:24:39,79,79,12.1,9,202,
4-14,10:24:39,81,81,12.08,9,202,
4-14,10:24:40,80,80,12.07,9,202,
4-14,10:24:40,81,81,12.03,9,202,
4-14,10:24:41,81,81,12.04,9,202,
4-14,10:24:41,81,81,12.1,9,202,
4-14,10:24:42,80,80,12.01,9,202,
4-14,10:24:42,80,80,12.01,9,202,
4-14,10:24:43,81,81,12.03,9,202,
4-14,10:24:43,80,80,11.9,9,202,
4-14,10:24:44,81,81,12.03,9,202,
4-14,10:24:44,82,82,12.08,9,202,
4-14,10:24:45,81,81,12.04,9,202,
4-14,10:24:45,81,81,12,9,202,
4-14,10:24:46,82,82,12.04,9,202,
4-14,10:24:46,81,81,12.03,9,202,
4-14,10:24:47,80,80,12.04,9,202,
4-14,10:24:47,81,81,12.06,9,202,
4-14,10:24:48,81,81,12.08,9,202,
4-14,10:24:48,80,80,12.06,9,202,
4-14,10:24:49,80,80,12.09,9,202,
4-14,10:24:49,80,80,12.03,9,202,
4-14,10:24:50,78,78,12.05,9,202,
4-14,10:24:50,79,79,12,9,202,
4-14,10:24:51,80,80,11.97,9,202,
4-14,10:24:51,81,81,12,9,202,
4-14,10:24:52,80,80,12.09,9,202,
4-14,10:24:52,81,81,12.04,9,202,
4-14,10:24:53,80,80,11.92,9,202,
4-14,10:24:53,80,80,11.9,9,202,
4-14,10:24:54,80,80,11.88,9,202,
4-14,10:24:54,81,81,12.2,9,202,
4-14,10:24:55,81,81,11.89,9,202,
4-14,10:24:55,83,83,11.93,9,202,
4-14,10:24:56,79,79,12.1,9,202,
4-14,10:24:56,79,79,11.91,9,202,
4-14,10:24:57,79,79,11.96,9,202,
4-14,10:24:57,81,81,12.03,9,202,
4-14,10:24:58,81,81,12.08,9,202,
4-14,10:24:58,79,79,12.05,9,202,
4-14,10:24:59,81,81,12.09,9,202,
4-14,10:24:59,81,81,12.12,9,202,
4-14,10:25:0,80,80,12.01,9,202,
4-14,10:25:0,81,81,12.07,9,202,
4-14,10:25:1,81,81,12.02,9,202,
4-14,10:25:1,80,80,12.04,9,202,
4-14,10:25:2,81,81,12.09,9,202,
4-14,10:25:2,79,79,12.01,9,202,
4-14,10:25:3,80,80,11.98,9,202,
4-14,10:25:3,82,82,12,9,202,
4-14,10:25:4,81,81,12.13,9,202,
4-14,10:25:4,81,81,12.06,9,202,
4-14,10:25:5,81,81,12.01,9,202,
4-14,10:25:5,82,82,12.07,9,202,
4-14,10:25:6,81,81,11.99,9,202,
4-14,10:25:6,80,80,11.98,9,202,
4-14,10:25:7,81,81,12.01,9,202,
4-14,10:25:7,81,81,11.99,9,202,
4-14,10:25:8,79,79,11.9,9,202,
4-14,10:25:8,82,82,12.17,9,202,
4-14,10:25:9,80,80,12.05,9,202,
4-14,10:25:9,83,83,11.83,9,202,
4-14,10:25:10,80,80,12.04,9,202,
4-14,10:25:10,80,80,11.98,9,202,
4-14,10:25:11,81,81,12.08,9,202,
4-14,10:25:11,83,83,12.05,9,202,
4-14,10:25:12,82,82,12.03,9,202,
4-14,10:25:12,82,82,12.09,9,202,
4-14,10:25:13,83,83,12.01,9,202,
4-14,10:25:13,82,82,12.03,9,202,
4-14,10:25:14,80,80,12.05,9,202,
4-14,10:25:14,81,81,12.11,9,202,
4-14,10:25:15,82,82,12.1,9,202,
4-14,10:25:15,83,83,12.11,9,202,
4-14,10:25:16,79,79,12.05,9,202,
4-14,10:25:16,82,82,12.06,9,202,
4-14,10:25:17,82,82,12.03,9,202,
4-14,10:25:17,83,83,12.14,9,202,
4-14,10:25:18,82,82,12,9,202,
4-14,10:25:18,83,83,11.95,9,202,
4-14,10:25:19,83,83,12.06,9,202,
4-14,10:25:19,82,82,12.02,9,202,
4-14,10:25:20,83,83,12.05,9,202,
4-14,10:25:20,83,83,12.03,9,202,
4-14,10:25:21,81,81,12.08,9,202,
4-14,10:25:21,84,84,12.14,9,202,
4-14,10:25:22,84,84,12.07,9,202,
4-14,10:25:22,83,83,12.04,9,202,
4-14,10:25:23,81,81,12.08,9,202,
4-14,10:25:23,84,84,12.16,9,202,
4-14,10:25:24,83,83,12.1,9,202,
4-14,10:25:24,83,83,12.13,9,202,
4-14,10:25:25,83,83,12.1,9,202,
4-14,10:25:25,82,82,12.05,9,202,
4-14,10:25:26,83,83,12.03,9,202,
4-14,10:25:26,84,84,12.06,9,202,
4-14,10:25:27,83,83,12.16,9,202,
4-14,10:25:27,82,82,12.11,9,202,
4-14,10:25:28,83,83,12.09,9,202,
4-14,10:25:28,83,83,12.12,9,202,
4-14,10:25:29,83,83,12.18,9,202,
4-14,10:25:29,83,83,12.11,9,202,
4-14,10:25:30,84,84,12.09,9,202,
4-14,10:25:30,84,84,12.17,9,202,
4-14,10:25:31,84,84,12.15,9,202,
4-14,10:25:31,83,83,12.05,9,202,
4-14,10:25:32,83,83,12.12,9,202,
4-14,10:25:32,83,83,12.08,9,202,
4-14,10:25:33,83,83,12.1,9,202,
4-14,10:25:33,83,83,12.02,9,202,
4-14,10:25:34,82,82,12.09,9,202,
4-14,10:25:34,84,84,12.17,9,202,
4-14,10:25:35,83,83,12.15,9,202,
4-14,10:25:35,83,83,12.02,9,202,
4-14,10:25:36,83,83,12.04,9,202,
4-14,10:25:36,83,83,12.09,9,202,
4-14,10:25:37,83,83,12.12,9,202,
4-14,10:25:37,83,83,12.17,9,202,
4-14,10:25:38,84,84,12.14,9,202,
4-14,10:25:38,84,84,12.11,9,202,
4-14,10:25:39,83,83,12.05,9,202,
4-14,10:25:39,83,83,12.09,9,202,
4-14,10:25:40,83,83,12.04,9,202,
4-14,10:25:40,84,84,12.12,9,202,
4-14,10:25:41,83,83,12.03,9,202,
4-14,10:25:41,84,84,12.07,9,202,
4-14,10:25:42,84,84,12.06,9,202,
4-14,10:25:42,83,83,12.04,9,202,
4-14,10:25:43,85,85,12.03,9,202,
4-14,10:25:43,84,84,12.13,9,202,
4-14,10:25:44,84,84,12.17,9,202,
4-14,10:25:44,84,84,12.22,9,202,
4-14,10:25:45,84,84,12.11,9,202,
4-14,10:25:45,83,83,12.16,9,202,
4-14,10:25:46,84,84,12.09,9,202,
4-14,10:25:46,84,84,12.12,9,202,
4-14,10:25:47,84,84,12.04,9,202,
4-14,10:25:47,83,83,12.11,9,202,
4-14,10:25:48,84,84,12.18,9,202,
4-14,10:25:48,84,84,12.18,9,202,
4-14,10:25:49,83,83,12.13,9,202,
4-14,10:25:49,84,84,12.14,9,202,
4-14,10:25:50,84,84,12.09,9,202,
4-14,10:25:50,84,84,12.16,9,202,
4-14,10:25:51,83,83,12.13,9,202,
4-14,10:25:51,83,83,12.07,9,202,
4-14,10:25:52,83,83,12.13,9,202,
4-14,10:25:52,83,83,12.1,9,202,
4-14,10:25:53,84,84,12.17,9,202,
4-14,10:25:53,83,83,12.12,9,202,
4-14,10:25:54,83,83,12.22,9,202,
4-14,10:25:54,83,83,12.14,9,202,
4-14,10:25:55,85,85,12.15,9,202,
4-14,10:25:55,83,83,12.15,9,202,
4-14,10:25:56,83,83,12.21,9,202,
4-14,10:25:56,84,84,12.13,9,202,
4-14,10:25:57,83,83,12.14,9,202,
4-14,10:25:57,83,83,12.1,9,202,
4-14,10:25:58,84,84,12.2,9,202,
4-14,10:25:58,84,84,12.13,9,202,
4-14,10:25:59,82,82,12.07,9,202,
4-14,10:25:59,82,82,12.23,9,202,
4-14,10:26:0,82,82,11.9,9,202,
4-14,10:26:0,84,84,12.18,9,202,
4-14,10:26:1,84,84,12.14,9,202,
4-14,10:26:1,83,83,12.09,9,202,
4-14,10:26:2,83,83,12.12,9,202,
4-14,10:26:2,83,83,12.15,9,202,
4-14,10:26:3,83,83,12.06,9,202,
4-14,10:26:3,83,83,12.11,9,202,
4-14,10:26:4,83,83,12.05,9,202,
4-14,10:26:4,82,82,12.14,9,202,
4-14,10:26:5,82,82,12.14,9,202,
4-14,10:26:5,83,83,12.18,9,202,
4-14,10:26:6,82,82,12.12,9,202,
4-14,10:26:6,83,83,12.18,9,202,
4-14,10:26:7,83,83,12.1,9,202,
4-14,10:26:7,82,82,12.08,9,202,
4-14,10:26:8,82,82,12.08,9,202,
4-14,10:26:8,83,83,12.14,9,202,
4-14,10:26:9,83,83,12.05,9,202,
4-14,10:26:9,82,82,12.09,9,202,
4-14,10:26:10,84,84,12.16,9,202,
4-14,10:26:10,82,82,12.25,9,202,
4-14,10:26:11,82,82,12.11,9,202,
4-14,10:26:11,83,83,12.1,9,202,
4-14,10:26:12,83,83,12.07,9,202,
4-14,10:26:12,82,82,12.09,9,202,
4-14,10:26:13,84,84,12.17,9,202,
4-14,10:26:13,81,81,12.12,9,202,
4-14,10:26:14,83,83,12.14,9,202,
4-14,10:26:14,82,82,12.16,9,202,
4-14,10:26:15,83,83,12.13,9,202,
4-14,10:26:15,83,83,12.07,9,202,
4-14,10:26:16,82,82,12.15,9,202,
4-14,10:26:16,81,81,12,9,202,
4-14,10:26:17,84,84,12.1,9,202,
4-14,10:26:17,83,83,12.14,9,202,
4-14,10:26:18,83,83,12.1,9,202,
4-14,10:26:18,82,82,12.09,9,202,
4-14,10:26:19,83,83,12.16,9,202,
4-14,10:26:19,84,84,12.19,9,202,
4-14,10:26:20,83,83,12.12,9,202,
4-14,10:26:20,83,83,12.14,9,202,
4-14,10:26:21,83,83,12.1,9,202,
4-14,10:26:21,84,84,12.03,9,202,
4-14,10:26:22,83,83,12.18,9,202,
4-14,10:26:22,82,82,12.09,9,202,
4-14,10:26:23,83,83,12.04,9,202,
4-14,10:26:23,83,83,12.06,9,202,
4-14,10:26:24,84,84,12.17,9,202,
4-14,10:26:24,83,83,12.11,9,202,
4-14,10:26:25,83,83,12.12,9,202,
4-14,10:26:25,82,82,12.07,9,202,
4-14,10:26:26,83,83,12.08,9,202,
4-14,10:26:26,83,83,12.15,9,202,
4-14,10:26:27,83,83,12.2,9,202,
4-14,10:26:27,83,83,12.03,9,202,
4-14,10:26:28,83,83,12.06,9,202,
4-14,10:26:28,83,83,12.18,9,202,
4-14,10:26:29,83,83,12.1,9,202,
4-14,10:26:29,84,84,12.16,9,202,
4-14,10:26:30,83,83,12.05,9,202,
4-14,10:26:30,83,83,12.1,9,202,
4-14,10:26:31,83,83,12.22,9,202,
4-14,10:26:31,83,83,12.05,9,202,
4-14,10:26:32,82,82,12.1,9,202,
4-14,10:26:32,82,82,12.25,9,202,
4-14,10:26:33,82,82,12.19,9,202,
4-14,10:26:33,82,82,12.09,9,202,
4-14,10:26:34,83,83,12.23,9,202,
4-14,10:26:34,82,82,12.03,9,202,
4-14,10:26:35,81,81,12.16,9,202,
4-14,10:26:35,82,82,12.12,9,202,
4-14,10:26:36,83,83,12.11,9,202,
4-14,10:26:36,82,82,12.08,9,202,
4-14,10:26:37,82,82,12.09,9,202,
4-14,10:26:37,84,84,12.13,9,202,
4-14,10:26:38,82,82,12.07,9,202,
4-14,10:26:38,81,81,12,9,202,
4-14,10:26:39,81,81,12.09,9,202,
4-14,10:26:39,82,82,12.19,9,202,
4-14,10:26:40,81,81,12.07,9,202,
4-14,10:26:40,82,82,12.24,9,202,
4-14,10:26:41,82,82,12.19,9,202,
4-14,10:26:41,82,82,12.09,9,202,
4-14,10:26:42,80,80,12.14,9,202,
4-14,10:26:42,80,80,12.14,9,202,
4-14,10:26:43,80,80,12.01,9,202,
4-14,10:26:43,79,79,12.14,9,202,
4-14,10:26:44,80,80,12.18,9,202,
4-14,10:26:44,80,80,12.19,9,202,
4-14,10:26:45,80,80,12.18,9,202,
4-14,10:26:45,80,80,12.14,9,202,
4-14,10:26:46,79,79,12.13,9,202,
4-14,10:26:46,79,79,12.08,9,202,
4-14,10:26:47,79,79,12.08,9,202,
4-14,10:26:47,80,80,12.15,9,202,
4-14,10:26:48,79,79,12.08,9,202,
4-14,10:26:48,77,77,12.23,9,202,
4-14,10:26:49,80,80,12.22,9,202,
4-14,10:26:49,78,78,12.09,9,202,
4-14,10:26:50,79,79,12.05,9,202,
4-14,10:26:50,78,78,12.07,9,202,
4-14,10:26:51,80,80,11.98,9,202,
4-14,10:26:51,81,81,12.05,9,202,
4-14,10:26:52,79,79,12.12,9,202,
4-14,10:26:52,78,78,12.11,9,202,
4-14,10:26:53,78,78,12.09,9,202,
4-14,10:26:53,80,80,11.98,9,202,
4-14,10:26:54,79,79,12,9,202,
4-14,10:26:54,80,80,12.07,9,202,
4-14,10:26:55,80,80,11.99,9,202,
4-14,10:26:55,79,79,12.1,9,202,
4-14,10:26:56,81,81,12.12,9,202,
4-14,10:26:56,82,82,12.52,9,202,
4-14,10:26:57,86,86,11.04,9,202,
4-14,10:26:57,74,74,11.53,9,202,
4-14,10:26:58,73,73,11.94,9,202,
4-14,10:26:58,80,80,12.23,9,202,
4-14,10:26:59,78,78,12.18,9,202,
4-14,10:26:59,78,78,12.07,9,202,
4-14,10:27:0,79,79,12.22,9,202,
4-14,10:27:0,77,77,12.23,9,202,
4-14,10:27:1,78,78,12.27,9,202,
4-14,10:27:1,80,80,12.17,9,202,
4-14,10:27:2,79,79,12.24,9,202,
4-14,10:27:2,79,79,12.19,9,202,
4-14,10:27:3,78,78,12.21,9,202,
4-14,10:27:3,80,80,12.2,9,202,
4-14,10:27:4,79,79,12.27,9,202,
4-14,10:27:4,78,78,12.26,9,202,
4-14,10:27:5,79,79,12.26,9,202,
4-14,10:27:5,78,78,12.26,9,202,
4-14,10:27:6,80,80,12.29,9,202,
4-14,10:27:6,79,79,12.28,9,202,
4-14,10:27:7,79,79,12.28,9,202,
4-14,10:27:7,79,79,12.24,9,202,
4-14,10:27:8,78,78,12.26,9,202,
4-14,10:27:8,78,78,12.37,9,202,
4-14,10:27:9,78,78,12.28,9,202,
4-14,10:27:9,77,77,12.21,9,202,
4-14,10:27:10,78,78,12.32,9,202,
4-14,10:27:10,79,79,12.29,9,202,
4-14,10:27:11,79,79,12.23,9,202,
4-14,10:27:11,77,77,12.27,9,202,
4-14,10:27:12,79,79,12.33,9,202,
4-14,10:27:12,78,78,12.23,9,202,
4-14,10:27:13,78,78,12.31,9,202,
4-14,10:27:13,79,79,12.28,9,202,
4-14,10:27:14,79,79,12.34,9,202,
4-14,10:27:14,78,78,12.31,9,202,
4-14,10:27:15,78,78,12.29,9,202,
4-14,10:27:15,78,78,12.23,9,202,
4-14,10:27:16,78,78,12.27,9,202,
4-14,10:27:16,78,78,12.28,9,202,
4-14,10:27:17,78,78,12.28,9,202,
4-14,10:27:17,77,77,12.32,9,202,
4-14,10:27:18,78,78,12.36,9,202,
4-14,10:27:18,78,78,12.33,9,202,
4-14,10:27:19,77,77,12.34,9,202,
4-14,10:27:19,76,76,12.34,9,202,
4-14,10:27:20,77,77,12.24,9,202,
4-14,10:27:20,77,77,12.3,9,202,
4-14,10:27:21,78,78,12.32,9,202,
4-14,10:27:21,76,76,12.21,9,202,
4-14,10:27:22,78,78,12.19,9,202,
4-14,10:27:22,77,77,12.33,9,202,
4-14,10:27:23,77,77,12.32,9,202,
4-14,10:27:23,76,76,12.24,9,202,
4-14,10:27:24,77,77,12.25,9,202,
4-14,10:27:24,78,78,12.35,9,202,
4-14,10:27:25,78,78,12.34,9,202,
4-14,10:27:25,75,75,12.3,9,202,
4-14,10:27:26,76,76,12.27,9,202,
4-14,10:27:26,76,76,12.38,9,202,
4-14,10:27:27,76,76,12.19,9,202,
4-14,10:27:27,74,74,12.32,9,202,
4-14,10:27:28,77,77,12.29,9,202,
4-14,10:27:28,76,76,12.23,9,202,
4-14,10:27:29,76,76,12.18,9,202,
4-14,10:27:29,75,75,12.31,9,202,
4-14,10:27:30,75,75,12.29,9,202,
4-14,10:27:30,75,75,12.29,9,202,
4-14,10:27:31,75,75,12.3,9,202,
4-14,10:27:31,75,75,12.32,9,202,
4-14,10:27:32,75,75,12.31,9,202,
4-14,10:27:32,74,74,12.29,9,202,
4-14,10:27:33,75,75,12.31,9,202,
4-14,10:27:33,76,76,12.21,9,202,
4-14,10:27:34,74,74,12.25,9,202,
4-14,10:27:34,76,76,12.27,9,202,
4-14,10:27:35,76,76,12.22,9,202,
4-14,10:27:35,74,74,12.24,9,202,
4-14,10:27:36,73,73,12.24,9,202,
4-14,10:27:36,76,76,12.24,9,202,
4-14,10:27:37,76,76,12.22,9,202,
4-14,10:27:37,73,73,12.2,9,202,
4-14,10:27:38,74,74,12.24,9,202,
4-14,10:27:38,74,74,12.25,9,202,
4-14,10:27:39,73,73,12.25,9,202,
4-14,10:27:39,72,72,12.21,9,202,
4-14,10:27:40,73,73,12.28,9,202,
4-14,10:27:40,73,73,12.27,9,202,
4-14,10:27:41,74,74,12.15,9,202,
4-14,10:27:41,77,77,12.21,9,202,
4-14,10:27:42,72,72,12.29,9,202,
4-14,10:27:42,74,74,12.27,9,202,
4-14,10:27:43,74,74,12.32,9,202,
4-14,10:27:43,73,73,12.23,9,202,
4-14,10:27:44,73,73,12.3,9,202,
4-14,10:27:44,73,73,12.21,9,202,
4-14,10:27:45,75,75,12.2,9,202,
4-14,10:27:45,73,73,12.23,9,202,
4-14,10:27:46,73,73,12.19,9,202,
4-14,10:27:46,74,74,12.28,9,202,
4-14,10:27:47,76,76,12.18,9,202,
4-14,10:27:47,75,75,12.26,9,202,
4-14,10:27:48,75,75,12.27,9,202,
4-14,10:27:48,75,75,12.25,9,202,
4-14,10:27:49,75,75,12.13,9,202,
4-14,10:27:49,73,73,12.23,9,202,
4-14,10:27:50,74,74,12.26,9,202,
4-14,10:27:50,74,74,12.29,9,202,
4-14,10:27:51,74,74,12.29,9,202,
4-14,10:27:51,71,71,12.24,9,202,
4-14,10:27:52,73,73,12.25,9,202,
4-14,10:27:52,73,73,12.25,9,202,
4-14,10:27:53,75,75,12.29,9,202,
4-14,10:27:53,73,73,12.29,9,202,
4-14,10:27:54,75,75,12.25,9,202,
4-14,10:27:54,76,76,12.23,9,202,
4-14,10:27:55,73,73,12.28,10,202,
4-14,10:27:55,74,74,12.21,10,202,
4-14,10:27:56,74,74,12.26,10,202,
4-14,10:27:56,74,74,12.24,10,202,
4-14,10:27:57,73,73,12.24,10,202,
4-14,10:27:57,73,73,12.26,10,202,
4-14,10:27:58,75,75,12.18,10,202,
4-14,10:27:58,75,75,12.19,10,202,
4-14,10:27:59,73,73,12.34,10,202,
4-14,10:27:59,75,75,12.37,10,202,
4-14,10:28:0,75,75,12.3,10,202,
4-14,10:28:0,74,74,12.29,10,202,
4-14,10:28:1,72,72,12.28,10,202,
4-14,10:28:1,73,73,12.27,10,202,
4-14,10:28:2,75,75,12.19,10,202,
4-14,10:28:2,73,73,12.22,10,202,
4-14,10:28:3,73,73,12.31,10,202,
4-14,10:28:3,74,74,12.31,10,202,
4-14,10:28:4,75,75,12.31,10,202,
4-14,10:28:4,73,73,12.22,10,202,
4-14,10:28:5,74,74,12.23,10,202,
4-14,10:28:5,75,75,12.34,10,202,
4-14,10:28:6,75,75,12.34,10,202,
4-14,10:28:6,74,74,12.26,10,202,
4-14,10:28:7,74,74,12.28,10,202,
4-14,10:28:7,74,74,12.29,10,202,
4-14,10:28:8,74,74,12.32,10,202,
4-14,10:28:8,74,74,12.24,10,202,
4-14,10:28:9,75,75,12.31,10,202,
4-14,10:28:9,75,75,12.15,10,202,
4-14,10:28:10,72,72,12.29,10,202,
4-14,10:28:10,75,75,12.15,10,202,
4-14,10:28:11,77,77,12.15,10,202,
4-14,10:28:11,80,80,12.24,10,202,
4-14,10:28:12,82,82,12.31,10,202,
4-14,10:28:12,82,82,12.24,10,202,
4-14,10:28:13,79,79,12.1,10,202,
4-14,10:28:13,75,75,12.27,10,202,
4-14,10:28:14,76,76,12.19,10,202,
4-14,10:28:14,74,74,12.29,10,202,
4-14,10:28:15,74,74,12.23,10,202,
4-14,10:28:15,74,74,12.23,10,202,
4-14,10:28:16,73,73,12.27,10,202,
4-14,10:28:16,75,75,12.22,10,202,
4-14,10:28:17,74,74,12.29,10,202,
4-14,10:28:17,74,74,12.24,10,202,
4-14,10:28:18,74,74,12.21,10,202,
4-14,10:28:18,74,74,12.25,10,202,
4-14,10:28:19,73,73,12.25,10,202,
4-14,10:28:19,74,74,12.21,10,202,
4-14,10:28:20,74,74,12.27,10,202,
4-14,10:28:20,74,74,12.29,10,202,
4-14,10:28:21,73,73,12.22,10,202,
4-14,10:28:21,74,74,12.29,10,202,
4-14,10:28:22,73,73,12.27,10,202,
4-14,10:28:22,74,74,12.3,10,202,
4-14,10:28:23,74,74,12.34,10,202,
4-14,10:28:23,74,74,12.21,10,202,
4-14,10:28:24,75,75,12.36,10,202,
4-14,10:28:24,74,74,12.38,10,202,
4-14,10:28:25,75,75,12.36,10,202,
4-14,10:28:25,74,74,12.31,10,202,
4-14,10:28:26,75,75,12.3,10,202,
4-14,10:28:26,74,74,12.3,10,202,
4-14,10:28:27,75,75,12.29,10,202,
4-14,10:28:27,73,73,12.31,10,202,
4-14,10:28:28,77,77,12.19,10,202,
4-14,10:28:28,76,76,12.28,10,202,
4-14,10:28:29,75,75,12.28,10,202,
4-14,10:28:29,73,73,12.31,10,202,
4-14,10:28:30,74,74,12.29,10,202,
4-14,10:28:30,75,75,12.3,10,202,
4-14,10:28:31,77,77,12.2,10,202,
4-14,10:28:31,74,74,12.29,10,202,
4-14,10:28:32,76,76,12.22,10,202,
4-14,10:28:32,76,76,12.18,10,202,
4-14,10:28:33,77,77,12.2,10,202,
4-14,10:28:33,75,75,12.27,10,202,
4-14,10:28:34,76,76,12.19,10,202,
4-14,10:28:34,74,74,12.24,10,202,
4-14,10:28:35,76,76,12.22,10,202,
4-14,10:28:35,76,76,12.16,10,202,
4-14,10:28:36,73,73,12.27,10,202,
4-14,10:28:36,74,74,12.26,10,202,
4-14,10:28:37,74,74,12.24,10,202,
4-14,10:28:37,75,75,12.26,10,202,
4-14,10:28:38,73,73,12.31,10,202,
4-14,10:28:38,74,74,12.27,10,202,
4-14,10:28:39,73,73,12.24,10,202,
4-14,10:28:39,74,74,12.28,10,202,
4-14,10:28:40,74,74,12.26,10,202,
4-14,10:28:40,73,73,12.28,10,202,
4-14,10:28:41,74,74,12.28,10,202,
4-14,10:28:41,74,74,12.28,10,202,
4-14,10:28:42,72,72,12.25,10,202,
4-14,10:28:42,73,73,12.34,10,202,
4-14,10:28:43,73,73,12.3,10,202,
4-14,10:28:43,73,73,12.28,10,202,
4-14,10:28:44,73,73,12.25,10,202,
4-14,10:28:44,73,73,12.28,10,202,
4-14,10:28:45,73,73,12.26,10,202,
4-14,10:28:45,73,73,12.23,10,202,
4-14,10:28:46,73,73,12.3,10,202,
4-14,10:28:46,72,72,12.23,10,202,
4-14,10:28:47,72,72,12.26,10,202,
4-14,10:28:47,72,72,12.13,10,202,
4-14,10:28:48,71,71,12.22,10,202,
4-14,10:28:48,72,72,12.22,10,202,
4-14,10:28:49,72,72,12.31,10,202,
4-14,10:28:49,72,72,12.21,10,202,
4-14,10:28:50,71,71,12.29,10,202,
4-14,10:28:50,73,73,12.25,10,202,
4-14,10:28:51,72,72,12.27,10,202,
4-14,10:28:51,73,73,12.3,10,202,
4-14,10:28:52,69,69,12.27,10,202,
4-14,10:28:52,72,72,12.24,10,202,
4-14,10:28:53,71,71,12.26,10,202,
4-14,10:28:53,71,71,12.29,10,202,
4-14,10:28:54,72,72,12.25,10,202,
4-14,10:28:54,71,71,12.22,10,202,
4-14,10:28:55,71,71,12.2,10,202,
4-14,10:28:55,72,72,12.24,10,202,
4-14,10:28:56,72,72,12.25,10,202,
4-14,10:28:56,71,71,12.2,10,202,
4-14,10:28:57,70,70,12.21,10,202,
4-14,10:28:57,69,69,12.25,10,202,
4-14,10:28:58,70,70,12.23,10,202,
4-14,10:28:58,71,71,12.26,10,202,
4-14,10:28:59,71,71,12.35,10,202,
4-14,10:28:59,72,72,12.25,10,202,
4-14,10:29:0,70,70,12.25,10,202,
4-14,10:29:0,69,69,12.29,10,202,
4-14,10:29:1,70,70,12.32,10,202,
4-14,10:29:1,70,70,12.21,10,202,
4-14,10:29:2,70,70,12.32,10,202,
4-14,10:29:2,71,71,12.23,10,202,
4-14,10:29:3,69,69,12.29,10,202,
4-14,10:29:3,68,68,12.25,10,202,
4-14,10:29:4,70,70,12.2,10,202,
4-14,10:29:4,68,68,12.24,10,202,
4-14,10:29:5,67,67,12.24,10,202,
4-14,10:29:5,70,70,12.21,10,202,
4-14,10:29:6,66,66,12.23,10,202,
4-14,10:29:6,69,69,12.3,10,202,
4-14,10:29:7,67,67,12.27,10,202,
4-14,10:29:7,67,67,12.25,10,202,
4-14,10:29:8,69,69,12.28,10,202,
4-14,10:29:8,67,67,12.29,10,202,
4-14,10:29:9,68,68,12.26,10,202,
4-14,10:29:9,68,68,12.26,10,202,
4-14,10:29:10,67,67,12.28,10,202,
4-14,10:29:10,68,68,12.18,10,202,
4-14,10:29:11,66,66,12.22,10,202,
4-14,10:29:11,66,66,12.16,10,202,
4-14,10:29:12,66,66,12.25,10,202,
4-14,10:29:12,65,65,12.24,10,202,
4-14,10:29:13,65,65,12.22,10,202,
4-14,10:29:13,66,66,12.29,10,202,
4-14,10:29:14,65,65,12.28,10,202,
4-14,10:29:14,66,66,12.23,10,202,
4-14,10:29:15,66,66,12.26,10,202,
4-14,10:29:15,66,66,12.27,10,202,
4-14,10:29:16,63,63,12.28,10,202,
4-14,10:29:16,64,64,12.2,10,202,
4-14,10:29:17,62,62,12.23,10,202,
4-14,10:29:17,63,63,12.29,10,202,
4-14,10:29:18,66,66,12.22,10,202,
4-14,10:29:18,66,66,12.23,10,202,
4-14,10:29:19,65,65,12.27,10,202,
4-14,10:29:19,64,64,12.31,10,202,
4-14,10:29:20,63,63,12.27,10,202,
4-14,10:29:20,65,65,12.19,10,202,
4-14,10:29:21,62,62,12.24,10,202,
4-14,10:29:21,65,65,12.22,10,202,
4-14,10:29:22,64,64,12.19,10,202,
4-14,10:29:22,65,65,12.26,10,202,
4-14,10:29:23,62,62,12.27,10,202,
4-14,10:29:23,64,64,12.2,10,202,
4-14,10:29:24,63,63,12.26,10,202,
4-14,10:29:24,62,62,12.26,10,202,
4-14,10:29:25,62,62,12.24,10,202,
4-14,10:29:25,63,63,12.28,10,202,
4-14,10:29:26,64,64,12.32,10,202,
4-14,10:29:26,61,61,12.26,10,202,
4-14,10:29:27,65,65,12.24,10,202,
4-14,10:29:27,63,63,12.16,10,202,
4-14,10:29:28,63,63,12.19,10,202,
4-14,10:29:28,64,64,12.2,10,202,
4-14,10:29:29,64,64,12.22,10,202,
4-14,10:29:29,61,61,12.23,10,202,
4-14,10:29:30,61,61,12.25,10,202,
4-14,10:29:30,63,63,12.25,10,202,
4-14,10:29:31,61,61,12.28,10,202,
4-14,10:29:31,63,63,12.27,10,202,
4-14,10:29:32,61,61,12.27,10,202,
4-14,10:29:32,60,60,12.23,10,202,
4-14,10:29:33,62,62,12.18,10,202,
4-14,10:29:33,62,62,12.34,10,202,
4-14,10:29:34,59,59,12.23,10,202,
4-14,10:29:34,61,61,12.22,10,202,
4-14,10:29:35,61,61,12.22,10,202,
4-14,10:29:35,60,60,12.26,10,202,
4-14,10:29:36,60,60,12.26,10,202,
4-14,10:29:36,60,60,12.25,10,202,
4-14,10:29:37,60,60,12.28,10,202,
4-14,10:29:37,58,58,12.28,10,202,
4-14,10:29:38,57,57,12.29,10,202,
4-14,10:29:38,60,60,12.26,10,202,
4-14,10:29:39,59,59,12.2,10,202,
4-14,10:29:39,59,59,12.21,10,202,
4-14,10:29:40,60,60,12.26,10,202,
4-14,10:29:40,59,59,12.21,10,202,
4-14,10:29:41,59,59,12.21,10,202,
4-14,10:29:41,58,58,12.3,10,202,
4-14,10:29:42,60,60,12.2,10,202,
4-14,10:29:42,58,58,12.2,10,202,
4-14,10:29:43,59,59,12.31,10,202,
4-14,10:29:43,60,60,12.26,10,202,
4-14,10:29:44,57,57,12.3,10,202,
4-14,10:29:44,58,58,12.3,10,202,
4-14,10:29:45,56,56,12.19,10,202,
4-14,10:29:45,59,59,12.2,10,202,
4-14,10:29:46,58,58,12.21,10,202,
4-14,10:29:46,58,58,12.2,10,202,
4-14,10:29:47,59,59,12.32,10,202,
4-14,10:29:47,56,56,12.28,10,202,
4-14,10:29:48,57,57,12.2,10,202,
4-14,10:29:48,56,56,12.25,10,202,
4-14,10:29:49,58,58,12.34,10,202,
4-14,10:29:49,56,56,12.26,10,202,
4-14,10:29:50,54,54,12.13,10,202,
4-14,10:29:50,56,56,12.24,10,202,
4-14,10:29:51,56,56,12.26,10,202,
4-14,10:29:51,57,57,12.19,10,202,
4-14,10:29:52,55,55,12.19,10,202,
4-14,10:29:52,56,56,12.21,10,202,
4-14,10:29:53,57,57,12.3,10,202,
4-14,10:29:53,53,53,12.24,10,202,
4-14,10:29:54,56,56,12.29,10,202,
4-14,10:29:54,56,56,12.25,10,202,
4-14,10:29:55,56,56,12.25,10,202,
4-14,10:29:55,56,56,12.23,10,202,
4-14,10:29:56,57,57,12.27,10,202,
4-14,10:29:56,56,56,12.3,10,202,
4-14,10:29:57,50,50,12.16,10,202,
4-14,10:29:57,54,54,12.2,10,202,
4-14,10:29:58,56,56,12.27,10,202,
4-14,10:29:58,54,54,12.31,10,202,
4-14,10:29:59,56,56,12.31,10,202,
4-14,10:29:59,55,55,12.28,10,202,
4-14,10:30:0,52,52,12.26,10,202,
4-14,10:30:0,50,50,12.2,10,202,
4-14,10:30:1,56,56,12.36,10,202,
4-14,10:30:1,51,51,12.26,10,202,
4-14,10:30:2,51,51,12.25,10,202,
4-14,10:30:2,53,53,12.25,10,202,
4-14,10:30:3,54,54,12.28,10,202,
4-14,10:30:3,50,50,12.24,10,202,
4-14,10:30:4,53,53,12.31,10,202,
4-14,10:30:4,53,53,12.22,10,202,
4-14,10:30:5,51,51,12.26,10,202,
4-14,10:30:5,54,54,12.35,10,202,
4-14,10:30:6,50,50,12.29,10,202,
4-14,10:30:6,51,51,12.33,10,202,
4-14,10:30:7,50,50,12.3,10,202,
4-14,10:30:7,55,55,12.38,10,202,
4-14,10:30:8,50,50,12.26,10,202,
4-14,10:30:8,48,48,12.24,10,202,
4-14,10:30:9,52,52,12.29,10,202,
4-14,10:30:9,51,51,12.28,10,202,
4-14,10:30:10,50,50,12.19,10,202,
4-14,10:30:10,50,50,12.2,10,202,
4-14,10:30:11,48,48,12.22,10,202,
4-14,10:30:11,49,49,12.25,10,202,
4-14,10:30:12,48,48,12.21,10,202,
4-14,10:30:12,50,50,12.28,10,202,
4-14,10:30:13,48,48,12.2,10,202,
4-14,10:30:13,48,48,12.3,10,202,
4-14,10:30:14,51,51,12.35,10,202,
4-14,10:30:14,49,49,12.33,10,202,
4-14,10:30:15,52,52,12.34,10,202,
4-14,10:30:15,50,50,12.28,10,202,
4-14,10:30:16,50,50,12.31,10,202,
4-14,10:30:16,44,44,12.25,10,202,
4-14,10:30:17,46,46,12.32,10,202,
4-14,10:30:17,49,49,12.32,10,202,
4-14,10:30:18,47,47,12.29,10,202,
4-14,10:30:18,49,49,12.3,10,202,
4-14,10:30:19,47,47,12.33,10,202,
4-14,10:30:19,47,47,12.33,10,202,
4-14,10:30:20,48,48,12.4,10,202,
4-14,10:30:20,44,44,12.3,10,202,
4-14,10:30:21,46,46,12.29,10,202,
4-14,10:30:21,48,48,12.34,10,202,
4-14,10:30:22,46,46,12.35,10,202,
4-14,10:30:22,47,47,12.34,10,202,
4-14,10:30:23,45,45,12.3,10,202,
4-14,10:30:23,46,46,12.31,10,202,
4-14,10:30:24,44,44,12.36,10,202,
4-14,10:30:24,46,46,12.32,10,202,
4-14,10:30:25,46,46,12.41,10,202,
4-14,10:30:25,47,47,12.36,10,202,
4-14,10:30:26,44,44,12.37,10,202,
4-14,10:30:26,41,41,12.26,10,202,
4-14,10:30:27,46,46,12.41,10,202,
4-14,10:30:27,43,43,12.32,10,202,
4-14,10:30:28,45,45,12.36,10,202,
4-14,10:30:28,43,43,12.31,10,202,
4-14,10:30:29,44,44,12.36,10,202,
4-14,10:30:29,45,45,12.36,10,202,
4-14,10:30:30,47,47,12.39,10,202,
4-14,10:30:30,39,39,12.34,10,202,
4-14,10:30:31,43,43,12.36,10,202,
4-14,10:30:31,43,43,12.37,10,202,
4-14,10:30:32,45,45,12.4,10,202,
4-14,10:30:32,43,43,12.37,10,202,
4-14,10:30:33,39,39,12.3,10,202,
4-14,10:30:33,46,46,12.41,10,202,
4-14,10:30:34,46,46,12.42,10,202,
4-14,10:30:34,44,44,12.38,10,202,
4-14,10:30:35,44,44,12.4,10,202,
4-14,10:30:35,42,42,12.4,10,202,
4-14,10:30:36,43,43,12.45,10,202,
4-14,10:30:36,42,42,12.37,10,202,
4-14,10:30:37,44,44,12.42,10,202,
4-14,10:30:37,44,44,12.41,10,202,
4-14,10:30:38,41,41,12.38,10,202,
4-14,10:30:38,45,45,12.42,10,202,
4-14,10:30:39,42,42,12.41,10,202,
4-14,10:30:39,38,38,12.31,10,202,
4-14,10:30:40,44,44,12.47,10,202,
4-14,10:30:40,40,40,12.41,10,202,
4-14,10:30:41,39,39,12.37,10,202,
4-14,10:30:41,40,40,12.39,10,202,
4-14,10:30:42,41,41,12.41,10,202,
4-14,10:30:42,43,43,12.43,10,202,
4-14,10:30:43,40,40,12.4,10,202,
4-14,10:30:43,44,44,12.44,10,202,
4-14,10:30:44,40,40,12.43,10,202,
4-14,10:30:44,42,42,12.41,10,202,
4-14,10:30:45,40,40,12.37,10,202,
4-14,10:30:45,41,41,12.38,10,202,
4-14,10:30:46,37,37,12.4,10,202,
4-14,10:30:46,36,36,12.31,10,202,
4-14,10:30:47,41,41,12.44,10,202,
4-14,10:30:47,36,36,12.38,10,202,
4-14,10:30:48,39,39,12.37,10,202,
4-14,10:30:48,38,38,12.41,10,202,
4-14,10:30:49,41,41,12.45,10,202,
4-14,10:30:49,36,36,12.35,10,202,
4-14,10:30:50,40,40,12.47,10,202,
4-14,10:30:50,38,38,12.43,10,202,
4-14,10:30:51,40,40,12.46,10,202,
4-14,10:30:51,42,42,12.43,10,202,
4-14,10:30:52,40,40,12.47,10,202,
4-14,10:30:52,34,34,12.32,10,202,
4-14,10:30:53,37,37,12.4,10,202,
4-14,10:30:53,39,39,12.44,10,202,
4-14,10:30:54,36,36,12.4,10,202,
4-14,10:30:54,34,34,12.35,10,202,
4-14,10:30:55,36,36,12.39,10,202,
4-14,10:30:55,38,38,12.44,10,202,
4-14,10:30:56,43,43,12.53,10,202,
4-14,10:30:56,37,37,12.42,10,202,
4-14,10:30:57,34,34,12.39,10,202,
4-14,10:30:57,30,30,12.33,10,202,
4-14,10:30:58,39,39,12.47,10,202,
4-14,10:30:58,37,37,12.42,10,202,
4-14,10:30:59,40,40,12.5,10,202,
4-14,10:30:59,38,38,12.47,10,202,
4-14,10:31:0,37,37,12.4,10,202,
4-14,10:31:0,39,39,12.46,10,202,
4-14,10:31:1,41,41,12.54,10,202,
4-14,10:31:1,35,35,12.43,10,202,
4-14,10:31:2,39,39,12.52,10,202,
4-14,10:31:2,40,40,12.53,10,202,
4-14,10:31:3,38,38,12.45,10,202,
4-14,10:31:3,35,35,12.45,10,202,
4-14,10:31:4,37,37,12.46,10,202,
4-14,10:31:4,36,36,12.47,10,202,
4-14,10:31:5,34,34,12.44,10,202,
4-14,10:31:5,38,38,12.46,10,202,
4-14,10:31:6,38,38,12.42,10,202,
4-14,10:31:6,32,32,12.41,10,202,
4-14,10:31:7,38,38,12.49,10,202,
4-14,10:31:7,31,31,12.39,10,202,
4-14,10:31:8,35,35,12.46,10,202,
4-14,10:31:8,37,37,12.47,10,202,
4-14,10:31:9,30,30,12.43,10,202,
4-14,10:31:9,40,40,12.51,10,202,
4-14,10:31:10,34,34,12.42,10,202,
4-14,10:31:10,34,34,12.47,10,202,
4-14,10:31:11,36,36,12.5,10,202,
4-14,10:31:11,37,37,12.5,10,202,
4-14,10:31:12,36,36,12.47,10,202,
4-14,10:31:12,33,33,12.44,10,202,
4-14,10:31:13,37,37,12.48,10,202,
4-14,10:31:13,29,29,12.39,10,202,
4-14,10:31:14,33,33,12.39,10,202,
4-14,10:31:14,35,35,12.52,10,202,
4-14,10:31:15,34,34,12.43,10,202,
4-14,10:31:15,32,32,12.46,10,202,
4-14,10:31:16,34,34,12.47,10,202,
4-14,10:31:16,33,33,12.44,10,202,
4-14,10:31:17,36,36,12.48,10,202,
4-14,10:31:17,33,33,12.51,10,202,
4-14,10:31:18,34,34,12.49,10,202,
4-14,10:31:18,35,35,12.49,10,202,
4-14,10:31:19,31,31,12.46,10,202,
4-14,10:31:19,31,31,12.42,10,202,
4-14,10:31:20,34,34,12.46,10,202,
4-14,10:31:20,35,35,12.52,10,202,
4-14,10:31:21,36,36,12.49,10,202,
4-14,10:31:21,32,32,12.45,10,202,
4-14,10:31:22,33,33,12.45,10,202,
4-14,10:31:22,32,32,12.48,10,202,
4-14,10:31:23,30,30,12.45,10,202,
4-14,10:31:23,30,30,12.48,10,202,
4-14,10:31:24,33,33,12.46,10,202,
4-14,10:31:24,35,35,12.51,10,202,
4-14,10:31:25,34,34,12.5,10,202,
4-14,10:31:25,35,35,12.49,10,202,
4-14,10:31:26,29,29,12.42,10,202,
4-14,10:31:26,30,30,12.45,10,202,
4-14,10:31:27,36,36,12.57,10,202,
4-14,10:31:27,36,36,12.54,10,202,
4-14,10:31:28,24,24,12.35,10,202,
4-14,10:31:28,25,25,12.4,10,202,
4-14,10:31:29,31,31,12.48,10,202,
4-14,10:31:29,30,30,12.49,10,202,
4-14,10:31:30,33,33,12.49,10,202,
4-14,10:31:30,28,28,12.47,10,202,
4-14,10:31:31,36,36,12.57,10,202,
4-14,10:31:31,34,34,12.52,10,202,
4-14,10:31:32,36,36,12.58,10,202,
4-14,10:31:32,32,32,12.54,10,202,
4-14,10:31:33,28,28,12.45,10,202,
4-14,10:31:33,31,31,12.48,10,202,
4-14,10:31:34,33,33,12.51,10,202,
4-14,10:31:34,29,29,12.5,10,202,
4-14,10:31:35,33,33,12.54,10,202,
4-14,10:31:35,30,30,12.5,10,202,
4-14,10:31:36,30,30,12.47,10,202,
4-14,10:31:36,26,26,12.45,10,202,
4-14,10:31:37,26,26,12.48,10,202,
4-14,10:31:37,22,22,12.39,10,202,
4-14,10:31:38,34,34,12.56,10,202,
4-14,10:31:38,34,34,12.54,10,202,
4-14,10:31:39,32,32,12.54,10,202,
4-14,10:31:39,33,33,12.53,10,202,
4-14,10:31:40,33,33,12.61,10,202,
4-14,10:31:40,30,30,12.5,10,202,
4-14,10:31:41,31,31,12.57,10,202,
4-14,10:31:41,34,34,12.54,10,202,
4-14,10:31:42,31,31,12.48,10,202,
4-14,10:31:42,28,28,12.5,10,202,
4-14,10:31:43,28,28,12.47,10,202,
4-14,10:31:43,26,26,12.47,10,202,
4-14,10:31:44,30,30,12.54,10,202,
4-14,10:31:44,31,31,12.51,10,202,
4-14,10:31:45,29,29,12.53,10,202,
4-14,10:31:45,28,28,12.45,10,202,
4-14,10:31:46,30,30,12.52,10,202,
4-14,10:31:46,22,22,12.46,10,202,
4-14,10:31:47,24,24,12.43,10,202,
4-14,10:31:47,28,28,12.53,10,202,
4-14,10:31:48,29,29,12.54,10,202,
4-14,10:31:48,22,22,12.47,10,202,
4-14,10:31:49,27,27,12.48,10,202,
4-14,10:31:49,34,34,12.62,10,202,
4-14,10:31:50,32,32,12.58,10,202,
4-14,10:31:50,21,21,12.46,10,202,
4-14,10:31:51,26,26,12.53,10,202,
4-14,10:31:51,25,25,12.5,10,202,
4-14,10:31:52,28,28,12.56,10,202,
4-14,10:31:52,29,29,12.54,10,202,
4-14,10:31:53,30,30,12.52,10,202,
4-14,10:31:53,32,32,12.58,10,202,
4-14,10:31:54,26,26,12.51,10,202,
4-14,10:31:54,28,28,12.53,10,202,
4-14,10:31:55,21,21,12.48,10,202,
4-14,10:31:55,32,32,12.64,10,202,
4-14,10:31:56,27,27,12.57,10,202,
4-14,10:31:56,27,27,12.57,10,202,
4-14,10:31:57,24,24,12.51,10,202,
4-14,10:31:57,27,27,12.57,10,202,
4-14,10:31:58,24,24,12.5,10,202,
4-14,10:31:58,26,26,12.57,10,202,
4-14,10:31:59,27,27,12.57,10,202,
4-14,10:31:59,26,26,12.54,10,202,
4-14,10:32:0,26,26,12.54,10,202,
4-14,10:32:0,23,23,12.5,10,202,
4-14,10:32:1,27,27,12.58,10,202,
4-14,10:32:1,25,25,12.52,10,202,
4-14,10:32:2,28,28,12.58,10,202,
4-14,10:32:2,18,18,12.51,10,202,
4-14,10:32:3,29,29,12.55,10,202,
4-14,10:32:3,24,24,12.56,10,202,
4-14,10:32:4,21,21,12.5,10,202,
4-14,10:32:4,28,28,12.59,10,202,
4-14,10:32:5,24,24,12.55,10,202,
4-14,10:32:5,28,28,12.58,10,202,
4-14,10:32:6,24,24,12.51,10,202,
4-14,10:32:6,18,18,12.44,10,202,
4-14,10:32:7,35,35,12.64,10,202,
4-14,10:32:7,18,18,12.51,10,202,
4-14,10:32:8,26,26,12.58,10,202,
4-14,10:32:8,25,25,12.53,10,202,
4-14,10:32:9,30,30,12.64,10,202,
4-14,10:32:9,23,23,12.53,10,202,
4-14,10:32:10,14,14,12.45,10,202,
4-14,10:32:10,20,20,12.54,10,202,
4-14,10:32:11,15,15,12.48,10,202,
4-14,10:32:11,26,26,12.57,10,202,
4-14,10:32:12,30,30,12.61,10,202,
4-14,10:32:12,26,26,12.58,10,202,
4-14,10:32:13,25,25,12.58,10,202,
4-14,10:32:13,21,21,12.53,10,202,
4-14,10:32:14,30,30,12.6,10,202,
4-14,10:32:14,22,22,12.53,10,202,
4-14,10:32:15,24,24,12.59,10,202,
4-14,10:32:15,21,21,12.57,10,202,
4-14,10:32:16,26,26,12.58,10,202,
4-14,10:32:16,18,18,12.52,10,202,
4-14,10:32:17,26,26,12.58,10,202,
4-14,10:32:17,26,26,12.56,10,202,
4-14,10:32:18,18,18,12.54,10,202,
4-14,10:32:18,26,26,12.57,10,202,
4-14,10:32:19,26,26,12.58,10,202,
4-14,10:32:19,22,22,12.49,10,202,
4-14,10:32:20,19,19,12.56,10,202,
4-14,10:32:20,20,20,12.55,10,202,
4-14,10:32:21,25,25,12.58,10,202,
4-14,10:32:21,29,29,12.64,10,202,
4-14,10:32:22,25,25,12.61,10,202,
4-14,10:32:22,14,14,12.46,10,202,
4-14,10:32:23,25,25,12.57,10,202,
4-14,10:32:23,26,26,12.66,10,202,
4-14,10:32:24,26,26,12.61,10,202,
4-14,10:32:24,23,23,12.59,10,202,
4-14,10:32:25,23,23,12.58,10,202,
4-14,10:32:25,20,20,12.57,10,202,
4-14,10:32:26,16,16,12.51,10,202,
4-14,10:32:26,27,27,12.6,10,202,
4-14,10:32:27,28,28,12.65,10,202,
4-14,10:32:27,20,20,12.5,10,202,
4-14,10:32:28,25,25,12.58,10,202,
4-14,10:32:28,18,18,12.56,10,202,
4-14,10:32:29,25,25,12.62,10,202,
4-14,10:32:29,22,22,12.58,10,202,
4-14,10:32:30,18,18,12.55,10,202,
4-14,10:32:30,16,16,12.56,10,202,
4-14,10:32:31,25,25,12.64,10,202,
4-14,10:32:31,13,13,12.45,10,202,
4-14,10:32:32,20,20,12.58,10,202,
4-14,10:32:32,25,25,12.64,10,202,
4-14,10:32:33,20,20,12.58,10,202,
4-14,10:32:33,32,32,12.68,10,202,
4-14,10:32:34,22,22,12.59,10,202,
4-14,10:32:34,19,19,12.59,10,202,
4-14,10:32:35,17,17,12.55,10,202,
4-14,10:32:35,22,22,12.6,10,202,
4-14,10:32:36,22,22,12.58,10,202,
4-14,10:32:36,14,14,12.5,10,202,
4-14,10:32:37,17,17,12.56,10,202,
4-14,10:32:37,25,25,12.58,10,202,
4-14,10:32:38,11,11,12.51,10,202,
4-14,10:32:38,21,21,12.6,10,202,
4-14,10:32:39,22,22,12.59,10,202,
4-14,10:32:39,20,20,12.61,10,202,
4-14,10:32:40,24,24,12.62,10,202,
4-14,10:32:40,17,17,12.54,10,202,
4-14,10:32:41,21,21,12.58,10,202,
4-14,10:32:41,17,17,12.59,10,202,
4-14,10:32:42,15,15,12.55,10,202,
4-14,10:32:42,17,17,12.58,10,202,
4-14,10:32:43,20,20,12.58,10,202,
4-14,10:32:43,18,18,12.58,10,202,
4-14,10:32:44,23,23,12.6,10,202,
4-14,10:32:44,23,23,12.61,10,202,
4-14,10:32:45,22,22,12.61,10,202,
4-14,10:32:45,24,24,12.63,10,202,
4-14,10:32:46,21,21,12.64,10,202,
4-14,10:32:46,17,17,12.55,10,202,
4-14,10:32:47,16,16,12.58,10,202,
4-14,10:32:47,19,19,12.6,10,202,
4-14,10:32:48,16,16,12.56,10,202,
4-14,10:32:48,17,17,12.58,10,202,
4-14,10:32:49,13,13,12.55,10,202,
4-14,10:32:49,19,19,12.59,10,202,
4-14,10:32:50,19,19,12.6,10,202,
4-14,10:32:50,21,21,12.61,10,202,
4-14,10:32:51,21,21,12.63,10,202,
4-14,10:32:51,15,15,12.59,10,202,
4-14,10:32:52,17,17,12.6,10,202,
4-14,10:32:52,15,15,12.58,10,202,
4-14,10:32:53,19,19,12.63,10,202,
4-14,10:32:53,24,24,12.62,10,202,
4-14,10:32:54,12,12,12.53,10,202,
4-14,10:32:54,19,19,12.6,10,202,
4-14,10:32:55,17,17,12.61,10,202,
4-14,10:32:55,17,17,12.61,10,202,
4-14,10:32:56,18,18,12.63,10,202,
4-14,10:32:56,16,16,12.58,10,202,
4-14,10:32:57,14,14,12.58,10,202,
4-14,10:32:57,17,17,12.6,10,202,
4-14,10:32:58,20,20,12.63,10,202,
4-14,10:32:58,18,18,12.64,10,202,
4-14,10:32:59,10,10,12.52,10,202,
4-14,10:32:59,13,13,12.55,10,202,
4-14,10:33:0,20,20,12.64,10,202,
4-14,10:33:0,12,12,12.57,10,202,
4-14,10:33:1,17,17,12.59,10,202,
4-14,10:33:1,19,19,12.61,10,202,
4-14,10:33:2,15,15,12.59,10,202,
4-14,10:33:2,19,19,12.62,10,202,
4-14,10:33:3,17,17,12.62,10,202,
4-14,10:33:3,18,18,12.66,10,202,
4-14,10:33:4,19,19,12.63,10,202,
4-14,10:33:4,19,19,12.6,10,202,
4-14,10:33:5,18,18,12.63,10,202,
4-14,10:33:5,12,12,12.58,10,202,
4-14,10:33:6,14,14,12.61,10,202,
4-14,10:33:6,14,14,12.61,10,202,
4-14,10:33:7,18,18,12.62,10,202,
4-14,10:33:7,18,18,12.59,10,202,
4-14,10:33:8,18,18,12.63,10,202,
4-14,10:33:8,12,12,12.6,10,202,
4-14,10:33:9,11,11,12.58,10,202,
4-14,10:33:9,12,12,12.61,10,202,
4-14,10:33:10,14,14,12.62,10,202,
4-14,10:33:10,15,15,12.6,10,202,
4-14,10:33:11,25,25,12.74,10,202,
4-14,10:33:11,15,15,12.58,10,202,
4-14,10:33:12,11,11,12.63,10,202,
4-14,10:33:12,15,15,12.62,10,202,
4-14,10:33:13,13,13,12.61,10,202,
4-14,10:33:13,15,15,12.64,10,202,
4-14,10:33:14,16,16,12.64,10,202,
4-14,10:33:14,11,11,12.6,10,202,
4-14,10:33:15,16,16,12.66,10,202,
4-14,10:33:15,17,17,12.63,10,202,
4-14,10:33:16,11,11,12.62,10,202,
4-14,10:33:16,7,7,12.54,10,202,
4-14,10:33:17,12,12,12.59,10,202,
4-14,10:33:17,12,12,12.6,10,202,
4-14,10:33:18,12,12,12.63,10,202,
4-14,10:33:18,12,12,12.6,10,202,
4-14,10:33:19,13,13,12.61,10,202,
4-14,10:33:19,15,15,12.66,10,202,
4-14,10:33:20,12,12,12.61,10,202,
4-14,10:33:20,18,18,12.65,10,202,
4-14,10:33:21,14,14,12.62,10,202,
4-14,10:33:21,16,16,12.6,10,202,
4-14,10:33:22,9,9,12.56,10,202,
4-14,10:33:22,9,9,12.58,10,202,
4-14,10:33:23,14,14,12.64,10,202,
4-14,10:33:23,12,12,12.6,10,202,
4-14,10:33:24,11,11,12.61,10,202,
4-14,10:33:24,15,15,12.65,10,202,
4-14,10:33:25,19,19,12.67,10,202,
4-14,10:33:25,11,11,12.59,10,202,
4-14,10:33:26,12,12,12.59,10,202,
4-14,10:33:26,10,10,12.58,10,202,
4-14,10:33:27,9,9,12.58,10,202,
4-14,10:33:27,11,11,12.61,10,202,
4-14,10:33:28,17,17,12.67,10,202,
4-14,10:33:28,13,13,12.65,10,202,
4-14,10:33:29,8,8,12.56,10,202,
4-14,10:33:29,9,9,12.59,10,202,
4-14,10:33:30,14,14,12.65,10,202,
4-14,10:33:30,10,10,12.6,10,202,
4-14,10:33:31,7,7,12.6,10,202,
4-14,10:33:31,9,9,12.61,10,202,
4-14,10:33:32,11,11,12.58,10,202,
4-14,10:33:32,19,19,12.61,10,202,
4-14,10:33:33,25,25,12.63,10,202,
4-14,10:33:33,23,23,12.59,10,202,
4-14,10:33:34,29,29,12.58,10,202,
4-14,10:33:34,30,30,12.51,10,202,
4-14,10:33:35,39,39,12.59,10,202,
4-14,10:33:35,36,36,12.52,10,202,
4-14,10:33:36,42,42,12.55,10,202,
4-14,10:33:36,48,48,12.54,10,202,
4-14,10:33:37,50,50,12.57,10,202,
4-14,10:33:37,49,49,12.42,10,202,
4-14,10:33:38,56,56,12.53,10,202,
4-14,10:33:38,59,59,12.42,10,202,
4-14,10:33:39,63,63,12.58,10,202,
4-14,10:33:39,60,60,12.43,10,202,
4-14,10:33:40,65,65,12.47,10,202,
4-14,10:33:40,70,70,12.51,10,202,
4-14,10:33:41,68,68,12.46,10,202,
4-14,10:33:41,71,71,12.61,10,202,
4-14,10:33:42,71,71,12.55,10,202,
4-14,10:33:42,73,73,12.48,10,202,
4-14,10:33:43,72,72,12.61,10,202,
4-14,10:33:43,72,72,12.56,10,202,
4-14,10:33:44,75,75,12.63,10,202,
4-14,10:33:44,74,74,12.64,10,202,
4-14,10:33:45,74,74,12.6,10,202,
4-14,10:33:45,75,75,12.37,10,202,
4-14,10:33:46,76,76,12.56,10,202,
4-14,10:33:46,74,74,12.61,10,202,
4-14,10:33:47,75,75,12.6,10,202,
4-14,10:33:47,74,74,12.64,10,202,
4-14,10:33:48,73,73,12.65,10,202,
4-14,10:33:48,73,73,12.62,10,202,
4-14,10:33:49,73,73,12.6,10,202,
4-14,10:33:49,74,74,12.54,10,202,
4-14,10:33:50,75,75,12.62,10,202,
4-14,10:33:50,75,75,12.68,10,202,
4-14,10:33:51,76,76,12.48,10,202,
4-14,10:33:51,77,77,12.58,10,202,
4-14,10:33:52,75,75,12.54,10,202,
4-14,10:33:52,75,75,12.6,10,202,
4-14,10:33:53,76,76,12.59,10,202,
4-14,10:33:53,77,77,12.55,10,202,
4-14,10:33:54,77,77,12.7,10,202,
4-14,10:33:54,78,78,12.64,10,202,
4-14,10:33:55,78,78,12.67,10,202,
4-14,10:33:55,76,76,12.58,10,202,
4-14,10:33:56,79,79,12.67,10,202,
4-14,10:33:56,78,78,12.61,10,202,
4-14,10:33:57,78,78,12.73,10,202,
4-14,10:33:57,78,78,12.62,10,202,
4-14,10:33:58,79,79,12.72,10,202,
4-14,10:33:58,77,77,12.65,10,202,
4-14,10:33:59,78,78,12.57,10,202,
4-14,10:33:59,78,78,12.53,10,202,
4-14,10:34:0,78,78,12.65,10,202,
4-14,10:34:0,80,80,12.68,10,202,
4-14,10:34:1,79,79,12.52,10,202,
4-14,10:34:1,79,79,12.76,10,202,
4-14,10:34:2,78,78,12.57,10,202,
4-14,10:34:2,80,80,12.69,10,202,
4-14,10:34:3,79,79,12.58,10,202,
4-14,10:34:3,79,79,12.62,10,202,
4-14,10:34:4,80,80,12.6,10,202,
4-14,10:34:4,79,79,12.61,10,202,
4-14,10:34:5,79,79,12.57,10,202,
4-14,10:34:5,79,79,12.67,10,202,
4-14,10:34:6,81,81,12.56,10,202,
4-14,10:34:6,79,79,12.57,10,202,
4-14,10:34:7,80,80,12.63,10,202,
4-14,10:34:7,79,79,12.69,10,202,
4-14,10:34:8,79,79,12.69,10,202,
4-14,10:34:8,81,81,12.61,10,202,
4-14,10:34:9,79,79,12.6,10,202,
4-14,10:34:9,81,81,12.71,10,202,
4-14,10:34:10,80,80,12.66,10,202,
4-14,10:34:10,81,81,12.65,10,202,
4-14,10:34:11,80,80,12.64,10,202,
4-14,10:34:11,80,80,12.68,10,202,
4-14,10:34:12,82,82,12.73,10,202,
4-14,10:34:12,80,80,12.7,10,202,
4-14,10:34:13,80,80,12.62,10,202,
4-14,10:34:13,81,81,12.71,10,202,
4-14,10:34:14,82,82,12.76,10,202,
4-14,10:34:14,80,80,12.65,10,202,
4-14,10:34:15,81,81,12.72,10,202,
4-14,10:34:15,81,81,12.67,10,202,
4-14,10:34:16,81,81,12.71,10,202,
4-14,10:34:16,80,80,12.63,10,202,
4-14,10:34:17,81,81,12.74,10,202,
4-14,10:34:17,82,82,12.7,10,202,
4-14,10:34:18,81,81,12.7,10,202,
4-14,10:34:18,81,81,12.71,10,202,
4-14,10:34:19,81,81,12.69,10,202,
4-14,10:34:19,81,81,12.65,10,202,
4-14,10:34:20,81,81,12.6,10,202,
4-14,10:34:20,81,81,12.67,10,202,
4-14,10:34:21,80,80,12.68,10,202,
4-14,10:34:21,81,81,12.7,10,202,
4-14,10:34:22,82,82,12.63,10,202,
4-14,10:34:22,81,81,12.67,10,202,
4-14,10:34:23,82,82,12.69,10,202,
4-14,10:34:23,80,80,12.62,10,202,
4-14,10:34:24,82,82,12.67,10,202,
4-14,10:34:24,81,81,12.63,10,202,
4-14,10:34:25,82,82,12.62,10,202,
4-14,10:34:25,82,82,12.66,10,202,
4-14,10:34:26,82,82,12.66,10,202,
4-14,10:34:26,82,82,12.67,10,202,
4-14,10:34:27,82,82,12.65,10,202,
4-14,10:34:27,82,82,12.68,10,202,
4-14,10:34:28,81,81,12.64,10,202,
4-14,10:34:28,83,83,12.74,10,202,
4-14,10:34:29,82,82,12.69,10,202,
4-14,10:34:29,82,82,12.62,10,202,
4-14,10:34:30,82,82,12.65,10,202,
4-14,10:34:30,83,83,12.64,10,202,
4-14,10:34:31,81,81,12.69,10,202,
4-14,10:34:31,82,82,12.66,10,202,
4-14,10:34:32,82,82,12.72,10,202,
4-14,10:34:32,83,83,12.7,10,202,
4-14,10:34:33,82,82,12.65,10,202,
4-14,10:34:33,83,83,12.71,10,202,
4-14,10:34:34,82,82,12.7,10,202,
4-14,10:34:34,82,82,12.69,10,202,
4-14,10:34:35,82,82,12.69,10,202,
4-14,10:34:35,82,82,12.61,10,202,
4-14,10:34:36,83,83,12.63,10,202,
4-14,10:34:36,83,83,12.61,10,202,
4-14,10:34:37,82,82,12.72,10,202,
4-14,10:34:37,83,83,12.67,10,202,
4-14,10:34:38,83,83,12.64,10,202,
4-14,10:34:38,83,83,12.63,10,202,
4-14,10:34:39,83,83,12.63,10,202,
4-14,10:34:39,83,83,12.65,10,202,
4-14,10:34:40,82,82,12.68,10,202,
4-14,10:34:40,83,83,12.69,10,202,
4-14,10:34:41,82,82,12.65,10,202,
4-14,10:34:41,83,83,12.64,10,202,
4-14,10:34:42,83,83,12.72,10,202,
4-14,10:34:42,82,82,12.68,10,202,
4-14,10:34:43,82,82,12.62,10,202,
4-14,10:34:43,82,82,12.62,10,202,
4-14,10:34:44,82,82,12.65,10,202,
4-14,10:34:44,82,82,12.64,10,202,
4-14,10:34:45,82,82,12.68,10,202,
4-14,10:34:45,83,83,12.64,10,202,
4-14,10:34:46,82,82,12.65,10,202,
4-14,10:34:46,82,82,12.66,10,202,
4-14,10:34:47,81,81,12.64,10,202,
4-14,10:34:47,82,82,12.66,10,202,
4-14,10:34:48,81,81,12.63,10,202,
4-14,10:34:48,81,81,12.68,10,202,
4-14,10:34:49,82,82,12.62,10,202,
4-14,10:34:49,82,82,12.68,10,202,
4-14,10:34:50,82,82,12.64,10,202,
4-14,10:34:50,82,82,12.61,10,202,
4-14,10:34:51,81,81,12.7,10,202,
4-14,10:34:51,81,81,12.62,10,202,
4-14,10:34:52,81,81,12.61,10,202,
4-14,10:34:52,80,80,12.64,10,202,
4-14,10:34:53,80,80,12.65,10,202,
4-14,10:34:53,81,81,12.65,10,202,
4-14,10:34:54,82,82,12.63,10,202,
4-14,10:34:54,81,81,12.67,10,202,
4-14,10:34:55,82,82,12.67,10,202,
4-14,10:34:55,81,81,12.66,10,202,
4-14,10:34:56,81,81,12.75,10,202,
4-14,10:34:56,81,81,12.71,10,202,
4-14,10:34:57,80,80,12.62,10,202,
4-14,10:34:57,80,80,12.53,10,202,
4-14,10:34:58,82,82,12.66,10,202,
4-14,10:34:58,80,80,12.59,10,202,
4-14,10:34:59,81,81,12.62,10,202,
4-14,10:34:59,82,82,12.66,10,202,
4-14,10:35:0,81,81,12.68,10,202,
4-14,10:35:0,81,81,12.54,10,202,
4-14,10:35:1,82,82,12.61,10,202,
4-14,10:35:1,79,79,12.57,10,202,
4-14,10:35:2,80,80,12.6,10,202,
4-14,10:35:2,81,81,12.64,10,202,
4-14,10:35:3,81,81,12.61,10,202,
4-14,10:35:3,81,81,12.61,10,202,
4-14,10:35:4,81,81,12.62,10,202,
4-14,10:35:4,81,81,12.6,10,202,
4-14,10:35:5,80,80,12.61,10,202,
4-14,10:35:5,81,81,12.65,10,202,
4-14,10:35:6,80,80,12.62,10,202,
4-14,10:35:6,79,79,12.62,10,202,
4-14,10:35:7,80,80,12.59,10,202,
4-14,10:35:7,82,82,12.6,10,202,
4-14,10:35:8,79,79,12.6,10,202,
4-14,10:35:8,79,79,12.58,10,202,
4-14,10:35:9,80,80,12.67,10,202,
4-14,10:35:9,79,79,12.65,10,202,
4-14,10:35:10,80,80,12.61,10,202,
4-14,10:35:10,80,80,12.59,10,202,
4-14,10:35:11,80,80,12.57,10,202,
4-14,10:35:11,79,79,12.59,10,202,
4-14,10:35:12,80,80,12.63,10,202,
4-14,10:35:12,79,79,12.57,10,202,
4-14,10:35:13,80,80,12.57,10,202,
4-14,10:35:13,80,80,12.61,10,202,
4-14,10:35:14,79,79,12.59,10,202,
4-14,10:35:14,80,80,12.66,10,202,
4-14,10:35:15,79,79,12.53,10,202,
4-14,10:35:15,79,79,12.6,10,202,
4-14,10:35:16,80,80,12.61,10,202,
4-14,10:35:16,80,80,12.64,10,202,
4-14,10:35:17,78,78,12.55,10,202,
4-14,10:35:17,78,78,12.55,10,202,
4-14,10:35:18,79,79,12.5,10,202,
4-14,10:35:18,80,80,12.62,10,202,
4-14,10:35:19,79,79,12.59,10,202,
4-14,10:35:19,79,79,12.42,10,202,
4-14,10:35:20,80,80,12.63,10,202,
4-14,10:35:20,78,78,12.58,10,202,
4-14,10:35:21,80,80,12.61,10,202,
4-14,10:35:21,80,80,12.61,10,202,
4-14,10:35:22,79,79,12.53,10,202,
4-14,10:35:22,78,78,12.59,10,202,
4-14,10:35:23,78,78,12.56,10,202,
4-14,10:35:23,78,78,12.58,10,202,
4-14,10:35:24,79,79,12.53,10,202,
4-14,10:35:24,79,79,12.59,10,202,
4-14,10:35:25,79,79,12.56,10,202,
4-14,10:35:25,78,78,12.48,10,202,
4-14,10:35:26,79,79,12.54,10,202,
4-14,10:35:26,78,78,12.62,10,202,
4-14,10:35:27,79,79,12.53,10,202,
4-14,10:35:27,78,78,12.53,10,202,
4-14,10:35:28,79,79,12.58,10,202,
4-14,10:35:28,78,78,12.55,10,202,
4-14,10:35:29,78,78,12.56,10,202,
4-14,10:35:29,78,78,12.59,10,202,
4-14,10:35:30,79,79,12.53,10,202,
4-14,10:35:30,78,78,12.6,10,202,
4-14,10:35:31,78,78,12.48,10,202,
4-14,10:35:31,77,77,12.51,10,202,
4-14,10:35:32,78,78,12.5,10,202,
4-14,10:35:32,78,78,12.51,10,202,
4-14,10:35:33,79,79,12.59,10,202,
4-14,10:35:33,77,77,12.39,10,202,
4-14,10:35:34,78,78,12.46,10,202,
4-14,10:35:34,79,79,12.57,10,202,
4-14,10:35:35,78,78,12.59,10,202,
4-14,10:35:35,78,78,12.52,10,202,
4-14,10:35:36,76,76,12.44,10,202,
4-14,10:35:36,77,77,12.44,10,202,
4-14,10:35:37,78,78,12.49,10,202,
4-14,10:35:37,78,78,12.51,10,202,
4-14,10:35:38,76,76,12.46,10,202,
4-14,10:35:38,78,78,12.49,10,202,
4-14,10:35:39,78,78,12.46,10,202,
4-14,10:35:39,78,78,12.54,10,202,
4-14,10:35:40,75,75,12.47,10,202,
4-14,10:35:40,76,76,12.42,10,202,
4-14,10:35:41,76,76,12.43,10,202,
4-14,10:35:41,75,75,12.48,10,202,
4-14,10:35:42,77,77,12.41,10,202,
4-14,10:35:42,76,76,12.48,10,202,
4-14,10:35:43,76,76,12.55,10,202,
4-14,10:35:43,75,75,12.43,10,202,
4-14,10:35:44,75,75,12.36,10,202,
4-14,10:35:44,77,77,12.45,10,202,
4-14,10:35:45,76,76,12.48,10,202,
4-14,10:35:45,75,75,12.43,10,202,
4-14,10:35:46,76,76,12.42,10,202,
4-14,10:35:46,76,76,12.48,10,202,
4-14,10:35:47,76,76,12.52,10,202,
4-14,10:35:47,75,75,12.44,10,202,
4-14,10:35:48,75,75,12.47,10,202,
4-14,10:35:48,75,75,12.35,10,202,
4-14,10:35:49,75,75,12.43,10,202,
4-14,10:35:49,75,75,12.43,10,202,
4-14,10:35:50,76,76,12.37,10,202,
4-14,10:35:50,75,75,12.45,10,202,
4-14,10:35:51,74,74,12.44,10,202,
4-14,10:35:51,75,75,12.37,10,202,
4-14,10:35:52,73,73,12.37,10,202,
4-14,10:35:52,75,75,12.4,10,202,
4-14,10:35:53,72,72,12.35,10,202,
4-14,10:35:53,73,73,12.45,10,202,
4-14,10:35:54,73,73,12.43,10,202,
4-14,10:35:54,74,74,12.46,10,202,
4-14,10:35:55,73,73,12.4,10,202,
4-14,10:35:55,75,75,12.43,10,202,
4-14,10:35:56,72,72,12.36,10,202,
4-14,10:35:56,73,73,12.45,10,202,
4-14,10:35:57,74,74,12.46,10,202,
4-14,10:35:57,74,74,12.4,10,202,
4-14,10:35:58,74,74,12.47,10,202,
4-14,10:35:58,73,73,12.41,10,202,
4-14,10:35:59,73,73,12.4,10,202,
4-14,10:35:59,74,74,12.5,10,202,
4-14,10:36:0,73,73,12.48,10,202,
4-14,10:36:0,71,71,12.4,10,202,
4-14,10:36:1,73,73,12.42,10,202,
4-14,10:36:1,73,73,12.49,10,202,
4-14,10:36:2,72,72,12.43,10,202,
4-14,10:36:2,72,72,12.38,10,202,
4-14,10:36:3,73,73,12.45,10,202,
4-14,10:36:3,72,72,12.56,10,202,
4-14,10:36:4,72,72,12.45,10,202,
4-14,10:36:4,70,70,12.33,10,202,
4-14,10:36:5,70,70,12.36,10,202,
4-14,10:36:5,73,73,12.45,10,202,
4-14,10:36:6,72,72,12.46,10,202,
4-14,10:36:6,72,72,12.47,10,202,
4-14,10:36:7,73,73,12.45,10,202,
4-14,10:36:7,70,70,12.4,10,202,
4-14,10:36:8,71,71,12.46,10,202,
4-14,10:36:8,72,72,12.44,10,202,
4-14,10:36:9,70,70,12.38,10,202,
4-14,10:36:9,71,71,12.43,10,202,
4-14,10:36:10,73,73,12.45,10,202,
4-14,10:36:10,72,72,12.37,10,202,
4-14,10:36:11,71,71,12.48,10,202,
4-14,10:36:11,69,69,12.34,10,202,
4-14,10:36:12,70,70,12.39,10,202,
4-14,10:36:12,71,71,12.4,10,202,
4-14,10:36:13,70,70,12.42,10,202,
4-14,10:36:13,70,70,12.39,10,202,
4-14,10:36:14,70,70,12.37,10,202,
4-14,10:36:14,71,71,12.36,10,202,
4-14,10:36:15,69,69,12.39,10,202,
4-14,10:36:15,68,68,12.39,10,202,
4-14,10:36:16,70,70,12.43,10,202,
4-14,10:36:16,68,68,12.4,10,202,
4-14,10:36:17,71,71,12.41,10,202,
4-14,10:36:17,69,69,12.34,10,202,
4-14,10:36:18,72,72,12.49,10,202,
4-14,10:36:18,70,70,12.42,10,202,
4-14,10:36:19,68,68,12.4,10,202,
4-14,10:36:19,71,71,12.44,10,202,
4-14,10:36:20,69,69,12.42,10,202,
4-14,10:36:20,70,70,12.37,10,202,
4-14,10:36:21,70,70,12.43,10,202,
4-14,10:36:21,69,69,12.4,10,202,
4-14,10:36:22,69,69,12.36,10,202,
4-14,10:36:22,70,70,12.5,10,202,
4-14,10:36:23,69,69,12.48,10,202,
4-14,10:36:23,69,69,12.4,10,202,
4-14,10:36:24,69,69,12.42,10,202,
4-14,10:36:24,69,69,12.34,10,202,
4-14,10:36:25,69,69,12.4,10,202,
4-14,10:36:25,68,68,12.45,10,202,
4-14,10:36:26,69,69,12.46,10,202,
4-14,10:36:26,71,71,12.45,10,202,
4-14,10:36:27,69,69,12.47,10,202,
4-14,10:36:27,67,67,12.35,10,202,
4-14,10:36:28,69,69,12.35,10,202,
4-14,10:36:28,71,71,12.42,10,202,
4-14,10:36:29,70,70,12.39,10,202,
4-14,10:36:29,72,72,12.49,10,202,
4-14,10:36:30,69,69,12.41,10,202,
4-14,10:36:30,70,70,12.42,10,202,
4-14,10:36:31,71,71,12.44,10,202,
4-14,10:36:31,71,71,12.47,10,202,
4-14,10:36:32,70,70,12.33,10,202,
4-14,10:36:32,71,71,12.4,10,202,
4-14,10:36:33,71,71,12.45,10,202,
4-14,10:36:33,70,70,12.42,10,202,
4-14,10:36:34,70,70,12.42,10,202,
4-14,10:36:34,69,69,12.37,10,202,
4-14,10:36:35,70,70,12.41,10,202,
4-14,10:36:35,71,71,12.35,10,202,
4-14,10:36:36,72,72,12.41,10,202,
4-14,10:36:36,72,72,12.45,10,202,
4-14,10:36:37,71,71,12.38,10,202,
4-14,10:36:37,71,71,12.43,10,202,
4-14,10:36:38,71,71,12.45,10,202,
4-14,10:36:38,71,71,12.44,10,202,
4-14,10:36:39,70,70,12.44,10,202,
4-14,10:36:39,72,72,12.31,10,202,
4-14,10:36:40,71,71,12.37,10,202,
4-14,10:36:40,71,71,12.36,10,202,
4-14,10:36:41,72,72,12.45,10,202,
4-14,10:36:41,71,71,12.43,10,202,
4-14,10:36:42,72,72,12.45,10,202,
4-14,10:36:42,70,70,12.39,10,202,
4-14,10:36:43,71,71,12.5,10,202,
4-14,10:36:43,71,71,12.36,10,202,
4-14,10:36:44,71,71,12.36,10,202,
4-14,10:36:44,71,71,12.46,10,202,
4-14,10:36:45,72,72,12.43,10,202,
4-14,10:36:45,70,70,12.41,10,202,
4-14,10:36:46,70,70,12.38,10,202,
4-14,10:36:46,72,72,12.46,10,202,
4-14,10:36:47,70,70,12.4,10,202,
4-14,10:36:47,72,72,12.34,10,202,
4-14,10:36:48,71,71,12.39,10,202,
4-14,10:36:48,71,71,12.38,10,202,
4-14,10:36:49,71,71,12.33,10,202,
4-14,10:36:49,70,70,12.39,10,202,
4-14,10:36:50,72,72,12.48,10,202,
4-14,10:36:50,72,72,12.38,10,202,
4-14,10:36:51,71,71,12.47,10,202,
4-14,10:36:51,72,72,12.38,10,202,
4-14,10:36:52,72,72,12.43,10,202,
4-14,10:36:52,70,70,12.41,10,202,
4-14,10:36:53,71,71,12.5,10,202,
4-14,10:36:53,70,70,12.21,10,202,
4-14,10:36:54,68,68,12.29,10,202,
4-14,10:36:54,71,71,12.48,10,202,
4-14,10:36:55,71,71,12.37,10,202,
4-14,10:36:55,71,71,12.43,10,202,
4-14,10:36:56,73,73,12.46,10,202,
4-14,10:36:56,70,70,12.3,10,202,
4-14,10:36:57,71,71,12.43,10,202,
4-14,10:36:57,71,71,12.39,10,202,
4-14,10:36:58,72,72,12.43,10,202,
4-14,10:36:58,71,71,12.43,10,202,
4-14,10:36:59,71,71,12.46,10,202,
4-14,10:36:59,72,72,12.4,10,202,
4-14,10:37:0,70,70,12.39,10,202,
4-14,10:37:0,72,72,12.3,10,202,
4-14,10:37:1,72,72,12.37,10,202,
4-14,10:37:1,70,70,12.38,10,202,
4-14,10:37:2,74,74,12.47,10,202,
4-14,10:37:2,71,71,12.4,10,202,
4-14,10:37:3,68,68,12.35,10,202,
4-14,10:37:3,69,69,12.4,10,202,
4-14,10:37:4,70,70,12.39,10,202,
4-14,10:37:4,71,71,12.42,10,202,
4-14,10:37:5,70,70,12.33,10,202,
4-14,10:37:5,71,71,12.41,10,202,
4-14,10:37:6,71,71,12.33,10,202,
4-14,10:37:6,71,71,12.41,10,202,
4-14,10:37:7,70,70,12.37,10,202,
4-14,10:37:7,69,69,12.4,10,202,
4-14,10:37:8,72,72,12.38,10,202,
4-14,10:37:8,69,69,12.32,10,202,
4-14,10:37:9,70,70,12.44,10,202,
4-14,10:37:9,67,67,12.35,10,202,
4-14,10:37:10,69,69,12.45,10,202,
4-14,10:37:10,71,71,12.47,10,202,
4-14,10:37:11,72,72,12.49,10,202,
4-14,10:37:11,71,71,12.54,10,202,
4-14,10:37:12,72,72,12.42,10,202,
4-14,10:37:12,70,70,12.36,10,202,
4-14,10:37:13,68,68,12.32,10,202,
4-14,10:37:13,70,70,12.42,10,202,
4-14,10:37:14,69,69,12.31,10,202,
4-14,10:37:14,69,69,12.4,10,202,
4-14,10:37:15,69,69,12.36,10,202,
4-14,10:37:15,69,69,12.25,10,202,
4-14,10:37:16,69,69,12.36,10,202,
4-14,10:37:16,68,68,12.36,10,202,
4-14,10:37:17,70,70,12.44,10,202,
4-14,10:37:17,69,69,12.46,10,202,
4-14,10:37:18,71,71,12.44,10,202,
4-14,10:37:18,70,70,12.39,10,202,
4-14,10:37:19,71,71,12.4,10,202,
4-14,10:37:19,70,70,12.34,10,202,
4-14,10:37:20,68,68,12.38,10,202,
4-14,10:37:20,71,71,12.33,10,202,
4-14,10:37:21,68,68,12.28,10,202,
4-14,10:37:21,72,72,12.37,10,202,
4-14,10:37:22,68,68,12.28,10,202,
4-14,10:37:22,69,69,12.35,10,202,
4-14,10:37:23,70,70,12.36,10,202,
4-14,10:37:23,70,70,12.37,10,202,
4-14,10:37:24,69,69,12.37,10,202,
4-14,10:37:24,69,69,12.31,10,202,
4-14,10:37:25,68,68,12.38,10,202,
4-14,10:37:25,70,70,12.41,10,202,
4-14,10:37:26,68,68,12.43,10,202,
4-14,10:37:26,67,67,12.26,10,202,
4-14,10:37:27,70,70,12.36,10,202,
4-14,10:37:27,70,70,12.39,10,202,
4-14,10:37:28,68,68,12.36,10,202,
4-14,10:37:28,69,69,12.44,10,202,
4-14,10:37:29,68,68,12.36,10,202,
4-14,10:37:29,69,69,12.37,10,202,
4-14,10:37:30,68,68,12.38,10,202,
4-14,10:37:30,69,69,12.39,10,202,
4-14,10:37:31,70,70,12.42,10,202,
4-14,10:37:31,69,69,12.34,10,202,
4-14,10:37:32,69,69,12.34,10,202,
4-14,10:37:32,71,71,12.37,10,202,
4-14,10:37:33,70,70,12.35,10,202,
4-14,10:37:33,69,69,12.38,10,202,
4-14,10:37:34,70,70,12.36,10,202,
4-14,10:37:34,67,67,12.39,10,202,
4-14,10:37:35,69,69,12.38,10,202,
4-14,10:37:35,68,68,12.29,10,202,
4-14,10:37:36,67,67,12.31,10,202,
4-14,10:37:36,65,65,12.23,10,202,
4-14,10:37:37,69,69,12.32,10,202,
4-14,10:37:37,70,70,12.35,10,202,
4-14,10:37:38,68,68,12.26,10,202,
4-14,10:37:38,68,68,12.42,10,202,
4-14,10:37:39,69,69,12.4,10,202,
4-14,10:37:39,72,72,12.18,10,202,
4-14,10:37:40,77,77,12.35,10,202,
4-14,10:37:40,78,78,12.46,10,202,
4-14,10:37:41,75,75,12.22,10,202,
4-14,10:37:41,68,68,12.31,10,202,
4-14,10:37:42,68,68,12.31,10,202,
4-14,10:37:42,67,67,12.31,10,202,
4-14,10:37:43,68,68,12.33,10,202,
4-14,10:37:43,68,68,12.31,10,202,
4-14,10:37:44,68,68,12.35,10,202,
4-14,10:37:44,68,68,12.31,10,202,
4-14,10:37:45,69,69,12.32,10,202,
4-14,10:37:45,70,70,12.23,10,202,
4-14,10:37:46,69,69,12.27,10,202,
4-14,10:37:46,71,71,12.29,10,202,
4-14,10:37:47,72,72,12.36,10,202,
4-14,10:37:47,71,71,12.27,10,202,
4-14,10:37:48,72,72,12.31,10,202,
4-14,10:37:48,72,72,12.31,10,202,
4-14,10:37:49,73,73,12.34,10,202,
4-14,10:37:49,74,74,12.29,10,202,
4-14,10:37:50,74,74,12.26,10,202,
4-14,10:37:50,76,76,12.39,10,202,
4-14,10:37:51,75,75,12.38,10,202,
4-14,10:37:51,77,77,12.35,10,202,
4-14,10:37:52,77,77,12.3,10,202,
4-14,10:37:52,75,75,12.36,10,202,
4-14,10:37:53,76,76,12.36,10,202,
4-14,10:37:53,77,77,12.38,10,202,
4-14,10:37:54,76,76,12.38,10,202,
4-14,10:37:54,77,77,12.43,10,202,
4-14,10:37:55,78,78,12.42,10,202,
4-14,10:37:55,77,77,12.39,10,202,
4-14,10:37:56,76,76,12.43,10,202,
4-14,10:37:56,78,78,12.37,10,202,
4-14,10:37:57,78,78,12.4,10,202,
4-14,10:37:57,78,78,12.45,10,202,
4-14,10:37:58,77,77,12.38,10,202,
4-14,10:37:58,77,77,12.39,10,202,
4-14,10:37:59,77,77,12.4,10,202,
4-14,10:37:59,78,78,12.34,10,202,
4-14,10:38:0,76,76,12.39,10,202,
4-14,10:38:0,78,78,12.45,10,202,
4-14,10:38:1,78,78,12.36,10,202,
4-14,10:38:1,78,78,12.41,10,202,
4-14,10:38:2,78,78,12.47,10,202,
4-14,10:38:2,78,78,12.46,10,202,
4-14,10:38:3,78,78,12.44,10,202,
4-14,10:38:3,77,77,12.41,10,202,
4-14,10:38:4,78,78,12.42,10,202,
4-14,10:38:4,77,77,12.46,10,202,
4-14,10:38:5,77,77,12.45,10,202,
4-14,10:38:5,77,77,12.34,10,202,
4-14,10:38:6,78,78,12.49,10,202,
4-14,10:38:6,77,77,12.41,10,202,
4-14,10:38:7,77,77,12.39,10,202,
4-14,10:38:7,76,76,12.45,10,202,
4-14,10:38:8,77,77,12.5,10,202,
4-14,10:38:8,78,78,12.4,10,202,
4-14,10:38:9,77,77,12.4,10,202,
4-14,10:38:9,78,78,12.38,10,202,
4-14,10:38:10,77,77,12.41,10,202,
4-14,10:38:10,76,76,12.36,10,202,
4-14,10:38:11,77,77,12.42,10,202,
4-14,10:38:11,77,77,12.31,10,202,
4-14,10:38:12,77,77,12.4,10,202,
4-14,10:38:12,77,77,12.41,10,202,
4-14,10:38:13,76,76,12.42,10,202,
4-14,10:38:13,77,77,12.41,10,202,
4-14,10:38:14,77,77,12.4,10,202,
4-14,10:38:14,76,76,12.43,10,202,
4-14,10:38:15,77,77,12.39,10,202,
4-14,10:38:15,76,76,12.36,10,202,
4-14,10:38:16,76,76,12.41,10,202,
4-14,10:38:16,77,77,12.33,10,202,
4-14,10:38:17,76,76,12.39,10,202,
4-14,10:38:17,75,75,12.43,10,202,
4-14,10:38:18,76,76,12.38,10,202,
4-14,10:38:18,77,77,12.44,10,202,
4-14,10:38:19,76,76,12.4,10,202,
4-14,10:38:19,76,76,12.34,10,202,
4-14,10:38:20,77,77,12.43,10,202,
4-14,10:38:20,77,77,12.46,10,202,
4-14,10:38:21,75,75,12.4,10,202,
4-14,10:38:21,74,74,12.25,10,202,
4-14,10:38:22,76,76,12.13,10,202,
4-14,10:38:22,80,80,12.56,10,202,
4-14,10:38:23,78,78,12.67,10,202,
4-14,10:38:23,74,74,12.98,10,202,
4-14,10:38:24,70,70,13.07,10,202,
4-14,10:38:24,68,68,12.57,10,202,
4-14,10:38:25,65,65,11.97,10,202,
4-14,10:38:25,98,98,11.2,10,202,
4-14,10:38:26,97,97,11.25,10,202,
4-14,10:38:26,98,98,11.34,10,202,
4-14,10:38:27,98,98,11.32,10,202,
4-14,10:38:27,96,96,11.32,10,202,
4-14,10:38:28,96,96,11.26,10,202,
4-14,10:38:28,99,99,11.34,10,202,
4-14,10:38:29,99,99,11.38,10,202,
4-14,10:38:33,99,99,12.17,10,202,
4-14,10:38:39,97,97,11.13,10,202,
4-14,10:38:40,74,74,12.33,10,202,
4-14,10:38:40,68,68,12.59,10,202,
4-14,10:38:41,71,71,12.46,10,202,
4-14,10:38:41,70,70,12.49,10,202,
4-14,10:38:42,76,76,12.16,10,202,
4-14,10:38:42,75,75,12.17,10,202,
4-14,10:38:43,73,73,12.14,10,202,
4-14,10:38:43,70,70,12.09,10,202,
4-14,10:38:44,67,67,12.15,10,202,
4-14,10:38:44,66,66,12.01,10,202,
4-14,10:38:45,68,68,12.16,10,202,
4-14,10:38:45,67,67,12.09,10,202,
4-14,10:38:46,69,69,11.98,10,202,
4-14,10:38:46,67,67,12.08,10,202,
4-14,10:38:47,69,69,12.07,10,202,
4-14,10:38:47,69,69,12.08,10,202,
4-14,10:38:48,69,69,12.06,10,202,
4-14,10:38:48,68,68,12.04,10,202,
4-14,10:38:49,68,68,12,10,202,
4-14,10:38:49,68,68,11.98,10,202,
4-14,10:38:50,68,68,11.98,10,202,
4-14,10:38:50,68,68,12.02,10,202,
4-14,10:38:51,68,68,12.06,10,202,
4-14,10:38:51,67,67,12.06,10,202,
4-14,10:38:52,66,66,11.99,10,202,
4-14,10:38:52,66,66,12.06,10,202,
4-14,10:38:53,65,65,11.99,10,202,
4-14,10:38:53,66,66,11.98,10,202,
4-14,10:38:54,66,66,11.99,10,202,
4-14,10:38:54,66,66,11.98,10,202,
4-14,10:38:55,67,67,11.99,10,202,
4-14,10:38:55,67,67,12,10,202,
4-14,10:38:56,65,65,12.03,10,202,
4-14,10:38:56,67,67,12.03,10,202,
4-14,10:38:57,67,67,12.01,10,202,
4-14,10:38:57,67,67,12.04,10,202,
4-14,10:38:58,68,68,12.07,10,202,
4-14,10:38:58,67,67,12,10,202,
4-14,10:38:59,70,70,12.11,10,202,
4-14,10:38:59,66,66,12,10,202,
4-14,10:39:0,68,68,12.1,10,202,
4-14,10:39:0,68,68,12.08,10,202,
4-14,10:39:1,69,69,12.07,10,202,
4-14,10:39:1,69,69,12.08,10,202,
4-14,10:39:2,66,66,12.02,10,202,
4-14,10:39:2,68,68,12.05,10,202,
4-14,10:39:3,70,70,12.1,10,202,
4-14,10:39:3,69,69,12.12,10,202,
4-14,10:39:4,70,70,12.12,10,202,
4-14,10:39:4,70,70,12.09,10,202,
4-14,10:39:5,69,69,12.05,10,202,
4-14,10:39:5,70,70,12.1,10,202,
4-14,10:39:6,70,70,12.11,10,202,
4-14,10:39:6,70,70,12.08,10,202,
4-14,10:39:7,68,68,12.04,10,202,
4-14,10:39:7,69,69,12.15,10,202,
4-14,10:39:8,69,69,12.06,10,202,
4-14,10:39:8,70,70,12.11,10,202,
4-14,10:39:9,70,70,12.13,10,202,
4-14,10:39:9,70,70,12.1,10,202,
4-14,10:39:10,69,69,12.08,10,202,
4-14,10:39:10,69,69,12.07,10,202,
4-14,10:39:11,70,70,12.05,10,202,
4-14,10:39:11,69,69,12.07,10,202,
4-14,10:39:12,71,71,12.13,10,202,
4-14,10:39:12,72,72,12.12,10,202,
4-14,10:39:13,71,71,12.18,10,202,
4-14,10:39:13,70,70,12.05,10,202,
4-14,10:39:14,73,73,12.23,10,202,
4-14,10:39:14,71,71,12.07,10,202,
4-14,10:39:15,71,71,12.13,10,202,
4-14,10:39:15,71,71,12.14,10,202,
4-14,10:39:16,71,71,12.21,10,202,
4-14,10:39:16,69,69,12.06,10,202,
4-14,10:39:17,70,70,12.05,10,202,
4-14,10:39:17,71,71,12.06,10,202,
4-14,10:39:18,71,71,12.15,10,202,
4-14,10:39:18,71,71,12.13,10,202,
4-14,10:39:19,72,72,12.07,10,202,
4-14,10:39:19,71,71,12.12,10,202,
4-14,10:39:20,70,70,12.1,10,202,
4-14,10:39:20,72,72,12.12,10,202,
4-14,10:39:21,72,72,12.1,10,202,
4-14,10:39:21,70,70,12.04,10,202,
4-14,10:39:22,69,69,12.05,10,202,
4-14,10:39:22,70,70,12.06,10,202,
4-14,10:39:23,70,70,12.12,10,202,
4-14,10:39:23,70,70,12.1,10,202,
4-14,10:39:24,69,69,12.05,10,202,
4-14,10:39:24,70,70,12.05,10,202,
4-14,10:39:25,69,69,12.03,10,202,
4-14,10:39:25,69,69,12.08,10,202,
4-14,10:39:26,69,69,12.07,10,202,
4-14,10:39:26,69,69,12.08,10,202,
4-14,10:39:27,70,70,12.12,10,202,
4-14,10:39:27,70,70,12.02,10,202,
4-14,10:39:28,69,69,12.09,10,202,
4-14,10:39:28,68,68,12.02,10,202,
4-14,10:39:29,69,69,12.03,10,202,
4-14,10:39:29,68,68,12.04,10,202,
4-14,10:39:30,67,67,11.99,10,202,
4-14,10:39:30,68,68,12.07,10,202,
4-14,10:39:31,70,70,12.11,10,202,
4-14,10:39:31,70,70,12.13,10,202,
4-14,10:39:32,67,67,12.02,10,202,
4-14,10:39:32,70,70,12.05,10,202,
4-14,10:39:33,69,69,12.08,10,202,
4-14,10:39:33,70,70,12.15,10,202,
4-14,10:39:34,67,67,12.05,10,202,
4-14,10:39:34,67,67,12.11,10,202,
4-14,10:39:35,67,67,12.1,10,202,
4-14,10:39:35,70,70,11.99,10,202,
4-14,10:39:36,65,65,11.97,10,202,
4-14,10:39:36,69,69,12.15,10,202,
4-14,10:39:37,68,68,12.09,10,202,
4-14,10:39:37,68,68,12.13,10,202,
4-14,10:39:38,68,68,12.01,10,202,
4-14,10:39:38,68,68,12.06,10,202,
4-14,10:39:39,67,67,12.03,10,202,
4-14,10:39:39,68,68,12.12,10,202,
4-14,10:39:40,67,67,12.1,10,202,
4-14,10:39:40,69,69,12.05,10,202,
4-14,10:39:41,69,69,12.06,10,202,
4-14,10:39:41,71,71,12.14,10,202,
4-14,10:39:42,68,68,12.05,10,202,
4-14,10:39:42,71,71,12.12,10,202,
4-14,10:39:43,69,69,12.08,10,202,
4-14,10:39:43,69,69,12.08,10,202,
4-14,10:39:44,69,69,12.11,10,202,
4-14,10:39:44,68,68,12.09,10,202,
4-14,10:39:45,68,68,12.13,10,202,
4-14,10:39:45,68,68,12.03,10,202,
4-14,10:39:46,69,69,12.05,10,202,
4-14,10:39:46,68,68,12.09,10,202,
4-14,10:39:47,68,68,12.06,10,202,
4-14,10:39:47,67,67,12.04,10,202,
4-14,10:39:48,68,68,12.1,10,202,
4-14,10:39:48,68,68,12.1,10,202,
4-14,10:39:49,68,68,12.08,10,202,
4-14,10:39:49,68,68,12.09,10,202,
4-14,10:39:50,69,69,12.04,10,202,
4-14,10:39:50,69,69,12.11,10,202,
4-14,10:39:51,68,68,12.13,10,202,
4-14,10:39:51,69,69,12.06,10,202,
4-14,10:39:52,69,69,12.1,10,202,
4-14,10:39:52,69,69,12.08,10,202,
4-14,10:39:53,67,67,12.11,10,202,
4-14,10:39:53,68,68,12.02,10,202,
4-14,10:39:54,71,71,12.11,10,202,
4-14,10:39:54,68,68,12.03,10,202,
4-14,10:39:55,68,68,12.04,10,202,
4-14,10:39:55,68,68,12.07,10,202,
4-14,10:39:56,68,68,12.02,10,202,
4-14,10:39:56,69,69,12.07,10,202,
4-14,10:39:57,68,68,11.98,10,202,
4-14,10:39:57,69,69,12.1,10,202,
4-14,10:39:58,68,68,12.03,10,202,
4-14,10:39:58,67,67,12.04,10,202,
4-14,10:39:59,67,67,12.02,10,202,
4-14,10:39:59,68,68,12.05,10,202,
4-14,10:40:0,67,67,12.06,10,202,
4-14,10:40:0,68,68,12.06,10,202,
4-14,10:40:1,69,69,12.08,10,202,
4-14,10:40:1,70,70,12.12,10,202,
4-14,10:40:2,66,66,12.04,10,202,
4-14,10:40:2,66,66,11.99,10,202,
4-14,10:40:3,69,69,12.11,10,202,
4-14,10:40:3,69,69,12.11,10,202,
4-14,10:40:4,67,67,12,10,202,
4-14,10:40:4,69,69,12.09,10,202,
4-14,10:40:5,67,67,12.04,10,202,
4-14,10:40:5,69,69,11.99,10,202,
4-14,10:40:6,68,68,12,10,202,
4-14,10:40:6,69,69,12.04,10,202,
4-14,10:40:7,70,70,12.02,10,202,
4-14,10:40:7,68,68,12.02,10,202,
4-14,10:40:8,67,67,11.94,10,202,
4-14,10:40:8,68,68,11.98,10,202,
4-14,10:40:9,68,68,12.14,10,202,
4-14,10:40:9,66,66,12.09,10,202,
4-14,10:40:10,69,69,12.03,10,202,
4-14,10:40:10,68,68,12.03,10,202,
4-14,10:40:11,68,68,11.97,10,202,
4-14,10:40:11,68,68,12,10,202,
4-14,10:40:12,68,68,12.04,10,202,
4-14,10:40:12,69,69,11.94,10,202,
4-14,10:40:13,69,69,12.12,10,202,
4-14,10:40:13,70,70,11.98,10,202,
4-14,10:40:14,68,68,12.05,10,202,
4-14,10:40:14,68,68,12.05,10,202,
4-14,10:40:15,68,68,12,10,202,
4-14,10:40:15,69,69,12,10,202,
4-14,10:40:16,69,69,12.04,10,202,
4-14,10:40:16,69,69,12.06,10,202,
4-14,10:40:17,69,69,11.97,10,202,
4-14,10:40:17,68,68,12.05,10,202,
4-14,10:40:18,67,67,12.03,10,202,
4-14,10:40:18,72,72,12.18,10,202,
4-14,10:40:19,71,71,12.13,10,202,
4-14,10:40:19,70,70,12.12,10,202,
4-14,10:40:20,68,68,12.05,10,202,
4-14,10:40:20,69,69,12.05,10,202,
4-14,10:40:21,70,70,12.02,10,202,
4-14,10:40:21,66,66,11.99,10,202,
4-14,10:40:22,69,69,12.03,10,202,
4-14,10:40:22,69,69,12.06,10,202,
4-14,10:40:23,70,70,12.03,10,202,
4-14,10:40:23,69,69,12.08,10,202,
4-14,10:40:24,69,69,12.05,10,202,
4-14,10:40:24,69,69,12.07,10,202,
4-14,10:40:25,68,68,12.02,10,202,
4-14,10:40:25,68,68,12.07,10,202,
4-14,10:40:26,70,70,12.07,10,202,
4-14,10:40:26,69,69,12.02,10,202,
4-14,10:40:27,67,67,11.96,10,202,
4-14,10:40:27,68,68,12.06,10,202,
4-14,10:40:28,68,68,12.01,10,202,
4-14,10:40:28,69,69,12.09,10,202,
4-14,10:40:29,70,70,12.12,10,202,
4-14,10:40:29,70,70,12.11,10,202,
4-14,10:40:30,68,68,12.02,10,202,
4-14,10:40:30,70,70,12.07,10,202,
4-14,10:40:31,68,68,12.03,10,202,
4-14,10:40:31,71,71,12.05,10,202,
4-14,10:40:32,68,68,12.06,10,202,
4-14,10:40:32,70,70,12.12,10,202,
4-14,10:40:33,69,69,12.04,10,202,
4-14,10:40:33,70,70,12.08,10,202,
4-14,10:40:34,70,70,12.09,10,202,
4-14,10:40:34,70,70,12.08,10,202,
4-14,10:40:35,70,70,12.04,10,202,
4-14,10:40:35,72,72,12.03,10,202,
4-14,10:40:36,71,71,12.11,10,202,
4-14,10:40:36,71,71,12.04,10,202,
4-14,10:40:37,72,72,11.98,10,202,
4-14,10:40:37,71,71,12.01,10,202,
4-14,10:40:38,73,73,12.05,10,202,
4-14,10:40:38,72,72,12.09,10,202,
4-14,10:40:39,72,72,12.11,10,202,
4-14,10:40:39,71,71,12.02,10,202,
4-14,10:40:40,71,71,12.03,10,202,
4-14,10:40:40,73,73,12.11,10,202,
4-14,10:40:41,72,72,12.1,10,202,
4-14,10:40:41,69,69,12.01,10,202,
4-14,10:40:42,70,70,12.05,10,202,
4-14,10:40:42,71,71,12.12,10,202,
4-14,10:40:43,71,71,12.12,10,202,
4-14,10:40:43,72,72,12.14,10,202,
4-14,10:40:44,71,71,12.09,10,202,
4-14,10:40:44,73,73,12.11,10,202,
4-14,10:40:45,72,72,12.09,10,202,
4-14,10:40:45,71,71,12.08,10,202,
4-14,10:40:46,70,70,12.1,10,202,
4-14,10:40:46,72,72,12.18,10,202,
4-14,10:40:47,71,71,12.11,10,202,
4-14,10:40:47,71,71,12.13,10,202,
4-14,10:40:48,72,72,12.16,10,202,
4-14,10:40:48,72,72,12.17,10,202,
4-14,10:40:49,70,70,11.99,10,202,
4-14,10:40:49,72,72,12.08,10,202,
4-14,10:40:50,75,75,12.17,10,202,
4-14,10:40:50,74,74,12.09,10,202,
4-14,10:40:51,72,72,12.07,10,202,
4-14,10:40:51,73,73,12.06,10,202,
4-14,10:40:52,73,73,12.03,10,202,
4-14,10:40:52,74,74,12.05,10,202,
4-14,10:40:53,73,73,12.06,10,202,
4-14,10:40:53,73,73,12.12,10,202,
4-14,10:40:54,72,72,12.07,10,202,
4-14,10:40:54,74,74,12.09,10,202,
4-14,10:40:55,73,73,12.06,10,202,
4-14,10:40:55,73,73,12.06,10,202,
4-14,10:40:56,73,73,12.07,10,202,
4-14,10:40:56,74,74,12.09,10,202,
4-14,10:40:57,73,73,12.06,10,202,
4-14,10:40:57,75,75,12.13,10,202,
4-14,10:40:58,72,72,12.02,10,202,
4-14,10:40:58,73,73,12.18,10,202,
4-14,10:40:59,72,72,12.1,10,202,
4-14,10:40:59,74,74,12.07,10,202,
4-14,10:41:0,73,73,12.02,10,202,
4-14,10:41:0,73,73,12.06,10,202,
4-14,10:41:1,73,73,12.03,10,202,
4-14,10:41:1,74,74,12.09,10,202,
4-14,10:41:2,72,72,12.03,10,202,
4-14,10:41:2,74,74,12.1,10,202,
4-14,10:41:3,70,70,12.02,10,202,
4-14,10:41:3,75,75,12.15,10,202,
4-14,10:41:4,73,73,12.06,10,202,
4-14,10:41:4,71,71,11.98,10,202,
4-14,10:41:5,71,71,12.05,10,202,
4-14,10:41:5,69,69,11.95,10,202,
4-14,10:41:6,71,71,12.09,10,202,
4-14,10:41:6,73,73,12.1,10,202,
4-14,10:41:7,73,73,12.1,10,202,
4-14,10:41:7,72,72,12.07,10,202,
4-14,10:41:8,70,70,11.97,10,202,
4-14,10:41:8,71,71,12.06,10,202,
4-14,10:41:9,72,72,12.04,10,202,
4-14,10:41:9,71,71,12,10,202,
4-14,10:41:10,72,72,12.03,10,202,
4-14,10:41:10,70,70,12.03,10,202,
4-14,10:41:11,73,73,12.1,10,202,
4-14,10:41:11,73,73,12.02,10,202,
4-14,10:41:12,73,73,12.04,10,202,
4-14,10:41:12,73,73,12.09,10,202,
4-14,10:41:13,71,71,12.13,10,202,
4-14,10:41:13,71,71,12.03,10,202,
4-14,10:41:14,72,72,12.03,10,202,
4-14,10:41:14,72,72,12.03,10,202,
4-14,10:41:15,72,72,12,10,202,
4-14,10:41:15,73,73,12.09,10,202,
4-14,10:41:16,73,73,12.06,10,202,
4-14,10:41:16,71,71,12.02,10,202,
4-14,10:41:17,73,73,12.08,10,202,
4-14,10:41:17,71,71,12,10,202,
4-14,10:41:18,73,73,12.03,10,202,
4-14,10:41:18,73,73,12.02,10,202,
4-14,10:41:19,73,73,12.09,10,202,
4-14,10:41:19,70,70,11.97,10,202,
4-14,10:41:20,71,71,11.98,10,202,
4-14,10:41:20,72,72,12.05,10,202,
4-14,10:41:21,72,72,11.97,10,202,
4-14,10:41:21,70,70,11.97,10,202,
4-14,10:41:22,73,73,12.03,10,202,
4-14,10:41:22,74,74,11.9,10,202,
4-14,10:41:23,71,71,12.01,10,202,
4-14,10:41:23,73,73,12.11,10,202,
4-14,10:41:24,73,73,12.09,10,202,
4-14,10:41:24,74,74,12.07,10,202,
4-14,10:41:25,74,74,12.08,10,202,
4-14,10:41:25,72,72,12,10,202,
4-14,10:41:26,71,71,12.03,10,202,
4-14,10:41:26,72,72,12.05,10,202,
4-14,10:41:27,72,72,12.04,10,202,
4-14,10:41:27,73,73,12.03,10,202,
4-14,10:41:28,71,71,11.9,10,202,
4-14,10:41:28,73,73,12.06,10,202,
4-14,10:41:29,71,71,12.04,10,202,
4-14,10:41:29,72,72,12.14,10,202,
4-14,10:41:30,71,71,12.03,10,202,
4-14,10:41:30,71,71,12.02,10,202,
4-14,10:41:31,72,72,12.04,10,202,
4-14,10:41:31,73,73,12,10,202,
4-14,10:41:32,72,72,12.11,10,202,
4-14,10:41:32,72,72,12.01,10,202,
4-14,10:41:33,75,75,12.12,10,202,
4-14,10:41:33,72,72,12.09,10,202,
4-14,10:41:34,73,73,12.04,10,202,
4-14,10:41:34,74,74,12.07,10,202,
4-14,10:41:35,72,72,12.14,10,202,
4-14,10:41:35,72,72,12.11,10,202,
4-14,10:41:36,71,71,11.98,10,202,
4-14,10:41:36,73,73,12.05,10,202,
4-14,10:41:37,72,72,12.06,10,202,
4-14,10:41:37,73,73,12.07,10,202,
4-14,10:41:38,72,72,12.12,10,202,
4-14,10:41:38,72,72,12.02,10,202,
4-14,10:41:39,71,71,11.98,10,202,
4-14,10:41:39,72,72,12.03,10,202,
4-14,10:41:40,73,73,12.08,10,202,
4-14,10:41:40,72,72,12.11,10,202,
4-14,10:41:41,70,70,11.97,10,202,
4-14,10:41:41,74,74,12.09,10,202,
4-14,10:41:42,72,72,12.07,10,202,
4-14,10:41:42,72,72,12.03,10,202,
4-14,10:41:43,73,73,12,10,202,
4-14,10:41:43,73,73,12.05,10,202,
4-14,10:41:44,74,74,12.04,10,202,
4-14,10:41:44,73,73,12.13,10,202,
4-14,10:41:45,72,72,12.03,10,202,
4-14,10:41:45,73,73,12.11,10,202,
4-14,10:41:46,74,74,12.09,10,202,
4-14,10:41:46,73,73,12.05,10,202,
4-14,10:41:47,72,72,12.04,10,202,
4-14,10:41:47,74,74,12.1,10,202,
4-14,10:41:48,70,70,11.99,10,202,
4-14,10:41:48,72,72,11.99,10,202,
4-14,10:41:49,73,73,12.06,10,202,
4-14,10:41:49,72,72,12.03,10,202,
4-14,10:41:50,72,72,12.06,10,202,
4-14,10:41:50,73,73,12.11,10,202,
4-14,10:41:51,73,73,12.07,10,202,
4-14,10:41:51,73,73,12.05,10,202,
4-14,10:41:52,73,73,12.1,10,202,
4-14,10:41:52,73,73,12.12,10,202,
4-14,10:41:53,73,73,12.04,10,202,
4-14,10:41:53,72,72,12.15,10,202,
4-14,10:41:54,72,72,12.05,10,202,
4-14,10:41:54,73,73,12.08,10,202,
4-14,10:41:55,73,73,12.13,10,202,
4-14,10:41:55,74,74,12.03,10,202,
4-14,10:41:56,73,73,12.03,10,202,
4-14,10:41:56,71,71,12.11,10,202,
4-14,10:41:57,73,73,12.13,10,202,
4-14,10:41:57,71,71,12.1,10,202,
4-14,10:41:58,70,70,12.03,10,202,
4-14,10:41:58,72,72,12.14,10,202,
4-14,10:41:59,72,72,12.09,10,202,
4-14,10:41:59,70,70,12.07,10,202,
4-14,10:42:0,71,71,12.04,10,202,
4-14,10:42:0,72,72,12.19,10,202,
4-14,10:42:1,70,70,12.09,10,202,
4-14,10:42:1,72,72,12.11,10,202,
4-14,10:42:2,69,69,12.05,10,202,
4-14,10:42:2,71,71,12.13,10,202,
4-14,10:42:3,71,71,12.08,10,202,
4-14,10:42:3,70,70,12,10,202,
4-14,10:42:4,69,69,11.97,10,202,
4-14,10:42:4,68,68,12.04,10,202,
4-14,10:42:5,71,71,12.08,10,202,
4-14,10:42:5,73,73,12.04,10,202,
4-14,10:42:6,73,73,12.1,10,202,
4-14,10:42:6,72,72,12.06,10,202,
4-14,10:42:7,71,71,12.06,10,202,
4-14,10:42:7,70,70,12.05,10,202,
4-14,10:42:8,69,69,12.06,10,202,
4-14,10:42:8,71,71,12.1,10,202,
4-14,10:42:9,72,72,12.16,10,202,
4-14,10:42:9,70,70,12.1,10,202,
4-14,10:42:10,72,72,12.07,10,202,
4-14,10:42:10,71,71,12.13,10,202,
4-14,10:42:11,72,72,12.16,10,202,
4-14,10:42:11,72,72,12.11,10,202,
4-14,10:42:12,70,70,12.04,10,202,
4-14,10:42:12,69,69,12.06,10,202,
4-14,10:42:13,69,69,12.04,10,202,
4-14,10:42:13,71,71,12.11,10,202,
4-14,10:42:14,73,73,12.05,10,202,
4-14,10:42:14,69,69,12.02,10,202,
4-14,10:42:15,70,70,12.05,10,202,
4-14,10:42:15,69,69,12.08,10,202,
4-14,10:42:16,71,71,12.05,10,202,
4-14,10:42:16,69,69,12.06,10,202,
4-14,10:42:17,72,72,12.13,10,202,
4-14,10:42:17,70,70,12.12,10,202,
4-14,10:42:18,69,69,12.11,10,202,
4-14,10:42:18,70,70,12.07,10,202,
4-14,10:42:19,70,70,12.07,10,202,
4-14,10:42:19,72,72,12.09,10,202,
4-14,10:42:20,73,73,12.17,10,202,
4-14,10:42:20,69,69,12.04,10,202,
4-14,10:42:21,70,70,11.99,10,202,
4-14,10:42:21,69,69,12.12,10,202,
4-14,10:42:22,71,71,12.09,10,202,
4-14,10:42:22,70,70,12.08,10,202,
4-14,10:42:23,73,73,12.12,10,202,
4-14,10:42:23,71,71,12.06,10,202,
4-14,10:42:24,69,69,12.07,10,202,
4-14,10:42:24,71,71,12.08,10,202,
4-14,10:42:25,66,66,11.92,10,202,
4-14,10:42:25,69,69,12.08,10,202,
4-14,10:42:26,67,67,11.99,10,202,
4-14,10:42:26,69,69,12.03,10,202,
4-14,10:42:27,69,69,12.08,10,202,
4-14,10:42:27,69,69,12.04,10,202,
4-14,10:42:28,69,69,12.04,10,202,
4-14,10:42:28,69,69,12,10,202,
4-14,10:42:29,68,68,12.05,10,202,
4-14,10:42:29,68,68,12.1,10,202,
4-14,10:42:30,70,70,12.12,10,202,
4-14,10:42:30,68,68,12.04,10,202,
4-14,10:42:31,68,68,12.05,10,202,
4-14,10:42:31,66,66,12,10,202,
4-14,10:42:32,70,70,12.12,10,202,
4-14,10:42:32,67,67,12.04,10,202,
4-14,10:42:33,68,68,12.05,10,202,
4-14,10:42:33,67,67,12.03,10,202,
4-14,10:42:34,67,67,12.05,10,202,
4-14,10:42:34,69,69,12.14,10,202,
4-14,10:42:35,69,69,12.08,10,202,
4-14,10:42:35,67,67,12.06,10,202,
4-14,10:42:36,70,70,12.1,10,202,
4-14,10:42:36,69,69,12.04,10,202,
4-14,10:42:37,68,68,12.13,10,202,
4-14,10:42:37,69,69,12.08,10,202,
4-14,10:42:38,68,68,12.1,10,202,
4-14,10:42:38,68,68,12.06,10,202,
4-14,10:42:39,70,70,12.13,10,202,
4-14,10:42:39,69,69,12.09,10,202,
4-14,10:42:40,69,69,12.15,10,202,
4-14,10:42:40,69,69,12.12,10,202,
4-14,10:42:41,70,70,12.08,10,202,
4-14,10:42:41,69,69,12.06,10,202,
4-14,10:42:42,68,68,12.08,10,202,
4-14,10:42:42,70,70,12.11,10,202,
4-14,10:42:43,68,68,12.1,10,202,
4-14,10:42:43,69,69,12.06,10,202,
4-14,10:42:44,70,70,12.06,10,202,
4-14,10:42:44,69,69,12.1,10,202,
4-14,10:42:45,71,71,12.11,10,202,
4-14,10:42:45,68,68,12.05,10,202,
4-14,10:42:46,69,69,12.09,10,202,
4-14,10:42:46,71,71,12.14,10,202,
4-14,10:42:47,70,70,12.15,10,202,
4-14,10:42:47,70,70,12.14,10,202,
4-14,10:42:48,69,69,12.03,10,202,
4-14,10:42:48,70,70,12.1,10,202,
4-14,10:42:49,70,70,12.1,10,202,
4-14,10:42:49,71,71,12.17,10,202,
4-14,10:42:50,71,71,12.12,10,202,
4-14,10:42:50,70,70,12.12,10,202,
4-14,10:42:51,69,69,12.07,10,202,
4-14,10:42:51,70,70,12.17,10,202,
4-14,10:42:52,69,69,12.08,10,202,
4-14,10:42:52,70,70,12.1,10,202,
4-14,10:42:53,70,70,12.16,10,202,
4-14,10:42:53,70,70,12.14,10,202,
4-14,10:42:54,69,69,12.03,10,202,
4-14,10:42:54,71,71,12.11,10,202,
4-14,10:42:55,69,69,12.07,10,202,
4-14,10:42:55,70,70,12.14,10,202,
4-14,10:42:56,68,68,12.02,10,202,
4-14,10:42:56,68,68,12.07,10,202,
4-14,10:42:57,69,69,12.16,10,202,
4-14,10:42:57,70,70,12.11,10,202,
4-14,10:42:58,70,70,12.1,10,202,
4-14,10:42:58,68,68,12.08,10,202,
4-14,10:42:59,69,69,12.11,10,202,
4-14,10:42:59,71,71,12.12,10,202,
4-14,10:43:0,68,68,12.03,10,202,
4-14,10:43:0,70,70,12.06,10,202,
4-14,10:43:1,70,70,12.11,10,202,
4-14,10:43:1,68,68,12.07,10,202,
4-14,10:43:2,69,69,12.08,10,202,
4-14,10:43:2,70,70,12.07,10,202,
4-14,10:43:3,68,68,12.07,10,202,
4-14,10:43:3,69,69,12.11,10,202,
4-14,10:43:4,70,70,12.09,10,202,
4-14,10:43:4,70,70,12.1,10,202,
4-14,10:43:5,71,71,12.17,10,202,
4-14,10:43:5,69,69,12.04,10,202,
4-14,10:43:6,69,69,12.06,10,202,
4-14,10:43:6,69,69,12.11,10,202,
4-14,10:43:7,70,70,12.17,10,202,
4-14,10:43:7,68,68,12.01,10,202,
4-14,10:43:8,69,69,12.11,10,202,
4-14,10:43:8,71,71,12.15,10,202,
4-14,10:43:9,68,68,12.13,10,202,
4-14,10:43:9,70,70,12.12,10,202,
4-14,10:43:10,69,69,12.06,10,202,
4-14,10:43:10,68,68,12.09,10,202,
4-14,10:43:11,69,69,12.09,10,202,
4-14,10:43:11,70,70,12.14,10,202,
4-14,10:43:12,68,68,12.05,10,202,
4-14,10:43:12,69,69,12.15,10,202,
4-14,10:43:13,69,69,12.15,10,202,
4-14,10:43:13,68,68,12.06,10,202,
4-14,10:43:14,69,69,12.16,10,202,
4-14,10:43:14,68,68,12.09,10,202,
4-14,10:43:15,70,70,12.11,10,202,
4-14,10:43:15,68,68,12.16,10,202,
4-14,10:43:16,69,69,12.1,10,202,
4-14,10:43:16,70,70,12.07,10,202,
4-14,10:43:17,67,67,12.1,10,202,
4-14,10:43:17,68,68,12.09,10,202,
4-14,10:43:18,69,69,12.13,10,202,
4-14,10:43:18,69,69,12.14,10,202,
4-14,10:43:19,67,67,12.08,10,202,
4-14,10:43:19,67,67,12.09,10,202,
4-14,10:43:20,68,68,12.12,10,202,
4-14,10:43:20,67,67,12.08,10,202,
4-14,10:43:21,70,70,12.1,10,202,
4-14,10:43:21,69,69,12.14,10,202,
4-14,10:43:22,69,69,12.12,10,202,
4-14,10:43:22,67,67,12.1,10,202,
4-14,10:43:23,67,67,12.07,10,202,
4-14,10:43:23,67,67,12.07,10,202,
4-14,10:43:24,67,67,12.11,10,202,
4-14,10:43:24,67,67,12.06,10,202,
4-14,10:43:25,68,68,12.11,10,202,
4-14,10:43:25,68,68,12.08,10,202,
4-14,10:43:26,68,68,12.07,10,202,
4-14,10:43:26,67,67,12.07,10,202,
4-14,10:43:27,67,67,12.12,10,202,
4-14,10:43:27,69,69,12.09,10,202,
4-14,10:43:28,68,68,12.19,10,202,
4-14,10:43:28,69,69,12.16,10,202,
4-14,10:43:29,68,68,12.2,10,202,
4-14,10:43:29,68,68,12.12,10,202,
4-14,10:43:30,69,69,12.18,10,202,
4-14,10:43:30,68,68,12.12,10,202,
4-14,10:43:31,68,68,12.16,10,202,
4-14,10:43:31,67,67,12.2,10,202,
4-14,10:43:32,67,67,12.11,10,202,
4-14,10:43:32,68,68,12.13,10,202,
4-14,10:43:33,69,69,12.12,10,202,
4-14,10:43:33,68,68,12.18,10,202,
4-14,10:43:34,69,69,12.08,10,202,
4-14,10:43:34,67,67,12.13,10,202,
4-14,10:43:35,65,65,12.06,10,202,
4-14,10:43:35,69,69,12.11,10,202,
4-14,10:43:36,68,68,12.1,10,202,
4-14,10:43:36,70,70,12.08,10,202,
4-14,10:43:37,70,70,12.14,10,202,
4-14,10:43:37,68,68,12.11,10,202,
4-14,10:43:38,69,69,12.13,10,202,
4-14,10:43:38,68,68,12.05,10,202,
4-14,10:43:39,66,66,12.12,10,202,
4-14,10:43:39,69,69,12.16,10,202,
4-14,10:43:40,66,66,12.07,10,202,
4-14,10:43:40,68,68,12.1,10,202,
4-14,10:43:41,68,68,12.11,10,202,
4-14,10:43:41,69,69,12.14,10,202,
4-14,10:43:42,68,68,12.13,10,202,
4-14,10:43:42,66,66,12.11,10,202,
4-14,10:43:43,69,69,12.09,10,202,
4-14,10:43:43,69,69,12.1,10,202,
4-14,10:43:44,69,69,12.14,10,202,
4-14,10:43:44,67,67,12.15,10,202,
4-14,10:43:45,66,66,12.14,10,202,
4-14,10:43:45,65,65,12.1,10,202,
4-14,10:43:46,67,67,12.19,10,202,
4-14,10:43:46,65,65,12.02,10,202,
4-14,10:43:47,67,67,12.15,10,202,
4-14,10:43:47,68,68,12.2,10,202,
4-14,10:43:48,67,67,12.12,10,202,
4-14,10:43:48,67,67,12.19,10,202,
4-14,10:43:49,67,67,12.08,10,202,
4-14,10:43:49,68,68,12.2,10,202,
4-14,10:43:50,66,66,12.16,10,202,
4-14,10:43:50,66,66,12.11,10,202,
4-14,10:43:51,66,66,12.06,10,202,
4-14,10:43:51,65,65,12.08,10,202,
4-14,10:43:52,65,65,12.11,10,202,
4-14,10:43:52,66,66,12.13,10,202,
4-14,10:43:53,67,67,12.14,10,202,
4-14,10:43:53,64,64,12.13,10,202,
4-14,10:43:54,66,66,12.12,10,202,
4-14,10:43:54,65,65,12.11,10,202,
4-14,10:43:55,68,68,12.16,10,202,
4-14,10:43:55,66,66,12.16,10,202,
4-14,10:43:56,65,65,12.06,10,202,
4-14,10:43:56,67,67,12.12,10,202,
4-14,10:43:57,67,67,12.16,10,202,
4-14,10:43:57,68,68,12.19,10,202,
4-14,10:43:58,64,64,12.13,10,202,
4-14,10:43:58,64,64,12.07,10,202,
4-14,10:43:59,65,65,12.14,10,202,
4-14,10:43:59,67,67,12.19,10,202,
4-14,10:44:0,66,66,12.1,10,202,
4-14,10:44:0,68,68,12.1,10,202,
4-14,10:44:1,66,66,12.13,10,202,
4-14,10:44:1,64,64,12.04,10,202,
4-14,10:44:2,65,65,12.09,10,202,
4-14,10:44:2,67,67,12.23,10,202,
4-14,10:44:3,66,66,12.09,10,202,
4-14,10:44:3,64,64,12.1,10,202,
4-14,10:44:4,66,66,12.12,10,202,
4-14,10:44:4,66,66,12.2,10,202,
4-14,10:44:5,65,65,12.08,10,202,
4-14,10:44:5,67,67,12.18,10,202,
4-14,10:44:6,64,64,12.08,10,202,
4-14,10:44:6,64,64,12.06,10,202,
4-14,10:44:7,66,66,12.12,10,202,
4-14,10:44:7,65,65,12.11,10,202,
4-14,10:44:8,66,66,12.2,10,202,
4-14,10:44:8,65,65,12.1,10,202,
4-14,10:44:9,61,61,12.03,10,202,
4-14,10:44:9,64,64,12.06,10,202,
4-14,10:44:10,65,65,12.13,10,202,
4-14,10:44:10,64,64,12.11,10,202,
4-14,10:44:11,63,63,12.09,10,202,
4-14,10:44:11,63,63,12.06,10,202,
4-14,10:44:12,65,65,12.11,10,202,
4-14,10:44:12,65,65,12.1,10,202,
4-14,10:44:13,66,66,12.16,10,202,
4-14,10:44:13,64,64,12.07,10,202,
4-14,10:44:14,65,65,12.07,10,202,
4-14,10:44:14,66,66,12.14,10,202,
4-14,10:44:15,65,65,12.13,10,202,
4-14,10:44:15,65,65,12.11,10,202,
4-14,10:44:16,62,62,12.06,10,202,
4-14,10:44:16,63,63,12.04,10,202,
4-14,10:44:17,66,66,12.12,10,202,
4-14,10:44:17,63,63,12.07,10,202,
4-14,10:44:18,66,66,12.12,10,202,
4-14,10:44:18,61,61,12.09,10,202,
4-14,10:44:19,66,66,12.15,10,202,
4-14,10:44:19,62,62,12.12,10,202,
4-14,10:44:20,63,63,12.06,10,202,
4-14,10:44:20,65,65,12.17,10,202,
4-14,10:44:21,62,62,12.17,10,202,
4-14,10:44:21,63,63,12.09,10,202,
4-14,10:44:22,63,63,12.13,10,202,
4-14,10:44:22,66,66,12.15,10,202,
4-14,10:44:23,63,63,12.13,10,202,
4-14,10:44:23,63,63,12.07,10,202,
4-14,10:44:24,63,63,12.09,10,202,
4-14,10:44:24,66,66,12.14,10,202,
4-14,10:44:25,64,64,12.12,10,202,
4-14,10:44:25,65,65,12.09,10,202,
4-14,10:44:26,64,64,12.07,10,202,
4-14,10:44:26,65,65,12.11,10,202,
4-14,10:44:27,65,65,12.12,10,202,
4-14,10:44:27,66,66,12.09,10,202,
4-14,10:44:28,67,67,12.16,10,202,
4-14,10:44:28,66,66,12.18,10,202,
4-14,10:44:29,64,64,12.08,10,202,
4-14,10:44:29,65,65,12.16,10,202,
4-14,10:44:30,65,65,12.11,10,202,
4-14,10:44:30,65,65,12.12,10,202,
4-14,10:44:31,62,62,12.11,10,202,
4-14,10:44:31,66,66,12.15,10,202,
4-14,10:44:32,65,65,12.14,10,202,
4-14,10:44:32,66,66,12.09,10,202,
4-14,10:44:33,65,65,12.12,10,202,
4-14,10:44:33,67,67,12.19,10,202,
4-14,10:44:34,63,63,12.08,10,202,
4-14,10:44:34,64,64,12.12,10,202,
4-14,10:44:35,64,64,12.11,10,202,
4-14,10:44:35,63,63,12.07,10,202,
4-14,10:44:36,65,65,12.11,10,202,
4-14,10:44:36,65,65,12.14,10,202,
4-14,10:44:37,64,64,12.07,10,202,
4-14,10:44:37,64,64,12.07,10,202,
4-14,10:44:38,62,62,12.04,10,202,
4-14,10:44:38,63,63,12.05,10,202,
4-14,10:44:39,64,64,12.12,10,202,
4-14,10:44:39,66,66,12.13,10,202,
4-14,10:44:40,65,65,12.05,10,202,
4-14,10:44:40,65,65,12.1,10,202,
4-14,10:44:41,64,64,12.06,10,202,
4-14,10:44:41,62,62,12.07,10,202,
4-14,10:44:42,65,65,12.16,10,202,
4-14,10:44:42,64,64,12.08,10,202,
4-14,10:44:43,63,63,11.99,10,202,
4-14,10:44:43,65,65,12.1,10,202,
4-14,10:44:44,65,65,12.11,10,202,
4-14,10:44:44,65,65,12.09,10,202,
4-14,10:44:45,68,68,12.11,10,202,
4-14,10:44:45,68,68,12.11,10,202,
4-14,10:44:46,66,66,12.02,10,202,
4-14,10:44:46,65,65,12.07,10,202,
4-14,10:44:47,67,67,12.13,10,202,
4-14,10:44:47,69,69,12.07,10,202,
4-14,10:44:48,70,70,12.11,10,202,
4-14,10:44:48,70,70,12.11,10,202,
4-14,10:44:49,70,70,12.13,10,202,
4-14,10:44:49,69,69,12.07,10,202,
4-14,10:44:50,70,70,12.11,10,202,
4-14,10:44:50,72,72,12.08,10,202,
4-14,10:44:51,70,70,12.06,10,202,
4-14,10:44:51,68,68,12,10,202,
4-14,10:44:52,71,71,12.09,10,202,
4-14,10:44:52,70,70,12.03,10,202,
4-14,10:44:53,70,70,12.05,10,202,
4-14,10:44:53,71,71,12.05,10,202,
4-14,10:44:54,72,72,12.16,10,202,
4-14,10:44:54,74,74,12.14,10,202,
4-14,10:44:55,74,74,12.1,10,202,
4-14,10:44:55,74,74,12.1,10,202,
4-14,10:44:56,74,74,12.11,10,202,
4-14,10:44:56,72,72,12.08,10,202,
4-14,10:44:57,73,73,12.06,10,202,
4-14,10:44:57,73,73,12.08,10,202,
4-14,10:44:58,75,75,12.19,10,202,
4-14,10:44:58,74,74,12.23,10,202,
4-14,10:44:59,74,74,12.17,10,202,
4-14,10:44:59,73,73,12.27,10,202,
4-14,10:45:0,73,73,12.27,10,202,
4-14,10:45:0,71,71,12.31,10,202,
4-14,10:45:1,70,70,12.53,10,202,
4-14,10:45:1,69,69,12.61,10,202,
4-14,10:45:2,67,67,12.61,10,202,
4-14,10:45:2,69,69,12.35,10,202,
4-14,10:45:3,72,72,12.2,10,202,
4-14,10:45:3,71,71,12.15,10,202,
4-14,10:45:4,72,72,12.14,10,202,
4-14,10:45:4,74,74,12.18,10,202,
4-14,10:45:5,72,72,12.09,10,202,
4-14,10:45:5,76,76,12.11,10,202,
4-14,10:45:6,75,75,12.11,10,202,
4-14,10:45:6,77,77,12.1,10,202,
4-14,10:45:7,75,75,12.1,10,202,
4-14,10:45:7,74,74,12.23,10,202,
4-14,10:45:8,74,74,12.09,10,202,
4-14,10:45:8,74,74,12.08,10,202,
4-14,10:45:9,75,75,12.21,10,202,
4-14,10:45:9,74,74,12.08,10,202,
4-14,10:45:10,72,72,12.07,10,202,
4-14,10:45:10,71,71,12.13,10,202,
4-14,10:45:11,72,72,12.07,10,202,
4-14,10:45:11,68,68,12.04,10,202,
4-14,10:45:12,69,69,12.1,10,202,
4-14,10:45:12,67,67,12.06,10,202,
4-14,10:45:13,66,66,12.04,10,202,
4-14,10:45:13,65,65,12.07,10,202,
4-14,10:45:14,64,64,12.07,10,202,
4-14,10:45:14,63,63,12.06,10,202,
4-14,10:45:15,61,61,12.06,10,202,
4-14,10:45:15,66,66,12.05,10,202,
4-14,10:45:16,65,65,11.99,10,202,
4-14,10:45:16,65,65,12.03,10,202,
4-14,10:45:17,63,63,12,10,202,
4-14,10:45:17,62,62,12.01,10,202,
4-14,10:45:18,60,60,12.01,10,202,
4-14,10:45:18,60,60,12.02,10,202,
4-14,10:45:19,61,61,12.06,10,202,
4-14,10:45:19,59,59,12.03,10,202,
4-14,10:45:20,58,58,12,10,202,
4-14,10:45:20,59,59,12.02,10,202,
4-14,10:45:21,60,60,12.02,10,202,
4-14,10:45:21,58,58,12.02,10,202,
4-14,10:45:22,58,58,12.01,10,202,
4-14,10:45:22,58,58,11.99,10,202,
4-14,10:45:23,56,56,11.99,10,202,
4-14,10:45:23,58,58,12.02,10,202,
4-14,10:45:24,59,59,12.01,10,202,
4-14,10:45:24,57,57,11.97,10,202,
4-14,10:45:25,56,56,11.98,10,202,
4-14,10:45:25,57,57,12.02,10,202,
4-14,10:45:26,56,56,12.01,10,202,
4-14,10:45:26,56,56,11.99,10,202,
4-14,10:45:27,56,56,12.03,10,202,
4-14,10:45:27,56,56,12.01,10,202,
4-14,10:45:28,57,57,12.03,10,202,
4-14,10:45:28,53,53,12,10,202,
4-14,10:45:29,54,54,12.02,10,202,
4-14,10:45:29,54,54,12.01,10,202,
4-14,10:45:30,53,53,12.04,10,202,
4-14,10:45:30,54,54,12.07,10,202,
4-14,10:45:31,52,52,12.07,10,202,
4-14,10:45:31,52,52,12.07,10,202,
4-14,10:45:32,50,50,12.02,10,202,
4-14,10:45:32,50,50,12.04,10,202,
4-14,10:45:33,50,50,12.05,10,202,
4-14,10:45:33,50,50,12.06,10,202,
4-14,10:45:34,49,49,12.09,10,202,
4-14,10:45:34,51,51,12.14,10,202,
4-14,10:45:35,51,51,12.13,10,202,
4-14,10:45:35,50,50,12.08,10,202,
4-14,10:45:36,50,50,12.07,10,202,
4-14,10:45:36,51,51,12.12,10,202,
4-14,10:45:37,49,49,12.11,10,202,
4-14,10:45:37,52,52,12.14,10,202,
4-14,10:45:38,50,50,12.14,10,202,
4-14,10:45:38,51,51,12.13,10,202,
4-14,10:45:39,51,51,12.13,10,202,
4-14,10:45:39,49,49,12.12,10,202,
4-14,10:45:40,48,48,12.09,10,202,
4-14,10:45:40,51,51,12.15,10,202,
4-14,10:45:41,50,50,12.1,10,202,
4-14,10:45:41,50,50,12.14,10,202,
4-14,10:45:42,51,51,12.13,10,202,
4-14,10:45:42,49,49,12.16,10,202,
4-14,10:45:43,50,50,12.16,10,202,
4-14,10:45:43,48,48,12.13,10,202,
4-14,10:45:44,49,49,12.17,10,202,
4-14,10:45:44,50,50,12.2,10,202,
4-14,10:45:45,48,48,12.15,10,202,
4-14,10:45:45,51,51,12.21,10,202,
4-14,10:45:46,50,50,12.13,10,202,
4-14,10:45:46,51,51,12.13,10,202,
4-14,10:45:47,50,50,12.21,10,202,
4-14,10:45:47,49,49,12.21,10,202,
4-14,10:45:48,47,47,12.18,10,202,
4-14,10:45:48,48,48,12.21,10,202,
4-14,10:45:49,49,49,12.23,10,202,
4-14,10:45:49,48,48,12.24,10,202,
4-14,10:45:50,48,48,12.25,10,202,
4-14,10:45:50,48,48,12.25,10,202,
4-14,10:45:51,46,46,12.26,10,202,
4-14,10:45:51,45,45,12.24,10,202,
4-14,10:45:52,51,51,12.21,10,202,
4-14,10:45:52,52,52,12.17,10,202,
4-14,10:45:53,53,53,12.16,10,202,
4-14,10:45:53,54,54,12.14,10,202,
4-14,10:45:54,54,54,12.12,10,202,
4-14,10:45:54,60,60,12.14,10,202,
4-14,10:45:55,59,59,12.1,10,202,
4-14,10:45:55,61,61,12.12,10,202,
4-14,10:45:56,65,65,12.11,10,202,
4-14,10:45:56,63,63,12.08,10,202,
4-14,10:45:57,68,68,12.11,10,202,
4-14,10:45:57,69,69,12.1,10,202,
4-14,10:45:58,68,68,12.11,10,202,
4-14,10:45:58,73,73,12.14,10,202,
4-14,10:45:59,73,73,12.12,10,202,
4-14,10:45:59,72,72,12.14,10,202,
4-14,10:46:0,76,76,12.1,10,202,
4-14,10:46:0,75,75,12.12,10,202,
4-14,10:46:1,74,74,12.1,10,202,
4-14,10:46:1,77,77,12.16,10,202,
4-14,10:46:2,75,75,12.11,10,202,
4-14,10:46:2,77,77,12.11,10,202,
4-14,10:46:3,75,75,12.1,10,202,
4-14,10:46:3,74,74,12.1,10,202,
4-14,10:46:4,76,76,12.14,10,202,
4-14,10:46:4,74,74,12.08,10,202,
4-14,10:46:5,74,74,12.09,10,202,
4-14,10:46:5,75,75,12.08,10,202,
4-14,10:46:6,72,72,12.05,10,202,
4-14,10:46:6,74,74,12.11,10,202,
4-14,10:46:7,75,75,12.11,10,202,
4-14,10:46:7,71,71,12.15,10,202,
4-14,10:46:8,74,74,12.09,10,202,
4-14,10:46:8,72,72,12.13,10,202,
4-14,10:46:9,72,72,12.12,10,202,
4-14,10:46:9,72,72,12.05,10,202,
4-14,10:46:10,71,71,12.05,10,202,
4-14,10:46:10,71,71,12.07,10,202,
4-14,10:46:11,69,69,12.01,10,202,
4-14,10:46:11,69,69,12.08,10,202,
4-14,10:46:12,68,68,12.04,10,202,
4-14,10:46:12,69,69,12.06,10,202,
4-14,10:46:13,68,68,12.05,10,202,
4-14,10:46:13,69,69,12.07,10,202,
4-14,10:46:14,69,69,12.02,10,202,
4-14,10:46:14,67,67,12,10,202,
4-14,10:46:15,67,67,12.03,10,202,
4-14,10:46:15,67,67,12.05,10,202,
4-14,10:46:16,67,67,12.05,10,202,
4-14,10:46:16,66,66,11.97,10,202,
4-14,10:46:17,67,67,12.06,10,202,
4-14,10:46:17,66,66,12.01,10,202,
4-14,10:46:18,64,64,12.01,10,202,
4-14,10:46:18,65,65,12.01,10,202,
4-14,10:46:19,65,65,12.02,10,202,
4-14,10:46:19,64,64,12.01,10,202,
4-14,10:46:20,65,65,12.02,10,202,
4-14,10:46:20,65,65,12.03,10,202,
4-14,10:46:21,64,64,12.01,10,202,
4-14,10:46:21,63,63,12,10,202,
4-14,10:46:22,63,63,12.03,10,202,
4-14,10:46:22,63,63,12.01,10,202,
4-14,10:46:23,64,64,12.04,10,202,
4-14,10:46:23,64,64,11.98,10,202,
4-14,10:46:24,64,64,12,10,202,
4-14,10:46:24,64,64,12.01,10,202,
4-14,10:46:25,63,63,11.98,10,202,
4-14,10:46:25,63,63,12.01,10,202,
4-14,10:46:26,62,62,11.96,10,202,
4-14,10:46:26,63,63,12,10,202,
4-14,10:46:27,64,64,12,10,202,
4-14,10:46:27,63,63,12,10,202,
4-14,10:46:28,63,63,11.99,10,202,
4-14,10:46:28,64,64,11.97,10,202,
4-14,10:46:29,64,64,12.01,10,202,
4-14,10:46:29,63,63,12.02,10,202,
4-14,10:46:30,64,64,12.02,10,202,
4-14,10:46:30,62,62,11.95,10,202,
4-14,10:46:31,65,65,11.98,10,202,
4-14,10:46:31,64,64,11.98,10,202,
4-14,10:46:32,61,61,12.1,10,202,
4-14,10:46:32,64,64,11.94,10,202,
4-14,10:46:33,63,63,12,10,202,
4-14,10:46:33,64,64,12,10,202,
4-14,10:46:34,64,64,11.98,10,202,
4-14,10:46:34,63,63,12.02,10,202,
4-14,10:46:35,63,63,11.98,10,202,
4-14,10:46:35,64,64,11.98,10,202,
4-14,10:46:36,63,63,12.01,10,202,
4-14,10:46:36,62,62,11.99,10,202,
4-14,10:46:37,62,62,11.97,10,202,
4-14,10:46:37,62,62,11.96,10,202,
4-14,10:46:38,61,61,11.97,10,202,
4-14,10:46:38,62,62,11.96,10,202,
4-14,10:46:39,60,60,11.96,10,202,
4-14,10:46:39,63,63,11.97,10,202,
4-14,10:46:40,60,60,11.96,10,202,
4-14,10:46:40,62,62,11.95,10,202,
4-14,10:46:41,61,61,11.97,10,202,
4-14,10:46:41,60,60,11.97,10,202,
4-14,10:46:42,60,60,12.01,10,202,
4-14,10:46:42,63,63,12.02,10,202,
4-14,10:46:43,61,61,11.99,10,202,
4-14,10:46:43,62,62,12,10,202,
4-14,10:46:44,63,63,11.97,10,202,
4-14,10:46:44,60,60,12.07,10,202,
4-14,10:46:45,64,64,11.98,10,202,
4-14,10:46:45,64,64,12.02,10,202,
4-14,10:46:46,63,63,12,10,202,
4-14,10:46:46,62,62,12.01,10,202,
4-14,10:46:47,60,60,12.02,10,202,
4-14,10:46:47,61,61,11.98,10,202,
4-14,10:46:48,58,58,12.01,10,202,
4-14,10:46:48,60,60,12,10,202,
4-14,10:46:49,58,58,11.97,10,202,
4-14,10:46:49,59,59,12.01,10,202,
4-14,10:46:50,54,54,12.35,10,202,
4-14,10:46:50,55,55,12.07,10,202,
4-14,10:46:51,59,59,12.04,10,202,
4-14,10:46:51,54,54,12.06,10,202,
4-14,10:46:52,58,58,12.02,10,202,
4-14,10:46:52,57,57,12.04,10,202,
4-14,10:46:53,59,59,12.01,10,202,
4-14,10:46:53,58,58,12.02,10,202,
4-14,10:46:54,57,57,11.95,10,202,
4-14,10:46:54,60,60,12.01,10,202,
4-14,10:46:55,60,60,11.98,10,202,
4-14,10:46:55,59,59,12,10,202,
4-14,10:46:56,59,59,11.99,10,202,
4-14,10:46:56,59,59,11.95,10,202,
4-14,10:46:57,59,59,12.01,10,202,
4-14,10:46:57,59,59,12.03,10,202,
4-14,10:46:58,58,58,11.99,10,202,
4-14,10:46:58,58,58,11.98,10,202,
4-14,10:46:59,59,59,11.98,10,202,
4-14,10:46:59,58,58,11.97,10,202,
4-14,10:47:0,59,59,12.02,11,202,
4-14,10:47:0,56,56,11.97,11,202,
4-14,10:47:1,55,55,12,11,202,
4-14,10:47:1,56,56,12.04,11,202,
4-14,10:47:2,53,53,11.99,11,202,
4-14,10:47:2,55,55,12.02,11,202,
4-14,10:47:3,54,54,12.01,11,202,
4-14,10:47:3,54,54,12.03,11,202,
4-14,10:47:4,52,52,12,11,202,
4-14,10:47:4,52,52,12,11,202,
4-14,10:47:5,53,53,12.05,11,202,
4-14,10:47:5,51,51,11.98,11,202,
4-14,10:47:6,52,52,12.01,11,202,
4-14,10:47:6,52,52,12.07,11,202,
4-14,10:47:7,50,50,12.05,11,202,
4-14,10:47:7,51,51,12.04,11,202,
4-14,10:47:8,53,53,12.04,11,202,
4-14,10:47:8,53,53,12.03,11,202,
4-14,10:47:9,56,56,12.02,11,202,
4-14,10:47:9,56,56,12.02,11,202,
4-14,10:47:10,59,59,12.03,11,202,
4-14,10:47:10,61,61,12.02,11,202,
4-14,10:47:11,60,60,12.01,11,202,
4-14,10:47:11,66,66,12.03,11,202,
4-14,10:47:12,65,65,11.99,11,202,
4-14,10:47:12,66,66,11.98,11,202,
4-14,10:47:13,68,68,12.03,11,202,
4-14,10:47:13,67,67,12.03,11,202,
4-14,10:47:14,68,68,12.01,11,202,
4-14,10:47:14,67,67,12,11,202,
4-14,10:47:15,67,67,12.01,11,202,
4-14,10:47:15,65,65,12.05,11,202,
4-14,10:47:16,68,68,12.02,11,202,
4-14,10:47:16,66,66,11.98,11,202,
4-14,10:47:17,66,66,11.99,11,202,
4-14,10:47:17,66,66,11.99,11,202,
4-14,10:47:18,67,67,11.93,11,202,
4-14,10:47:18,66,66,11.96,11,202,
4-14,10:47:19,64,64,11.96,11,202,
4-14,10:47:19,64,64,11.99,11,202,
4-14,10:47:20,63,63,11.94,11,202,
4-14,10:47:20,63,63,11.94,11,202,
4-14,10:47:21,64,64,12,11,202,
4-14,10:47:21,62,62,11.99,11,202,
4-14,10:47:22,63,63,11.99,11,202,
4-14,10:47:22,61,61,11.98,11,202,
4-14,10:47:23,62,62,11.94,11,202,
4-14,10:47:23,62,62,11.97,11,202,
4-14,10:47:24,62,62,11.97,11,202,
4-14,10:47:24,61,61,11.98,11,202,
4-14,10:47:25,61,61,11.96,11,202,
4-14,10:47:25,60,60,12.01,11,202,
4-14,10:47:26,59,59,11.96,11,202,
4-14,10:47:26,58,58,11.97,11,202,
4-14,10:47:27,60,60,12.02,11,202,
4-14,10:47:27,57,57,11.98,11,202,
4-14,10:47:28,59,59,11.98,11,202,
4-14,10:47:28,57,57,12.01,11,202,
4-14,10:47:29,58,58,11.95,11,202,
4-14,10:47:29,58,58,12.03,11,202,
4-14,10:47:30,58,58,11.96,11,202,
4-14,10:47:30,55,55,11.99,11,202,
4-14,10:47:31,54,54,11.97,11,202,
4-14,10:47:31,57,57,12,11,202,
4-14,10:47:32,57,57,11.98,11,202,
4-14,10:47:32,59,59,11.99,11,202,
4-14,10:47:33,58,58,11.99,11,202,
4-14,10:47:33,58,58,11.99,11,202,
4-14,10:47:34,56,56,12.09,11,202,
4-14,10:47:34,53,53,12.07,11,202,
4-14,10:47:35,54,54,12.16,11,202,
4-14,10:47:35,53,53,12.21,11,202,
4-14,10:47:36,52,52,12.15,11,202,
4-14,10:47:36,52,52,12.13,11,202,
4-14,10:47:37,51,51,12.11,11,202,
4-14,10:47:37,49,49,12.09,11,202,
4-14,10:47:38,49,49,12.08,11,202,
4-14,10:47:38,48,48,12.03,11,202,
4-14,10:47:39,49,49,12.02,11,202,
4-14,10:47:39,50,50,12.02,11,202,
4-14,10:47:40,52,52,12.02,11,202,
4-14,10:47:40,52,52,12.05,11,202,
4-14,10:47:41,54,54,12.07,11,202,
4-14,10:47:41,54,54,12.07,11,202,
4-14,10:47:42,52,52,12.08,11,202,
4-14,10:47:42,52,52,12.09,11,202,
4-14,10:47:43,51,51,12.05,11,202,
4-14,10:47:43,50,50,12.03,11,202,
4-14,10:47:44,48,48,12.15,11,202,
4-14,10:47:44,49,49,12.21,11,202,
4-14,10:47:45,44,44,12.05,11,202,
4-14,10:47:45,44,44,12.09,11,202,
4-14,10:47:46,46,46,12.14,11,202,
4-14,10:47:46,47,47,12.14,11,202,
4-14,10:47:47,47,47,12.12,11,202,
4-14,10:47:47,47,47,12.16,11,202,
4-14,10:47:48,46,46,12.26,11,202,
4-14,10:47:48,48,48,12.21,11,202,
4-14,10:47:49,49,49,12.18,11,202,
4-14,10:47:49,50,50,12.19,11,202,
4-14,10:47:50,49,49,12.16,11,202,
4-14,10:47:50,50,50,12.17,11,202,
4-14,10:47:51,50,50,12.17,11,202,
4-14,10:47:51,48,48,12.14,11,202,
4-14,10:47:52,49,49,12.08,11,202,
4-14,10:47:52,52,52,12.13,11,202,
4-14,10:47:53,48,48,12.1,11,202,
4-14,10:47:53,52,52,12.19,11,202,
4-14,10:47:54,49,49,12.12,11,202,
4-14,10:47:54,49,49,12.16,11,202,
4-14,10:47:55,49,49,12.17,11,202,
4-14,10:47:55,49,49,12.16,11,202,
4-14,10:47:56,50,50,12.19,11,202,
4-14,10:47:56,49,49,12.18,11,202,
4-14,10:47:57,48,48,12.21,11,202,
4-14,10:47:57,47,47,12.28,11,202,
4-14,10:47:58,46,46,12.29,11,202,
4-14,10:47:58,47,47,12.34,11,202,
4-14,10:47:59,47,47,12.49,11,202,
4-14,10:47:59,48,48,12.5,11,202,
4-14,10:48:0,48,48,12.48,11,202,
4-14,10:48:0,49,49,12.31,11,202,
4-14,10:48:1,51,51,12.54,11,202,
4-14,10:48:1,52,52,12.14,11,202,
4-14,10:48:2,50,50,12.22,11,202,
4-14,10:48:2,53,53,12.13,11,202,
4-14,10:48:3,54,54,12.14,11,202,
4-14,10:48:3,55,55,12.29,11,202,
4-14,10:48:4,57,57,12.07,11,202,
4-14,10:48:4,59,59,12.03,11,202,
4-14,10:48:5,62,62,12.08,11,202,
4-14,10:48:5,59,59,11.98,11,202,
4-14,10:48:6,59,59,11.98,11,202,
4-14,10:48:6,61,61,11.97,11,202,
4-14,10:48:7,57,57,11.98,11,202,
4-14,10:48:7,54,54,12.53,11,202,
4-14,10:48:8,53,53,12.35,11,202,
4-14,10:48:8,52,52,12.56,11,202,
4-14,10:48:9,57,57,12.32,11,202,
4-14,10:48:9,52,52,12.31,11,202,
4-14,10:48:10,50,50,12.18,11,202,
4-14,10:48:10,55,55,12.3,11,202,
4-14,10:48:11,50,50,12.12,11,202,
4-14,10:48:11,50,50,12.27,11,202,
4-14,10:48:12,53,53,11.96,11,202,
4-14,10:48:12,51,51,12.1,11,202,
4-14,10:48:13,49,49,12.21,11,202,
4-14,10:48:13,51,51,12.08,11,202,
4-14,10:48:14,51,51,12.12,11,202,
4-14,10:48:14,51,51,12.12,11,202,
4-14,10:48:15,48,48,11.99,11,202,
4-14,10:48:15,48,48,12.25,11,202,
4-14,10:48:16,47,47,12.31,11,202,
4-14,10:48:16,45,45,12.03,11,202,
4-14,10:48:17,47,47,12.43,11,202,
4-14,10:48:17,45,45,12.37,11,202,
4-14,10:48:18,41,41,12.18,11,202,
4-14,10:48:18,41,41,12.32,11,202,
4-14,10:48:19,41,41,12.12,11,202,
4-14,10:48:19,40,40,12.15,11,202,
4-14,10:48:20,44,44,12.53,11,202,
4-14,10:48:20,39,39,12.09,11,202,
4-14,10:48:21,40,40,12.29,11,202,
4-14,10:48:21,41,41,12.22,11,202,
4-14,10:48:22,40,40,12.31,11,202,
4-14,10:48:22,38,38,11.83,11,202,
4-14,10:48:23,43,43,12.23,11,202,
4-14,10:48:23,37,37,12.08,11,202,
4-14,10:48:24,41,41,12.36,11,202,
4-14,10:48:24,37,37,12.03,11,202,
4-14,10:48:25,39,39,12.37,11,202,
4-14,10:48:25,40,40,12.25,11,202,
4-14,10:48:26,35,35,12.06,11,202,
4-14,10:48:26,39,39,12.22,11,202,
4-14,10:48:27,35,35,12.02,11,202,
4-14,10:48:27,35,35,12.15,11,202,
4-14,10:48:28,35,35,12.01,11,202,
4-14,10:48:28,37,37,12.22,11,202,
4-14,10:48:29,33,33,12.24,11,202,
4-14,10:48:29,34,34,12.4,11,202,
4-14,10:48:30,33,33,12.26,11,202,
4-14,10:48:30,28,28,12.07,11,202,
4-14,10:48:31,34,34,12.5,11,202,
4-14,10:48:31,35,35,12.37,11,202,
4-14,10:48:32,32,32,12.36,11,202,
4-14,10:48:32,34,34,12.41,11,202,
4-14,10:48:33,33,33,12.38,11,202,
4-14,10:48:33,31,31,12.3,11,202,
4-14,10:48:34,30,30,12.37,11,202,
4-14,10:48:34,31,31,12.16,11,202,
4-14,10:48:35,26,26,12.11,11,202,
4-14,10:48:35,32,32,12.27,11,202,
4-14,10:48:36,25,25,12.06,11,202,
4-14,10:48:36,27,27,12.08,11,202,
4-14,10:48:37,31,31,12.35,11,202,
4-14,10:48:37,31,31,12.39,11,202,
4-14,10:48:38,29,29,12.3,11,202,
4-14,10:48:38,31,31,12.34,11,202,
4-14,10:48:39,27,27,12.3,11,202,
4-14,10:48:39,26,26,12.38,11,202,
4-14,10:48:40,30,30,12.36,11,202,
4-14,10:48:40,27,27,12.17,11,202,
4-14,10:48:41,26,26,12.35,11,202,
4-14,10:48:41,30,30,12.41,11,202,
4-14,10:48:42,30,30,12.22,11,202,
4-14,10:48:42,27,27,12.19,11,202,
4-14,10:48:43,31,31,12.35,11,202,
4-14,10:48:43,32,32,12.3,11,202,
4-14,10:48:44,31,31,12.22,11,202,
4-14,10:48:44,34,34,12.45,11,202,
4-14,10:48:45,30,30,12.38,11,202,
4-14,10:48:45,30,30,12.3,11,202,
4-14,10:48:46,29,29,12.27,11,202,
4-14,10:48:46,27,27,12.15,11,202,
4-14,10:48:47,30,30,12.32,11,202,
4-14,10:48:47,27,27,12.16,11,202,
4-14,10:48:48,30,30,12.26,11,202,
4-14,10:48:48,30,30,12.3,11,202,
4-14,10:48:49,25,25,12.17,11,202,
4-14,10:48:49,31,31,12.43,11,202,
4-14,10:48:50,29,29,12.27,11,202,
4-14,10:48:50,28,28,12.35,11,202,
4-14,10:48:51,29,29,12.33,11,202,
4-14,10:48:51,23,23,12.08,11,202,
4-14,10:48:52,29,29,12.35,11,202,
4-14,10:48:52,27,27,12.09,11,202,
4-14,10:48:53,35,35,12.22,11,202,
4-14,10:48:53,31,31,12.33,11,202,
4-14,10:48:54,31,31,12.07,11,202,
4-14,10:48:54,33,33,12.17,11,202,
4-14,10:48:55,33,33,12.37,11,202,
4-14,10:48:55,30,30,12.37,11,202,
4-14,10:48:56,29,29,12.35,11,202,
4-14,10:48:56,23,23,12.06,11,202,
4-14,10:48:57,28,28,12.25,11,202,
4-14,10:48:57,27,27,12.24,11,202,
4-14,10:48:58,29,29,12.25,11,202,
4-14,10:48:58,29,29,12.19,11,202,
4-14,10:48:59,28,28,12.11,11,202,
4-14,10:48:59,33,33,12.33,11,202,
4-14,10:49:0,31,31,12.16,11,202,
4-14,10:49:0,28,28,12.08,11,202,
4-14,10:49:1,27,27,12.04,11,202,
4-14,10:49:1,27,27,12.09,11,202,
4-14,10:49:2,28,28,12.1,11,202,
4-14,10:49:2,27,27,12.16,11,202,
4-14,10:49:3,29,29,12.27,11,202,
4-14,10:49:3,23,23,12.05,11,202,
4-14,10:49:4,28,28,12.28,11,202,
4-14,10:49:4,28,28,12.29,11,202,
4-14,10:49:5,22,22,12.06,11,202,
4-14,10:49:5,28,28,12.38,11,202,
4-14,10:49:6,29,29,12.35,11,202,
4-14,10:49:6,27,27,12.12,11,202,
4-14,10:49:7,28,28,12.09,11,202,
4-14,10:49:7,28,28,12.05,11,202,
4-14,10:49:8,28,28,12.02,11,202,
4-14,10:49:8,30,30,12.07,11,202,
4-14,10:49:9,32,32,12.22,11,202,
4-14,10:49:9,32,32,12.2,11,202,
4-14,10:49:10,33,33,12.23,11,202,
4-14,10:49:10,30,30,12.19,11,202,
4-14,10:49:11,25,25,12.06,11,202,
4-14,10:49:11,29,29,12.3,11,202,
4-14,10:49:12,29,29,12.27,11,202,
4-14,10:49:12,25,25,12.07,11,202,
4-14,10:49:13,30,30,12.18,11,202,
4-14,10:49:13,30,30,12.18,11,202,
4-14,10:49:14,28,28,12.02,11,202,
4-14,10:49:14,29,29,12.08,11,202,
4-14,10:49:15,31,31,12.07,11,202,
4-14,10:49:15,32,32,12.04,11,202,
4-14,10:49:16,30,30,12.1,11,202,
4-14,10:49:16,33,33,12.23,11,202,
4-14,10:49:17,30,30,12.05,11,202,
4-14,10:49:17,33,33,12.21,11,202,
4-14,10:49:18,31,31,12.18,11,202,
4-14,10:49:18,29,29,12.05,11,202,
4-14,10:49:19,29,29,12.1,11,202,
4-14,10:49:19,32,32,12.1,11,202,
4-14,10:49:20,34,34,12.12,11,202,
4-14,10:49:20,36,36,12.13,11,202,
4-14,10:49:21,33,33,12.09,11,202,
4-14,10:49:21,35,35,12.12,11,202,
4-14,10:49:22,35,35,12.17,11,202,
4-14,10:49:22,33,33,12.22,11,202,
4-14,10:49:23,33,33,12.24,11,202,
4-14,10:49:23,33,33,12.19,11,202,
4-14,10:49:24,32,32,12.2,11,202,
4-14,10:49:24,32,32,12.39,11,202,
4-14,10:49:25,33,33,12.34,11,202,
4-14,10:49:25,32,32,12.34,11,202,
4-14,10:49:26,31,31,12.07,11,202,
4-14,10:49:26,33,33,12.08,11,202,
4-14,10:49:27,33,33,12.1,11,202,
4-14,10:49:27,37,37,12.15,11,202,
4-14,10:49:28,35,35,12.04,11,202,
4-14,10:49:28,35,35,12.05,11,202,
4-14,10:49:29,38,38,12.29,11,202,
4-14,10:49:29,35,35,12.15,11,202,
4-14,10:49:30,32,32,12.09,11,202,
4-14,10:49:30,35,35,12.32,11,202,
4-14,10:49:31,33,33,12.12,11,202,
4-14,10:49:31,32,32,12.15,11,202,
4-14,10:49:32,34,34,12.41,11,202,
4-14,10:49:32,34,34,12.25,11,202,
4-14,10:49:33,32,32,12.24,11,202,
4-14,10:49:33,35,35,12.25,11,202,
4-14,10:49:34,33,33,12.09,11,202,
4-14,10:49:34,33,33,12.11,11,202,
4-14,10:49:35,36,36,12.19,11,202,
4-14,10:49:35,34,34,12.09,11,202,
4-14,10:49:36,36,36,12.15,11,202,
4-14,10:49:36,37,37,12.33,11,202,
4-14,10:49:37,34,34,12.13,11,202,
4-14,10:49:37,30,30,12.12,11,202,
4-14,10:49:38,32,32,12.33,11,202,
4-14,10:49:38,32,32,12.35,11,202,
4-14,10:49:39,25,25,12.03,11,202,
4-14,10:49:39,32,32,12.47,11,202,
4-14,10:49:40,32,32,12.33,11,202,
4-14,10:49:40,30,30,12.15,11,202,
4-14,10:49:41,34,34,12.25,11,202,
4-14,10:49:41,31,31,12.08,11,202,
4-14,10:49:42,35,35,12.12,11,202,
4-14,10:49:42,36,36,12.09,11,202,
4-14,10:49:43,33,33,12.07,11,202,
4-14,10:49:43,33,33,12.12,11,202,
4-14,10:49:44,33,33,12.08,11,202,
4-14,10:49:44,32,32,12.11,11,202,
4-14,10:49:45,33,33,12.15,11,202,
4-14,10:49:45,30,30,12.07,11,202,
4-14,10:49:46,31,31,12.33,11,202,
4-14,10:49:46,32,32,12.13,11,202,
4-14,10:49:47,35,35,12.22,11,202,
4-14,10:49:47,33,33,12.23,11,202,
4-14,10:49:48,33,33,12.24,11,202,
4-14,10:49:48,34,34,12.34,11,202,
4-14,10:49:49,31,31,12.11,11,202,
4-14,10:49:49,33,33,12.36,11,202,
4-14,10:49:50,31,31,12.12,11,202,
4-14,10:49:50,31,31,12.3,11,202,
4-14,10:49:51,33,33,12.34,11,202,
4-14,10:49:51,31,31,12.29,11,202,
4-14,10:49:52,30,30,12.14,11,202,
4-14,10:49:52,34,34,12.42,11,202,
4-14,10:49:53,32,32,12.3,11,202,
4-14,10:49:53,32,32,12.15,11,202,
4-14,10:49:54,33,33,12.39,11,202,
4-14,10:49:54,33,33,12.33,11,202,
4-14,10:49:55,30,30,12.32,11,202,
4-14,10:49:55,32,32,12.38,11,202,
4-14,10:49:56,34,34,12.34,11,202,
4-14,10:49:56,32,32,12.16,11,202,
4-14,10:49:57,34,34,12.27,11,202,
4-14,10:49:57,37,37,12.26,11,202,
4-14,10:49:58,34,34,12.14,11,202,
4-14,10:49:58,34,34,12.3,11,202,
4-14,10:49:59,34,34,12.18,11,202,
4-14,10:49:59,31,31,12.1,11,202,
4-14,10:50:0,31,31,12.15,11,202,
4-14,10:50:0,33,33,12.34,11,202,
4-14,10:50:1,34,34,12.38,11,202,
4-14,10:50:1,30,30,12.23,11,202,
4-14,10:50:2,34,34,12.47,11,202,
4-14,10:50:2,35,35,12.26,11,202,
4-14,10:50:3,30,30,12.11,11,202,
4-14,10:50:3,33,33,12.28,11,202,
4-14,10:50:4,33,33,12.05,11,202,
4-14,10:50:4,33,33,12.13,11,202,
4-14,10:50:5,36,36,12.26,11,202,
4-14,10:50:5,41,41,12.22,11,202,
4-14,10:50:6,40,40,12.04,11,202,
4-14,10:50:6,42,42,11.97,11,202,
4-14,10:50:7,40,40,12.07,11,202,
4-14,10:50:7,45,45,11.52,11,202,
4-14,10:50:8,40,40,12.24,11,202,
4-14,10:50:8,39,39,12.06,11,202,
4-14,10:50:9,39,39,12.24,11,202,
4-14,10:50:9,37,37,12.12,11,202,
4-14,10:50:10,37,37,12.11,11,202,
4-14,10:50:10,35,35,12.1,11,202,
4-14,10:50:11,34,34,12.11,11,202,
4-14,10:50:11,36,36,12.27,11,202,
4-14,10:50:12,36,36,12.22,11,202,
4-14,10:50:12,35,35,12.31,11,202,
4-14,10:50:13,33,33,12.24,11,202,
4-14,10:50:13,35,35,12.17,11,202,
4-14,10:50:14,32,32,12.15,11,202,
4-14,10:50:14,34,34,12.2,11,202,
4-14,10:50:15,33,33,12.18,11,202,
4-14,10:50:15,29,29,11.98,11,202,
4-14,10:50:16,30,30,12.28,11,202,
4-14,10:50:16,32,32,12.14,11,202,
4-14,10:50:17,35,35,12.2,11,202,
4-14,10:50:17,32,32,12.24,11,202,
4-14,10:50:18,34,34,12.27,11,202,
4-14,10:50:18,34,34,12.15,11,202,
4-14,10:50:19,33,33,12.23,11,202,
4-14,10:50:19,34,34,12.24,11,202,
4-14,10:50:20,34,34,12.24,11,202,
4-14,10:50:20,31,31,12.3,11,202,
4-14,10:50:21,30,30,12.16,11,202,
4-14,10:50:21,30,30,12.25,11,202,
4-14,10:50:22,29,29,12.27,11,202,
4-14,10:50:22,26,26,12.15,11,202,
4-14,10:50:23,31,31,12.18,11,202,
4-14,10:50:23,33,33,12.23,11,202,
4-14,10:50:24,33,33,12.26,11,202,
4-14,10:50:24,34,34,12.21,11,202,
4-14,10:50:25,33,33,12.21,11,202,
4-14,10:50:25,32,32,12.23,11,202,
4-14,10:50:26,33,33,12.26,11,202,
4-14,10:50:26,31,31,12.11,11,202,
4-14,10:50:27,36,36,12.3,11,202,
4-14,10:50:27,35,35,12.34,11,202,
4-14,10:50:28,30,30,12.14,11,202,
4-14,10:50:28,33,33,12.39,11,202,
4-14,10:50:29,28,28,12.26,11,202,
4-14,10:50:29,25,25,12.41,11,202,
4-14,10:50:30,25,25,12.29,11,202,
4-14,10:50:30,24,24,12.17,11,202,
4-14,10:50:31,24,24,12.27,11,202,
4-14,10:50:31,25,25,12.13,11,202,
4-14,10:50:32,26,26,12.14,11,202,
4-14,10:50:32,25,25,12.12,11,202,
4-14,10:50:33,29,29,12.27,11,202,
4-14,10:50:33,32,32,12.24,11,202,
4-14,10:50:34,27,27,12.23,11,202,
4-14,10:50:34,28,28,12.17,11,202,
4-14,10:50:35,30,30,12.34,11,202,
4-14,10:50:35,27,27,12.29,11,202,
4-14,10:50:36,24,24,12.24,11,202,
4-14,10:50:36,29,29,12.39,11,202,
4-14,10:50:37,27,27,12.33,11,202,
4-14,10:50:37,22,22,12.18,11,202,
4-14,10:50:38,20,20,12.16,11,202,
4-14,10:50:38,21,21,12.17,11,202,
4-14,10:50:39,21,21,12.23,11,202,
4-14,10:50:39,23,23,12.3,11,202,
4-14,10:50:40,26,26,12.28,11,202,
4-14,10:50:40,25,25,12.31,11,202,
4-14,10:50:41,21,21,12.19,11,202,
4-14,10:50:41,26,26,12.37,11,202,
4-14,10:50:42,27,27,12.31,11,202,
4-14,10:50:42,25,25,12.18,11,202,
4-14,10:50:43,26,26,12.23,11,202,
4-14,10:50:43,27,27,12.17,11,202,
4-14,10:50:44,23,23,12.21,11,202,
4-14,10:50:44,21,21,12.18,11,202,
4-14,10:50:45,28,28,12.39,11,202,
4-14,10:50:45,26,26,12.38,11,202,
4-14,10:50:46,22,22,12.35,11,202,
4-14,10:50:46,25,25,12.27,11,202,
4-14,10:50:47,19,19,12.19,11,202,
4-14,10:50:47,20,20,12.28,11,202,
4-14,10:50:48,24,24,12.21,11,202,
4-14,10:50:48,28,28,12.28,11,202,
4-14,10:50:49,30,30,12.32,11,202,
4-14,10:50:49,27,27,12.26,11,202,
4-14,10:50:50,29,29,12.38,11,202,
4-14,10:50:50,29,29,12.32,11,202,
4-14,10:50:51,23,23,12.19,11,202,
4-14,10:50:51,24,24,12.28,11,202,
4-14,10:50:52,19,19,12.13,11,202,
4-14,10:50:52,21,21,12.18,11,202,
4-14,10:50:53,22,22,12.18,11,202,
4-14,10:50:53,27,27,12.18,11,202,
4-14,10:50:54,23,23,12.34,11,202,
4-14,10:50:54,21,21,12.22,11,202,
4-14,10:50:55,23,23,12.41,11,202,
4-14,10:50:55,20,20,12.22,11,202,
4-14,10:50:56,18,18,12.18,11,202,
4-14,10:50:56,20,20,12.19,11,202,
4-14,10:50:57,27,27,12.33,11,202,
4-14,10:50:57,25,25,12.33,11,202,
4-14,10:50:58,23,23,12.26,11,202,
4-14,10:50:58,27,27,12.46,11,202,
4-14,10:50:59,21,21,12.33,11,202,
4-14,10:50:59,22,22,12.45,11,202,
4-14,10:51:0,20,20,12.36,11,202,
4-14,10:51:0,17,17,12.22,11,202,
4-14,10:51:1,20,20,12.23,11,202,
4-14,10:51:1,18,18,12.22,11,202,
4-14,10:51:2,25,25,12.37,11,202,
4-14,10:51:2,18,18,12.18,11,202,
4-14,10:51:3,21,21,12.26,11,202,
4-14,10:51:3,19,19,12.2,11,202,
4-14,10:51:4,21,21,12.25,11,202,
4-14,10:51:4,16,16,12.22,11,202,
4-14,10:51:5,16,16,12.22,11,202,
4-14,10:51:5,12,12,12.21,11,202,
4-14,10:51:6,13,13,12.28,11,202,
4-14,10:51:6,15,15,12.24,11,202,
4-14,10:51:7,15,15,12.32,11,202,
4-14,10:51:7,14,14,12.25,11,202,
4-14,10:51:8,17,17,12.23,11,202,
4-14,10:51:8,16,16,12.32,11,202,
4-14,10:51:9,19,19,12.32,11,202,
4-14,10:51:9,18,18,12.25,11,202,
4-14,10:51:10,17,17,12.27,11,202,
4-14,10:51:10,20,20,12.34,11,202,
4-14,10:51:11,16,16,12.26,11,202,
4-14,10:51:11,21,21,12.24,11,202,
4-14,10:51:12,17,17,12.13,11,202,
4-14,10:51:12,17,17,12.26,11,202,
4-14,10:51:13,15,15,12.28,11,202,
4-14,10:51:13,18,18,12.34,11,202,
4-14,10:51:14,19,19,12.25,11,202,
4-14,10:51:14,20,20,12.27,11,202,
4-14,10:51:15,20,20,12.29,11,202,
4-14,10:51:15,20,20,12.3,11,202,
4-14,10:51:16,18,18,12.24,11,202,
4-14,10:51:16,21,21,12.29,11,202,
4-14,10:51:17,19,19,12.31,11,202,
4-14,10:51:17,19,19,12.29,11,202,
4-14,10:51:18,23,23,12.34,11,202,
4-14,10:51:18,23,23,12.28,11,202,
4-14,10:51:19,22,22,12.33,11,202,
4-14,10:51:19,19,19,12.2,11,202,
4-14,10:51:20,20,20,12.23,11,202,
4-14,10:51:20,20,20,12.27,11,202,
4-14,10:51:21,25,25,12.32,11,202,
4-14,10:51:21,21,21,12.27,11,202,
4-14,10:51:22,21,21,12.25,11,202,
4-14,10:51:22,22,22,12.21,11,202,
4-14,10:51:23,22,22,12.3,11,202,
4-14,10:51:23,23,23,12.24,11,202,
4-14,10:51:24,23,23,12.22,11,202,
4-14,10:51:24,22,22,12.32,11,202,
4-14,10:51:25,23,23,12.24,11,202,
4-14,10:51:25,27,27,12.26,11,202,
4-14,10:51:26,22,22,12.3,11,202,
4-14,10:51:26,23,23,12.33,11,202,
4-14,10:51:27,25,25,12.31,11,202,
4-14,10:51:27,23,23,12.37,11,202,
4-14,10:51:28,27,27,12.25,11,202,
4-14,10:51:28,27,27,12.42,11,202,
4-14,10:51:29,25,25,12.18,11,202,
4-14,10:51:29,28,28,12.43,11,202,
4-14,10:51:30,29,29,12.36,11,202,
4-14,10:51:30,22,22,11.99,11,202,
4-14,10:51:31,31,31,12.38,11,202,
4-14,10:51:31,28,28,12.17,11,202,
4-14,10:51:32,32,32,12.21,11,202,
4-14,10:51:32,32,32,12.41,11,202,
4-14,10:51:33,29,29,12.18,11,202,
4-14,10:51:33,30,30,12.21,11,202,
4-14,10:51:34,26,26,12.19,11,202,
4-14,10:51:34,27,27,12.22,11,202,
4-14,10:51:35,23,23,12.22,11,202,
4-14,10:51:35,24,24,12.22,11,202,
4-14,10:51:36,24,24,12.27,11,202,
4-14,10:51:36,23,23,12.28,11,202,
4-14,10:51:37,23,23,12.23,11,202,
4-14,10:51:37,22,22,12.24,11,202,
4-14,10:51:38,24,24,12.28,11,202,
4-14,10:51:38,27,27,12.32,11,202,
4-14,10:51:39,27,27,12.31,11,202,
4-14,10:51:39,30,30,12.3,11,202,
4-14,10:51:40,31,31,12.24,11,202,
4-14,10:51:40,29,29,12.21,11,202,
4-14,10:51:41,31,31,12.27,11,202,
4-14,10:51:41,30,30,12.19,11,202,
4-14,10:51:42,28,28,12.19,11,202,
4-14,10:51:42,27,27,12.31,11,202,
4-14,10:51:43,27,27,12.24,11,202,
4-14,10:51:43,23,23,12.2,11,202,
4-14,10:51:44,29,29,12.19,11,202,
4-14,10:51:44,28,28,12.23,11,202,
4-14,10:51:45,31,31,12.17,11,202,
4-14,10:51:45,32,32,12.16,11,202,
4-14,10:51:46,35,35,12.22,11,202,
4-14,10:51:46,33,33,12.17,11,202,
4-14,10:51:47,32,32,12.14,11,202,
4-14,10:51:47,32,32,12.21,11,202,
4-14,10:51:48,29,29,12.19,11,202,
4-14,10:51:48,29,29,12.16,11,202,
4-14,10:51:49,29,29,12.17,11,202,
4-14,10:51:49,30,30,12.19,11,202,
4-14,10:51:50,34,34,12.29,11,202,
4-14,10:51:50,34,34,12.21,11,202,
4-14,10:51:51,33,33,12.22,11,202,
4-14,10:51:51,31,31,12.37,11,202,
4-14,10:51:52,33,33,12.22,11,202,
4-14,10:51:52,28,28,12.3,11,202,
4-14,10:51:53,30,30,12.18,11,202,
4-14,10:51:53,27,27,12.15,11,202,
4-14,10:51:54,30,30,12.2,11,202,
4-14,10:51:54,27,27,12.3,11,202,
4-14,10:51:55,32,32,12.27,11,202,
4-14,10:51:55,32,32,12.3,11,202,
4-14,10:51:56,29,29,12.28,11,202,
4-14,10:51:56,32,32,12.35,11,202,
4-14,10:51:57,33,33,12.36,11,202,
4-14,10:51:57,28,28,12.35,11,202,
4-14,10:51:58,28,28,12.28,11,202,
4-14,10:51:58,30,30,12.17,11,202,
4-14,10:51:59,30,30,12.28,11,202,
4-14,10:51:59,28,28,12.17,11,202,
4-14,10:52:0,31,31,12.24,11,202,
4-14,10:52:0,26,26,11.89,11,202,
4-14,10:52:1,32,32,12.19,11,202,
4-14,10:52:1,31,31,12.15,11,202,
4-14,10:52:2,33,33,12.19,11,202,
4-14,10:52:2,34,34,12.28,11,202,
4-14,10:52:3,29,29,12.24,11,202,
4-14,10:52:3,30,30,12.06,11,202,
4-14,10:52:4,36,36,12.21,11,202,
4-14,10:52:4,32,32,12.18,11,202,
4-14,10:52:5,33,33,12.19,11,202,
4-14,10:52:5,37,37,12.23,11,202,
4-14,10:52:6,37,37,12.28,11,202,
4-14,10:52:6,34,34,12.17,11,202,
4-14,10:52:7,34,34,12.23,11,202,
4-14,10:52:7,34,34,12.23,11,202,
4-14,10:52:8,32,32,12.32,11,202,
4-14,10:52:8,33,33,12.19,11,202,
4-14,10:52:9,32,32,12.2,11,202,
4-14,10:52:9,33,33,12.23,11,202,
4-14,10:52:10,33,33,12.15,11,202,
4-14,10:52:10,39,39,12.19,11,202,
4-14,10:52:11,36,36,12.23,11,202,
4-14,10:52:11,33,33,12.11,11,202,
4-14,10:52:12,35,35,12.2,11,202,
4-14,10:52:12,35,35,12.24,11,202,
4-14,10:52:13,31,31,12.07,11,202,
4-14,10:52:13,31,31,12.24,11,202,
4-14,10:52:14,33,33,12.23,11,202,
4-14,10:52:14,31,31,12.12,11,202,
4-14,10:52:15,32,32,12.1,11,202,
4-14,10:52:15,33,33,12.12,11,202,
4-14,10:52:16,36,36,12.3,11,202,
4-14,10:52:16,37,37,12.13,11,202,
4-14,10:52:17,33,33,12.33,11,202,
4-14,10:52:17,35,35,12.22,11,202,
4-14,10:52:18,31,31,12.27,11,202,
4-14,10:52:18,32,32,12.32,11,202,
4-14,10:52:19,28,28,12.16,11,202,
4-14,10:52:19,30,30,12.38,11,202,
4-14,10:52:20,32,32,12.34,11,202,
4-14,10:52:20,27,27,12.27,11,202,
4-14,10:52:21,32,32,12.25,11,202,
4-14,10:52:21,32,32,12.21,11,202,
4-14,10:52:22,34,34,12.29,11,202,
4-14,10:52:22,32,32,12.33,11,202,
4-14,10:52:23,32,32,12.28,11,202,
4-14,10:52:23,32,32,12.2,11,202,
4-14,10:52:24,31,31,12.08,11,202,
4-14,10:52:24,29,29,12.16,11,202,
4-14,10:52:25,29,29,12.13,11,202,
4-14,10:52:25,26,26,12.17,11,202,
4-14,10:52:26,27,27,12.15,11,202,
4-14,10:52:26,30,30,12.25,11,202,
4-14,10:52:27,29,29,12.27,11,202,
4-14,10:52:27,28,28,12.17,11,202,
4-14,10:52:28,31,31,12.18,11,202,
4-14,10:52:28,32,32,12.27,11,202,
4-14,10:52:29,35,35,12.29,11,202,
4-14,10:52:29,30,30,12.14,11,202,
4-14,10:52:30,32,32,12.33,11,202,
4-14,10:52:30,32,32,12.23,11,202,
4-14,10:52:31,29,29,12.13,11,202,
4-14,10:52:31,30,30,12.31,11,202,
4-14,10:52:32,27,27,12.15,11,202,
4-14,10:52:32,29,29,12.18,11,202,
4-14,10:52:33,28,28,12.16,11,202,
4-14,10:52:33,30,30,12.32,11,202,
4-14,10:52:34,32,32,12.32,11,202,
4-14,10:52:34,28,28,12.17,11,202,
4-14,10:52:35,30,30,12.17,11,202,
4-14,10:52:35,31,31,12.15,11,202,
4-14,10:52:36,31,31,12.15,11,202,
4-14,10:52:36,31,31,12.15,11,202,
4-14,10:52:37,34,34,12.3,11,202,
4-14,10:52:37,32,32,12.33,11,202,
4-14,10:52:38,28,28,12.16,11,202,
4-14,10:52:38,31,31,12.28,11,202,
4-14,10:52:39,28,28,12.14,11,202,
4-14,10:52:39,28,28,12.16,11,202,
4-14,10:52:40,28,28,12.17,11,202,
4-14,10:52:40,32,32,12.24,11,202,
4-14,10:52:41,34,34,12.3,11,202,
4-14,10:52:41,31,31,12.13,11,202,
4-14,10:52:42,33,33,12.26,11,202,
4-14,10:52:42,33,33,12.31,11,202,
4-14,10:52:43,30,30,12.17,11,202,
4-14,10:52:43,28,28,12.35,11,202,
4-14,10:52:44,30,30,12.2,11,202,
4-14,10:52:44,28,28,12.16,11,202,
4-14,10:52:45,23,23,12.14,11,202,
4-14,10:52:45,31,31,12.34,11,202,
4-14,10:52:46,31,31,12.31,11,202,
4-14,10:52:46,28,28,12.37,11,202,
4-14,10:52:47,28,28,12.25,11,202,
4-14,10:52:47,31,31,12.11,11,202,
4-14,10:52:48,30,30,12.11,11,202,
4-14,10:52:48,30,30,12.14,11,202,
4-14,10:52:49,33,33,12.29,11,202,
4-14,10:52:49,32,32,12.26,11,202,
4-14,10:52:50,32,32,12.19,11,202,
4-14,10:52:50,30,30,12.29,11,202,
4-14,10:52:51,27,27,12.18,11,202,
4-14,10:52:51,28,28,12.19,11,202,
4-14,10:52:52,29,29,12.35,11,202,
4-14,10:52:52,29,29,12.34,11,202,
4-14,10:52:53,25,25,12.22,11,202,
4-14,10:52:53,28,28,12.27,11,202,
4-14,10:52:54,28,28,12.26,11,202,
4-14,10:52:54,30,30,12.19,11,202,
4-14,10:52:55,28,28,12.25,11,202,
4-14,10:52:55,30,30,12.2,11,202,
4-14,10:52:56,29,29,12.18,11,202,
4-14,10:52:56,28,28,12.16,11,202,
4-14,10:52:57,27,27,12.14,11,202,
4-14,10:52:57,24,24,12.15,11,202,
4-14,10:52:58,28,28,12.16,11,202,
4-14,10:52:58,28,28,12.16,11,202,
4-14,10:52:59,29,29,12.2,11,202,
4-14,10:52:59,26,26,12.16,11,202,
4-14,10:53:0,29,29,12.4,11,202,
4-14,10:53:0,28,28,12.27,11,202,
4-14,10:53:1,27,27,12.16,11,202,
4-14,10:53:1,29,29,12.16,11,202,
4-14,10:53:2,31,31,12.32,11,202,
4-14,10:53:2,28,28,12.16,11,202,
4-14,10:53:3,30,30,12.24,11,202,
4-14,10:53:3,28,28,12.18,11,202,
4-14,10:53:4,30,30,12.18,11,202,
4-14,10:53:4,35,35,12.21,11,202,
4-14,10:53:5,24,24,12.1,11,202,
4-14,10:53:5,24,24,12.09,11,202,
4-14,10:53:6,26,26,12.23,11,202,
4-14,10:53:6,25,25,11.9,11,202,
4-14,10:53:7,23,23,12.19,11,202,
4-14,10:53:7,25,25,12.15,11,202,
4-14,10:53:8,31,31,12.22,11,202,
4-14,10:53:8,25,25,12.14,11,202,
4-14,10:53:9,33,33,12.22,11,202,
4-14,10:53:9,25,25,12.12,11,202,
4-14,10:53:10,25,25,12.16,11,202,
4-14,10:53:10,27,27,12.24,11,202,
4-14,10:53:11,27,27,12.23,11,202,
4-14,10:53:11,21,21,12.16,11,202,
4-14,10:53:12,25,25,12.29,11,202,
4-14,10:53:12,20,20,12.14,11,202,
4-14,10:53:13,19,19,12.15,11,202,
4-14,10:53:13,24,24,12.28,11,202,
4-14,10:53:14,26,26,12.23,11,202,
4-14,10:53:14,24,24,12.26,11,202,
4-14,10:53:15,22,22,12.09,11,202,
4-14,10:53:15,26,26,12.16,11,202,
4-14,10:53:16,25,25,12.23,11,202,
4-14,10:53:16,29,29,12.27,11,202,
4-14,10:53:17,26,26,12.2,11,202,
4-14,10:53:17,30,30,12.21,11,202,
4-14,10:53:18,21,21,12.18,11,202,
4-14,10:53:18,24,24,12.28,11,202,
4-14,10:53:19,21,21,12.18,11,202,
4-14,10:53:19,25,25,12.28,11,202,
4-14,10:53:20,23,23,12.13,11,202,
4-14,10:53:20,21,21,12.13,11,202,
4-14,10:53:21,29,29,12.28,11,202,
4-14,10:53:21,26,26,12.25,11,202,
4-14,10:53:22,24,24,12.15,11,202,
4-14,10:53:22,25,25,12.13,11,202,
4-14,10:53:23,29,29,12.31,11,202,
4-14,10:53:23,25,25,12.14,11,202,
4-14,10:53:24,28,28,12.21,11,202,
4-14,10:53:24,21,21,12.12,11,202,
4-14,10:53:25,23,23,12.16,11,202,
4-14,10:53:25,26,26,12.23,11,202,
4-14,10:53:26,26,26,12.29,11,202,
4-14,10:53:26,23,23,12.15,11,202,
4-14,10:53:27,24,24,12.12,11,202,
4-14,10:53:27,28,28,12.28,11,202,
4-14,10:53:28,25,25,12.13,11,202,
4-14,10:53:28,30,30,12.21,11,202,
4-14,10:53:29,28,28,12.11,11,202,
4-14,10:53:29,29,29,12.16,11,202,
4-14,10:53:30,29,29,12.15,11,202,
4-14,10:53:30,29,29,12.28,11,202,
4-14,10:53:31,25,25,12.12,11,202,
4-14,10:53:31,25,25,12.13,11,202,
4-14,10:53:32,25,25,12.39,11,202,
4-14,10:53:32,20,20,12.16,11,202,
4-14,10:53:33,25,25,12.45,11,202,
4-14,10:53:33,19,19,12.15,11,202,
4-14,10:53:34,26,26,12.31,11,202,
4-14,10:53:34,24,24,12.11,11,202,
4-14,10:53:35,28,28,12.26,11,202,
4-14,10:53:35,26,26,12.14,11,202,
4-14,10:53:36,26,26,12.14,11,202,
4-14,10:53:36,29,29,12.25,11,202,
4-14,10:53:37,24,24,12.14,11,202,
4-14,10:53:37,28,28,12.33,11,202,
4-14,10:53:38,27,27,12.27,11,202,
4-14,10:53:38,26,26,12.15,11,202,
4-14,10:53:39,27,27,12.37,11,202,
4-14,10:53:39,25,25,12.4,11,202,
4-14,10:53:40,25,25,12.4,11,202,
4-14,10:53:40,25,25,12.17,11,202,
4-14,10:53:41,29,29,12.28,11,202,
4-14,10:53:41,28,28,12.28,11,202,
4-14,10:53:42,24,24,12.14,11,202,
4-14,10:53:42,26,26,12.33,11,202,
4-14,10:53:43,25,25,12.3,11,202,
4-14,10:53:43,22,22,12.26,11,202,
4-14,10:53:44,18,18,11.96,11,202,
4-14,10:53:44,22,22,12.27,11,202,
4-14,10:53:45,26,26,12.38,11,202,
4-14,10:53:45,21,21,12.19,11,202,
4-14,10:53:46,26,26,12.41,11,202,
4-14,10:53:46,26,26,12.36,11,202,
4-14,10:53:47,28,28,12.4,11,202,
4-14,10:53:47,23,23,12.19,11,202,
4-14,10:53:48,25,25,12.3,11,202,
4-14,10:53:48,22,22,12.21,11,202,
4-14,10:53:49,26,26,12.43,11,202,
4-14,10:53:49,22,22,12.18,11,202,
4-14,10:53:50,27,27,12.39,11,202,
4-14,10:53:50,27,27,12.49,11,202,
4-14,10:53:51,27,27,12.19,11,202,
4-14,10:53:51,25,25,12.34,11,202,
4-14,10:53:52,24,24,12.43,11,202,
4-14,10:53:52,22,22,12.32,11,202,
4-14,10:53:53,25,25,12.38,11,202,
4-14,10:53:53,24,24,12.27,11,202,
4-14,10:53:54,24,24,12.37,11,202,
4-14,10:53:54,22,22,12.25,11,202,
4-14,10:53:55,25,25,12.42,11,202,
4-14,10:53:55,22,22,12.28,11,202,
4-14,10:53:56,21,21,12.22,11,202,
4-14,10:53:56,23,23,12.32,11,202,
4-14,10:53:57,25,25,12.43,11,202,
4-14,10:53:57,24,24,12.41,11,202,
4-14,10:53:58,22,22,12.35,11,202,
4-14,10:53:58,26,26,12.46,11,202,
4-14,10:53:59,24,24,12.37,11,202,
4-14,10:53:59,23,23,12.36,11,202,
4-14,10:54:0,23,23,12.26,11,202,
4-14,10:54:0,21,21,12.22,11,202,
4-14,10:54:1,21,21,12.23,11,202,
4-14,10:54:1,23,23,12.38,11,202,
4-14,10:54:2,17,17,12.2,11,202,
4-14,10:54:2,22,22,12.4,11,202,
4-14,10:54:3,21,21,12.19,11,202,
4-14,10:54:3,21,21,12.32,11,202,
4-14,10:54:4,21,21,12.22,11,202,
4-14,10:54:4,20,20,12.19,11,202,
4-14,10:54:5,23,23,12.24,11,202,
4-14,10:54:5,20,20,12.22,11,202,
4-14,10:54:6,21,21,12.24,11,202,
4-14,10:54:6,17,17,12.22,11,202,
4-14,10:54:7,21,21,12.21,11,202,
4-14,10:54:7,20,20,12.22,11,202,
4-14,10:54:8,18,18,12.29,11,202,
4-14,10:54:8,18,18,12.21,11,202,
4-14,10:54:9,20,20,12.2,11,202,
4-14,10:54:9,23,23,12.23,11,202,
4-14,10:54:10,26,26,12.33,11,202,
4-14,10:54:10,29,29,12.18,11,202,
4-14,10:54:11,30,30,12.18,11,202,
4-14,10:54:11,30,30,12.18,11,202,
4-14,10:54:12,28,28,12.17,11,202,
4-14,10:54:12,30,30,12.18,11,202,
4-14,10:54:13,28,28,12.18,11,202,
4-14,10:54:13,28,28,12.2,11,202,
4-14,10:54:14,30,30,12.23,11,202,
4-14,10:54:14,28,28,12.22,11,202,
4-14,10:54:15,27,27,12.19,11,202,
4-14,10:54:15,28,28,12.23,11,202,
4-14,10:54:16,28,28,12.23,11,202,
4-14,10:54:16,29,29,12.22,11,202,
4-14,10:54:17,31,31,12.22,11,202,
4-14,10:54:17,29,29,12.23,11,202,
4-14,10:54:18,31,31,12.24,11,202,
4-14,10:54:18,30,30,12.22,11,202,
4-14,10:54:19,29,29,12.23,11,202,
4-14,10:54:19,31,31,12.24,11,202,
4-14,10:54:20,32,32,12.23,11,202,
4-14,10:54:20,33,33,12.24,11,202,
4-14,10:54:21,33,33,12.24,11,202,
4-14,10:54:21,33,33,12.23,11,202,
4-14,10:54:22,33,33,12.26,11,202,
4-14,10:54:22,34,34,12.23,11,202,
4-14,10:54:23,35,35,12.26,11,202,
4-14,10:54:23,35,35,12.26,11,202,
4-14,10:54:24,34,34,12.23,11,202,
4-14,10:54:24,36,36,12.28,11,202,
4-14,10:54:25,36,36,12.29,11,202,
4-14,10:54:25,35,35,12.27,11,202,
4-14,10:54:26,36,36,12.28,11,202,
4-14,10:54:26,35,35,12.28,11,202,
4-14,10:54:27,36,36,12.29,11,202,
4-14,10:54:27,36,36,12.28,11,202,
4-14,10:54:28,37,37,12.3,11,202,
4-14,10:54:28,36,36,12.28,11,202,
4-14,10:54:29,38,38,12.32,11,202,
4-14,10:54:29,36,36,12.27,11,202,
4-14,10:54:30,37,37,12.3,11,202,
4-14,10:54:30,38,38,12.29,11,202,
4-14,10:54:31,37,37,12.29,11,202,
4-14,10:54:31,37,37,12.3,11,202,
4-14,10:54:32,37,37,12.31,11,202,
4-14,10:54:32,36,36,12.31,11,202,
4-14,10:54:33,37,37,12.31,11,202,
4-14,10:54:33,36,36,12.31,11,202,
4-14,10:54:34,36,36,12.31,11,202,
4-14,10:54:34,37,37,12.31,11,202,
4-14,10:54:35,37,37,12.34,11,202,
4-14,10:54:35,35,35,12.32,11,202,
4-14,10:54:36,36,36,12.34,11,202,
4-14,10:54:36,36,36,12.33,11,202,
4-14,10:54:37,34,34,12.33,11,202,
4-14,10:54:37,35,35,12.33,11,202,
4-14,10:54:38,34,34,12.32,11,202,
4-14,10:54:38,35,35,12.32,11,202,
4-14,10:54:39,35,35,12.33,11,202,
4-14,10:54:39,34,34,12.31,11,202,
4-14,10:54:40,36,36,12.34,11,202,
4-14,10:54:40,35,35,12.32,11,202,
4-14,10:54:41,35,35,12.33,11,202,
4-14,10:54:41,36,36,12.33,11,202,
4-14,10:54:42,35,35,12.31,11,202,
4-14,10:54:42,36,36,12.34,11,202,
4-14,10:54:43,35,35,12.33,11,202,
4-14,10:54:43,36,36,12.36,11,202,
4-14,10:54:44,33,33,12.29,11,202,
4-14,10:54:44,37,37,12.35,11,202,
4-14,10:54:45,36,36,12.34,11,202,
4-14,10:54:45,37,37,12.36,11,202,
4-14,10:54:46,37,37,12.36,11,202,
4-14,10:54:46,36,36,12.34,11,202,
4-14,10:54:47,37,37,12.34,11,202,
4-14,10:54:47,37,37,12.35,11,202,
4-14,10:54:48,35,35,12.33,11,202,
4-14,10:54:48,36,36,12.35,11,202,
4-14,10:54:49,37,37,12.36,11,202,
4-14,10:54:49,36,36,12.33,11,202,
4-14,10:54:50,36,36,12.35,11,202,
4-14,10:54:50,36,36,12.35,11,202,
4-14,10:54:51,35,35,12.36,11,202,
4-14,10:54:51,34,34,12.35,11,202,
4-14,10:54:52,37,37,12.37,11,202,
4-14,10:54:52,34,34,12.36,11,202,
4-14,10:54:53,36,36,12.35,11,202,
4-14,10:54:53,36,36,12.35,11,202,
4-14,10:54:54,35,35,12.34,11,202,
4-14,10:54:54,36,36,12.35,11,202,
4-14,10:54:55,35,35,12.35,11,202,
4-14,10:54:55,36,36,12.38,11,202,
4-14,10:54:56,35,35,12.37,11,202,
4-14,10:54:56,36,36,12.36,11,202,
4-14,10:54:57,34,34,12.34,11,202,
4-14,10:54:57,36,36,12.39,11,202,
4-14,10:54:58,35,35,12.37,11,202,
4-14,10:54:58,35,35,12.36,11,202,
4-14,10:54:59,34,34,12.35,11,202,
4-14,10:54:59,38,38,12.41,11,202,
4-14,10:55:0,34,34,12.36,11,202,
4-14,10:55:0,36,36,12.4,11,202,
4-14,10:55:1,35,35,12.36,11,202,
4-14,10:55:1,35,35,12.39,11,202,
4-14,10:55:2,34,34,12.37,11,202,
4-14,10:55:2,35,35,12.38,11,202,
4-14,10:55:3,36,36,12.4,11,202,
4-14,10:55:3,35,35,12.36,11,202,
4-14,10:55:4,35,35,12.39,11,202,
4-14,10:55:4,35,35,12.38,11,202,
4-14,10:55:5,35,35,12.38,11,202,
4-14,10:55:5,34,34,12.35,11,202,
4-14,10:55:6,37,37,12.4,11,202,
4-14,10:55:6,39,39,12.44,11,202,
4-14,10:55:7,36,36,12.38,11,202,
4-14,10:55:7,33,33,12.35,11,202,
4-14,10:55:8,36,36,12.4,11,202,
4-14,10:55:8,34,34,12.36,11,202,
4-14,10:55:9,36,36,12.38,11,202,
4-14,10:55:9,35,35,12.4,11,202,
4-14,10:55:10,35,35,12.39,11,202,
4-14,10:55:10,36,36,12.41,11,202,
4-14,10:55:11,36,36,12.4,11,202,
4-14,10:55:11,34,34,12.36,11,202,
4-14,10:55:12,35,35,12.4,11,202,
4-14,10:55:12,35,35,12.39,11,202,
4-14,10:55:13,36,36,12.38,11,202,
4-14,10:55:13,34,34,12.37,11,202,
4-14,10:55:14,36,36,12.41,11,202,
4-14,10:55:14,36,36,12.41,11,202,
4-14,10:55:15,35,35,12.38,11,202,
4-14,10:55:15,36,36,12.42,11,202,
4-14,10:55:16,37,37,12.43,11,202,
4-14,10:55:16,37,37,12.4,11,202,
4-14,10:55:17,36,36,12.4,11,202,
4-14,10:55:17,35,35,12.41,11,202,
4-14,10:55:18,34,34,12.4,11,202,
4-14,10:55:18,37,37,12.43,11,202,
4-14,10:55:19,35,35,12.4,11,202,
4-14,10:55:19,36,36,12.43,11,202,
4-14,10:55:20,34,34,12.38,11,202,
4-14,10:55:20,34,34,12.39,11,202,
4-14,10:55:21,35,35,12.38,11,202,
4-14,10:55:21,35,35,12.41,11,202,
4-14,10:55:22,35,35,12.39,11,202,
4-14,10:55:22,37,37,12.44,11,202,
4-14,10:55:23,34,34,12.39,11,202,
4-14,10:55:23,36,36,12.41,11,202,
4-14,10:55:24,35,35,12.41,11,202,
4-14,10:55:24,35,35,12.38,11,202,
4-14,10:55:25,34,34,12.41,11,202,
4-14,10:55:25,35,35,12.41,11,202,
4-14,10:55:26,36,36,12.44,11,202,
4-14,10:55:26,34,34,12.37,11,202,
4-14,10:55:27,35,35,12.43,11,202,
4-14,10:55:27,35,35,12.44,11,202,
4-14,10:55:28,35,35,12.4,11,202,
4-14,10:55:28,36,36,12.44,11,202,
4-14,10:55:29,35,35,12.4,11,202,
4-14,10:55:29,34,34,12.38,11,202,
4-14,10:55:30,35,35,12.42,11,202,
4-14,10:55:30,36,36,12.42,11,202,
4-14,10:55:31,34,34,12.4,11,202,
4-14,10:55:31,36,36,12.43,11,202,
4-14,10:55:32,35,35,12.4,11,202,
4-14,10:55:32,34,34,12.38,11,202,
4-14,10:55:33,34,34,12.39,11,202,
4-14,10:55:33,33,33,12.39,11,202,
4-14,10:55:34,36,36,12.39,11,202,
4-14,10:55:34,36,36,12.42,11,202,
4-14,10:55:35,37,37,12.43,11,202,
4-14,10:55:35,34,34,12.38,11,202,
4-14,10:55:36,34,34,12.4,11,202,
4-14,10:55:36,34,34,12.41,11,202,
4-14,10:55:37,34,34,12.4,11,202,
4-14,10:55:37,36,36,12.42,11,202,
4-14,10:55:38,36,36,12.41,11,202,
4-14,10:55:38,36,36,12.44,11,202,
4-14,10:55:39,37,37,12.44,11,202,
4-14,10:55:39,36,36,12.44,11,202,
4-14,10:55:40,36,36,12.44,11,202,
4-14,10:55:40,36,36,12.43,11,202,
4-14,10:55:41,39,39,12.44,11,202,
4-14,10:55:41,39,39,12.44,11,202,
4-14,10:55:42,38,38,12.45,11,202,
4-14,10:55:42,40,40,12.46,11,202,
4-14,10:55:43,40,40,12.47,11,202,
4-14,10:55:43,40,40,12.45,11,202,
4-14,10:55:44,39,39,12.44,11,202,
4-14,10:55:44,39,39,12.44,11,202,
4-14,10:55:45,38,38,12.41,11,202,
4-14,10:55:45,40,40,12.43,11,202,
4-14,10:55:46,40,40,12.44,11,202,
4-14,10:55:46,39,39,12.43,11,202,
4-14,10:55:47,41,41,12.45,11,202,
4-14,10:55:47,40,40,12.43,11,202,
4-14,10:55:48,42,42,12.46,11,202,
4-14,10:55:48,42,42,12.43,11,202,
4-14,10:55:49,40,40,12.4,11,202,
4-14,10:55:49,40,40,12.41,11,202,
4-14,10:55:50,40,40,12.41,11,202,
4-14,10:55:50,42,42,12.4,11,202,
4-14,10:55:51,44,44,12.44,11,202,
4-14,10:55:51,44,44,12.42,11,202,
4-14,10:55:52,43,43,12.4,11,202,
4-14,10:55:52,44,44,12.39,11,202,
4-14,10:55:53,44,44,12.43,11,202,
4-14,10:55:53,43,43,12.39,11,202,
4-14,10:55:54,44,44,12.39,11,202,
4-14,10:55:54,45,45,12.39,11,202,
4-14,10:55:55,45,45,12.4,11,202,
4-14,10:55:55,45,45,12.38,11,202,
4-14,10:55:56,47,47,12.41,11,202,
4-14,10:55:56,48,48,12.42,11,202,
4-14,10:55:57,46,46,12.37,11,202,
4-14,10:55:57,47,47,12.36,11,202,
4-14,10:55:58,46,46,12.36,11,202,
4-14,10:55:58,49,49,12.38,11,202,
4-14,10:55:59,49,49,12.4,11,202,
4-14,10:55:59,49,49,12.38,11,202,
4-14,10:56:0,50,50,12.38,11,202,
4-14,10:56:0,50,50,12.39,11,202,
4-14,10:56:1,50,50,12.37,11,202,
4-14,10:56:1,51,51,12.37,11,202,
4-14,10:56:2,50,50,12.38,11,202,
4-14,10:56:2,50,50,12.36,11,202,
4-14,10:56:3,49,49,12.39,11,202,
4-14,10:56:3,50,50,12.34,11,202,
4-14,10:56:4,50,50,12.34,11,202,
4-14,10:56:4,50,50,12.38,11,202,
4-14,10:56:5,51,51,12.35,11,202,
4-14,10:56:5,51,51,12.35,11,202,
4-14,10:56:6,50,50,12.34,11,202,
4-14,10:56:6,50,50,12.35,11,202,
4-14,10:56:7,50,50,12.36,11,202,
4-14,10:56:7,50,50,12.33,11,202,
4-14,10:56:8,50,50,12.38,11,202,
4-14,10:56:8,49,49,12.37,11,202,
4-14,10:56:9,51,51,12.35,11,202,
4-14,10:56:9,49,49,12.3,11,202,
4-14,10:56:10,51,51,12.34,11,202,
4-14,10:56:10,51,51,12.32,11,202,
4-14,10:56:11,49,49,12.34,11,202,
4-14,10:56:11,51,51,12.37,11,202,
4-14,10:56:12,51,51,12.34,11,202,
4-14,10:56:12,50,50,12.36,11,202,
4-14,10:56:13,49,49,12.33,11,202,
4-14,10:56:13,52,52,12.37,11,202,
4-14,10:56:14,52,52,12.36,11,202,
4-14,10:56:14,51,51,12.35,11,202,
4-14,10:56:15,50,50,12.32,11,202,
4-14,10:56:15,51,51,12.35,11,202,
4-14,10:56:16,52,52,12.36,11,202,
4-14,10:56:16,52,52,12.34,11,202,
4-14,10:56:17,52,52,12.37,11,202,
4-14,10:56:17,51,51,12.3,11,202,
4-14,10:56:18,52,52,12.36,11,202,
4-14,10:56:18,52,52,12.34,11,202,
4-14,10:56:19,53,53,12.36,11,202,
4-14,10:56:19,51,51,12.33,11,202,
4-14,10:56:20,51,51,12.34,11,202,
4-14,10:56:20,51,51,12.34,11,202,
4-14,10:56:21,51,51,12.34,11,202,
4-14,10:56:21,52,52,12.32,11,202,
4-14,10:56:22,52,52,12.33,11,202,
4-14,10:56:22,52,52,12.36,11,202,
4-14,10:56:23,53,53,12.35,11,202,
4-14,10:56:23,53,53,12.37,11,202,
4-14,10:56:24,52,52,12.31,11,202,
4-14,10:56:24,52,52,12.35,11,202,
4-14,10:56:25,51,51,12.32,11,202,
4-14,10:56:25,52,52,12.32,11,202,
4-14,10:56:26,52,52,12.35,11,202,
4-14,10:56:26,53,53,12.34,11,202,
4-14,10:56:27,52,52,12.34,11,202,
4-14,10:56:27,52,52,12.35,11,202,
4-14,10:56:28,51,51,12.31,11,202,
4-14,10:56:28,50,50,12.31,11,202,
4-14,10:56:29,52,52,12.34,11,202,
4-14,10:56:29,52,52,12.35,11,202,
4-14,10:56:30,53,53,12.39,11,202,
4-14,10:56:30,51,51,12.34,11,202,
4-14,10:56:31,51,51,12.32,11,202,
4-14,10:56:31,52,52,12.34,11,202,
4-14,10:56:32,52,52,12.36,11,202,
4-14,10:56:32,51,51,12.31,11,202,
4-14,10:56:33,52,52,12.33,11,202,
4-14,10:56:33,53,53,12.35,11,202,
4-14,10:56:34,52,52,12.33,11,202,
4-14,10:56:34,53,53,12.35,11,202,
4-14,10:56:35,53,53,12.34,11,202,
4-14,10:56:35,53,53,12.32,11,202,
4-14,10:56:36,53,53,12.32,11,202,
4-14,10:56:36,53,53,12.33,11,202,
4-14,10:56:37,52,52,12.31,11,202,
4-14,10:56:37,53,53,12.33,11,202,
4-14,10:56:38,54,54,12.33,11,202,
4-14,10:56:38,52,52,12.31,11,202,
4-14,10:56:39,54,54,12.35,11,202,
4-14,10:56:39,53,53,12.31,11,202,
4-14,10:56:40,54,54,12.34,11,202,
4-14,10:56:40,55,55,12.35,11,202,
4-14,10:56:41,54,54,12.34,11,202,
4-14,10:56:41,54,54,12.34,11,202,
4-14,10:56:42,54,54,12.33,11,202,
4-14,10:56:42,55,55,12.34,11,202,
4-14,10:56:43,53,53,12.33,11,202,
4-14,10:56:43,54,54,12.32,11,202,
4-14,10:56:44,54,54,12.35,11,202,
4-14,10:56:44,54,54,12.37,11,202,
4-14,10:56:45,52,52,12.33,11,202,
4-14,10:56:45,53,53,12.33,11,202,
4-14,10:56:46,54,54,12.33,11,202,
4-14,10:56:46,53,53,12.35,11,202,
4-14,10:56:47,54,54,12.36,11,202,
4-14,10:56:47,54,54,12.35,11,202,
4-14,10:56:48,53,53,12.33,11,202,
4-14,10:56:48,53,53,12.34,11,202,
4-14,10:56:49,53,53,12.33,11,202,
4-14,10:56:49,54,54,12.34,11,202,
4-14,10:56:50,53,53,12.35,11,202,
4-14,10:56:50,54,54,12.36,11,202,
4-14,10:56:51,53,53,12.37,11,202,
4-14,10:56:51,53,53,12.35,11,202,
4-14,10:56:52,53,53,12.34,11,202,
4-14,10:56:52,54,54,12.34,11,202,
4-14,10:56:53,54,54,12.34,11,202,
4-14,10:56:53,54,54,12.3,11,202,
4-14,10:56:54,54,54,12.34,11,202,
4-14,10:56:54,55,55,12.31,11,202,
4-14,10:56:55,53,53,12.3,11,202,
4-14,10:56:55,55,55,12.31,11,202,
4-14,10:56:56,55,55,12.34,11,202,
4-14,10:56:56,55,55,12.31,11,202,
4-14,10:56:57,55,55,12.33,11,202,
4-14,10:56:57,55,55,12.31,11,202,
4-14,10:56:58,56,56,12.36,11,202,
4-14,10:56:58,55,55,12.32,11,202,
4-14,10:56:59,55,55,12.3,11,202,
4-14,10:56:59,56,56,12.33,11,202,
4-14,10:57:0,55,55,12.32,11,202,
4-14,10:57:0,54,54,12.27,11,202,
4-14,10:57:1,55,55,12.34,11,202,
4-14,10:57:1,56,56,12.32,11,202,
4-14,10:57:2,56,56,12.31,11,202,
4-14,10:57:2,55,55,12.3,11,202,
4-14,10:57:3,53,53,12.31,11,202,
4-14,10:57:3,54,54,12.32,11,202,
4-14,10:57:4,55,55,12.33,11,202,
4-14,10:57:4,54,54,12.33,11,202,
4-14,10:57:5,54,54,12.33,11,202,
4-14,10:57:5,54,54,12.34,11,202,
4-14,10:57:6,53,53,12.32,11,202,
4-14,10:57:6,54,54,12.34,11,202,
4-14,10:57:7,53,53,12.31,11,202,
4-14,10:57:7,53,53,12.29,11,202,
4-14,10:57:8,54,54,12.36,11,202,
4-14,10:57:8,54,54,12.38,11,202,
4-14,10:57:9,53,53,12.38,11,202,
4-14,10:57:9,52,52,12.34,11,202,
4-14,10:57:10,52,52,12.38,11,202,
4-14,10:57:10,53,53,12.39,11,202,
4-14,10:57:11,51,51,12.33,11,202,
4-14,10:57:11,52,52,12.37,11,202,
4-14,10:57:12,50,50,12.31,11,202,
4-14,10:57:12,51,51,12.36,11,202,
4-14,10:57:13,53,53,12.36,11,202,
4-14,10:57:13,52,52,12.37,11,202,
4-14,10:57:14,51,51,12.34,11,202,
4-14,10:57:14,51,51,12.36,11,202,
4-14,10:57:15,52,52,12.35,11,202,
4-14,10:57:15,50,50,12.33,11,202,
4-14,10:57:16,52,52,12.37,11,202,
4-14,10:57:16,52,52,12.35,11,202,
4-14,10:57:17,51,51,12.35,11,202,
4-14,10:57:17,52,52,12.37,11,202,
4-14,10:57:18,52,52,12.34,11,202,
4-14,10:57:18,51,51,12.32,11,202,
4-14,10:57:19,53,53,12.36,11,202,
4-14,10:57:19,53,53,12.34,11,202,
4-14,10:57:20,52,52,12.33,11,202,
4-14,10:57:20,53,53,12.34,11,202,
4-14,10:57:21,52,52,12.33,11,202,
4-14,10:57:21,52,52,12.32,11,202,
4-14,10:57:22,53,53,12.33,11,202,
4-14,10:57:22,54,54,12.34,11,202,
4-14,10:57:23,54,54,12.31,11,202,
4-14,10:57:23,54,54,12.36,11,202,
4-14,10:57:24,55,55,12.37,11,202,
4-14,10:57:24,56,56,12.37,11,202,
4-14,10:57:25,53,53,12.32,11,202,
4-14,10:57:25,53,53,12.32,11,202,
4-14,10:57:26,55,55,12.37,11,202,
4-14,10:57:26,53,53,12.32,11,202,
4-14,10:57:27,54,54,12.35,11,202,
4-14,10:57:27,55,55,12.38,11,202,
4-14,10:57:28,53,53,12.33,11,202,
4-14,10:57:28,55,55,12.34,11,202,
4-14,10:57:29,54,54,12.35,11,202,
4-14,10:57:29,53,53,12.32,11,202,
4-14,10:57:30,54,54,12.33,11,202,
4-14,10:57:30,53,53,12.31,11,202,
4-14,10:57:31,56,56,12.34,11,202,
4-14,10:57:31,54,54,12.33,11,202,
4-14,10:57:32,56,56,12.39,11,202,
4-14,10:57:32,54,54,12.33,11,202,
4-14,10:57:33,54,54,12.34,11,202,
4-14,10:57:33,54,54,12.34,11,202,
4-14,10:57:34,54,54,12.34,11,202,
4-14,10:57:34,54,54,12.31,11,202,
4-14,10:57:35,55,55,12.36,11,202,
4-14,10:57:35,53,53,12.31,11,202,
4-14,10:57:36,55,55,12.34,11,202,
4-14,10:57:36,54,54,12.35,11,202,
4-14,10:57:37,55,55,12.34,11,202,
4-14,10:57:37,55,55,12.3,11,202,
4-14,10:57:38,53,53,12.33,11,202,
4-14,10:57:38,55,55,12.33,11,202,
4-14,10:57:39,53,53,12.31,11,202,
4-14,10:57:39,54,54,12.34,11,202,
4-14,10:57:40,55,55,12.3,11,202,
4-14,10:57:40,54,54,12.36,11,202,
4-14,10:57:41,53,53,12.31,11,202,
4-14,10:57:41,54,54,12.33,11,202,
4-14,10:57:42,55,55,12.36,11,202,
4-14,10:57:42,54,54,12.35,11,202,
4-14,10:57:43,54,54,12.34,11,202,
4-14,10:57:43,55,55,12.38,11,202,
4-14,10:57:44,54,54,12.32,11,202,
4-14,10:57:44,54,54,12.35,11,202,
4-14,10:57:45,53,53,12.35,11,202,
4-14,10:57:45,55,55,12.37,11,202,
4-14,10:57:46,54,54,12.34,11,202,
4-14,10:57:46,54,54,12.32,11,202,
4-14,10:57:47,56,56,12.39,11,202,
4-14,10:57:47,54,54,12.36,11,202,
4-14,10:57:48,52,52,12.3,11,202,
4-14,10:57:48,53,53,12.32,11,202,
4-14,10:57:49,53,53,12.34,11,202,
4-14,10:57:49,54,54,12.33,11,202,
4-14,10:57:50,55,55,12.36,11,202,
4-14,10:57:50,54,54,12.33,11,202,
4-14,10:57:51,55,55,12.35,11,202,
4-14,10:57:51,55,55,12.34,11,202,
4-14,10:57:52,53,53,12.34,11,202,
4-14,10:57:52,54,54,12.34,11,202,
4-14,10:57:53,56,56,12.37,11,202,
4-14,10:57:53,54,54,12.36,11,202,
4-14,10:57:54,53,53,12.32,11,202,
4-14,10:57:54,53,53,12.36,11,202,
4-14,10:57:55,53,53,12.33,11,202,
4-14,10:57:55,54,54,12.33,11,202,
4-14,10:57:56,55,55,12.36,11,202,
4-14,10:57:56,52,52,12.28,11,202,
4-14,10:57:57,55,55,12.3,11,202,
4-14,10:57:57,55,55,12.32,11,202,
4-14,10:57:58,53,53,12.3,11,202,
4-14,10:57:58,56,56,12.35,11,202,
4-14,10:57:59,55,55,12.35,11,202,
4-14,10:57:59,55,55,12.35,11,202,
4-14,10:58:0,55,55,12.38,11,202,
4-14,10:58:0,55,55,12.35,11,202,
4-14,10:58:1,56,56,12.35,11,202,
4-14,10:58:1,55,55,12.31,11,202,
4-14,10:58:2,57,57,12.36,11,202,
4-14,10:58:2,56,56,12.32,11,202,
4-14,10:58:3,56,56,12.34,11,202,
4-14,10:58:3,54,54,12.27,11,202,
4-14,10:58:4,56,56,12.35,11,202,
4-14,10:58:4,54,54,12.33,11,202,
4-14,10:58:5,57,57,12.36,11,202,
4-14,10:58:5,56,56,12.32,11,202,
4-14,10:58:6,57,57,12.32,11,202,
4-14,10:58:6,56,56,12.33,11,202,
4-14,10:58:7,57,57,12.33,11,202,
4-14,10:58:7,57,57,12.32,11,202,
4-14,10:58:8,57,57,12.32,11,202,
4-14,10:58:8,57,57,12.38,11,202,
4-14,10:58:9,56,56,12.33,11,202,
4-14,10:58:9,57,57,12.33,11,202,
4-14,10:58:10,56,56,12.35,11,202,
4-14,10:58:10,56,56,12.33,11,202,
4-14,10:58:11,57,57,12.32,11,202,
4-14,10:58:11,57,57,12.36,11,202,
4-14,10:58:12,56,56,12.33,11,202,
4-14,10:58:12,56,56,12.31,11,202,
4-14,10:58:13,55,55,12.31,11,202,
4-14,10:58:13,56,56,12.34,11,202,
4-14,10:58:14,55,55,12.29,11,202,
4-14,10:58:14,55,55,12.3,11,202,
4-14,10:58:15,56,56,12.34,11,202,
4-14,10:58:15,56,56,12.32,11,202,
4-14,10:58:16,57,57,12.33,11,202,
4-14,10:58:16,57,57,12.34,11,202,
4-14,10:58:17,57,57,12.33,11,202,
4-14,10:58:17,56,56,12.32,11,202,
4-14,10:58:18,58,58,12.36,11,202,
4-14,10:58:18,58,58,12.36,11,202,
4-14,10:58:19,57,57,12.3,11,202,
4-14,10:58:19,56,56,12.32,11,202,
4-14,10:58:20,57,57,12.37,11,202,
4-14,10:58:20,59,59,12.37,11,202,
4-14,10:58:21,57,57,12.32,11,202,
4-14,10:58:21,57,57,12.32,11,202,
4-14,10:58:22,59,59,12.33,11,202,
4-14,10:58:22,57,57,12.35,11,202,
4-14,10:58:23,56,56,12.31,11,202,
4-14,10:58:23,55,55,12.31,11,202,
4-14,10:58:24,57,57,12.36,11,202,
4-14,10:58:24,58,58,12.37,11,202,
4-14,10:58:25,57,57,12.35,11,202,
4-14,10:58:25,55,55,12.34,11,202,
4-14,10:58:26,56,56,12.34,11,202,
4-14,10:58:26,55,55,12.31,11,202,
4-14,10:58:27,55,55,12.33,11,202,
4-14,10:58:27,56,56,12.39,11,202,
4-14,10:58:28,56,56,12.35,11,202,
4-14,10:58:28,55,55,12.3,11,202,
4-14,10:58:29,56,56,12.37,11,202,
4-14,10:58:29,54,54,12.33,11,202,
4-14,10:58:30,56,56,12.3,11,202,
4-14,10:58:30,54,54,12.33,11,202,
4-14,10:58:31,55,55,12.34,11,202,
4-14,10:58:31,54,54,12.33,11,202,
4-14,10:58:32,53,53,12.3,11,202,
4-14,10:58:32,54,54,12.33,11,202,
4-14,10:58:33,54,54,12.34,11,202,
4-14,10:58:33,56,56,12.35,11,202,
4-14,10:58:34,57,57,12.35,11,202,
4-14,10:58:34,55,55,12.34,11,202,
4-14,10:58:35,53,53,12.33,11,202,
4-14,10:58:35,54,54,12.36,11,202,
4-14,10:58:36,54,54,12.36,11,202,
4-14,10:58:36,54,54,12.34,11,202,
4-14,10:58:37,54,54,12.36,11,202,
4-14,10:58:37,54,54,12.32,11,202,
4-14,10:58:38,56,56,12.33,11,202,
4-14,10:58:38,56,56,12.32,11,202,
4-14,10:58:39,57,57,12.37,11,202,
4-14,10:58:39,54,54,12.27,11,202,
4-14,10:58:40,56,56,12.3,11,202,
4-14,10:58:40,55,55,12.3,11,202,
4-14,10:58:41,56,56,12.29,11,202,
4-14,10:58:41,55,55,12.3,11,202,
4-14,10:58:42,56,56,12.34,11,202,
4-14,10:58:42,56,56,12.34,11,202,
4-14,10:58:43,57,57,12.35,11,202,
4-14,10:58:43,55,55,12.35,11,202,
4-14,10:58:44,55,55,12.31,11,202,
4-14,10:58:44,55,55,12.35,11,202,
4-14,10:58:45,56,56,12.34,11,202,
4-14,10:58:45,57,57,12.35,11,202,
4-14,10:58:46,54,54,12.36,11,202,
4-14,10:58:46,55,55,12.33,11,202,
4-14,10:58:47,55,55,12.3,11,202,
4-14,10:58:47,54,54,12.28,11,202,
4-14,10:58:48,54,54,12.3,11,202,
4-14,10:58:48,55,55,12.36,11,202,
4-14,10:58:49,55,55,12.28,11,202,
4-14,10:58:49,54,54,12.33,11,202,
4-14,10:58:50,56,56,12.32,11,202,
4-14,10:58:50,59,59,12.39,11,202,
4-14,10:58:51,56,56,12.35,11,202,
4-14,10:58:51,57,57,12.36,11,202,
4-14,10:58:52,55,55,12.29,11,202,
4-14,10:58:52,57,57,12.33,11,202,
4-14,10:58:53,56,56,12.31,11,202,
4-14,10:58:53,55,55,12.32,11,202,
4-14,10:58:54,56,56,12.32,11,202,
4-14,10:58:54,56,56,12.3,11,202,
4-14,10:58:55,56,56,12.31,11,202,
4-14,10:58:55,57,57,12.34,11,202,
4-14,10:58:56,56,56,12.32,11,202,
4-14,10:58:56,57,57,12.32,11,202,
4-14,10:58:57,56,56,12.33,11,202,
4-14,10:58:57,56,56,12.3,11,202,
4-14,10:58:58,56,56,12.33,11,202,
4-14,10:58:58,57,57,12.34,11,202,
4-14,10:58:59,56,56,12.29,11,202,
4-14,10:58:59,57,57,12.32,11,202,
4-14,10:59:0,55,55,12.29,11,202,
4-14,10:59:0,55,55,12.32,11,202,
4-14,10:59:1,57,57,12.33,11,202,
4-14,10:59:1,57,57,12.33,11,202,
4-14,10:59:2,57,57,12.38,11,202,
4-14,10:59:2,55,55,12.37,11,202,
4-14,10:59:3,56,56,12.32,11,202,
4-14,10:59:3,56,56,12.31,11,202,
4-14,10:59:4,55,55,12.28,11,202,
4-14,10:59:4,57,57,12.35,11,202,
4-14,10:59:5,58,58,12.34,11,202,
4-14,10:59:5,56,56,12.29,11,202,
4-14,10:59:6,59,59,12.35,11,202,
4-14,10:59:6,59,59,12.36,11,202,
4-14,10:59:7,58,58,12.37,11,202,
4-14,10:59:7,58,58,12.31,11,202,
4-14,10:59:8,57,57,12.32,11,202,
4-14,10:59:8,57,57,12.31,11,202,
4-14,10:59:9,57,57,12.32,11,202,
4-14,10:59:9,57,57,12.31,11,202,
4-14,10:59:10,58,58,12.33,11,202,
4-14,10:59:10,57,57,12.35,11,202,
4-14,10:59:11,58,58,12.34,11,202,
4-14,10:59:11,62,62,12.33,11,202,
4-14,10:59:12,61,61,12.3,11,202,
4-14,10:59:12,62,62,12.27,11,202,
4-14,10:59:13,59,59,12.32,11,202,
4-14,10:59:13,59,59,12.33,11,202,
4-14,10:59:14,66,66,12.5,11,202,
4-14,10:59:14,63,63,12.28,11,202,
4-14,10:59:15,65,65,12.32,11,202,
4-14,10:59:15,64,64,12.31,11,202,
4-14,10:59:16,66,66,12.3,11,202,
4-14,10:59:16,66,66,12.31,11,202,
4-14,10:59:17,68,68,12.25,11,202,
4-14,10:59:17,69,69,12.31,11,202,
4-14,10:59:18,69,69,12.35,11,202,
4-14,10:59:18,70,70,12.35,11,202,
4-14,10:59:19,70,70,12.34,11,202,
4-14,10:59:19,70,70,12.27,11,202,
4-14,10:59:20,70,70,12.29,11,202,
4-14,10:59:20,69,69,12.3,11,202,
4-14,10:59:21,69,69,12.3,11,202,
4-14,10:59:21,70,70,12.31,11,202,
4-14,10:59:22,69,69,12.28,11,202,
4-14,10:59:22,69,69,12.3,11,202,
4-14,10:59:23,69,69,12.26,11,202,
4-14,10:59:23,70,70,12.35,11,202,
4-14,10:59:24,68,68,12.32,11,202,
4-14,10:59:24,67,67,12.3,11,202,
4-14,10:59:25,69,69,12.32,11,202,
4-14,10:59:25,69,69,12.36,11,202,
4-14,10:59:26,69,69,12.31,11,202,
4-14,10:59:26,69,69,12.32,11,202,
4-14,10:59:27,68,68,12.3,11,202,
4-14,10:59:27,70,70,12.33,11,202,
4-14,10:59:28,69,69,12.32,11,202,
4-14,10:59:28,70,70,12.35,11,202,
4-14,10:59:29,69,69,12.3,11,202,
4-14,10:59:29,69,69,12.28,11,202,
4-14,10:59:30,69,69,12.33,11,202,
4-14,10:59:30,69,69,12.34,11,202,
4-14,10:59:31,70,70,12.34,11,202,
4-14,10:59:31,72,72,12.34,11,202,
4-14,10:59:32,73,73,12.37,11,202,
4-14,10:59:32,72,72,12.3,11,202,
4-14,10:59:33,72,72,12.24,11,202,
4-14,10:59:33,72,72,12.28,11,202,
4-14,10:59:34,71,71,12.3,11,202,
4-14,10:59:34,71,71,12.43,11,202,
4-14,10:59:35,71,71,12.28,11,202,
4-14,10:59:35,66,66,12.54,11,202,
4-14,10:59:36,69,69,12.41,11,202,
4-14,10:59:36,69,69,12.26,11,202,
4-14,10:59:37,68,68,12.39,11,202,
4-14,10:59:37,68,68,12.27,11,202,
4-14,10:59:38,67,67,12.25,11,202,
4-14,10:59:38,64,64,12.46,11,202,
4-14,10:59:39,61,61,12.52,11,202,
4-14,10:59:39,64,64,12.49,11,202,
4-14,10:59:40,68,68,12.24,11,202,
4-14,10:59:40,64,64,12.34,11,202,
4-14,10:59:41,65,65,12.22,11,202,
4-14,10:59:41,63,63,12.33,11,202,
4-14,10:59:42,63,63,12.28,11,202,
4-14,10:59:42,64,64,12.28,11,202,
4-14,10:59:43,63,63,12.3,11,202,
4-14,10:59:43,62,62,12.24,11,202,
4-14,10:59:44,63,63,12.29,11,202,
4-14,10:59:44,61,61,12.24,11,202,
4-14,10:59:45,60,60,12.22,11,202,
4-14,10:59:45,62,62,12.39,11,202,
4-14,10:59:46,60,60,12.22,11,202,
4-14,10:59:46,60,60,12.25,11,202,
4-14,10:59:47,55,55,12.34,11,202,
4-14,10:59:47,55,55,12.23,11,202,
4-14,10:59:48,54,54,12.47,11,202,
4-14,10:59:48,55,55,12.26,11,202,
4-14,10:59:49,54,54,12.5,11,202,
4-14,10:59:49,54,54,12.36,11,202,
4-14,10:59:50,52,52,12.45,11,202,
4-14,10:59:50,55,55,12.26,11,202,
4-14,10:59:51,55,55,12.22,11,202,
4-14,10:59:51,54,54,12.22,11,202,
4-14,10:59:52,54,54,12.22,11,202,
4-14,10:59:52,54,54,12.19,11,202,
4-14,10:59:53,50,50,12.4,11,202,
4-14,10:59:53,52,52,12.26,11,202,
4-14,10:59:54,51,51,12.26,11,202,
4-14,10:59:54,50,50,12.25,11,202,
4-14,10:59:55,53,53,12.21,11,202,
4-14,10:59:55,50,50,12.2,11,202,
4-14,10:59:56,49,49,12.42,11,202,
4-14,10:59:56,50,50,12.22,11,202,
4-14,10:59:57,49,49,12.2,11,202,
4-14,10:59:57,50,50,12.24,11,202,
4-14,10:59:58,52,52,12.21,11,202,
4-14,10:59:58,48,48,12.22,11,202,
4-14,10:59:59,49,49,12.23,11,202,
4-14,10:59:59,48,48,12.25,11,202,
4-14,11:0:0,48,48,12.24,11,202,
4-14,11:0:0,47,47,12.43,11,202,
4-14,11:0:1,49,49,12.27,11,202,
4-14,11:0:1,45,45,12.43,11,202,
4-14,11:0:2,46,46,12.42,11,202,
4-14,11:0:2,47,47,12.29,11,202,
4-14,11:0:3,45,45,12.22,11,202,
4-14,11:0:3,44,44,12.45,11,202,
4-14,11:0:4,47,47,12.44,11,202,
4-14,11:0:4,46,46,12.28,11,202,
4-14,11:0:5,47,47,12.39,11,202,
4-14,11:0:5,45,45,12.23,11,202,
4-14,11:0:6,45,45,12.2,11,202,
4-14,11:0:6,46,46,12.22,11,202,
4-14,11:0:7,43,43,12.23,11,202,
4-14,11:0:7,42,42,12.4,11,202,
4-14,11:0:8,43,43,12.38,11,202,
4-14,11:0:8,42,42,12.48,11,202,
4-14,11:0:9,44,44,12.44,11,202,
4-14,11:0:9,43,43,12.43,11,202,
4-14,11:0:10,39,39,12.32,11,202,
4-14,11:0:10,41,41,12.31,11,202,
4-14,11:0:11,40,40,12.41,11,202,
4-14,11:0:11,39,39,12.25,11,202,
4-14,11:0:12,40,40,12.38,11,202,
4-14,11:0:12,42,42,12.42,11,202,
4-14,11:0:13,39,39,12.39,11,202,
4-14,11:0:13,41,41,12.53,11,202,
4-14,11:0:14,40,40,12.46,11,202,
4-14,11:0:14,37,37,12.51,11,202,
4-14,11:0:15,37,37,12.34,11,202,
4-14,11:0:15,36,36,12.29,11,202,
4-14,11:0:16,35,35,12.28,11,202,
4-14,11:0:16,37,37,12.26,11,202,
4-14,11:0:17,34,34,12.26,11,202,
4-14,11:0:17,37,37,12.41,11,202,
4-14,11:0:18,37,37,12.36,11,202,
4-14,11:0:18,34,34,12.32,11,202,
4-14,11:0:19,36,36,12.33,11,202,
4-14,11:0:19,34,34,12.24,11,202,
4-14,11:0:20,34,34,12.25,11,202,
4-14,11:0:20,36,36,12.23,11,202,
4-14,11:0:21,33,33,12.25,11,202,
4-14,11:0:21,33,33,12.21,11,202,
4-14,11:0:22,35,35,12.24,11,202,
4-14,11:0:22,31,31,12.33,11,202,
4-14,11:0:23,33,33,12.26,11,202,
4-14,11:0:23,34,34,12.23,11,202,
4-14,11:0:24,34,34,12.37,11,202,
4-14,11:0:24,35,35,12.27,11,202,
4-14,11:0:25,33,33,12.27,11,202,
4-14,11:0:25,33,33,12.28,11,202,
4-14,11:0:26,33,33,12.35,11,202,
4-14,11:0:26,33,33,12.22,11,202,
4-14,11:0:27,31,31,12.42,11,202,
4-14,11:0:27,33,33,12.35,11,202,
4-14,11:0:28,32,32,12.26,11,202,
4-14,11:0:28,32,32,12.27,11,202,
4-14,11:0:29,34,34,12.27,11,202,
4-14,11:0:29,28,28,12.24,11,202,
4-14,11:0:30,32,32,12.25,11,202,
4-14,11:0:30,32,32,12.25,11,202,
4-14,11:0:31,31,31,12.27,11,202,
4-14,11:0:31,31,31,12.27,11,202,
4-14,11:0:32,32,32,12.29,11,202,
4-14,11:0:32,28,28,12.26,11,202,
4-14,11:0:33,32,32,12.26,11,202,
4-14,11:0:33,30,30,12.27,11,202,
4-14,11:0:34,29,29,12.25,11,202,
4-14,11:0:34,32,32,12.23,11,202,
4-14,11:0:35,29,29,12.27,11,202,
4-14,11:0:35,29,29,12.25,11,202,
4-14,11:0:36,27,27,12.24,11,202,
4-14,11:0:36,28,28,12.28,11,202,
4-14,11:0:37,29,29,12.28,11,202,
4-14,11:0:37,30,30,12.26,11,202,
4-14,11:0:38,30,30,12.25,11,202,
4-14,11:0:38,31,31,12.23,11,202,
4-14,11:0:39,31,31,12.23,11,202,
4-14,11:0:39,31,31,12.23,11,202,
4-14,11:0:40,32,32,12.25,11,202,
4-14,11:0:40,31,31,12.25,11,202,
4-14,11:0:41,29,29,12.24,11,202,
4-14,11:0:41,30,30,12.26,11,202,
4-14,11:0:42,31,31,12.21,11,202,
4-14,11:0:42,32,32,12.24,11,202,
4-14,11:0:43,31,31,12.22,11,202,
4-14,11:0:43,34,34,12.22,11,202,
4-14,11:0:44,36,36,12.22,11,202,
4-14,11:0:44,32,32,12.26,11,202,
4-14,11:0:45,33,33,12.21,11,202,
4-14,11:0:45,31,31,12.23,11,202,
4-14,11:0:46,31,31,12.23,11,202,
4-14,11:0:46,33,33,12.24,11,202,
4-14,11:0:47,34,34,12.25,11,202,
4-14,11:0:47,32,32,12.25,11,202,
4-14,11:0:48,29,29,12.18,11,202,
4-14,11:0:48,32,32,12.24,11,202,
4-14,11:0:49,30,30,12.26,11,202,
4-14,11:0:49,32,32,12.21,11,202,
4-14,11:0:50,32,32,12.24,11,202,
4-14,11:0:50,33,33,12.25,11,202,
4-14,11:0:51,33,33,12.2,11,202,
4-14,11:0:51,35,35,12.26,11,202,
4-14,11:0:52,36,36,12.22,11,202,
4-14,11:0:52,36,36,12.23,11,202,
4-14,11:0:53,34,34,12.22,11,202,
4-14,11:0:53,35,35,12.22,11,202,
4-14,11:0:54,34,34,12.25,11,202,
4-14,11:0:54,31,31,12.22,11,202,
4-14,11:0:55,33,33,12.22,11,202,
4-14,11:0:55,34,34,12.21,11,202,
4-14,11:0:56,32,32,12.18,11,202,
4-14,11:0:56,35,35,12.2,11,202,
4-14,11:0:57,34,34,12.21,11,202,
4-14,11:0:57,34,34,12.22,11,202,
4-14,11:0:58,35,35,12.24,11,202,
4-14,11:0:58,36,36,12.36,11,202,
4-14,11:0:59,34,34,12.21,11,202,
4-14,11:0:59,36,36,12.28,11,202,
4-14,11:1:0,38,38,12.25,11,202,
4-14,11:1:0,35,35,12.3,11,202,
4-14,11:1:1,32,32,12.24,11,202,
4-14,11:1:1,33,33,12.27,11,202,
4-14,11:1:2,32,32,12.24,11,202,
4-14,11:1:2,33,33,12.24,11,202,
4-14,11:1:3,34,34,12.24,11,202,
4-14,11:1:3,34,34,12.27,11,202,
4-14,11:1:4,31,31,12.24,11,202,
4-14,11:1:4,31,31,12.23,11,202,
4-14,11:1:5,31,31,12.29,11,202,
4-14,11:1:5,30,30,12.22,11,202,
4-14,11:1:6,32,32,12.23,11,202,
4-14,11:1:6,31,31,12.23,11,202,
4-14,11:1:7,34,34,12.25,11,202,
4-14,11:1:7,33,33,12.2,11,202,
4-14,11:1:8,33,33,12.24,11,202,
4-14,11:1:8,34,34,12.21,11,202,
4-14,11:1:9,35,35,12.26,11,202,
4-14,11:1:9,33,33,12.25,11,202,
4-14,11:1:10,35,35,12.22,11,202,
4-14,11:1:10,35,35,12.39,11,202,
4-14,11:1:11,32,32,12.23,11,202,
4-14,11:1:11,35,35,12.39,11,202,
4-14,11:1:12,34,34,12.25,11,202,
4-14,11:1:12,29,29,12.27,11,202,
4-14,11:1:13,32,32,12.24,11,202,
4-14,11:1:13,33,33,12.26,11,202,
4-14,11:1:14,32,32,12.22,11,202,
4-14,11:1:14,31,31,12.22,11,202,
4-14,11:1:15,32,32,12.22,11,202,
4-14,11:1:15,30,30,12.26,11,202,
4-14,11:1:16,30,30,12.27,11,202,
4-14,11:1:16,35,35,12.22,11,202,
4-14,11:1:17,32,32,12.23,11,202,
4-14,11:1:17,32,32,12.24,11,202,
4-14,11:1:18,35,35,12.21,11,202,
4-14,11:1:18,32,32,12.24,11,202,
4-14,11:1:19,33,33,12.33,11,202,
4-14,11:1:19,34,34,12.24,11,202,
4-14,11:1:20,33,33,12.25,11,202,
4-14,11:1:20,33,33,12.23,11,202,
4-14,11:1:21,35,35,12.19,11,202,
4-14,11:1:21,34,34,12.26,11,202,
4-14,11:1:22,36,36,12.22,11,202,
4-14,11:1:22,35,35,12.17,11,202,
4-14,11:1:23,38,38,12.21,11,202,
4-14,11:1:23,36,36,12.22,11,202,
4-14,11:1:24,39,39,12.34,11,202,
4-14,11:1:24,39,39,12.26,11,202,
4-14,11:1:25,35,35,12.3,11,202,
4-14,11:1:25,38,38,12.26,11,202,
4-14,11:1:26,40,40,12.33,11,202,
4-14,11:1:26,38,38,12.25,11,202,
4-14,11:1:27,39,39,12.4,11,202,
4-14,11:1:27,37,37,12.22,11,202,
4-14,11:1:28,33,33,12.26,11,202,
4-14,11:1:28,33,33,12.27,11,202,
4-14,11:1:29,36,36,12.23,11,202,
4-14,11:1:29,35,35,12.29,11,202,
4-14,11:1:30,38,38,12.22,11,202,
4-14,11:1:30,37,37,12.22,11,202,
4-14,11:1:31,37,37,12.22,11,202,
4-14,11:1:31,33,33,12.24,11,202,
4-14,11:1:32,30,30,12.23,11,202,
4-14,11:1:32,31,31,12.23,11,202,
4-14,11:1:33,31,31,12.26,11,202,
4-14,11:1:33,28,28,12.26,11,202,
4-14,11:1:34,25,25,12.28,11,202,
4-14,11:1:34,24,24,12.28,11,202,
4-14,11:1:35,27,27,12.29,11,202,
4-14,11:1:35,29,29,12.29,11,202,
4-14,11:1:36,32,32,12.26,11,202,
4-14,11:1:36,34,34,12.25,11,202,
4-14,11:1:37,36,36,12.23,11,202,
4-14,11:1:37,37,37,12.3,11,202,
4-14,11:1:38,40,40,12.27,11,202,
4-14,11:1:38,39,39,12.26,11,202,
4-14,11:1:39,39,39,12.26,11,202,
4-14,11:1:39,39,39,12.26,11,202,
4-14,11:1:40,41,41,12.32,11,202,
4-14,11:1:40,42,42,12.34,11,202,
4-14,11:1:41,41,41,12.33,11,202,
4-14,11:1:41,38,38,12.37,11,202,
4-14,11:1:42,37,37,12.31,11,202,
4-14,11:1:42,38,38,12.29,11,202,
4-14,11:1:43,38,38,12.27,11,202,
4-14,11:1:43,38,38,12.32,11,202,
4-14,11:1:44,39,39,12.32,11,202,
4-14,11:1:44,39,39,12.33,11,202,
4-14,11:1:45,37,37,12.31,11,202,
4-14,11:1:45,37,37,12.32,11,202,
4-14,11:1:46,38,38,12.34,11,202,
4-14,11:1:46,37,37,12.33,11,202,
4-14,11:1:47,37,37,12.33,11,202,
4-14,11:1:47,37,37,12.34,11,202,
4-14,11:1:48,36,36,12.33,11,202,
4-14,11:1:48,36,36,12.35,11,202,
4-14,11:1:49,36,36,12.36,11,202,
4-14,11:1:49,35,35,12.35,11,202,
4-14,11:1:50,36,36,12.34,11,202,
4-14,11:1:50,36,36,12.36,11,202,
4-14,11:1:51,37,37,12.37,11,202,
4-14,11:1:51,34,34,12.33,11,202,
4-14,11:1:52,35,35,12.36,11,202,
4-14,11:1:52,38,38,12.42,11,202,
4-14,11:1:53,35,35,12.33,11,202,
4-14,11:1:53,36,36,12.38,11,202,
4-14,11:1:54,39,39,12.39,11,202,
4-14,11:1:54,38,38,12.39,11,202,
4-14,11:1:55,36,36,12.36,11,202,
4-14,11:1:55,35,35,12.38,11,202,
4-14,11:1:56,38,38,12.41,11,202,
4-14,11:1:56,36,36,12.38,11,202,
4-14,11:1:57,37,37,12.42,11,202,
4-14,11:1:57,38,38,12.38,11,202,
4-14,11:1:58,39,39,12.41,11,202,
4-14,11:1:58,36,36,12.37,11,202,
4-14,11:1:59,37,37,12.36,11,202,
4-14,11:1:59,37,37,12.4,11,202,
4-14,11:2:0,37,37,12.39,11,202,
4-14,11:2:0,36,36,12.35,11,202,
4-14,11:2:1,37,37,12.4,11,202,
4-14,11:2:1,37,37,12.37,11,202,
4-14,11:2:2,38,38,12.4,11,202,
4-14,11:2:2,40,40,12.46,11,202,
4-14,11:2:3,34,34,12.33,11,202,
4-14,11:2:3,39,39,12.45,11,202,
4-14,11:2:4,38,38,12.45,11,202,
4-14,11:2:4,34,34,12.38,11,202,
4-14,11:2:5,38,38,12.42,11,202,
4-14,11:2:5,39,39,12.45,11,202,
4-14,11:2:6,33,33,12.37,11,202,
4-14,11:2:6,35,35,12.4,11,202,
4-14,11:2:7,36,36,12.44,11,202,
4-14,11:2:7,34,34,12.39,11,202,
4-14,11:2:8,32,32,12.4,11,202,
4-14,11:2:8,36,36,12.44,11,202,
4-14,11:2:9,33,33,12.42,11,202,
4-14,11:2:9,32,32,12.39,11,202,
4-14,11:2:10,33,33,12.42,11,202,
4-14,11:2:10,35,35,12.45,11,202,
4-14,11:2:11,35,35,12.42,11,202,
4-14,11:2:11,35,35,12.46,11,202,
4-14,11:2:12,37,37,12.49,11,202,
4-14,11:2:12,34,34,12.44,11,202,
4-14,11:2:13,34,34,12.44,11,202,
4-14,11:2:13,30,30,12.41,11,202,
4-14,11:2:14,35,35,12.45,11,202,
4-14,11:2:14,35,35,12.43,11,202,
4-14,11:2:15,34,34,12.44,11,202,
4-14,11:2:15,36,36,12.47,11,202,
4-14,11:2:16,32,32,12.43,11,202,
4-14,11:2:16,39,39,12.48,11,202,
4-14,11:2:17,36,36,12.46,11,202,
4-14,11:2:17,32,32,12.36,11,202,
4-14,11:2:18,37,37,12.46,11,202,
4-14,11:2:18,37,37,12.44,11,202,
4-14,11:2:19,38,38,12.49,11,202,
4-14,11:2:19,34,34,12.43,11,202,
4-14,11:2:20,34,34,12.41,11,202,
4-14,11:2:20,34,34,12.42,11,202,
4-14,11:2:21,35,35,12.41,11,202,
4-14,11:2:21,31,31,12.4,11,202,
4-14,11:2:22,35,35,12.43,11,202,
4-14,11:2:22,39,39,12.49,11,202,
4-14,11:2:23,37,37,12.47,11,202,
4-14,11:2:23,34,34,12.43,11,202,
4-14,11:2:24,36,36,12.42,11,202,
4-14,11:2:24,37,37,12.45,11,202,
4-14,11:2:25,40,40,12.48,11,202,
4-14,11:2:25,34,34,12.41,11,202,
4-14,11:2:26,37,37,12.47,11,202,
4-14,11:2:26,34,34,12.42,11,202,
4-14,11:2:27,34,34,12.4,11,202,
4-14,11:2:27,38,38,12.47,11,202,
4-14,11:2:28,34,34,12.41,11,202,
4-14,11:2:28,36,36,12.42,11,202,
4-14,11:2:29,34,34,12.44,11,202,
4-14,11:2:29,34,34,12.46,11,202,
4-14,11:2:30,35,35,12.42,11,202,
4-14,11:2:30,36,36,12.48,11,202,
4-14,11:2:31,39,39,12.46,11,202,
4-14,11:2:31,35,35,12.46,11,202,
4-14,11:2:32,42,42,12.48,11,202,
4-14,11:2:32,45,45,12.53,11,202,
4-14,11:2:33,41,41,12.4,11,202,
4-14,11:2:33,46,46,12.41,11,202,
4-14,11:2:34,45,45,12.38,11,202,
4-14,11:2:34,48,48,12.36,11,202,
4-14,11:2:35,49,49,12.32,11,202,
4-14,11:2:35,52,52,12.6,11,202,
4-14,11:2:36,52,52,12.36,11,202,
4-14,11:2:36,53,53,12.36,11,202,
4-14,11:2:37,55,55,12.35,11,202,
4-14,11:2:37,54,54,12.36,11,202,
4-14,11:2:38,54,54,12.31,11,202,
4-14,11:2:38,54,54,12.33,11,202,
4-14,11:2:39,55,55,12.4,11,202,
4-14,11:2:39,55,55,12.38,11,202,
4-14,11:2:40,57,57,12.43,11,202,
4-14,11:2:40,57,57,12.4,11,202,
4-14,11:2:41,53,53,12.35,11,202,
4-14,11:2:41,55,55,12.4,11,202,
4-14,11:2:42,56,56,12.49,11,202,
4-14,11:2:42,50,50,12.38,11,202,
4-14,11:2:43,51,51,12.61,11,202,
4-14,11:2:43,53,53,12.52,11,202,
4-14,11:2:44,50,50,12.34,11,202,
4-14,11:2:44,53,53,12.54,11,202,
4-14,11:2:45,52,52,12.45,11,202,
4-14,11:2:45,49,49,12.34,11,202,
4-14,11:2:46,52,52,12.55,11,202,
4-14,11:2:46,52,52,12.53,11,202,
4-14,11:2:47,47,47,12.33,11,202,
4-14,11:2:47,48,48,12.5,11,202,
4-14,11:2:48,46,46,12.44,11,202,
4-14,11:2:48,47,47,12.36,11,202,
4-14,11:2:49,48,48,12.53,11,202,
4-14,11:2:49,48,48,12.48,11,202,
4-14,11:2:50,46,46,12.38,11,202,
4-14,11:2:50,48,48,12.38,11,202,
4-14,11:2:51,48,48,12.31,11,202,
4-14,11:2:51,47,47,12.31,11,202,
4-14,11:2:52,46,46,12.3,11,202,
4-14,11:2:52,48,48,12.35,11,202,
4-14,11:2:53,50,50,12.45,11,202,
4-14,11:2:53,45,45,12.28,11,202,
4-14,11:2:54,47,47,12.49,11,202,
4-14,11:2:54,48,48,12.46,11,202,
4-14,11:2:55,46,46,12.33,11,202,
4-14,11:2:55,45,45,12.36,11,202,
4-14,11:2:56,46,46,12.29,11,202,
4-14,11:2:56,46,46,12.33,11,202,
4-14,11:2:57,46,46,12.32,11,202,
4-14,11:2:57,48,48,12.3,11,202,
4-14,11:2:58,49,49,12.34,11,202,
4-14,11:2:58,46,46,12.33,11,202,
4-14,11:2:59,47,47,12.52,11,202,
4-14,11:2:59,47,47,12.52,11,202,
4-14,11:3:0,46,46,12.32,11,202,
4-14,11:3:0,45,45,12.47,11,202,
4-14,11:3:1,44,44,12.36,11,202,
4-14,11:3:1,50,50,11.9,11,202,
4-14,11:3:2,45,45,12.33,11,202,
4-14,11:3:2,45,45,12.29,11,202,
4-14,11:3:3,46,46,12.3,11,202,
4-14,11:3:3,46,46,12.32,11,202,
4-14,11:3:4,49,49,12.29,11,202,
4-14,11:3:4,47,47,12.35,11,202,
4-14,11:3:5,46,46,12.27,11,202,
4-14,11:3:5,49,49,12.45,11,202,
4-14,11:3:6,46,46,12.48,11,202,
4-14,11:3:6,45,45,12.29,11,202,
4-14,11:3:7,47,47,12.49,11,202,
4-14,11:3:7,46,46,12.43,11,202,
4-14,11:3:8,44,44,12.29,11,202,
4-14,11:3:8,44,44,12.44,11,202,
4-14,11:3:9,46,46,12.34,11,202,
4-14,11:3:9,45,45,12.46,11,202,
4-14,11:3:10,44,44,12.44,11,202,
4-14,11:3:10,45,45,12.29,11,202,
4-14,11:3:11,45,45,12.3,11,202,
4-14,11:3:11,45,45,12.29,11,202,
4-14,11:3:12,49,49,12.38,11,202,
4-14,11:3:12,49,49,12.32,11,202,
4-14,11:3:13,47,47,12.24,11,202,
4-14,11:3:13,46,46,12.42,11,202,
4-14,11:3:14,46,46,12.36,11,202,
4-14,11:3:14,49,49,12.18,11,202,
4-14,11:3:15,45,45,12.29,11,202,
4-14,11:3:15,46,46,12.28,11,202,
4-14,11:3:16,44,44,12.28,11,202,
4-14,11:3:16,44,44,12.3,11,202,
4-14,11:3:17,48,48,12.43,11,202,
4-14,11:3:17,47,47,12.49,11,202,
4-14,11:3:18,46,46,12.25,11,202,
4-14,11:3:18,45,45,12.45,11,202,
4-14,11:3:19,46,46,12.28,11,202,
4-14,11:3:19,46,46,12.28,11,202,
4-14,11:3:20,45,45,12.27,11,202,
4-14,11:3:20,48,48,12.48,11,202,
4-14,11:3:21,46,46,12.36,11,202,
4-14,11:3:21,43,43,12.25,11,202,
4-14,11:3:22,44,44,12.29,11,202,
4-14,11:3:22,44,44,12.22,11,202,
4-14,11:3:23,43,43,12.33,11,202,
4-14,11:3:23,43,43,12.28,11,202,
4-14,11:3:24,46,46,12.38,11,202,
4-14,11:3:24,46,46,12.36,11,202,
4-14,11:3:25,43,43,12.24,11,202,
4-14,11:3:25,46,46,12.49,11,202,
4-14,11:3:26,46,46,12.45,11,202,
4-14,11:3:26,50,50,12.09,11,202,
4-14,11:3:27,45,45,12.3,11,202,
4-14,11:3:27,46,46,12.25,11,202,
4-14,11:3:28,48,48,12.25,11,202,
4-14,11:3:28,46,46,12.25,11,202,
4-14,11:3:29,49,49,12.41,11,202,
4-14,11:3:29,48,48,12.34,11,202,
4-14,11:3:30,44,44,12.24,11,202,
4-14,11:3:30,45,45,12.35,11,202,
4-14,11:3:31,47,47,12.21,11,202,
4-14,11:3:31,45,45,12.24,11,202,
4-14,11:3:32,47,47,12.22,11,202,
4-14,11:3:32,47,47,12.28,11,202,
4-14,11:3:33,48,48,12.19,11,202,
4-14,11:3:33,50,50,12.22,11,202,
4-14,11:3:34,58,58,11.78,11,202,
4-14,11:3:34,51,51,12.2,11,202,
4-14,11:3:35,51,51,12.23,11,202,
4-14,11:3:35,50,50,12.25,11,202,
4-14,11:3:36,46,46,11.89,11,202,
4-14,11:3:36,55,55,12.22,11,202,
4-14,11:3:37,49,49,12.31,11,202,
4-14,11:3:37,49,49,12.37,11,202,
4-14,11:3:38,48,48,12.31,11,202,
4-14,11:3:38,48,48,12.25,11,202,
4-14,11:3:39,48,48,12.21,11,202,
4-14,11:3:39,46,46,12.32,11,202,
4-14,11:3:40,48,48,12.39,11,202,
4-14,11:3:40,45,45,12.2,11,202,
4-14,11:3:41,47,47,12.42,11,202,
4-14,11:3:41,50,50,12.23,11,202,
4-14,11:3:42,49,49,12.21,11,202,
4-14,11:3:42,48,48,12.44,11,202,
4-14,11:3:43,44,44,12.35,11,202,
4-14,11:3:43,47,47,12.44,11,202,
4-14,11:3:44,47,47,12.29,11,202,
4-14,11:3:44,44,44,12.49,11,202,
4-14,11:3:45,46,46,12.3,11,202,
4-14,11:3:45,41,41,12.26,11,202,
4-14,11:3:46,42,42,12.28,11,202,
4-14,11:3:46,46,46,12.25,11,202,
4-14,11:3:47,41,41,12.2,11,202,
4-14,11:3:47,45,45,12.29,11,202,
4-14,11:3:48,47,47,12.19,11,202,
4-14,11:3:48,45,45,12.3,11,202,
4-14,11:3:49,44,44,12.24,11,202,
4-14,11:3:49,45,45,12.25,11,202,
4-14,11:3:50,42,42,12.24,11,202,
4-14,11:3:50,40,40,12.26,11,202,
4-14,11:3:51,42,42,12.36,11,202,
4-14,11:3:51,42,42,12.37,11,202,
4-14,11:3:52,38,38,12.24,11,202,
4-14,11:3:52,40,40,12.46,11,202,
4-14,11:3:53,41,41,12.28,11,202,
4-14,11:3:53,41,41,12.31,11,202,
4-14,11:3:54,37,37,12.32,11,202,
4-14,11:3:54,43,43,12.36,11,202,
4-14,11:3:55,40,40,12.41,11,202,
4-14,11:3:55,39,39,12.3,11,202,
4-14,11:3:56,41,41,12.37,11,202,
4-14,11:3:56,41,41,12.38,11,202,
4-14,11:3:57,38,38,12.24,11,202,
4-14,11:3:57,38,38,12.23,11,202,
4-14,11:3:58,39,39,12.34,11,202,
4-14,11:3:58,38,38,12.37,11,202,
4-14,11:3:59,33,33,12.23,11,202,
4-14,11:3:59,34,34,12.38,11,202,
4-14,11:4:0,34,34,12.22,11,202,
4-14,11:4:0,35,35,12.22,11,202,
4-14,11:4:1,35,35,12.34,11,202,
4-14,11:4:1,37,37,12.42,11,202,
4-14,11:4:2,33,33,12.33,11,202,
4-14,11:4:2,32,32,12.35,11,202,
4-14,11:4:3,34,34,12.23,11,202,
4-14,11:4:3,37,37,12.33,11,202,
4-14,11:4:4,37,37,12.37,11,202,
4-14,11:4:4,35,35,12.28,11,202,
4-14,11:4:5,35,35,11.98,11,202,
4-14,11:4:5,33,33,12.34,11,202,
4-14,11:4:6,30,30,12.3,11,202,
4-14,11:4:6,28,28,12.25,11,202,
4-14,11:4:7,33,33,12.39,11,202,
4-14,11:4:7,32,32,12.36,11,202,
4-14,11:4:8,31,31,12.21,11,202,
4-14,11:4:8,32,32,12.3,11,202,
4-14,11:4:9,34,34,12.24,11,202,
4-14,11:4:9,31,31,12.31,11,202,
4-14,11:4:10,29,29,12.24,11,202,
4-14,11:4:10,34,34,12.39,11,202,
4-14,11:4:11,33,33,12.37,11,202,
4-14,11:4:11,36,36,12.06,11,202,
4-14,11:4:12,30,30,12.36,11,202,
4-14,11:4:12,35,35,12.21,11,202,
4-14,11:4:13,33,33,12.32,11,202,
4-14,11:4:13,31,31,12.23,11,202,
4-14,11:4:14,33,33,12.39,11,202,
4-14,11:4:14,29,29,12.28,11,202,
4-14,11:4:15,30,30,12.23,11,202,
4-14,11:4:15,29,29,12.23,11,202,
4-14,11:4:16,32,32,12.36,11,202,
4-14,11:4:16,30,30,12.3,11,202,
4-14,11:4:17,28,28,12.25,11,202,
4-14,11:4:17,31,31,12.17,11,202,
4-14,11:4:18,30,30,12.14,11,202,
4-14,11:4:18,32,32,12.33,11,202,
4-14,11:4:19,31,31,12.22,11,202,
4-14,11:4:19,32,32,12.25,11,202,
4-14,11:4:20,27,27,12.17,11,202,
4-14,11:4:20,30,30,12.29,11,202,
4-14,11:4:21,24,24,12.21,11,202,
4-14,11:4:21,30,30,12.4,11,202,
4-14,11:4:22,28,28,12.28,11,202,
4-14,11:4:22,27,27,12.28,11,202,
4-14,11:4:23,28,28,12.28,11,202,
4-14,11:4:23,31,31,12.33,11,202,
4-14,11:4:24,29,29,12.34,11,202,
4-14,11:4:24,21,21,12.2,11,202,
4-14,11:4:25,31,31,12.36,11,202,
4-14,11:4:25,31,31,12.38,11,202,
4-14,11:4:26,25,25,12.31,11,202,
4-14,11:4:26,33,33,11.92,11,202,
4-14,11:4:27,30,30,12.22,11,202,
4-14,11:4:27,27,27,12.21,11,202,
4-14,11:4:28,24,24,12.28,11,202,
4-14,11:4:28,30,30,12.36,11,202,
4-14,11:4:29,28,28,12.36,11,202,
4-14,11:4:29,25,25,12.24,11,202,
4-14,11:4:30,33,33,12.06,11,202,
4-14,11:4:30,30,30,12.22,11,202,
4-14,11:4:31,30,30,12.32,11,202,
4-14,11:4:31,28,28,12.33,11,202,
4-14,11:4:32,30,30,12.34,11,202,
4-14,11:4:32,30,30,12.17,11,202,
4-14,11:4:33,26,26,12.11,11,202,
4-14,11:4:33,26,26,12.32,11,202,
4-14,11:4:34,24,24,12.21,11,202,
4-14,11:4:34,28,28,12.23,11,202,
4-14,11:4:35,29,29,12.29,11,202,
4-14,11:4:35,29,29,12.23,11,202,
4-14,11:4:36,29,29,12.26,11,202,
4-14,11:4:36,29,29,12.18,11,202,
4-14,11:4:37,30,30,12.19,11,202,
4-14,11:4:37,27,27,12.1,11,202,
4-14,11:4:38,32,32,12.23,11,202,
4-14,11:4:38,25,25,12.1,11,202,
4-14,11:4:39,26,26,12.36,11,202,
4-14,11:4:39,27,27,12.18,11,202,
4-14,11:4:40,25,25,12.01,11,202,
4-14,11:4:40,29,29,12.28,11,202,
4-14,11:4:41,28,28,12.23,11,202,
4-14,11:4:41,27,27,12.08,11,202,
4-14,11:4:42,28,28,12.27,11,202,
4-14,11:4:42,28,28,12.32,11,202,
4-14,11:4:43,21,21,12.32,11,202,
4-14,11:4:43,25,25,12.06,11,202,
4-14,11:4:44,22,22,11.95,11,202,
4-14,11:4:44,28,28,12.16,11,202,
4-14,11:4:45,28,28,12.28,11,202,
4-14,11:4:45,17,17,11.68,11,202,
4-14,11:4:46,22,22,12.07,11,202,
4-14,11:4:46,24,24,12.26,11,202,
4-14,11:4:47,23,23,12.15,11,202,
4-14,11:4:47,21,21,12.17,11,202,
4-14,11:4:48,24,24,12.18,11,202,
4-14,11:4:48,24,24,12.26,11,202,
4-14,11:4:49,27,27,12.27,11,202,
4-14,11:4:49,26,26,12.05,11,202,
4-14,11:4:50,25,25,12.29,11,202,
4-14,11:4:50,24,24,12.15,11,202,
4-14,11:4:51,22,22,12.19,11,202,
4-14,11:4:51,24,24,12.25,11,202,
4-14,11:4:52,21,21,12.05,11,202,
4-14,11:4:52,22,22,12.17,11,202,
4-14,11:4:53,19,19,12.14,11,202,
4-14,11:4:53,22,22,12.17,11,202,
4-14,11:4:54,21,21,12.23,11,202,
4-14,11:4:54,19,19,11.92,11,202,
4-14,11:4:55,18,18,11.82,11,202,
4-14,11:4:55,28,28,12.17,11,202,
4-14,11:4:56,21,21,12.11,11,202,
4-14,11:4:56,20,20,12.21,11,202,
4-14,11:4:57,17,17,11.86,11,202,
4-14,11:4:57,18,18,11.91,11,202,
4-14,11:4:58,22,22,12.36,11,202,
4-14,11:4:58,16,16,12.12,11,202,
4-14,11:4:59,16,16,12.12,11,202,
4-14,11:4:59,20,20,12.15,11,202,
4-14,11:5:0,23,23,12.16,11,202,
4-14,11:5:0,25,25,12.23,11,202,
4-14,11:5:1,20,20,12.13,11,202,
4-14,11:5:1,19,19,11.95,11,202,
4-14,11:5:2,19,19,12.19,11,202,
4-14,11:5:2,22,22,12.28,11,202,
4-14,11:5:3,21,21,12.22,11,202,
4-14,11:5:3,24,24,12.31,11,202,
4-14,11:5:4,16,16,12.1,11,202,
4-14,11:5:4,18,18,12.16,11,202,
4-14,11:5:5,26,26,12.24,11,202,
4-14,11:5:5,21,21,12.3,11,202,
4-14,11:5:6,19,19,12.29,11,202,
4-14,11:5:6,23,23,12.3,11,202,
4-14,11:5:7,18,18,12.18,11,202,
4-14,11:5:7,20,20,12.23,11,202,
4-14,11:5:8,21,21,12.23,11,202,
4-14,11:5:8,26,26,12.25,11,202,
4-14,11:5:9,25,25,12.23,11,202,
4-14,11:5:9,19,19,12.2,11,202,
4-14,11:5:10,25,25,12.28,11,202,
4-14,11:5:10,18,18,12.18,11,202,
4-14,11:5:11,17,17,12.1,11,202,
4-14,11:5:11,25,25,12.01,11,202,
4-14,11:5:12,16,16,12.08,11,202,
4-14,11:5:12,18,18,12.1,11,202,
4-14,11:5:13,21,21,12.11,11,202,
4-14,11:5:13,18,18,12.13,11,202,
4-14,11:5:14,16,16,12.16,11,202,
4-14,11:5:14,13,13,12.33,11,202,
4-14,11:5:15,13,13,12.24,11,202,
4-14,11:5:15,6,6,12.24,11,202,
4-14,11:5:16,1,1,12.15,11,202,
4-14,11:5:16,13,13,12.17,11,202,
4-14,11:5:17,16,16,12.14,11,202,
4-14,11:5:17,14,14,12.12,11,202,
4-14,11:5:18,16,16,12.16,11,202,
4-14,11:5:18,18,18,12.2,11,202,
4-14,11:5:19,17,17,12.16,11,202,
4-14,11:5:19,19,19,12.15,11,202,
4-14,11:5:20,17,17,12.09,11,202,
4-14,11:5:20,21,21,12.1,11,202,
4-14,11:5:21,22,22,12.12,11,202,
4-14,11:5:21,24,24,12.15,11,202,
4-14,11:5:22,24,24,12.15,11,202,
4-14,11:5:22,22,22,12.18,11,202,
4-14,11:5:23,21,21,12.18,11,202,
4-14,11:5:23,22,22,12.2,11,202,
4-14,11:5:24,19,19,12.18,11,202,
4-14,11:5:24,19,19,12.17,11,202,
4-14,11:5:25,19,19,12.17,11,202,
4-14,11:5:25,22,22,12.2,11,202,
4-14,11:5:26,23,23,12.2,11,202,
4-14,11:5:26,22,22,12.19,11,202,
4-14,11:5:27,23,23,12.2,11,202,
4-14,11:5:27,22,22,12.19,11,202,
4-14,11:5:28,24,24,12.21,11,202,
4-14,11:5:28,23,23,12.2,11,202,
4-14,11:5:29,27,27,12.22,11,202,
4-14,11:5:29,27,27,12.24,11,202,
4-14,11:5:30,28,28,12.24,11,202,
4-14,11:5:30,28,28,12.23,11,202,
4-14,11:5:31,26,26,12.23,11,202,
4-14,11:5:31,28,28,12.24,11,202,
4-14,11:5:32,30,30,12.26,11,202,
4-14,11:5:32,29,29,12.25,11,202,
4-14,11:5:33,30,30,12.27,11,202,
4-14,11:5:33,28,28,12.24,11,202,
4-14,11:5:34,30,30,12.26,11,202,
4-14,11:5:34,29,29,12.26,11,202,
4-14,11:5:35,30,30,12.26,11,202,
4-14,11:5:35,31,31,12.29,11,202,
4-14,11:5:36,30,30,12.28,11,202,
4-14,11:5:36,29,29,12.25,11,202,
4-14,11:5:37,31,31,12.29,11,202,
4-14,11:5:37,31,31,12.28,11,202,
4-14,11:5:38,29,29,12.26,11,202,
4-14,11:5:38,31,31,12.28,11,202,
4-14,11:5:39,30,30,12.26,11,202,
4-14,11:5:39,32,32,12.3,11,202,
4-14,11:5:40,32,32,12.27,11,202,
4-14,11:5:40,33,33,12.26,11,202,
4-14,11:5:41,32,32,12.31,11,202,
4-14,11:5:41,35,35,12.31,11,202,
4-14,11:5:42,34,34,12.31,11,202,
4-14,11:5:42,32,32,12.29,11,202,
4-14,11:5:43,34,34,12.32,11,202,
4-14,11:5:43,35,35,12.32,11,202,
4-14,11:5:44,32,32,12.32,11,202,
4-14,11:5:44,31,31,12.29,11,202,
4-14,11:5:45,32,32,12.3,11,202,
4-14,11:5:45,33,33,12.32,11,202,
4-14,11:5:46,33,33,12.34,11,202,
4-14,11:5:46,31,31,12.31,11,202,
4-14,11:5:47,33,33,12.29,11,202,
4-14,11:5:47,32,32,12.29,11,202,
4-14,11:5:48,33,33,12.3,11,202,
4-14,11:5:48,35,35,12.32,11,202,
4-14,11:5:49,34,34,12.31,11,202,
4-14,11:5:49,35,35,12.32,11,202,
4-14,11:5:50,34,34,12.3,11,202,
4-14,11:5:50,33,33,12.3,11,202,
4-14,11:5:51,35,35,12.31,11,202,
4-14,11:5:51,34,34,12.3,11,202,
4-14,11:5:52,36,36,12.29,11,202,
4-14,11:5:52,37,37,12.35,11,202,
4-14,11:5:53,34,34,12.27,11,202,
4-14,11:5:53,35,35,12.28,11,202,
4-14,11:5:54,39,39,12.35,11,202,
4-14,11:5:54,37,37,12.31,11,202,
4-14,11:5:55,37,37,12.32,11,202,
4-14,11:5:55,40,40,12.32,11,202,
4-14,11:5:56,38,38,12.29,11,202,
4-14,11:5:56,37,37,12.32,11,202,
4-14,11:5:57,38,38,12.31,11,202,
4-14,11:5:57,40,40,12.29,11,202,
4-14,11:5:58,41,41,12.31,11,202,
4-14,11:5:58,38,38,12.28,11,202,
4-14,11:5:59,41,41,12.3,11,202,
4-14,11:5:59,43,43,12.33,11,202,
4-14,11:6:0,41,41,12.31,11,202,
4-14,11:6:0,40,40,12.32,11,202,
4-14,11:6:1,39,39,12.3,11,202,
4-14,11:6:1,40,40,12.33,11,202,
4-14,11:6:2,36,36,12.29,11,202,
4-14,11:6:2,38,38,12.32,11,202,
4-14,11:6:3,37,37,12.31,11,202,
4-14,11:6:3,38,38,12.36,11,202,
4-14,11:6:4,38,38,12.32,11,202,
4-14,11:6:4,39,39,12.33,11,202,
4-14,11:6:5,38,38,12.32,11,202,
4-14,11:6:5,36,36,12.31,11,202,
4-14,11:6:6,37,37,12.31,11,202,
4-14,11:6:6,38,38,12.36,11,202,
4-14,11:6:7,39,39,12.35,11,202,
4-14,11:6:7,35,35,12.31,11,202,
4-14,11:6:8,37,37,12.33,11,202,
4-14,11:6:8,39,39,12.36,11,202,
4-14,11:6:9,39,39,12.37,11,202,
4-14,11:6:9,38,38,12.36,11,202,
4-14,11:6:10,39,39,12.34,11,202,
4-14,11:6:10,38,38,12.32,11,202,
4-14,11:6:11,37,37,12.37,11,202,
4-14,11:6:11,37,37,12.3,11,202,
4-14,11:6:12,40,40,12.33,11,202,
4-14,11:6:12,37,37,12.33,11,202,
4-14,11:6:13,38,38,12.35,11,202,
4-14,11:6:13,39,39,12.37,11,202,
4-14,11:6:14,39,39,12.4,11,202,
4-14,11:6:14,37,37,12.32,11,202,
4-14,11:6:15,36,36,12.31,11,202,
4-14,11:6:15,39,39,12.37,11,202,
4-14,11:6:16,36,36,12.31,11,202,
4-14,11:6:16,37,37,12.33,11,202,
4-14,11:6:17,38,38,12.34,11,202,
4-14,11:6:17,37,37,12.32,11,202,
4-14,11:6:18,37,37,12.32,11,202,
4-14,11:6:18,38,38,12.34,11,202,
4-14,11:6:19,36,36,12.31,11,202,
4-14,11:6:19,37,37,12.34,11,202,
4-14,11:6:20,38,38,12.34,11,202,
4-14,11:6:20,40,40,12.4,11,202,
4-14,11:6:21,39,39,12.35,11,202,
4-14,11:6:21,36,36,12.34,11,202,
4-14,11:6:22,35,35,12.35,11,202,
4-14,11:6:22,39,39,12.39,11,202,
4-14,11:6:23,36,36,12.35,11,202,
4-14,11:6:23,35,35,12.35,11,202,
4-14,11:6:24,35,35,12.32,11,202,
4-14,11:6:24,35,35,12.33,11,202,
4-14,11:6:25,35,35,12.37,11,202,
4-14,11:6:25,33,33,12.34,11,202,
4-14,11:6:26,33,33,12.32,11,202,
4-14,11:6:26,33,33,12.32,11,202,
4-14,11:6:27,33,33,12.34,11,202,
4-14,11:6:27,34,34,12.37,11,202,
4-14,11:6:28,33,33,12.35,11,202,
4-14,11:6:28,35,35,12.38,11,202,
4-14,11:6:29,32,32,12.35,11,202,
4-14,11:6:29,33,33,12.35,11,202,
4-14,11:6:30,34,34,12.39,11,202,
4-14,11:6:30,31,31,12.32,11,202,
4-14,11:6:31,34,34,12.38,11,202,
4-14,11:6:31,36,36,12.4,11,202,
4-14,11:6:32,32,32,12.34,11,202,
4-14,11:6:32,33,33,12.37,11,202,
4-14,11:6:33,33,33,12.34,11,202,
4-14,11:6:33,35,35,12.36,11,202,
4-14,11:6:34,34,34,12.36,11,202,
4-14,11:6:34,34,34,12.36,11,202,
4-14,11:6:35,32,32,12.34,11,202,
4-14,11:6:35,36,36,12.39,11,202,
4-14,11:6:36,35,35,12.35,11,202,
4-14,11:6:36,38,38,12.41,11,202,
4-14,11:6:37,38,38,12.39,11,202,
4-14,11:6:37,39,39,12.41,11,202,
4-14,11:6:38,36,36,12.36,11,202,
4-14,11:6:38,38,38,12.38,11,202,
4-14,11:6:39,39,39,12.41,11,202,
4-14,11:6:39,40,40,12.4,11,202,
4-14,11:6:40,40,40,12.37,11,202,
4-14,11:6:40,38,38,12.33,11,202,
4-14,11:6:41,39,39,12.34,11,202,
4-14,11:6:41,38,38,12.35,11,202,
4-14,11:6:42,40,40,12.37,11,202,
4-14,11:6:42,41,41,12.35,11,202,
4-14,11:6:43,40,40,12.34,11,202,
4-14,11:6:43,42,42,12.35,11,202,
4-14,11:6:44,40,40,12.32,11,202,
4-14,11:6:44,42,42,12.34,11,202,
4-14,11:6:45,43,43,12.38,11,202,
4-14,11:6:45,42,42,12.33,11,202,
4-14,11:6:46,43,43,12.35,11,202,
4-14,11:6:46,43,43,12.35,11,202,
4-14,11:6:47,43,43,12.34,11,202,
4-14,11:6:47,42,42,12.29,11,202,
4-14,11:6:48,44,44,12.28,11,202,
4-14,11:6:48,43,43,12.31,11,202,
4-14,11:6:49,43,43,12.34,11,202,
4-14,11:6:49,45,45,12.31,11,202,
4-14,11:6:50,45,45,12.35,11,202,
4-14,11:6:50,43,43,12.31,11,202,
4-14,11:6:51,43,43,12.32,11,202,
4-14,11:6:51,46,46,12.34,11,202,
4-14,11:6:52,45,45,12.31,11,202,
4-14,11:6:52,48,48,12.39,11,202,
4-14,11:6:53,47,47,12.36,11,202,
4-14,11:6:53,45,45,12.28,11,202,
4-14,11:6:54,47,47,12.35,11,202,
4-14,11:6:54,44,44,12.29,11,202,
4-14,11:6:55,46,46,12.35,11,202,
4-14,11:6:55,48,48,12.35,11,202,
4-14,11:6:56,48,48,12.3,11,202,
4-14,11:6:56,48,48,12.34,11,202,
4-14,11:6:57,48,48,12.34,11,202,
4-14,11:6:57,46,46,12.29,11,202,
4-14,11:6:58,48,48,12.33,11,202,
4-14,11:6:58,48,48,12.31,11,202,
4-14,11:6:59,47,47,12.28,11,202,
4-14,11:6:59,49,49,12.31,11,202,
4-14,11:7:0,48,48,12.3,11,202,
4-14,11:7:0,48,48,12.31,11,202,
4-14,11:7:1,50,50,12.37,11,202,
4-14,11:7:1,49,49,12.34,11,202,
4-14,11:7:2,49,49,12.28,11,202,
4-14,11:7:2,49,49,12.34,11,202,
4-14,11:7:3,47,47,12.33,11,202,
4-14,11:7:3,47,47,12.33,11,202,
4-14,11:7:4,47,47,12.3,11,202,
4-14,11:7:4,47,47,12.28,11,202,
4-14,11:7:5,48,48,12.32,11,202,
4-14,11:7:5,49,49,12.34,11,202,
4-14,11:7:6,48,48,12.32,11,202,
4-14,11:7:6,47,47,12.3,11,202,
4-14,11:7:7,47,47,12.31,11,202,
4-14,11:7:7,47,47,12.3,11,202,
4-14,11:7:8,46,46,12.27,11,202,
4-14,11:7:8,49,49,12.35,11,202,
4-14,11:7:9,50,50,12.4,11,202,
4-14,11:7:9,48,48,12.31,11,202,
4-14,11:7:10,46,46,12.3,11,202,
4-14,11:7:10,47,47,12.31,11,202,
4-14,11:7:11,47,47,12.31,11,202,
4-14,11:7:11,47,47,12.31,11,202,
4-14,11:7:12,47,47,12.27,11,202,
4-14,11:7:12,50,50,12.32,11,202,
4-14,11:7:13,47,47,12.33,11,202,
4-14,11:7:13,48,48,12.31,11,202,
4-14,11:7:14,48,48,12.3,11,202,
4-14,11:7:14,47,47,12.3,11,202,
4-14,11:7:15,47,47,12.29,11,202,
4-14,11:7:15,46,46,12.28,11,202,
4-14,11:7:16,47,47,12.3,11,202,
4-14,11:7:16,48,48,12.31,11,202,
4-14,11:7:17,47,47,12.28,11,202,
4-14,11:7:17,48,48,12.27,11,202,
4-14,11:7:18,47,47,12.3,11,202,
4-14,11:7:18,47,47,12.28,11,202,
4-14,11:7:19,46,46,12.22,11,202,
4-14,11:7:19,48,48,12.32,11,202,
4-14,11:7:20,49,49,12.36,11,202,
4-14,11:7:20,48,48,12.31,11,202,
4-14,11:7:21,47,47,12.27,11,202,
4-14,11:7:21,50,50,12.29,11,202,
4-14,11:7:22,47,47,12.3,11,202,
4-14,11:7:22,49,49,12.28,11,202,
4-14,11:7:23,50,50,12.29,11,202,
4-14,11:7:23,47,47,12.24,11,202,
4-14,11:7:24,45,45,12.25,11,202,
4-14,11:7:24,47,47,12.25,11,202,
4-14,11:7:25,49,49,12.27,11,202,
4-14,11:7:25,50,50,12.28,11,202,
4-14,11:7:26,49,49,12.27,11,202,
4-14,11:7:26,49,49,12.28,11,202,
4-14,11:7:27,48,48,12.25,11,202,
4-14,11:7:27,51,51,12.29,11,202,
4-14,11:7:28,51,51,12.31,11,202,
4-14,11:7:28,50,50,12.28,11,202,
4-14,11:7:29,49,49,12.26,11,202,
4-14,11:7:29,49,49,12.29,11,202,
4-14,11:7:30,50,50,12.26,11,202,
4-14,11:7:30,50,50,12.26,11,202,
4-14,11:7:31,50,50,12.29,11,202,
4-14,11:7:31,51,51,12.3,11,202,
4-14,11:7:32,52,52,12.34,11,202,
4-14,11:7:32,52,52,12.32,11,202,
4-14,11:7:33,51,51,12.26,11,202,
4-14,11:7:33,49,49,12.28,11,202,
4-14,11:7:34,51,51,12.28,11,202,
4-14,11:7:34,50,50,12.28,11,202,
4-14,11:7:35,51,51,12.29,11,202,
4-14,11:7:35,52,52,12.32,11,202,
4-14,11:7:36,51,51,12.27,11,202,
4-14,11:7:36,50,50,12.26,11,202,
4-14,11:7:37,51,51,12.32,11,202,
4-14,11:7:37,51,51,12.3,11,202,
4-14,11:7:38,52,52,12.3,11,202,
4-14,11:7:38,50,50,12.27,11,202,
4-14,11:7:39,52,52,12.31,11,202,
4-14,11:7:39,52,52,12.3,11,202,
4-14,11:7:40,52,52,12.27,11,202,
4-14,11:7:40,51,51,12.3,11,202,
4-14,11:7:41,53,53,12.31,11,202,
4-14,11:7:41,53,53,12.3,11,202,
4-14,11:7:42,54,54,12.28,11,202,
4-14,11:7:42,54,54,12.34,11,202,
4-14,11:7:43,52,52,12.28,11,202,
4-14,11:7:43,51,51,12.27,11,202,
4-14,11:7:44,53,53,12.28,11,202,
4-14,11:7:44,52,52,12.26,11,202,
4-14,11:7:45,53,53,12.29,11,202,
4-14,11:7:45,53,53,12.28,11,202,
4-14,11:7:46,54,54,12.28,11,202,
4-14,11:7:46,53,53,12.31,11,202,
4-14,11:7:47,51,51,12.3,11,202,
4-14,11:7:47,52,52,12.31,11,202,
4-14,11:7:48,52,52,12.3,11,202,
4-14,11:7:48,51,51,12.28,11,202,
4-14,11:7:49,50,50,12.29,11,202,
4-14,11:7:49,51,51,12.3,11,202,
4-14,11:7:50,51,51,12.3,11,202,
4-14,11:7:50,50,50,12.3,11,202,
4-14,11:7:51,52,52,12.29,11,202,
4-14,11:7:51,50,50,12.3,11,202,
4-14,11:7:52,51,51,12.29,11,202,
4-14,11:7:52,51,51,12.25,11,202,
4-14,11:7:53,52,52,12.28,11,202,
4-14,11:7:53,52,52,12.3,11,202,
4-14,11:7:54,52,52,12.28,11,202,
4-14,11:7:54,51,51,12.27,11,202,
4-14,11:7:55,51,51,12.27,11,202,
4-14,11:7:55,52,52,12.28,11,202,
4-14,11:7:56,50,50,12.23,11,202,
4-14,11:7:56,53,53,12.24,11,202,
4-14,11:7:57,52,52,12.29,11,202,
4-14,11:7:57,54,54,12.33,11,202,
4-14,11:7:58,54,54,12.31,11,202,
4-14,11:7:58,53,53,12.31,11,202,
4-14,11:7:59,52,52,12.26,11,202,
4-14,11:7:59,50,50,12.25,11,202,
4-14,11:8:0,49,49,12.22,11,202,
4-14,11:8:0,50,50,12.28,11,202,
4-14,11:8:1,52,52,12.3,11,202,
4-14,11:8:1,52,52,12.29,11,202,
4-14,11:8:2,52,52,12.3,11,202,
4-14,11:8:2,52,52,12.26,11,202,
4-14,11:8:3,50,50,12.24,11,202,
4-14,11:8:3,51,51,12.27,11,202,
4-14,11:8:4,54,54,12.32,11,202,
4-14,11:8:4,51,51,12.27,11,202,
4-14,11:8:5,51,51,12.31,11,202,
4-14,11:8:5,50,50,12.27,11,202,
4-14,11:8:6,53,53,12.24,11,202,
4-14,11:8:6,51,51,12.29,11,202,
4-14,11:8:7,51,51,12.27,11,202,
4-14,11:8:7,52,52,12.28,11,202,
4-14,11:8:8,53,53,12.24,11,202,
4-14,11:8:8,51,51,12.28,11,202,
4-14,11:8:9,50,50,12.24,11,202,
4-14,11:8:9,53,53,12.24,11,202,
4-14,11:8:10,52,52,12.31,11,202,
4-14,11:8:10,51,51,12.29,11,202,
4-14,11:8:11,49,49,12.24,11,202,
4-14,11:8:11,52,52,12.31,11,202,
4-14,11:8:12,51,51,12.3,11,202,
4-14,11:8:12,52,52,12.27,11,202,
4-14,11:8:13,51,51,12.26,11,202,
4-14,11:8:13,54,54,12.35,11,202,
4-14,11:8:14,52,52,12.27,11,202,
4-14,11:8:14,50,50,12.25,11,202,
4-14,11:8:15,51,51,12.3,11,202,
4-14,11:8:15,50,50,12.24,11,202,
4-14,11:8:16,51,51,12.34,11,202,
4-14,11:8:16,51,51,12.32,11,202,
4-14,11:8:17,52,52,12.27,11,202,
4-14,11:8:17,51,51,12.27,11,202,
4-14,11:8:18,49,49,12.23,11,202,
4-14,11:8:18,51,51,12.28,11,202,
4-14,11:8:19,51,51,12.25,11,202,
4-14,11:8:19,50,50,12.26,11,202,
4-14,11:8:20,50,50,12.29,11,202,
4-14,11:8:20,48,48,12.24,11,202,
4-14,11:8:21,49,49,12.26,11,202,
4-14,11:8:21,50,50,12.25,11,202,
4-14,11:8:22,50,50,12.27,11,202,
4-14,11:8:22,51,51,12.25,11,202,
4-14,11:8:23,50,50,12.26,11,202,
4-14,11:8:23,50,50,12.25,11,202,
4-14,11:8:24,50,50,12.23,11,202,
4-14,11:8:24,50,50,12.28,11,202,
4-14,11:8:25,50,50,12.27,11,202,
4-14,11:8:25,49,49,12.25,11,202,
4-14,11:8:26,50,50,12.29,11,202,
4-14,11:8:26,50,50,12.27,11,202,
4-14,11:8:27,53,53,12.29,11,202,
4-14,11:8:27,50,50,12.26,11,202,
4-14,11:8:28,50,50,12.24,11,202,
4-14,11:8:28,49,49,12.22,11,202,
4-14,11:8:29,54,54,12.27,11,202,
4-14,11:8:29,52,52,12.23,11,202,
4-14,11:8:30,52,52,12.27,11,202,
4-14,11:8:30,54,54,12.27,11,202,
4-14,11:8:31,53,53,12.31,11,202,
4-14,11:8:31,52,52,12.31,11,202,
4-14,11:8:32,52,52,12.32,11,202,
4-14,11:8:32,54,54,12.31,11,202,
4-14,11:8:33,52,52,12.27,11,202,
4-14,11:8:33,52,52,12.3,11,202,
4-14,11:8:34,51,51,12.28,11,202,
4-14,11:8:34,53,53,12.33,11,202,
4-14,11:8:35,53,53,12.33,11,202,
4-14,11:8:35,53,53,12.31,11,202,
4-14,11:8:36,52,52,12.28,11,202,
4-14,11:8:36,52,52,12.27,11,202,
4-14,11:8:37,51,51,12.28,11,202,
4-14,11:8:37,53,53,12.31,11,202,
4-14,11:8:38,51,51,12.3,11,202,
4-14,11:8:38,53,53,12.3,11,202,
4-14,11:8:39,50,50,12.25,11,202,
4-14,11:8:39,53,53,12.29,11,202,
4-14,11:8:40,54,54,12.27,11,202,
4-14,11:8:40,52,52,12.28,11,202,
4-14,11:8:41,52,52,12.27,11,202,
4-14,11:8:41,53,53,12.33,11,202,
4-14,11:8:42,51,51,12.26,11,202,
4-14,11:8:42,51,51,12.27,11,202,
4-14,11:8:43,52,52,12.27,11,202,
4-14,11:8:43,53,53,12.33,11,202,
4-14,11:8:44,50,50,12.28,11,202,
4-14,11:8:44,53,53,12.3,11,202,
4-14,11:8:45,50,50,12.26,11,202,
4-14,11:8:45,51,51,12.3,11,202,
4-14,11:8:46,53,53,12.37,11,202,
4-14,11:8:46,52,52,12.28,11,202,
4-14,11:8:47,53,53,12.3,11,202,
4-14,11:8:47,53,53,12.3,11,202,
4-14,11:8:48,53,53,12.32,11,202,
4-14,11:8:48,52,52,12.33,11,202,
4-14,11:8:49,54,54,12.31,11,202,
4-14,11:8:49,51,51,12.28,11,202,
4-14,11:8:50,52,52,12.29,11,202,
4-14,11:8:50,52,52,12.27,11,202,
4-14,11:8:51,52,52,12.22,11,202,
4-14,11:8:51,52,52,12.28,11,202,
4-14,11:8:52,54,54,12.28,11,202,
4-14,11:8:52,53,53,12.28,11,202,
4-14,11:8:53,51,51,12.25,11,202,
4-14,11:8:53,53,53,12.22,11,202,
4-14,11:8:54,52,52,12.29,11,202,
4-14,11:8:54,51,51,12.29,11,202,
4-14,11:8:55,51,51,12.28,11,202,
4-14,11:8:55,51,51,12.26,11,202,
4-14,11:8:56,50,50,12.24,11,202,
4-14,11:8:56,53,53,12.29,11,202,
4-14,11:8:57,53,53,12.34,11,202,
4-14,11:8:57,52,52,12.3,11,202,
4-14,11:8:58,53,53,12.26,11,202,
4-14,11:8:58,50,50,12.25,11,202,
4-14,11:8:59,50,50,12.24,11,202,
4-14,11:8:59,54,54,12.32,11,202,
4-14,11:9:0,49,49,12.25,11,202,
4-14,11:9:0,51,51,12.26,11,202,
4-14,11:9:1,51,51,12.27,11,202,
4-14,11:9:1,50,50,12.26,11,202,
4-14,11:9:2,51,51,12.26,11,202,
4-14,11:9:2,53,53,12.24,11,202,
4-14,11:9:3,51,51,12.27,11,202,
4-14,11:9:3,53,53,12.22,11,202,
4-14,11:9:4,52,52,12.28,11,202,
4-14,11:9:4,50,50,12.24,11,202,
4-14,11:9:5,52,52,12.27,11,202,
4-14,11:9:5,53,53,12.24,11,202,
4-14,11:9:6,52,52,12.27,11,202,
4-14,11:9:6,51,51,12.26,11,202,
4-14,11:9:7,54,54,12.23,11,202,
4-14,11:9:7,51,51,12.28,11,202,
4-14,11:9:8,51,51,12.25,11,202,
4-14,11:9:8,53,53,12.22,11,202,
4-14,11:9:9,51,51,12.28,11,202,
4-14,11:9:9,52,52,12.27,11,202,
4-14,11:9:10,53,53,12.23,11,202,
4-14,11:9:10,51,51,12.25,11,202,
4-14,11:9:11,52,52,12.21,11,202,
4-14,11:9:11,52,52,12.23,11,202,
4-14,11:9:12,52,52,12.21,11,202,
4-14,11:9:12,51,51,12.24,11,202,
4-14,11:9:13,52,52,12.22,11,202,
4-14,11:9:13,52,52,12.24,11,202,
4-14,11:9:14,54,54,12.33,11,202,
4-14,11:9:14,49,49,12.22,11,202,
4-14,11:9:15,53,53,12.24,11,202,
4-14,11:9:15,53,53,12.23,11,202,
4-14,11:9:16,51,51,12.26,11,202,
4-14,11:9:16,51,51,12.23,11,202,
4-14,11:9:17,50,50,12.18,11,202,
4-14,11:9:17,53,53,12.25,11,202,
4-14,11:9:18,53,53,12.29,11,202,
4-14,11:9:18,52,52,12.2,11,202,
4-14,11:9:19,53,53,12.24,11,202,
4-14,11:9:19,55,55,12.27,11,202,
4-14,11:9:20,53,53,12.21,11,202,
4-14,11:9:20,50,50,12.18,11,202,
4-14,11:9:21,51,51,12.24,11,202,
4-14,11:9:21,53,53,12.22,11,202,
4-14,11:9:22,52,52,12.2,11,202,
4-14,11:9:22,53,53,12.25,11,202,
4-14,11:9:23,54,54,12.26,11,202,
4-14,11:9:23,53,53,12.22,11,202,
4-14,11:9:24,53,53,12.25,11,202,
4-14,11:9:24,51,51,12.26,11,202,
4-14,11:9:25,54,54,12.27,11,202,
4-14,11:9:25,54,54,12.25,11,202,
4-14,11:9:26,53,53,12.24,11,202,
4-14,11:9:26,54,54,12.27,11,202,
4-14,11:9:27,54,54,12.25,11,202,
4-14,11:9:27,54,54,12.26,11,202,
4-14,11:9:28,54,54,12.25,11,202,
4-14,11:9:28,52,52,12.27,11,202,
4-14,11:9:29,53,53,12.3,11,202,
4-14,11:9:29,55,55,12.26,11,202,
4-14,11:9:30,53,53,12.3,11,202,
4-14,11:9:30,53,53,12.29,11,202,
4-14,11:9:31,54,54,12.24,11,202,
4-14,11:9:31,50,50,12.21,11,202,
4-14,11:9:32,53,53,12.3,11,202,
4-14,11:9:32,54,54,12.26,11,202,
4-14,11:9:33,53,53,12.23,11,202,
4-14,11:9:33,54,54,12.27,11,202,
4-14,11:9:34,52,52,12.22,11,202,
4-14,11:9:34,53,53,12.23,11,202,
4-14,11:9:35,52,52,12.26,11,202,
4-14,11:9:35,53,53,12.24,11,202,
4-14,11:9:36,54,54,12.23,11,202,
4-14,11:9:36,53,53,12.21,11,202,
4-14,11:9:37,54,54,12.22,11,202,
4-14,11:9:37,54,54,12.28,11,202,
4-14,11:9:38,56,56,12.28,11,202,
4-14,11:9:38,55,55,12.27,11,202,
4-14,11:9:39,54,54,12.28,11,202,
4-14,11:9:39,53,53,12.24,11,202,
4-14,11:9:40,53,53,12.23,11,202,
4-14,11:9:40,54,54,12.27,11,202,
4-14,11:9:41,53,53,12.2,11,202,
4-14,11:9:41,53,53,12.21,11,202,
4-14,11:9:42,54,54,12.21,11,202,
4-14,11:9:42,54,54,12.25,11,202,
4-14,11:9:43,56,56,12.23,11,202,
4-14,11:9:43,53,53,12.17,11,202,
4-14,11:9:44,54,54,12.22,11,202,
4-14,11:9:44,55,55,12.25,11,202,
4-14,11:9:45,55,55,12.24,11,202,
4-14,11:9:45,55,55,12.21,11,202,
4-14,11:9:46,52,52,12.19,11,202,
4-14,11:9:46,56,56,12.3,11,202,
4-14,11:9:47,57,57,12.29,11,202,
4-14,11:9:47,55,55,12.26,11,202,
4-14,11:9:48,54,54,12.21,11,202,
4-14,11:9:48,56,56,12.26,11,202,
4-14,11:9:49,55,55,12.17,11,202,
4-14,11:9:49,58,58,12.3,11,202,
4-14,11:9:50,55,55,12.23,11,202,
4-14,11:9:50,54,54,12.26,11,202,
4-14,11:9:51,57,57,12.27,11,202,
4-14,11:9:51,55,55,12.23,11,202,
4-14,11:9:52,55,55,12.22,11,202,
4-14,11:9:52,56,56,12.3,11,202,
4-14,11:9:53,56,56,12.24,11,202,
4-14,11:9:53,55,55,12.26,11,202,
4-14,11:9:54,54,54,12.24,11,202,
4-14,11:9:54,54,54,12.22,11,202,
4-14,11:9:55,54,54,12.23,11,202,
4-14,11:9:55,55,55,12.24,11,202,
4-14,11:9:56,55,55,12.24,11,202,
4-14,11:9:56,56,56,12.24,11,202,
4-14,11:9:57,56,56,12.27,11,202,
4-14,11:9:57,54,54,12.24,11,202,
4-14,11:9:58,55,55,12.23,11,202,
4-14,11:9:58,56,56,12.29,11,202,
4-14,11:9:59,55,55,12.25,11,202,
4-14,11:9:59,56,56,12.3,11,202,
4-14,11:10:0,54,54,12.22,11,202,
4-14,11:10:0,55,55,12.29,11,202,
4-14,11:10:1,56,56,12.28,11,202,
4-14,11:10:1,54,54,12.24,11,202,
4-14,11:10:2,55,55,12.27,11,202,
4-14,11:10:2,56,56,12.26,11,202,
4-14,11:10:3,55,55,12.23,11,202,
4-14,11:10:3,55,55,12.26,11,202,
4-14,11:10:4,55,55,12.24,11,202,
4-14,11:10:4,54,54,12.23,11,202,
4-14,11:10:5,54,54,12.26,11,202,
4-14,11:10:5,55,55,12.24,11,202,
4-14,11:10:6,56,56,12.28,11,202,
4-14,11:10:6,55,55,12.26,11,202,
4-14,11:10:7,56,56,12.28,11,202,
4-14,11:10:7,55,55,12.21,11,202,
4-14,11:10:8,56,56,12.25,11,202,
4-14,11:10:8,56,56,12.24,11,202,
4-14,11:10:9,55,55,12.22,11,202,
4-14,11:10:9,55,55,12.27,11,202,
4-14,11:10:10,55,55,12.25,11,202,
4-14,11:10:10,55,55,12.21,11,202,
4-14,11:10:11,54,54,12.23,11,202,
4-14,11:10:11,53,53,12.17,11,202,
4-14,11:10:12,54,54,12.22,11,202,
4-14,11:10:12,54,54,12.22,11,202,
4-14,11:10:13,54,54,12.25,11,202,
4-14,11:10:13,56,56,12.24,11,202,
4-14,11:10:14,55,55,12.22,11,202,
4-14,11:10:14,56,56,12.24,11,202,
4-14,11:10:15,54,54,12.24,11,202,
4-14,11:10:15,57,57,12.28,11,202,
4-14,11:10:16,55,55,12.24,11,202,
4-14,11:10:16,56,56,12.26,11,202,
4-14,11:10:17,55,55,12.25,11,202,
4-14,11:10:17,56,56,12.3,11,202,
4-14,11:10:18,54,54,12.25,11,202,
4-14,11:10:18,55,55,12.25,11,202,
4-14,11:10:19,54,54,12.25,11,202,
4-14,11:10:19,55,55,12.23,11,202,
4-14,11:10:20,54,54,12.23,11,202,
4-14,11:10:20,54,54,12.24,11,202,
4-14,11:10:21,54,54,12.24,11,202,
4-14,11:10:21,55,55,12.23,11,202,
4-14,11:10:22,56,56,12.22,11,202,
4-14,11:10:22,55,55,12.27,11,202,
4-14,11:10:23,56,56,12.28,11,202,
4-14,11:10:23,55,55,12.28,11,202,
4-14,11:10:24,54,54,12.21,11,202,
4-14,11:10:24,55,55,12.21,11,202,
4-14,11:10:25,56,56,12.24,11,202,
4-14,11:10:25,56,56,12.25,11,202,
4-14,11:10:26,58,58,12.36,11,202,
4-14,11:10:26,56,56,12.31,11,202,
4-14,11:10:27,56,56,12.22,11,202,
4-14,11:10:27,55,55,12.23,11,202,
4-14,11:10:28,51,51,12.15,11,202,
4-14,11:10:28,57,57,12.27,11,202,
4-14,11:10:29,55,55,12.24,11,202,
4-14,11:10:29,54,54,12.17,11,202,
4-14,11:10:30,55,55,12.26,11,202,
4-14,11:10:30,57,57,12.29,11,202,
4-14,11:10:31,54,54,12.24,11,202,
4-14,11:10:31,53,53,12.2,11,202,
4-14,11:10:32,57,57,12.3,11,202,
4-14,11:10:32,56,56,12.26,11,202,
4-14,11:10:33,56,56,12.28,11,202,
4-14,11:10:33,54,54,12.23,11,202,
4-14,11:10:34,53,53,12.22,11,202,
4-14,11:10:34,54,54,12.34,11,202,
4-14,11:10:35,55,55,12.27,11,202,
4-14,11:10:35,51,51,12.27,11,202,
4-14,11:10:36,55,55,12.27,11,202,
4-14,11:10:36,54,54,12.31,11,202,
4-14,11:10:37,54,54,12.27,11,202,
4-14,11:10:37,55,55,12.29,11,202,
4-14,11:10:38,55,55,12.24,11,202,
4-14,11:10:38,55,55,12.23,11,202,
4-14,11:10:39,53,53,12.22,11,202,
4-14,11:10:39,52,52,12.21,11,202,
4-14,11:10:40,55,55,12.29,11,202,
4-14,11:10:40,55,55,12.26,11,202,
4-14,11:10:41,55,55,12.35,11,202,
4-14,11:10:41,51,51,12.29,11,202,
4-14,11:10:42,55,55,12.25,11,202,
4-14,11:10:42,54,54,12.22,11,202,
4-14,11:10:43,55,55,12.27,11,202,
4-14,11:10:43,59,59,12.26,11,202,
4-14,11:10:44,58,58,12.29,11,202,
4-14,11:10:44,55,55,12.27,11,202,
4-14,11:10:45,62,62,12.23,11,202,
4-14,11:10:45,61,61,12.24,11,202,
4-14,11:10:46,58,58,12.23,11,202,
4-14,11:10:46,61,61,12.28,11,202,
4-14,11:10:47,61,61,12.31,11,202,
4-14,11:10:47,57,57,12.27,11,202,
4-14,11:10:48,62,62,12.31,11,202,
4-14,11:10:48,63,63,12.27,11,202,
4-14,11:10:49,65,65,12.22,11,202,
4-14,11:10:49,66,66,12.23,11,202,
4-14,11:10:50,67,67,12.33,11,202,
4-14,11:10:50,68,68,12.26,11,202,
4-14,11:10:51,66,66,12.23,11,202,
4-14,11:10:51,70,70,12.21,11,202,
4-14,11:10:52,66,66,12.24,11,202,
4-14,11:10:52,72,72,12.21,11,202,
4-14,11:10:53,67,67,12.42,11,202,
4-14,11:10:53,74,74,12.21,11,202,
4-14,11:10:54,72,72,12.23,11,202,
4-14,11:10:54,72,72,12.19,11,202,
4-14,11:10:55,69,69,12.28,11,202,
4-14,11:10:55,72,72,12.57,11,202,
4-14,11:10:56,72,72,12.21,11,202,
4-14,11:10:56,73,73,12.21,11,202,
4-14,11:10:57,71,71,12.19,11,202,
4-14,11:10:57,72,72,12.14,11,202,
4-14,11:10:58,70,70,12.1,11,202,
4-14,11:10:58,68,68,12.12,11,202,
4-14,11:10:59,69,69,12.15,11,202,
4-14,11:10:59,68,68,12.14,11,202,
4-14,11:11:0,69,69,12.07,11,202,
4-14,11:11:0,65,65,12.26,11,202,
4-14,11:11:1,71,71,12.15,11,202,
4-14,11:11:1,71,71,12.17,11,202,
4-14,11:11:2,66,66,12.03,11,202,
4-14,11:11:2,64,64,12.04,11,202,
4-14,11:11:3,62,62,12.04,11,202,
4-14,11:11:3,62,62,12.05,11,202,
4-14,11:11:4,61,61,12.07,11,202,
4-14,11:11:4,63,63,12.11,11,202,
4-14,11:11:5,60,60,12.05,11,202,
4-14,11:11:5,60,60,12.08,11,202,
4-14,11:11:6,61,61,12.1,11,202,
4-14,11:11:6,58,58,12.03,11,202,
4-14,11:11:7,59,59,12.09,11,202,
4-14,11:11:7,58,58,12.06,11,202,
4-14,11:11:8,55,55,12.08,11,202,
4-14,11:11:8,57,57,12.13,11,202,
4-14,11:11:9,58,58,12.15,11,202,
4-14,11:11:9,57,57,12.13,11,202,
4-14,11:11:10,56,56,12.14,11,202,
4-14,11:11:10,57,57,12.14,11,202,
4-14,11:11:11,55,55,12.13,11,202,
4-14,11:11:11,56,56,12.12,11,202,
4-14,11:11:12,55,55,12.12,11,202,
4-14,11:11:12,55,55,12.14,11,202,
4-14,11:11:13,54,54,12.1,11,202,
4-14,11:11:13,54,54,12.16,11,202,
4-14,11:11:14,55,55,12.16,11,202,
4-14,11:11:14,61,61,12.11,11,202,
4-14,11:11:15,59,59,12.06,11,202,
4-14,11:11:15,53,53,12.19,11,202,
4-14,11:11:16,51,51,12.12,11,202,
4-14,11:11:16,51,51,12.1,11,202,
4-14,11:11:17,53,53,12.16,11,202,
4-14,11:11:17,53,53,12.16,11,202,
4-14,11:11:18,50,50,12.09,11,202,
4-14,11:11:18,54,54,12.14,11,202,
4-14,11:11:19,58,58,12.19,11,202,
4-14,11:11:19,55,55,12.16,11,202,
4-14,11:11:20,57,57,12.13,11,202,
4-14,11:11:20,57,57,12.14,11,202,
4-14,11:11:21,57,57,12.19,11,202,
4-14,11:11:21,58,58,12.15,11,202,
4-14,11:11:22,61,61,12.2,11,202,
4-14,11:11:22,61,61,12.22,11,202,
4-14,11:11:23,62,62,12.17,11,202,
4-14,11:11:23,60,60,12.15,11,202,
4-14,11:11:24,60,60,12.14,11,202,
4-14,11:11:24,59,59,12.13,11,202,
4-14,11:11:25,63,63,12.14,11,202,
4-14,11:11:25,62,62,12.15,11,202,
4-14,11:11:26,63,63,12.13,11,202,
4-14,11:11:26,63,63,12.16,11,202,
4-14,11:11:27,65,65,12.24,11,202,
4-14,11:11:27,61,61,12.13,11,202,
4-14,11:11:28,60,60,12.1,11,202,
4-14,11:11:28,63,63,12.12,11,202,
4-14,11:11:29,63,63,12.16,11,202,
4-14,11:11:29,62,62,12.17,11,202,
4-14,11:11:30,62,62,12.12,11,202,
4-14,11:11:30,61,61,12.1,11,202,
4-14,11:11:31,62,62,12.14,11,202,
4-14,11:11:31,63,63,12.14,11,202,
4-14,11:11:32,62,62,12.09,11,202,
4-14,11:11:32,62,62,12.14,11,202,
4-14,11:11:33,63,63,12.15,11,202,
4-14,11:11:33,64,64,12.13,11,202,
4-14,11:11:34,64,64,12.13,11,202,
4-14,11:11:34,62,62,12.12,11,202,
4-14,11:11:35,65,65,12.13,11,202,
4-14,11:11:35,62,62,12.09,11,202,
4-14,11:11:36,63,63,12.1,11,202,
4-14,11:11:36,65,65,12.17,11,202,
4-14,11:11:37,65,65,12.1,11,202,
4-14,11:11:37,64,64,12.12,11,202,
4-14,11:11:38,64,64,12.11,11,202,
4-14,11:11:38,64,64,12.1,11,202,
4-14,11:11:39,63,63,12.06,11,202,
4-14,11:11:39,64,64,12.09,11,202,
4-14,11:11:40,65,65,12.13,11,202,
4-14,11:11:40,62,62,12.06,11,202,
4-14,11:11:41,62,62,12.07,11,202,
4-14,11:11:41,63,63,12.11,11,202,
4-14,11:11:42,63,63,12.12,11,202,
4-14,11:11:42,62,62,12.09,11,202,
4-14,11:11:43,62,62,12.06,11,202,
4-14,11:11:43,63,63,12.06,11,202,
4-14,11:11:44,62,62,12.09,11,202,
4-14,11:11:44,63,63,12.07,11,202,
4-14,11:11:45,64,64,12.14,11,202,
4-14,11:11:45,63,63,12.11,11,202,
4-14,11:11:46,62,62,11.99,11,202,
4-14,11:11:46,64,64,12.08,11,202,
4-14,11:11:47,62,62,12.06,11,202,
4-14,11:11:47,63,63,12.1,11,202,
4-14,11:11:48,62,62,12.05,11,202,
4-14,11:11:48,63,63,12.09,11,202,
4-14,11:11:49,65,65,12.06,11,202,
4-14,11:11:49,64,64,12.07,11,202,
4-14,11:11:50,63,63,12.03,11,202,
4-14,11:11:50,65,65,12.08,11,202,
4-14,11:11:51,63,63,12.03,11,202,
4-14,11:11:51,64,64,12.07,11,202,
4-14,11:11:52,64,64,12.07,11,202,
4-14,11:11:52,65,65,12.07,11,202,
4-14,11:11:53,63,63,12.01,11,202,
4-14,11:11:53,65,65,12.09,11,202,
4-14,11:11:54,65,65,12.09,11,202,
4-14,11:11:54,65,65,12.1,11,202,
4-14,11:11:55,66,66,12.12,11,202,
4-14,11:11:55,64,64,12.09,11,202,
4-14,11:11:56,65,65,12.1,11,202,
4-14,11:11:56,64,64,12.11,11,202,
4-14,11:11:57,66,66,12.09,11,202,
4-14,11:11:57,62,62,12.06,11,202,
4-14,11:11:58,62,62,12.08,11,202,
4-14,11:11:58,63,63,12.01,11,202,
4-14,11:11:59,64,64,12.03,11,202,
4-14,11:11:59,62,62,12.07,11,202,
4-14,11:12:0,63,63,12.07,11,202,
4-14,11:12:0,63,63,12.08,11,202,
4-14,11:12:1,61,61,12.01,11,202,
4-14,11:12:1,63,63,12.03,11,202,
4-14,11:12:2,64,64,12.05,11,202,
4-14,11:12:2,63,63,12.1,11,202,
4-14,11:12:3,63,63,12.03,11,202,
4-14,11:12:3,64,64,12.07,11,202,
4-14,11:12:4,64,64,12.03,11,202,
4-14,11:12:4,64,64,12.05,11,202,
4-14,11:12:5,64,64,12.08,11,202,
4-14,11:12:5,63,63,12.03,11,202,
4-14,11:12:6,65,65,12.08,11,202,
4-14,11:12:6,66,66,12.13,11,202,
4-14,11:12:7,64,64,12.08,11,202,
4-14,11:12:7,64,64,12.03,11,202,
4-14,11:12:8,62,62,12.02,11,202,
4-14,11:12:8,63,63,12.1,11,202,
4-14,11:12:9,64,64,12.05,11,202,
4-14,11:12:9,66,66,12.11,11,202,
4-14,11:12:10,64,64,12.09,11,202,
4-14,11:12:10,63,63,12.06,11,202,
4-14,11:12:11,64,64,12.06,11,202,
4-14,11:12:11,65,65,12.08,11,202,
4-14,11:12:12,65,65,12.09,11,202,
4-14,11:12:12,66,66,12.08,11,202,
4-14,11:12:13,64,64,12.02,11,202,
4-14,11:12:13,65,65,12.09,11,202,
4-14,11:12:14,65,65,12.1,11,202,
4-14,11:12:14,65,65,12.04,11,202,
4-14,11:12:15,67,67,12.11,11,202,
4-14,11:12:15,67,67,12.11,11,202,
4-14,11:12:16,67,67,12.03,11,202,
4-14,11:12:16,67,67,12.06,11,202,
4-14,11:12:17,65,65,12.08,11,202,
4-14,11:12:17,67,67,12.15,11,202,
4-14,11:12:18,64,64,12.07,11,202,
4-14,11:12:18,66,66,12.15,11,202,
4-14,11:12:19,65,65,12.05,11,202,
4-14,11:12:19,66,66,12.13,11,202,
4-14,11:12:20,65,65,12.07,11,202,
4-14,11:12:20,64,64,12.07,11,202,
4-14,11:12:21,64,64,12.08,11,202,
4-14,11:12:21,65,65,12.09,11,202,
4-14,11:12:22,66,66,12.11,11,202,
4-14,11:12:22,65,65,12.07,11,202,
4-14,11:12:23,63,63,12.02,11,202,
4-14,11:12:23,65,65,12.07,11,202,
4-14,11:12:24,65,65,12.07,11,202,
4-14,11:12:24,63,63,12.05,11,202,
4-14,11:12:25,64,64,12.1,11,202,
4-14,11:12:25,64,64,12.05,11,202,
4-14,11:12:26,64,64,12.08,11,202,
4-14,11:12:26,65,65,12.06,11,202,
4-14,11:12:27,63,63,12.04,11,202,
4-14,11:12:27,64,64,12.03,11,202,
4-14,11:12:28,65,65,12.1,11,202,
4-14,11:12:28,64,64,12.04,11,202,
4-14,11:12:29,66,66,12.09,11,202,
4-14,11:12:29,65,65,12.11,11,202,
4-14,11:12:30,66,66,12.13,11,202,
4-14,11:12:30,67,67,12.09,11,202,
4-14,11:12:31,65,65,12.08,11,202,
4-14,11:12:31,66,66,12.06,11,202,
4-14,11:12:32,66,66,12.1,11,202,
4-14,11:12:32,65,65,12.05,11,202,
4-14,11:12:33,65,65,12.02,11,202,
4-14,11:12:33,65,65,12.09,11,202,
4-14,11:12:34,67,67,12.1,11,202,
4-14,11:12:34,66,66,12.12,11,202,
4-14,11:12:35,69,69,12.15,11,202,
4-14,11:12:35,66,66,12.11,11,202,
4-14,11:12:36,65,65,12.06,11,202,
4-14,11:12:36,65,65,12.05,11,202,
4-14,11:12:37,68,68,12.1,11,202,
4-14,11:12:37,66,66,12.03,11,202,
4-14,11:12:38,65,65,12.05,11,202,
4-14,11:12:38,64,64,12.06,11,202,
4-14,11:12:39,67,67,12.03,11,202,
4-14,11:12:39,65,65,12.04,11,202,
4-14,11:12:40,66,66,12.13,11,202,
4-14,11:12:40,64,64,12.08,11,202,
4-14,11:12:41,65,65,12.08,11,202,
4-14,11:12:41,65,65,12.06,11,202,
4-14,11:12:42,63,63,12.01,11,202,
4-14,11:12:42,65,65,12.13,11,202,
4-14,11:12:43,67,67,12.1,11,202,
4-14,11:12:43,65,65,12.09,11,202,
4-14,11:12:44,65,65,12.07,11,202,
4-14,11:12:44,65,65,12.07,11,202,
4-14,11:12:45,66,66,12.05,11,202,
4-14,11:12:45,66,66,12.08,11,202,
4-14,11:12:46,66,66,12.1,11,202,
4-14,11:12:46,66,66,12.11,11,202,
4-14,11:12:47,66,66,12.11,11,202,
4-14,11:12:47,65,65,12.06,11,202,
4-14,11:12:48,65,65,12.11,11,202,
4-14,11:12:48,64,64,12.09,11,202,
4-14,11:12:49,63,63,12.04,11,202,
4-14,11:12:49,63,63,12.06,11,202,
4-14,11:12:50,65,65,12.1,11,202,
4-14,11:12:50,65,65,12.11,11,202,
4-14,11:12:51,64,64,12.07,11,202,
4-14,11:12:51,65,65,12.07,11,202,
4-14,11:12:52,65,65,12.09,11,202,
4-14,11:12:52,65,65,12.12,11,202,
4-14,11:12:53,64,64,12.06,11,202,
4-14,11:12:53,64,64,12.06,11,202,
4-14,11:12:54,64,64,12.06,11,202,
4-14,11:12:54,64,64,12.09,11,202,
4-14,11:12:55,63,63,12.04,11,202,
4-14,11:12:55,64,64,12.09,11,202,
4-14,11:12:56,63,63,12.05,11,202,
4-14,11:12:56,65,65,12.11,11,202,
4-14,11:12:57,64,64,12.07,11,202,
4-14,11:12:57,63,63,12.03,11,202,
4-14,11:12:58,62,62,12.06,11,202,
4-14,11:12:58,64,64,12.1,11,202,
4-14,11:12:59,63,63,12.06,11,202,
4-14,11:12:59,63,63,12.03,11,202,
4-14,11:13:0,65,65,12.08,11,202,
4-14,11:13:0,62,62,12.06,11,202,
4-14,11:13:1,64,64,12.09,11,202,
4-14,11:13:1,62,62,12.11,11,202,
4-14,11:13:2,64,64,12.1,11,202,
4-14,11:13:2,63,63,12.07,11,202,
4-14,11:13:3,63,63,12.09,11,202,
4-14,11:13:3,64,64,12.12,11,202,
4-14,11:13:4,64,64,12.07,11,202,
4-14,11:13:4,64,64,12.09,11,202,
4-14,11:13:5,63,63,12.04,11,202,
4-14,11:13:5,65,65,12.08,11,202,
4-14,11:13:6,65,65,12.11,11,202,
4-14,11:13:6,65,65,12.05,11,202,
4-14,11:13:7,65,65,12.08,11,202,
4-14,11:13:7,64,64,12.02,11,202,
4-14,11:13:8,65,65,12.14,11,202,
4-14,11:13:8,65,65,12.07,11,202,
4-14,11:13:9,66,66,12.09,11,202,
4-14,11:13:9,66,66,12.09,11,202,
4-14,11:13:10,68,68,12.16,11,202,
4-14,11:13:10,69,69,12.17,11,202,
4-14,11:13:11,66,66,12.02,11,202,
4-14,11:13:11,66,66,12.03,11,202,
4-14,11:13:12,69,69,12.11,11,202,
4-14,11:13:12,67,67,12.1,11,202,
4-14,11:13:13,68,68,12.09,11,202,
4-14,11:13:13,68,68,12.12,11,202,
4-14,11:13:14,69,69,12.2,11,202,
4-14,11:13:14,67,67,12.11,11,202,
4-14,11:13:15,66,66,12.12,11,202,
4-14,11:13:15,68,68,12.06,11,202,
4-14,11:13:16,68,68,12.09,11,202,
4-14,11:13:16,70,70,12.09,11,202,
4-14,11:13:17,69,69,12.1,11,202,
4-14,11:13:17,70,70,12.11,11,202,
4-14,11:13:18,69,69,12.06,11,202,
4-14,11:13:18,70,70,12.14,11,202,
4-14,11:13:19,68,68,12.09,11,202,
4-14,11:13:19,68,68,12.11,11,202,
4-14,11:13:20,68,68,12.03,11,202,
4-14,11:13:20,69,69,12.07,11,202,
4-14,11:13:21,67,67,12.14,11,202,
4-14,11:13:21,69,69,12.14,11,202,
4-14,11:13:22,67,67,12.07,11,202,
4-14,11:13:22,68,68,12.11,11,202,
4-14,11:13:23,65,65,11.99,11,202,
4-14,11:13:23,67,67,12.08,11,202,
4-14,11:13:24,68,68,12.11,11,202,
4-14,11:13:24,65,65,12.03,11,202,
4-14,11:13:25,67,67,12.11,11,202,
4-14,11:13:25,66,66,11.99,11,202,
4-14,11:13:26,65,65,12.02,11,202,
4-14,11:13:26,68,68,12.09,11,202,
4-14,11:13:27,66,66,12.02,11,202,
4-14,11:13:27,67,67,12.07,11,202,
4-14,11:13:28,65,65,12.06,11,202,
4-14,11:13:28,68,68,12.12,11,202,
4-14,11:13:29,68,68,12.12,11,202,
4-14,11:13:29,68,68,12.09,11,202,
4-14,11:13:30,66,66,12.02,11,202,
4-14,11:13:30,69,69,12.09,11,202,
4-14,11:13:31,67,67,12,11,202,
4-14,11:13:31,69,69,12.11,11,202,
4-14,11:13:32,67,67,12.08,11,202,
4-14,11:13:32,68,68,12.13,11,202,
4-14,11:13:33,67,67,12.06,11,202,
4-14,11:13:33,66,66,12.14,11,202,
4-14,11:13:34,67,67,12.1,11,202,
4-14,11:13:34,66,66,12.04,11,202,
4-14,11:13:35,67,67,12.05,11,202,
4-14,11:13:35,68,68,12.11,11,202,
4-14,11:13:36,66,66,12.05,11,202,
4-14,11:13:36,68,68,12.09,11,202,
4-14,11:13:37,67,67,12.12,11,202,
4-14,11:13:37,67,67,12.01,11,202,
4-14,11:13:38,67,67,12.14,11,202,
4-14,11:13:38,68,68,12.11,11,202,
4-14,11:13:39,65,65,12.05,11,202,
4-14,11:13:39,68,68,12.12,11,202,
4-14,11:13:40,67,67,12.04,11,202,
4-14,11:13:40,66,66,12.13,11,202,
4-14,11:13:41,63,63,12.02,11,202,
4-14,11:13:41,65,65,12.1,11,202,
4-14,11:13:42,65,65,12.06,11,202,
4-14,11:13:42,64,64,12.06,11,202,
4-14,11:13:43,65,65,12.06,11,202,
4-14,11:13:43,66,66,12.09,11,202,
4-14,11:13:44,64,64,12.07,11,202,
4-14,11:13:44,66,66,12.1,11,202,
4-14,11:13:45,66,66,12.12,11,202,
4-14,11:13:45,65,65,12.09,11,202,
4-14,11:13:46,66,66,12.1,11,202,
4-14,11:13:46,66,66,12.04,11,202,
4-14,11:13:47,67,67,12.13,11,202,
4-14,11:13:47,67,67,12.11,11,202,
4-14,11:13:48,63,63,12.03,11,202,
4-14,11:13:48,63,63,12.01,11,202,
4-14,11:13:49,65,65,12.07,11,202,
4-14,11:13:49,64,64,12.06,11,202,
4-14,11:13:50,67,67,12.12,11,202,
4-14,11:13:50,64,64,12.08,11,202,
4-14,11:13:51,65,65,12.07,11,202,
4-14,11:13:51,64,64,12.03,11,202,
4-14,11:13:52,64,64,12.03,11,202,
4-14,11:13:52,64,64,12.04,11,202,
4-14,11:13:53,62,62,12.04,11,202,
4-14,11:13:53,65,65,12.08,11,202,
4-14,11:13:54,64,64,12.02,11,202,
4-14,11:13:54,64,64,12.06,11,202,
4-14,11:13:55,64,64,12.06,11,202,
4-14,11:13:55,65,65,12.07,11,202,
4-14,11:13:56,66,66,12.05,11,202,
4-14,11:13:56,64,64,12.04,11,202,
4-14,11:13:57,68,68,12.08,11,202,
4-14,11:13:57,64,64,12.04,11,202,
4-14,11:13:58,64,64,12.08,11,202,
4-14,11:13:58,66,66,12.12,11,202,
4-14,11:13:59,65,65,12.06,11,202,
4-14,11:13:59,63,63,12.06,11,202,
4-14,11:14:0,66,66,12.06,11,202,
4-14,11:14:0,64,64,12,11,202,
4-14,11:14:1,65,65,12.06,11,202,
4-14,11:14:1,64,64,12.04,11,202,
4-14,11:14:2,65,65,12.06,11,202,
4-14,11:14:2,65,65,12.01,11,202,
4-14,11:14:3,66,66,12.08,11,202,
4-14,11:14:3,65,65,12.01,11,202,
4-14,11:14:4,63,63,12.06,11,202,
4-14,11:14:4,65,65,12.06,11,202,
4-14,11:14:5,66,66,12.1,11,202,
4-14,11:14:5,67,67,12.08,11,202,
4-14,11:14:6,65,65,12.09,11,202,
4-14,11:14:6,67,67,12.04,11,202,
4-14,11:14:7,69,69,12.13,11,202,
4-14,11:14:7,67,67,12.05,11,202,
4-14,11:14:8,67,67,11.96,11,202,
4-14,11:14:8,66,66,12.1,11,202,
4-14,11:14:9,70,70,12.1,11,202,
4-14,11:14:9,66,66,12.06,11,202,
4-14,11:14:10,67,67,12.05,11,202,
4-14,11:14:10,68,68,12.07,11,202,
4-14,11:14:11,67,67,12.06,11,202,
4-14,11:14:11,67,67,12.06,11,202,
4-14,11:14:12,67,67,12.06,11,202,
4-14,11:14:12,68,68,12.07,11,202,
4-14,11:14:13,68,68,12.07,11,202,
4-14,11:14:13,68,68,12.07,11,202,
4-14,11:14:14,69,69,12.07,11,202,
4-14,11:14:14,67,67,12.01,11,202,
4-14,11:14:15,68,68,12.08,11,202,
4-14,11:14:15,70,70,12.11,11,202,
4-14,11:14:16,68,68,12.1,11,202,
4-14,11:14:16,69,69,12.11,11,202,
4-14,11:14:17,65,65,12.07,11,202,
4-14,11:14:17,66,66,12.03,11,202,
4-14,11:14:18,68,68,12.05,11,202,
4-14,11:14:18,69,69,12.1,11,202,
4-14,11:14:19,70,70,12.11,11,202,
4-14,11:14:19,69,69,12.09,11,202,
4-14,11:14:20,70,70,12.1,11,202,
4-14,11:14:20,70,70,12.09,11,202,
4-14,11:14:21,69,69,12.05,11,202,
4-14,11:14:21,70,70,12.09,11,202,
4-14,11:14:22,69,69,11.98,11,202,
4-14,11:14:22,68,68,12.1,11,202,
4-14,11:14:23,68,68,12.08,11,202,
4-14,11:14:23,68,68,12.07,11,202,
4-14,11:14:24,67,67,12.04,11,202,
4-14,11:14:24,68,68,12.04,11,202,
4-14,11:14:25,70,70,12.09,11,202,
4-14,11:14:25,70,70,12.12,11,202,
4-14,11:14:26,68,68,12.04,11,202,
4-14,11:14:26,68,68,12.06,11,202,
4-14,11:14:27,67,67,12.08,11,202,
4-14,11:14:27,65,65,11.96,11,202,
4-14,11:14:28,67,67,12.04,11,202,
4-14,11:14:28,69,69,12.08,11,202,
4-14,11:14:29,65,65,11.98,11,202,
4-14,11:14:29,67,67,12.05,11,202,
4-14,11:14:30,68,68,12.07,11,202,
4-14,11:14:30,65,65,12.05,11,202,
4-14,11:14:31,66,66,12.1,11,202,
4-14,11:14:31,67,67,12.15,11,202,
4-14,11:14:32,66,66,12.08,11,202,
4-14,11:14:32,67,67,12.13,11,202,
4-14,11:14:33,66,66,12.1,11,202,
4-14,11:14:33,69,69,12.12,11,202,
4-14,11:14:34,68,68,12.1,11,202,
4-14,11:14:34,66,66,12.04,11,202,
4-14,11:14:35,69,69,12.16,11,202,
4-14,11:14:35,68,68,12.19,11,202,
4-14,11:14:36,68,68,12.14,11,202,
4-14,11:14:36,68,68,12.16,11,202,
4-14,11:14:37,65,65,12.04,11,202,
4-14,11:14:37,67,67,12.13,11,202,
4-14,11:14:38,65,65,12.08,11,202,
4-14,11:14:38,68,68,12.13,11,202,
4-14,11:14:39,71,71,12.15,11,202,
4-14,11:14:39,69,69,12.12,11,202,
4-14,11:14:40,66,66,12.08,11,202,
4-14,11:14:40,68,68,12.14,11,202,
4-14,11:14:41,68,68,12.16,11,202,
4-14,11:14:41,68,68,12.1,11,202,
4-14,11:14:42,65,65,12.03,11,202,
4-14,11:14:42,69,69,12.1,11,202,
4-14,11:14:43,67,67,12.06,11,202,
4-14,11:14:43,67,67,12.03,11,202,
4-14,11:14:44,67,67,12.08,11,202,
4-14,11:14:44,67,67,12.07,11,202,
4-14,11:14:45,67,67,12.08,11,202,
4-14,11:14:45,68,68,12.03,11,202,
4-14,11:14:46,64,64,12,11,202,
4-14,11:14:46,67,67,12.07,11,202,
4-14,11:14:47,68,68,12.09,11,202,
4-14,11:14:47,66,66,12.12,11,202,
4-14,11:14:48,65,65,12.05,11,202,
4-14,11:14:48,64,64,12.06,11,202,
4-14,11:14:49,68,68,12.14,11,202,
4-14,11:14:49,65,65,12.06,11,202,
4-14,11:14:50,66,66,12.08,11,202,
4-14,11:14:50,67,67,12.11,11,202,
4-14,11:14:51,68,68,12.12,11,202,
4-14,11:14:51,68,68,12.09,11,202,
4-14,11:14:52,66,66,12.13,11,202,
4-14,11:14:52,67,67,12.07,11,202,
4-14,11:14:53,66,66,12.05,11,202,
4-14,11:14:53,65,65,12.07,11,202,
4-14,11:14:54,64,64,12,11,202,
4-14,11:14:54,65,65,12.04,11,202,
4-14,11:14:55,66,66,12.09,11,202,
4-14,11:14:55,66,66,12.04,11,202,
4-14,11:14:56,65,65,12.01,11,202,
4-14,11:14:56,68,68,12.16,11,202,
4-14,11:14:57,66,66,12.13,11,202,
4-14,11:14:57,65,65,12.08,11,202,
4-14,11:14:58,67,67,12.11,11,202,
4-14,11:14:58,68,68,12.14,11,202,
4-14,11:14:59,66,66,12.09,11,202,
4-14,11:14:59,65,65,12.1,11,202,
4-14,11:15:0,67,67,12.07,11,202,
4-14,11:15:0,65,65,12.02,11,202,
4-14,11:15:1,66,66,12.03,11,202,
4-14,11:15:1,65,65,12.11,11,202,
4-14,11:15:2,66,66,12.1,11,202,
4-14,11:15:2,65,65,12.06,11,202,
4-14,11:15:3,66,66,12.04,11,202,
4-14,11:15:3,66,66,12.08,11,202,
4-14,11:15:4,67,67,12.06,11,202,
4-14,11:15:4,66,66,12.03,11,202,
4-14,11:15:5,66,66,12.06,11,202,
4-14,11:15:5,66,66,12.01,11,202,
4-14,11:15:6,67,67,12.01,11,202,
4-14,11:15:6,67,67,12.09,11,202,
4-14,11:15:7,67,67,12.08,11,202,
4-14,11:15:7,66,66,12.02,11,202,
4-14,11:15:8,67,67,12.01,11,202,
4-14,11:15:8,66,66,12.03,11,202,
4-14,11:15:9,64,64,12.06,11,202,
4-14,11:15:9,65,65,12.08,11,202,
4-14,11:15:10,66,66,12.06,11,202,
4-14,11:15:10,67,67,12.13,11,202,
4-14,11:15:11,66,66,12.03,11,202,
4-14,11:15:11,66,66,12.04,11,202,
4-14,11:15:12,67,67,12.07,11,202,
4-14,11:15:12,64,64,12.07,11,202,
4-14,11:15:13,66,66,12.11,11,202,
4-14,11:15:13,64,64,12.05,11,202,
4-14,11:15:14,66,66,12.05,11,202,
4-14,11:15:14,65,65,12.04,11,202,
4-14,11:15:15,68,68,12.07,11,202,
4-14,11:15:15,66,66,12.07,11,202,
4-14,11:15:16,66,66,12.04,11,202,
4-14,11:15:16,64,64,12.03,11,202,
4-14,11:15:17,65,65,12.04,11,202,
4-14,11:15:17,66,66,12.08,11,202,
4-14,11:15:18,68,68,12.07,11,202,
4-14,11:15:18,65,65,12.03,11,202,
4-14,11:15:19,65,65,12.05,11,202,
4-14,11:15:19,66,66,12.04,11,202,
4-14,11:15:20,67,67,12.03,11,202,
4-14,11:15:20,68,68,12.06,11,202,
4-14,11:15:21,68,68,12.08,11,202,
4-14,11:15:21,69,69,12.13,11,202,
4-14,11:15:22,70,70,12.08,11,202,
4-14,11:15:22,68,68,12.05,11,202,
4-14,11:15:23,67,67,12.02,11,202,
4-14,11:15:23,68,68,12.08,11,202,
4-14,11:15:24,68,68,12.09,11,202,
4-14,11:15:24,67,67,12.01,11,202,
4-14,11:15:25,69,69,12.07,11,202,
4-14,11:15:25,69,69,12.09,11,202,
4-14,11:15:26,67,67,12.01,11,202,
4-14,11:15:26,68,68,12.09,11,202,
4-14,11:15:27,69,69,12.07,11,202,
4-14,11:15:27,69,69,12.02,11,202,
4-14,11:15:28,68,68,12.01,11,202,
4-14,11:15:28,70,70,12.07,11,202,
4-14,11:15:29,70,70,12.09,11,202,
4-14,11:15:29,69,69,12.04,11,202,
4-14,11:15:30,71,71,12.12,11,202,
4-14,11:15:30,68,68,12.05,11,202,
4-14,11:15:31,69,69,12.07,11,202,
4-14,11:15:31,69,69,12.05,11,202,
4-14,11:15:32,69,69,12.12,11,202,
4-14,11:15:32,70,70,12.1,11,202,
4-14,11:15:33,69,69,12.09,11,202,
4-14,11:15:33,69,69,12.09,11,202,
4-14,11:15:34,69,69,12.04,11,202,
4-14,11:15:34,68,68,12,11,202,
4-14,11:15:35,70,70,12.11,11,202,
4-14,11:15:35,68,68,12.01,11,202,
4-14,11:15:36,69,69,12.09,11,202,
4-14,11:15:36,68,68,12.02,11,202,
4-14,11:15:37,69,69,12,11,202,
4-14,11:15:37,69,69,12.03,11,202,
4-14,11:15:38,69,69,12.1,11,202,
4-14,11:15:38,69,69,12.07,11,202,
4-14,11:15:39,65,65,12,11,202,
4-14,11:15:39,70,70,12.12,11,202,
4-14,11:15:40,67,67,12.06,11,202,
4-14,11:15:40,69,69,12.06,11,202,
4-14,11:15:41,71,71,12.13,11,202,
4-14,11:15:41,68,68,12.05,11,202,
4-14,11:15:42,70,70,12.09,11,202,
4-14,11:15:42,69,69,12.12,11,202,
4-14,11:15:43,70,70,12.11,11,202,
4-14,11:15:43,69,69,12.08,11,202,
4-14,11:15:44,70,70,12.14,11,202,
4-14,11:15:44,69,69,12.09,11,202,
4-14,11:15:45,69,69,12.07,11,202,
4-14,11:15:45,69,69,12.13,11,202,
4-14,11:15:46,70,70,12.1,11,202,
4-14,11:15:46,69,69,12,11,202,
4-14,11:15:47,71,71,12.03,11,202,
4-14,11:15:47,69,69,12.08,11,202,
4-14,11:15:48,68,68,12.03,11,202,
4-14,11:15:48,68,68,12.05,11,202,
4-14,11:15:49,69,69,12.04,11,202,
4-14,11:15:49,70,70,12.11,11,202,
4-14,11:15:50,67,67,12.02,11,202,
4-14,11:15:50,70,70,12.11,11,202,
4-14,11:15:51,67,67,12.01,11,202,
4-14,11:15:51,68,68,12.08,11,202,
4-14,11:15:52,69,69,12.07,11,202,
4-14,11:15:52,69,69,12.08,11,202,
4-14,11:15:53,69,69,12.04,11,202,
4-14,11:15:53,68,68,12.01,11,202,
4-14,11:15:54,69,69,12.06,11,202,
4-14,11:15:54,67,67,12.04,11,202,
4-14,11:15:55,68,68,12.04,11,202,
4-14,11:15:55,67,67,12.03,11,202,
4-14,11:15:56,68,68,12.02,11,202,
4-14,11:15:56,70,70,12.07,11,202,
4-14,11:15:57,70,70,12.09,11,202,
4-14,11:15:57,68,68,12.05,11,202,
4-14,11:15:58,68,68,12.04,11,202,
4-14,11:15:58,70,70,12.06,11,202,
4-14,11:15:59,70,70,12,11,202,
4-14,11:15:59,70,70,12.03,11,202,
4-14,11:16:0,69,69,12.06,11,202,
4-14,11:16:0,69,69,12.06,11,202,
4-14,11:16:1,67,67,12.05,11,202,
4-14,11:16:1,68,68,12,11,202,
4-14,11:16:2,69,69,12.05,11,202,
4-14,11:16:2,67,67,12.02,11,202,
4-14,11:16:3,70,70,12.09,11,202,
4-14,11:16:3,67,67,12,11,202,
4-14,11:16:4,68,68,12.08,11,202,
4-14,11:16:4,68,68,12.04,11,202,
4-14,11:16:5,68,68,12.07,11,202,
4-14,11:16:5,68,68,12.13,11,202,
4-14,11:16:6,69,69,12.11,11,202,
4-14,11:16:6,66,66,11.98,11,202,
4-14,11:16:7,68,68,12.08,11,202,
4-14,11:16:7,68,68,12.06,11,202,
4-14,11:16:8,70,70,12.11,11,202,
4-14,11:16:8,69,69,12.06,11,202,
4-14,11:16:9,69,69,12.03,11,202,
4-14,11:16:9,69,69,12.06,11,202,
4-14,11:16:10,69,69,12.07,11,202,
4-14,11:16:10,70,70,12.08,11,202,
4-14,11:16:11,70,70,12.09,11,202,
4-14,11:16:11,68,68,11.99,11,202,
4-14,11:16:12,70,70,12.01,11,202,
4-14,11:16:12,70,70,12.1,11,202,
4-14,11:16:13,70,70,12.06,11,202,
4-14,11:16:13,71,71,12.01,11,202,
4-14,11:16:14,72,72,12.05,11,202,
4-14,11:16:14,73,73,12.09,11,202,
4-14,11:16:15,71,71,12.07,11,202,
4-14,11:16:15,72,72,12.07,11,202,
4-14,11:16:16,73,73,12.08,11,202,
4-14,11:16:16,72,72,12.02,11,202,
4-14,11:16:17,71,71,12.13,11,202,
4-14,11:16:17,74,74,12.11,11,202,
4-14,11:16:18,72,72,12.09,11,202,
4-14,11:16:18,72,72,12.07,11,202,
4-14,11:16:19,72,72,12,11,202,
4-14,11:16:19,73,73,12.13,11,202,
4-14,11:16:20,71,71,12.04,11,202,
4-14,11:16:20,71,71,12.03,11,202,
4-14,11:16:21,73,73,12.1,11,202,
4-14,11:16:21,71,71,12.01,11,202,
4-14,11:16:22,72,72,12.04,11,202,
4-14,11:16:22,73,73,12.08,11,202,
4-14,11:16:23,71,71,12.04,11,202,
4-14,11:16:23,74,74,12.08,11,202,
4-14,11:16:24,71,71,12.06,11,202,
4-14,11:16:24,73,73,12.11,11,202,
4-14,11:16:25,72,72,12.1,11,202,
4-14,11:16:25,71,71,12.02,11,202,
4-14,11:16:26,72,72,12.09,11,202,
4-14,11:16:26,72,72,12.03,11,202,
4-14,11:16:27,71,71,12.08,11,202,
4-14,11:16:27,70,70,12.03,11,202,
4-14,11:16:28,74,74,12.13,11,202,
4-14,11:16:28,69,69,12.02,11,202,
4-14,11:16:29,72,72,12.08,11,202,
4-14,11:16:29,71,71,12.02,11,202,
4-14,11:16:30,71,71,12.06,11,202,
4-14,11:16:30,73,73,12.06,11,202,
4-14,11:16:31,73,73,12.03,11,202,
4-14,11:16:31,74,74,12.12,11,202,
4-14,11:16:32,71,71,12.09,11,202,
4-14,11:16:32,74,74,12.11,11,202,
4-14,11:16:33,73,73,12.1,11,202,
4-14,11:16:33,71,71,12.05,11,202,
4-14,11:16:34,73,73,12.11,11,202,
4-14,11:16:34,72,72,12.07,11,202,
4-14,11:16:35,73,73,12.05,11,202,
4-14,11:16:35,72,72,12.12,11,202,
4-14,11:16:36,71,71,12.04,11,202,
4-14,11:16:36,73,73,12.05,11,202,
4-14,11:16:37,71,71,11.95,11,202,
4-14,11:16:37,70,70,11.99,11,202,
4-14,11:16:38,72,72,12.06,11,202,
4-14,11:16:38,72,72,12.06,11,202,
4-14,11:16:39,72,72,12.09,11,202,
4-14,11:16:39,71,71,12.05,11,202,
4-14,11:16:40,74,74,12.13,11,202,
4-14,11:16:40,72,72,12.12,11,202,
4-14,11:16:41,73,73,12.07,11,202,
4-14,11:16:41,71,71,12.06,11,202,
4-14,11:16:42,71,71,12.08,11,202,
4-14,11:16:42,73,73,12.08,11,202,
4-14,11:16:43,72,72,12.03,11,202,
4-14,11:16:43,74,74,12.07,11,202,
4-14,11:16:44,72,72,12.07,11,202,
4-14,11:16:44,71,71,12.05,11,202,
4-14,11:16:45,71,71,12.1,11,202,
4-14,11:16:45,72,72,12.03,11,202,
4-14,11:16:46,70,70,12.1,11,202,
4-14,11:16:46,70,70,12.08,11,202,
4-14,11:16:47,71,71,12.03,11,202,
4-14,11:16:47,71,71,12.02,11,202,
4-14,11:16:48,70,70,12.11,11,202,
4-14,11:16:48,71,71,12.08,11,202,
4-14,11:16:49,72,72,12.04,11,202,
4-14,11:16:49,72,72,12.07,11,202,
4-14,11:16:50,70,70,12.04,11,202,
4-14,11:16:50,69,69,11.95,11,202,
4-14,11:16:51,69,69,12.03,11,202,
4-14,11:16:51,70,70,12.01,11,202,
4-14,11:16:52,68,68,11.98,11,202,
4-14,11:16:52,71,71,12.08,11,202,
4-14,11:16:53,69,69,12.07,11,202,
4-14,11:16:53,70,70,12.08,11,202,
4-14,11:16:54,70,70,12.03,11,202,
4-14,11:16:54,70,70,12.08,11,202,
4-14,11:16:55,71,71,12.1,11,202,
4-14,11:16:55,70,70,12.07,11,202,
4-14,11:16:56,70,70,12,11,202,
4-14,11:16:56,70,70,12.07,11,202,
4-14,11:16:57,70,70,12.04,11,202,
4-14,11:16:57,70,70,12.01,11,202,
4-14,11:16:58,70,70,12.03,11,202,
4-14,11:16:58,70,70,12.05,11,202,
4-14,11:16:59,69,69,12.01,11,202,
4-14,11:16:59,68,68,12.04,11,202,
4-14,11:17:0,69,69,12.05,11,202,
4-14,11:17:0,71,71,12.09,11,202,
4-14,11:17:1,69,69,12.06,11,202,
4-14,11:17:1,68,68,11.98,11,202,
4-14,11:17:2,69,69,12.01,11,202,
4-14,11:17:2,68,68,12.01,11,202,
4-14,11:17:3,68,68,12.04,11,202,
4-14,11:17:3,69,69,12.03,11,202,
4-14,11:17:4,68,68,12,11,202,
4-14,11:17:4,71,71,12.1,11,202,
4-14,11:17:5,69,69,12.05,11,202,
4-14,11:17:5,66,66,12,11,202,
4-14,11:17:6,69,69,12.02,11,202,
4-14,11:17:6,70,70,12.06,11,202,
4-14,11:17:7,68,68,11.99,11,202,
4-14,11:17:7,68,68,12.01,11,202,
4-14,11:17:8,69,69,11.96,11,202,
4-14,11:17:8,70,70,12.06,11,202,
4-14,11:17:9,68,68,11.94,11,202,
4-14,11:17:9,69,69,12.05,11,202,
4-14,11:17:10,70,70,12.12,11,202,
4-14,11:17:10,66,66,12,11,202,
4-14,11:17:11,70,70,12.03,11,202,
4-14,11:17:11,68,68,11.96,11,202,
4-14,11:17:12,68,68,11.99,11,202,
4-14,11:17:12,68,68,12.01,11,202,
4-14,11:17:13,68,68,12.03,11,202,
4-14,11:17:13,68,68,11.99,11,202,
4-14,11:17:14,68,68,12.03,11,202,
4-14,11:17:14,71,71,12.02,11,202,
4-14,11:17:15,68,68,12.02,11,202,
4-14,11:17:15,67,67,11.98,11,202,
4-14,11:17:16,68,68,12.04,11,202,
4-14,11:17:16,70,70,12.09,11,202,
4-14,11:17:17,69,69,12.1,11,202,
4-14,11:17:17,68,68,11.96,11,202,
4-14,11:17:18,69,69,11.99,11,202,
4-14,11:17:18,66,66,11.96,11,202,
4-14,11:17:19,69,69,11.98,11,202,
4-14,11:17:19,68,68,12.04,11,202,
4-14,11:17:20,68,68,12.03,11,202,
4-14,11:17:20,68,68,11.96,11,202,
4-14,11:17:21,67,67,12,11,202,
4-14,11:17:21,68,68,12.04,11,202,
4-14,11:17:22,69,69,12,11,202,
4-14,11:17:22,69,69,12,11,202,
4-14,11:17:23,70,70,12.04,11,202,
4-14,11:17:23,69,69,12.01,11,202,
4-14,11:17:24,68,68,11.98,11,202,
4-14,11:17:24,69,69,11.98,11,202,
4-14,11:17:25,67,67,11.98,11,202,
4-14,11:17:25,70,70,12.04,11,202,
4-14,11:17:26,69,69,12.03,11,202,
4-14,11:17:26,71,71,12.05,11,202,
4-14,11:17:27,72,72,12.05,11,202,
4-14,11:17:27,67,67,11.94,11,202,
4-14,11:17:28,71,71,12.03,11,202,
4-14,11:17:28,69,69,12.05,11,202,
4-14,11:17:29,69,69,11.99,11,202,
4-14,11:17:29,68,68,12.02,11,202,
4-14,11:17:30,69,69,12.05,11,202,
4-14,11:17:30,70,70,12.05,11,202,
4-14,11:17:31,69,69,11.99,11,202,
4-14,11:17:31,70,70,12.06,11,202,
4-14,11:17:32,67,67,11.96,11,202,
4-14,11:17:32,69,69,11.96,11,202,
4-14,11:17:33,72,72,12.04,11,202,
4-14,11:17:33,70,70,12,11,202,
4-14,11:17:34,71,71,12.04,11,202,
4-14,11:17:34,70,70,12.06,11,202,
4-14,11:17:35,70,70,12.05,11,202,
4-14,11:17:35,73,73,12.02,11,202,
4-14,11:17:36,69,69,12.02,11,202,
4-14,11:17:36,71,71,12.05,11,202,
4-14,11:17:37,70,70,12.06,11,202,
4-14,11:17:37,70,70,12.06,11,202,
4-14,11:17:38,71,71,12.1,11,202,
4-14,11:17:38,73,73,12.04,11,202,
4-14,11:17:39,72,72,12.04,11,202,
4-14,11:17:39,72,72,12.08,11,202,
4-14,11:17:40,72,72,12.06,11,202,
4-14,11:17:40,72,72,11.99,11,202,
4-14,11:17:41,71,71,12.06,11,202,
4-14,11:17:41,70,70,12.01,11,202,
4-14,11:17:42,73,73,12.09,11,202,
4-14,11:17:42,70,70,11.98,11,202,
4-14,11:17:43,73,73,12.05,11,202,
4-14,11:17:43,71,71,12.02,11,202,
4-14,11:17:44,72,72,12.07,11,202,
4-14,11:17:44,73,73,12.06,11,202,
4-14,11:17:45,73,73,12.13,11,202,
4-14,11:17:45,71,71,12,11,202,
4-14,11:17:46,71,71,12.07,11,202,
4-14,11:17:46,71,71,12.04,11,202,
4-14,11:17:47,73,73,12.11,11,202,
4-14,11:17:47,73,73,12.1,11,202,
4-14,11:17:48,71,71,12.07,11,202,
4-14,11:17:48,70,70,12.02,11,202,
4-14,11:17:49,72,72,12.08,11,202,
4-14,11:17:49,70,70,11.95,11,202,
4-14,11:17:50,72,72,12.02,11,202,
4-14,11:17:50,70,70,11.99,11,202,
4-14,11:17:51,72,72,12.05,11,202,
4-14,11:17:51,74,74,12.09,11,202,
4-14,11:17:52,71,71,12.05,11,202,
4-14,11:17:52,71,71,12.05,11,202,
4-14,11:17:53,70,70,11.99,11,202,
4-14,11:17:53,72,72,12.06,11,202,
4-14,11:17:54,70,70,12,11,202,
4-14,11:17:54,70,70,12,11,202,
4-14,11:17:55,72,72,12.06,11,202,
4-14,11:17:55,70,70,11.99,11,202,
4-14,11:17:56,71,71,12.06,11,202,
4-14,11:17:56,72,72,12.01,11,202,
4-14,11:17:57,71,71,11.99,11,202,
4-14,11:17:57,70,70,12.03,11,202,
4-14,11:17:58,69,69,12.07,11,202,
4-14,11:17:58,70,70,11.99,11,202,
4-14,11:17:59,71,71,12.07,11,202,
4-14,11:17:59,70,70,12.02,11,202,
4-14,11:18:0,69,69,12.05,11,202,
4-14,11:18:0,71,71,11.99,11,202,
4-14,11:18:1,72,72,12.06,11,202,
4-14,11:18:1,73,73,12.09,11,202,
4-14,11:18:2,71,71,12.05,11,202,
4-14,11:18:2,69,69,12.01,11,202,
4-14,11:18:3,71,71,11.99,11,202,
4-14,11:18:3,74,74,12.11,11,202,
4-14,11:18:4,71,71,12.05,11,202,
4-14,11:18:4,70,70,12.06,11,202,
4-14,11:18:5,71,71,12.04,11,202,
4-14,11:18:5,72,72,12.1,11,202,
4-14,11:18:6,71,71,12.01,11,202,
4-14,11:18:6,70,70,11.98,11,202,
4-14,11:18:7,72,72,11.95,11,202,
4-14,11:18:7,71,71,12.03,11,202,
4-14,11:18:8,71,71,12.09,11,202,
4-14,11:18:8,73,73,12.05,11,202,
4-14,11:18:9,70,70,11.96,11,202,
4-14,11:18:9,69,69,12,11,202,
4-14,11:18:10,72,72,12,11,202,
4-14,11:18:10,71,71,12.02,11,202,
4-14,11:18:11,70,70,12.02,11,202,
4-14,11:18:11,69,69,12,11,202,
4-14,11:18:12,71,71,12.01,11,202,
4-14,11:18:12,69,69,11.92,11,202,
4-14,11:18:13,71,71,11.99,11,202,
4-14,11:18:13,73,73,11.99,11,202,
4-14,11:18:14,72,72,12.02,11,202,
4-14,11:18:14,70,70,12,11,202,
4-14,11:18:15,71,71,11.9,11,202,
4-14,11:18:15,71,71,12.01,11,202,
4-14,11:18:16,71,71,12,11,202,
4-14,11:18:16,71,71,12.01,11,202,
4-14,11:18:17,71,71,11.99,11,202,
4-14,11:18:17,70,70,11.97,11,202,
4-14,11:18:18,72,72,12.03,11,202,
4-14,11:18:18,73,73,12.04,11,202,
4-14,11:18:19,69,69,11.98,11,202,
4-14,11:18:19,69,69,11.95,11,202,
4-14,11:18:20,71,71,12.02,11,202,
4-14,11:18:20,70,70,12.02,11,202,
4-14,11:18:21,70,70,11.93,11,202,
4-14,11:18:21,70,70,12,11,202,
4-14,11:18:22,71,71,12.08,11,202,
4-14,11:18:22,71,71,12.03,11,202,
4-14,11:18:23,74,74,12.02,11,202,
4-14,11:18:23,70,70,11.93,11,202,
4-14,11:18:24,70,70,11.93,11,202,
4-14,11:18:24,70,70,11.99,11,202,
4-14,11:18:25,70,70,11.97,11,202,
4-14,11:18:25,71,71,12.03,11,202,
4-14,11:18:26,72,72,11.99,11,202,
4-14,11:18:26,71,71,12.03,11,202,
4-14,11:18:27,72,72,12.02,11,202,
4-14,11:18:27,70,70,11.99,11,202,
4-14,11:18:28,71,71,12.06,11,202,
4-14,11:18:28,72,72,12.02,11,202,
4-14,11:18:29,72,72,11.97,11,202,
4-14,11:18:29,71,71,12.04,11,202,
4-14,11:18:30,70,70,12,11,202,
4-14,11:18:30,70,70,11.92,11,202,
4-14,11:18:31,72,72,12.01,11,202,
4-14,11:18:31,73,73,12,11,202,
4-14,11:18:32,71,71,11.92,11,202,
4-14,11:18:32,73,73,12.05,11,202,
4-14,11:18:33,71,71,12,11,202,
4-14,11:18:33,73,73,12.03,11,202,
4-14,11:18:34,72,72,11.94,11,202,
4-14,11:18:34,73,73,12,11,202,
4-14,11:18:35,70,70,11.95,11,202,
4-14,11:18:35,70,70,11.94,11,202,
4-14,11:18:36,72,72,12.06,11,202,
4-14,11:18:36,72,72,12.03,11,202,
4-14,11:18:37,72,72,11.98,11,202,
4-14,11:18:37,73,73,12.03,11,202,
4-14,11:18:38,70,70,12.03,11,202,
4-14,11:18:38,70,70,12.06,11,202,
4-14,11:18:39,71,71,11.99,11,202,
4-14,11:18:39,72,72,12,11,202,
4-14,11:18:40,72,72,12.02,11,202,
4-14,11:18:40,73,73,12.02,11,202,
4-14,11:18:41,72,72,11.95,11,202,
4-14,11:18:41,73,73,12.08,11,202,
4-14,11:18:42,71,71,12.03,11,202,
4-14,11:18:42,72,72,12.05,11,202,
4-14,11:18:43,72,72,12.02,11,202,
4-14,11:18:43,72,72,12.05,11,202,
4-14,11:18:44,70,70,11.98,11,202,
4-14,11:18:44,68,68,12,11,202,
4-14,11:18:45,71,71,12.04,11,202,
4-14,11:18:45,71,71,11.97,11,202,
4-14,11:18:46,71,71,11.95,11,202,
4-14,11:18:46,72,72,12,11,202,
4-14,11:18:47,71,71,12.02,11,202,
4-14,11:18:47,72,72,12.01,11,202,
4-14,11:18:48,72,72,12.05,11,202,
4-14,11:18:48,74,74,12.07,11,202,
4-14,11:18:49,70,70,12.04,11,202,
4-14,11:18:49,71,71,12.07,11,202,
4-14,11:18:50,71,71,12.05,11,202,
4-14,11:18:50,71,71,12.02,11,202,
4-14,11:18:51,72,72,11.99,11,202,
4-14,11:18:51,72,72,12.04,11,202,
4-14,11:18:52,70,70,12.01,11,202,
4-14,11:18:52,72,72,12.07,11,202,
4-14,11:18:53,69,69,11.99,11,202,
4-14,11:18:53,70,70,11.96,11,202,
4-14,11:18:54,72,72,11.99,11,202,
4-14,11:18:54,72,72,11.97,11,202,
4-14,11:18:55,73,73,12.16,11,202,
4-14,11:18:55,73,73,12.06,11,202,
4-14,11:18:56,72,72,12.03,11,202,
4-14,11:18:56,70,70,12,11,202,
4-14,11:18:57,72,72,12.01,11,202,
4-14,11:18:57,73,73,12.03,11,202,
4-14,11:18:58,73,73,11.93,11,202,
4-14,11:18:58,73,73,12,11,202,
4-14,11:18:59,71,71,12.08,11,202,
4-14,11:18:59,72,72,12.07,11,202,
4-14,11:19:0,73,73,11.98,11,202,
4-14,11:19:0,74,74,12.08,11,202,
4-14,11:19:1,71,71,12.03,11,202,
4-14,11:19:1,72,72,12.01,11,202,
4-14,11:19:2,71,71,11.99,11,202,
4-14,11:19:2,73,73,12.14,11,202,
4-14,11:19:3,72,72,12.03,11,202,
4-14,11:19:3,72,72,12.07,11,202,
4-14,11:19:4,73,73,12.05,11,202,
4-14,11:19:4,71,71,12,11,202,
4-14,11:19:5,72,72,12.04,11,202,
4-14,11:19:5,73,73,12.02,11,202,
4-14,11:19:6,72,72,11.99,11,202,
4-14,11:19:6,74,74,12.07,11,202,
4-14,11:19:7,74,74,12.12,11,202,
4-14,11:19:7,71,71,12.01,11,202,
4-14,11:19:8,74,74,12.09,11,202,
4-14,11:19:8,70,70,11.97,11,202,
4-14,11:19:9,72,72,12.03,11,202,
4-14,11:19:9,71,71,12.02,11,202,
4-14,11:19:10,72,72,12.07,11,202,
4-14,11:19:10,71,71,12.01,11,202,
4-14,11:19:11,73,73,11.96,11,202,
4-14,11:19:11,71,71,12.05,11,202,
4-14,11:19:12,71,71,12,11,202,
4-14,11:19:12,71,71,12.06,11,202,
4-14,11:19:13,74,74,12.1,11,202,
4-14,11:19:13,70,70,12.03,11,202,
4-14,11:19:14,71,71,11.99,11,202,
4-14,11:19:14,72,72,12.04,11,202,
4-14,11:19:15,70,70,12.03,11,202,
4-14,11:19:15,72,72,12,11,202,
4-14,11:19:16,70,70,12.01,11,202,
4-14,11:19:16,69,69,11.98,11,202,
4-14,11:19:17,72,72,11.99,11,202,
4-14,11:19:17,71,71,12.02,11,202,
4-14,11:19:18,71,71,12.01,11,202,
4-14,11:19:18,70,70,12.03,11,202,
4-14,11:19:19,71,71,11.99,11,202,
4-14,11:19:19,72,72,12.1,11,202,
4-14,11:19:20,70,70,12.05,11,202,
4-14,11:19:20,73,73,12.1,11,202,
4-14,11:19:21,71,71,11.96,11,202,
4-14,11:19:21,68,68,11.98,11,202,
4-14,11:19:22,71,71,12.04,11,202,
4-14,11:19:22,71,71,12.07,11,202,
4-14,11:19:23,69,69,11.98,11,202,
4-14,11:19:23,71,71,12.03,11,202,
4-14,11:19:24,70,70,11.99,11,202,
4-14,11:19:24,69,69,11.94,11,202,
4-14,11:19:25,72,72,11.98,11,202,
4-14,11:19:25,69,69,11.96,11,202,
4-14,11:19:26,71,71,12.03,11,202,
4-14,11:19:26,70,70,12.03,11,202,
4-14,11:19:27,72,72,12.01,11,202,
4-14,11:19:27,70,70,12.07,11,202,
4-14,11:19:28,71,71,12.04,11,202,
4-14,11:19:28,71,71,12.02,11,202,
4-14,11:19:29,69,69,12.01,11,202,
4-14,11:19:29,70,70,12.03,11,202,
4-14,11:19:30,72,72,12.02,11,202,
4-14,11:19:30,70,70,11.98,11,202,
4-14,11:19:31,69,69,11.94,11,202,
4-14,11:19:31,70,70,11.96,11,202,
4-14,11:19:32,74,74,12.02,11,202,
4-14,11:19:32,71,71,12.05,11,202,
4-14,11:19:33,73,73,12.08,11,202,
4-14,11:19:33,70,70,11.99,11,202,
4-14,11:19:34,73,73,12.01,11,202,
4-14,11:19:34,72,72,12.03,11,202,
4-14,11:19:35,71,71,12.05,11,202,
4-14,11:19:35,69,69,11.89,11,202,
4-14,11:19:36,70,70,12.07,11,202,
4-14,11:19:36,71,71,12.05,11,202,
4-14,11:19:37,71,71,11.99,11,202,
4-14,11:19:37,73,73,12.04,11,202,
4-14,11:19:38,71,71,12.08,11,202,
4-14,11:19:38,71,71,12.01,11,202,
4-14,11:19:39,70,70,12.03,11,202,
4-14,11:19:39,70,70,12.06,11,202,
4-14,11:19:40,71,71,12.08,11,202,
4-14,11:19:40,71,71,12.05,11,202,
4-14,11:19:41,70,70,11.99,11,202,
4-14,11:19:41,70,70,12,11,202,
4-14,11:19:42,72,72,11.98,11,202,
4-14,11:19:42,71,71,12.07,11,202,
4-14,11:19:43,69,69,11.99,11,202,
4-14,11:19:43,70,70,12.07,11,202,
4-14,11:19:44,71,71,12.01,11,202,
4-14,11:19:44,71,71,12.01,11,202,
4-14,11:19:45,71,71,11.99,11,202,
4-14,11:19:45,71,71,12.11,11,202,
4-14,11:19:46,71,71,12.01,11,202,
4-14,11:19:46,70,70,12.01,11,202,
4-14,11:19:47,72,72,12.05,11,202,
4-14,11:19:47,69,69,12.04,11,202,
4-14,11:19:48,72,72,12.03,11,202,
4-14,11:19:48,69,69,11.96,11,202,
4-14,11:19:49,70,70,11.97,11,202,
4-14,11:19:49,70,70,11.94,11,202,
4-14,11:19:50,71,71,12.06,11,202,
4-14,11:19:50,70,70,12.01,11,202,
4-14,11:19:51,69,69,12.04,11,202,
4-14,11:19:51,70,70,11.96,11,202,
4-14,11:19:52,70,70,12.04,11,202,
4-14,11:19:52,74,74,12.04,11,202,
4-14,11:19:53,71,71,11.93,11,202,
4-14,11:19:53,71,71,12.03,11,202,
4-14,11:19:54,70,70,11.99,11,202,
4-14,11:19:54,72,72,12.02,11,202,
4-14,11:19:55,71,71,12.02,11,202,
4-14,11:19:55,70,70,11.97,11,202,
4-14,11:19:56,70,70,11.99,11,202,
4-14,11:19:56,71,71,11.99,11,202,
4-14,11:19:57,71,71,11.97,11,202,
4-14,11:19:57,70,70,12.01,11,202,
4-14,11:19:58,71,71,12.05,11,202,
4-14,11:19:58,71,71,11.97,11,202,
4-14,11:19:59,70,70,11.98,11,202,
4-14,11:19:59,70,70,11.92,11,202,
4-14,11:20:0,73,73,12.05,11,202,
4-14,11:20:0,73,73,11.98,11,202,
4-14,11:20:1,71,71,11.97,11,202,
4-14,11:20:1,71,71,12.04,11,202,
4-14,11:20:2,73,73,12.02,11,202,
4-14,11:20:2,73,73,12.02,11,202,
4-14,11:20:3,71,71,11.97,11,202,
4-14,11:20:3,71,71,11.96,11,202,
4-14,11:20:4,68,68,12,11,202,
4-14,11:20:4,72,72,12.08,11,202,
4-14,11:20:5,69,69,12.04,11,202,
4-14,11:20:5,72,72,12.07,11,202,
4-14,11:20:6,71,71,11.98,11,202,
4-14,11:20:6,73,73,12.09,11,202,
4-14,11:20:7,73,73,12.03,11,202,
4-14,11:20:7,72,72,11.97,11,202,
4-14,11:20:8,70,70,11.99,11,202,
4-14,11:20:8,70,70,12.02,11,202,
4-14,11:20:9,70,70,12,11,202,
4-14,11:20:9,71,71,11.98,11,202,
4-14,11:20:10,70,70,11.97,11,202,
4-14,11:20:10,68,68,11.98,11,202,
4-14,11:20:11,70,70,11.96,11,202,
4-14,11:20:11,70,70,12,11,202,
4-14,11:20:12,69,69,12.08,11,202,
4-14,11:20:12,69,69,12.02,11,202,
4-14,11:20:13,67,67,11.93,11,202,
4-14,11:20:13,69,69,11.98,11,202,
4-14,11:20:14,71,71,12.1,11,202,
4-14,11:20:14,70,70,11.98,11,202,
4-14,11:20:15,73,73,12.09,11,202,
4-14,11:20:15,70,70,12.02,11,202,
4-14,11:20:16,71,71,11.89,11,202,
4-14,11:20:16,69,69,12,11,202,
4-14,11:20:17,70,70,11.98,11,202,
4-14,11:20:17,71,71,12,11,202,
4-14,11:20:18,70,70,12.03,11,202,
4-14,11:20:18,70,70,11.99,11,202,
4-14,11:20:19,68,68,11.9,11,202,
4-14,11:20:19,72,72,12.05,11,202,
4-14,11:20:20,69,69,12,11,202,
4-14,11:20:20,70,70,11.98,11,202,
4-14,11:20:21,71,71,11.98,11,202,
4-14,11:20:21,69,69,12.02,11,202,
4-14,11:20:22,70,70,12.03,11,202,
4-14,11:20:22,71,71,12,11,202,
4-14,11:20:23,70,70,12.07,11,202,
4-14,11:20:23,70,70,11.99,11,202,
4-14,11:20:24,69,69,12.03,11,202,
4-14,11:20:24,69,69,12.02,11,202,
4-14,11:20:25,71,71,12.12,11,202,
4-14,11:20:25,70,70,12.01,11,202,
4-14,11:20:26,67,67,12.02,11,202,
4-14,11:20:26,70,70,12.03,11,202,
4-14,11:20:27,69,69,12.03,11,202,
4-14,11:20:27,69,69,12.09,11,202,
4-14,11:20:28,70,70,12.06,11,202,
4-14,11:20:28,68,68,12.02,11,202,
4-14,11:20:29,70,70,11.99,11,202,
4-14,11:20:29,68,68,11.97,11,202,
4-14,11:20:30,70,70,12.07,11,202,
4-14,11:20:30,70,70,12.07,11,202,
4-14,11:20:31,70,70,12.04,11,202,
4-14,11:20:31,70,70,12.08,11,202,
4-14,11:20:32,72,72,12.15,11,202,
4-14,11:20:32,69,69,12.01,11,202,
4-14,11:20:33,70,70,12.01,11,202,
4-14,11:20:33,70,70,12.04,11,202,
4-14,11:20:34,67,67,11.97,11,202,
4-14,11:20:34,69,69,12.02,11,202,
4-14,11:20:35,69,69,12.07,11,202,
4-14,11:20:35,69,69,12.03,11,202,
4-14,11:20:36,73,73,12.18,11,202,
4-14,11:20:36,69,69,12.05,11,202,
4-14,11:20:37,70,70,12.05,11,202,
4-14,11:20:37,71,71,12.14,11,202,
4-14,11:20:38,72,72,12.04,11,202,
4-14,11:20:38,71,71,12.09,11,202,
4-14,11:20:39,71,71,12.07,11,202,
4-14,11:20:39,71,71,11.97,11,202,
4-14,11:20:40,70,70,12.08,11,202,
4-14,11:20:40,71,71,12.01,11,202,
4-14,11:20:41,72,72,12.05,11,202,
4-14,11:20:41,71,71,12.06,11,202,
4-14,11:20:42,71,71,12.04,11,202,
4-14,11:20:42,72,72,12.07,11,202,
4-14,11:20:43,72,72,12.11,11,202,
4-14,11:20:43,72,72,12.01,11,202,
4-14,11:20:44,72,72,12.04,11,202,
4-14,11:20:44,71,71,12.07,11,202,
4-14,11:20:45,72,72,12.03,11,202,
4-14,11:20:45,71,71,12.01,11,202,
4-14,11:20:46,73,73,12.05,11,202,
4-14,11:20:46,72,72,12.01,11,202,
4-14,11:20:47,71,71,12.09,11,202,
4-14,11:20:47,70,70,11.99,11,202,
4-14,11:20:48,72,72,12.06,11,202,
4-14,11:20:48,73,73,12.06,11,202,
4-14,11:20:49,71,71,12.08,11,202,
4-14,11:20:49,71,71,12,11,202,
4-14,11:20:50,72,72,11.96,11,202,
4-14,11:20:50,71,71,12.05,11,202,
4-14,11:20:51,71,71,12.02,11,202,
4-14,11:20:51,72,72,11.94,11,202,
4-14,11:20:52,70,70,11.96,11,202,
4-14,11:20:52,71,71,12.08,11,202,
4-14,11:20:53,71,71,11.99,11,202,
4-14,11:20:53,71,71,12.06,11,202,
4-14,11:20:54,69,69,11.95,11,202,
4-14,11:20:54,75,75,12.11,11,202,
4-14,11:20:55,71,71,11.92,11,202,
4-14,11:20:55,72,72,12.08,11,202,
4-14,11:20:56,72,72,12.02,11,202,
4-14,11:20:56,72,72,12.05,11,202,
4-14,11:20:57,70,70,11.97,11,202,
4-14,11:20:57,69,69,11.99,11,202,
4-14,11:20:58,69,69,12.32,11,202,
4-14,11:20:58,69,69,12.43,11,202,
4-14,11:20:59,71,71,12.36,11,202,
4-14,11:20:59,72,72,11.93,11,202,
4-14,11:21:0,72,72,12.04,11,202,
4-14,11:21:0,76,76,12.06,11,202,
4-14,11:21:1,74,74,12.04,11,202,
4-14,11:21:1,78,78,12.25,11,202,
4-14,11:21:2,79,79,12.18,11,202,
4-14,11:21:2,78,78,12.27,11,202,
4-14,11:21:3,76,76,12.35,11,202,
4-14,11:21:3,79,79,12.24,11,202,
4-14,11:21:4,79,79,12.26,11,202,
4-14,11:21:4,80,80,12.29,11,202,
4-14,11:21:5,80,80,12.3,11,202,
4-14,11:21:5,78,78,12.23,11,202,
4-14,11:21:6,78,78,12.23,11,202,
4-14,11:21:6,79,79,12.19,11,202,
4-14,11:21:7,78,78,12.19,11,202,
4-14,11:21:7,79,79,12.2,11,202,
4-14,11:21:8,79,79,12.22,11,202,
4-14,11:21:8,80,80,12.17,11,202,
4-14,11:21:9,78,78,12.22,11,202,
4-14,11:21:9,78,78,12.27,11,202,
4-14,11:21:10,79,79,12.28,11,202,
4-14,11:21:10,79,79,12.26,11,202,
4-14,11:21:11,78,78,12.24,11,202,
4-14,11:21:11,77,77,12.24,11,202,
4-14,11:21:12,78,78,12.21,11,202,
4-14,11:21:12,77,77,12.21,11,202,
4-14,11:21:13,78,78,12.19,11,202,
4-14,11:21:13,78,78,12.15,11,202,
4-14,11:21:14,78,78,12.17,11,202,
4-14,11:21:14,78,78,12.24,11,202,
4-14,11:21:15,77,77,12.11,11,202,
4-14,11:21:15,78,78,12.14,11,202,
4-14,11:21:16,77,77,12.18,11,202,
4-14,11:21:16,78,78,12.16,11,202,
4-14,11:21:17,79,79,12.23,11,202,
4-14,11:21:17,78,78,12.24,11,202,
4-14,11:21:18,78,78,12.21,11,202,
4-14,11:21:18,79,79,12.21,11,202,
4-14,11:21:19,78,78,12.23,11,202,
4-14,11:21:19,79,79,12.25,11,202,
4-14,11:21:20,79,79,12.33,11,202,
4-14,11:21:20,79,79,12.31,11,202,
4-14,11:21:21,80,80,12.23,11,202,
4-14,11:21:21,78,78,12.22,11,202,
4-14,11:21:22,79,79,12.15,11,202,
4-14,11:21:22,77,77,12.09,11,202,
4-14,11:21:23,73,73,12.09,11,202,
4-14,11:21:23,71,71,12,11,202,
4-14,11:21:24,70,70,12,11,202,
4-14,11:21:24,74,74,12.09,11,202,
4-14,11:21:25,72,72,12.03,11,202,
4-14,11:21:25,75,75,12.14,11,202,
4-14,11:21:26,74,74,12.09,11,202,
4-14,11:21:26,75,75,12.16,11,202,
4-14,11:21:27,74,74,12.11,11,202,
4-14,11:21:27,74,74,12.09,11,202,
4-14,11:21:28,74,74,12.07,11,202,
4-14,11:21:28,74,74,12.09,11,202,
4-14,11:21:29,76,76,12.17,11,202,
4-14,11:21:29,75,75,12.19,11,202,
4-14,11:21:30,74,74,12.06,11,202,
4-14,11:21:30,72,72,12.09,11,202,
4-14,11:21:31,72,72,12.05,11,202,
4-14,11:21:31,73,73,12.01,11,202,
4-14,11:21:32,73,73,12.08,11,202,
4-14,11:21:32,72,72,12.08,11,202,
4-14,11:21:33,74,74,12.15,11,202,
4-14,11:21:33,74,74,12.11,11,202,
4-14,11:21:34,76,76,12.15,11,202,
4-14,11:21:34,75,75,12.17,11,202,
4-14,11:21:35,75,75,12.15,11,202,
4-14,11:21:35,72,72,12.09,11,202,
4-14,11:21:36,74,74,12.09,11,202,
4-14,11:21:36,74,74,12.05,11,202,
4-14,11:21:37,74,74,12.09,11,202,
4-14,11:21:37,74,74,12.1,11,202,
4-14,11:21:38,74,74,12.1,11,202,
4-14,11:21:38,74,74,12.05,11,202,
4-14,11:21:39,73,73,12.05,11,202,
4-14,11:21:39,74,74,12.13,11,202,
4-14,11:21:40,74,74,12.08,11,202,
4-14,11:21:40,74,74,12.06,11,202,
4-14,11:21:41,73,73,12.11,11,202,
4-14,11:21:41,73,73,12.05,11,202,
4-14,11:21:42,75,75,12,11,202,
4-14,11:21:42,73,73,12.05,11,202,
4-14,11:21:43,75,75,12.11,11,202,
4-14,11:21:43,74,74,12.07,11,202,
4-14,11:21:44,74,74,12.08,11,202,
4-14,11:21:44,75,75,12.07,11,202,
4-14,11:21:45,74,74,12.02,11,202,
4-14,11:21:45,73,73,12.05,11,202,
4-14,11:21:46,73,73,12.08,11,202,
4-14,11:21:46,74,74,12.07,11,202,
4-14,11:21:47,74,74,11.97,11,202,
4-14,11:21:47,73,73,11.93,11,202,
4-14,11:21:48,75,75,12.15,11,202,
4-14,11:21:48,74,74,12.06,11,202,
4-14,11:21:49,73,73,12.01,11,202,
4-14,11:21:49,71,71,12.05,11,202,
4-14,11:21:50,74,74,12.03,11,202,
4-14,11:21:50,73,73,12,11,202,
4-14,11:21:51,72,72,11.99,11,202,
4-14,11:21:51,72,72,11.96,11,202,
4-14,11:21:52,73,73,12.01,11,202,
4-14,11:21:52,73,73,12.02,11,202,
4-14,11:21:53,73,73,12.02,11,202,
4-14,11:21:53,72,72,11.99,11,202,
4-14,11:21:54,74,74,12.1,11,202,
4-14,11:21:54,74,74,12.02,11,202,
4-14,11:21:55,74,74,11.98,11,202,
4-14,11:21:55,74,74,12.02,11,202,
4-14,11:21:56,74,74,12.06,11,202,
4-14,11:21:56,73,73,12.04,11,202,
4-14,11:21:57,73,73,12.06,11,202,
4-14,11:21:57,72,72,12.01,11,202,
4-14,11:21:58,73,73,12.03,11,202,
4-14,11:21:58,72,72,11.93,11,202,
4-14,11:21:59,73,73,12.03,11,202,
4-14,11:21:59,73,73,12.06,11,202,
4-14,11:22:0,72,72,12.03,11,202,
4-14,11:22:0,73,73,11.96,11,202,
4-14,11:22:1,73,73,12.01,11,202,
4-14,11:22:1,73,73,12,11,202,
4-14,11:22:2,75,75,11.97,11,202,
4-14,11:22:2,74,74,12.09,11,202,
4-14,11:22:3,73,73,12.02,11,202,
4-14,11:22:3,73,73,12.01,11,202,
4-14,11:22:4,73,73,12.02,11,202,
4-14,11:22:4,72,72,11.99,11,202,
4-14,11:22:5,73,73,11.98,11,202,
4-14,11:22:5,73,73,12.06,11,202,
4-14,11:22:6,72,72,12.05,11,202,
4-14,11:22:6,72,72,12.04,11,202,
4-14,11:22:7,72,72,11.93,11,202,
4-14,11:22:7,71,71,12.06,11,202,
4-14,11:22:8,72,72,12.06,11,202,
4-14,11:22:8,71,71,12.02,11,202,
4-14,11:22:9,73,73,12.02,11,202,
4-14,11:22:9,72,72,12,11,202,
4-14,11:22:10,70,70,11.98,11,202,
4-14,11:22:10,73,73,12.04,11,202,
4-14,11:22:11,73,73,12.05,11,202,
4-14,11:22:11,72,72,12.04,11,202,
4-14,11:22:12,72,72,12.03,11,202,
4-14,11:22:12,73,73,12.03,11,202,
4-14,11:22:13,70,70,11.97,11,202,
4-14,11:22:13,73,73,11.96,11,202,
4-14,11:22:14,72,72,12.04,11,202,
4-14,11:22:14,72,72,12.07,11,202,
4-14,11:22:15,72,72,12.06,11,202,
4-14,11:22:15,73,73,12.07,11,202,
4-14,11:22:16,72,72,12,11,202,
4-14,11:22:16,69,69,11.99,11,202,
4-14,11:22:17,71,71,12.03,11,202,
4-14,11:22:17,72,72,11.99,11,202,
4-14,11:22:18,72,72,12.03,11,202,
4-14,11:22:18,73,73,12,11,202,
4-14,11:22:19,70,70,11.91,11,202,
4-14,11:22:19,71,71,11.98,11,202,
4-14,11:22:20,70,70,11.93,11,202,
4-14,11:22:20,73,73,12.09,11,202,
4-14,11:22:21,72,72,12.03,11,202,
4-14,11:22:21,73,73,12.02,11,202,
4-14,11:22:22,71,71,12.07,11,202,
4-14,11:22:22,73,73,12.05,11,202,
4-14,11:22:23,70,70,12,11,202,
4-14,11:22:23,72,72,12,11,202,
4-14,11:22:24,71,71,11.95,11,202,
4-14,11:22:24,71,71,12.03,11,202,
4-14,11:22:25,68,68,11.95,11,202,
4-14,11:22:25,72,72,12.06,11,202,
4-14,11:22:26,68,68,11.96,11,202,
4-14,11:22:26,69,69,12.01,11,202,
4-14,11:22:27,70,70,12.04,11,202,
4-14,11:22:27,69,69,12.04,11,202,
4-14,11:22:28,69,69,11.99,11,202,
4-14,11:22:28,70,70,12.03,11,202,
4-14,11:22:29,71,71,12.1,11,202,
4-14,11:22:29,69,69,11.98,11,202,
4-14,11:22:30,71,71,12,11,202,
4-14,11:22:30,71,71,12.05,11,202,
4-14,11:22:31,70,70,12.02,11,202,
4-14,11:22:31,69,69,11.95,11,202,
4-14,11:22:32,69,69,12.03,11,202,
4-14,11:22:32,72,72,12.07,11,202,
4-14,11:22:33,73,73,12.1,11,202,
4-14,11:22:33,72,72,12.12,11,202,
4-14,11:22:34,74,74,12.09,11,202,
4-14,11:22:34,72,72,12,11,202,
4-14,11:22:35,71,71,12.07,11,202,
4-14,11:22:35,70,70,11.96,11,202,
4-14,11:22:36,70,70,12.08,11,202,
4-14,11:22:36,71,71,12.08,11,202,
4-14,11:22:37,69,69,12,11,202,
4-14,11:22:37,71,71,12.06,11,202,
4-14,11:22:38,70,70,12,11,202,
4-14,11:22:38,71,71,11.93,11,202,
4-14,11:22:39,71,71,12.08,11,202,
4-14,11:22:39,70,70,12.03,11,202,
4-14,11:22:40,72,72,12.02,11,202,
4-14,11:22:40,72,72,12.06,11,202,
4-14,11:22:41,70,70,12.11,11,202,
4-14,11:22:41,72,72,12.06,11,202,
4-14,11:22:42,73,73,12.06,11,202,
4-14,11:22:42,70,70,12.07,11,202,
4-14,11:22:43,71,71,12.1,11,202,
4-14,11:22:43,70,70,12.07,11,202,
4-14,11:22:44,71,71,12.06,11,202,
4-14,11:22:44,70,70,12.05,11,202,
4-14,11:22:45,71,71,12.1,11,202,
4-14,11:22:45,71,71,12.01,11,202,
4-14,11:22:46,69,69,12.06,11,202,
4-14,11:22:46,72,72,12.06,11,202,
4-14,11:22:47,72,72,12.01,11,202,
4-14,11:22:47,70,70,12.03,11,202,
4-14,11:22:48,72,72,12.09,11,202,
4-14,11:22:48,72,72,12.1,11,202,
4-14,11:22:49,71,71,11.95,11,202,
4-14,11:22:49,69,69,12.07,11,202,
4-14,11:22:50,69,69,12,11,202,
4-14,11:22:50,70,70,12.08,11,202,
4-14,11:22:51,70,70,12.04,11,202,
4-14,11:22:51,71,71,12.07,11,202,
4-14,11:22:52,70,70,12.05,11,202,
4-14,11:22:52,70,70,12.01,11,202,
4-14,11:22:53,71,71,12.06,11,202,
4-14,11:22:53,72,72,12.12,11,202,
4-14,11:22:54,72,72,12.1,11,202,
4-14,11:22:54,72,72,12.12,11,202,
4-14,11:22:55,69,69,12.08,11,202,
4-14,11:22:55,71,71,12.11,11,202,
4-14,11:22:56,70,70,12.04,11,202,
4-14,11:22:56,73,73,12.04,11,202,
4-14,11:22:57,71,71,12.05,11,202,
4-14,11:22:57,70,70,11.97,11,202,
4-14,11:22:58,71,71,12.11,11,202,
4-14,11:22:58,71,71,11.98,11,202,
4-14,11:22:59,71,71,12.1,11,202,
4-14,11:22:59,71,71,12.06,11,202,
4-14,11:23:0,73,73,12.07,11,202,
4-14,11:23:0,70,70,12.11,11,202,
4-14,11:23:1,69,69,12,11,202,
4-14,11:23:1,70,70,12.08,11,202,
4-14,11:23:2,70,70,12.12,11,202,
4-14,11:23:2,71,71,12.05,11,202,
4-14,11:23:3,72,72,12.07,11,202,
4-14,11:23:3,72,72,12.09,11,202,
4-14,11:23:4,72,72,12.05,11,202,
4-14,11:23:4,72,72,12.07,11,202,
4-14,11:23:5,69,69,12.04,11,202,
4-14,11:23:5,71,71,12.02,11,202,
4-14,11:23:6,70,70,12,11,202,
4-14,11:23:6,70,70,12.09,11,202,
4-14,11:23:7,70,70,12.03,11,202,
4-14,11:23:7,70,70,12.09,11,202,
4-14,11:23:8,73,73,12.14,11,202,
4-14,11:23:8,70,70,12.02,11,202,
4-14,11:23:9,71,71,12.02,11,202,
4-14,11:23:9,73,73,12.12,11,202,
4-14,11:23:10,70,70,12.11,11,202,
4-14,11:23:10,72,72,12.11,11,202,
4-14,11:23:11,70,70,12.01,11,202,
4-14,11:23:11,69,69,12.04,11,202,
4-14,11:23:12,72,72,12.04,11,202,
4-14,11:23:12,71,71,12.08,11,202,
4-14,11:23:13,72,72,12.09,11,202,
4-14,11:23:13,72,72,12.02,11,202,
4-14,11:23:14,70,70,11.99,11,202,
4-14,11:23:14,70,70,12.07,11,202,
4-14,11:23:15,69,69,12.02,11,202,
4-14,11:23:15,70,70,12.07,11,202,
4-14,11:23:16,71,71,12.03,11,202,
4-14,11:23:16,70,70,12.07,11,202,
4-14,11:23:17,71,71,12.13,11,202,
4-14,11:23:17,70,70,12.1,11,202,
4-14,11:23:18,71,71,12.12,11,202,
4-14,11:23:18,72,72,12.06,11,202,
4-14,11:23:19,69,69,12,11,202,
4-14,11:23:19,72,72,12.03,11,202,
4-14,11:23:20,69,69,12.05,11,202,
4-14,11:23:20,68,68,12.11,11,202,
4-14,11:23:21,67,67,12.03,11,202,
4-14,11:23:21,72,72,12.08,11,202,
4-14,11:23:22,73,73,12.08,11,202,
4-14,11:23:22,71,71,12.09,11,202,
4-14,11:23:23,70,70,12.1,11,202,
4-14,11:23:23,71,71,12.08,11,202,
4-14,11:23:24,70,70,12.09,11,202,
4-14,11:23:24,72,72,12.02,11,202,
4-14,11:23:25,70,70,12.06,11,202,
4-14,11:23:25,71,71,12.07,11,202,
4-14,11:23:26,71,71,12.05,11,202,
4-14,11:23:26,72,72,12.03,11,202,
4-14,11:23:27,73,73,12.15,11,202,
4-14,11:23:27,70,70,12,11,202,
4-14,11:23:28,72,72,12.01,11,202,
4-14,11:23:28,71,71,12.1,11,202,
4-14,11:23:29,70,70,11.97,11,202,
4-14,11:23:29,70,70,12.02,11,202,
4-14,11:23:30,72,72,12.08,11,202,
4-14,11:23:30,71,71,12.11,11,202,
4-14,11:23:31,72,72,12.06,11,202,
4-14,11:23:31,73,73,12.03,11,202,
4-14,11:23:32,72,72,12.03,11,202,
4-14,11:23:32,71,71,12.03,11,202,
4-14,11:23:33,73,73,12.01,11,202,
4-14,11:23:33,74,74,12.11,11,202,
4-14,11:23:34,71,71,12.02,11,202,
4-14,11:23:34,73,73,12.09,11,202,
4-14,11:23:35,72,72,12.13,11,202,
4-14,11:23:35,71,71,12.04,11,202,
4-14,11:23:36,71,71,12.07,11,202,
4-14,11:23:36,73,73,11.99,11,202,
4-14,11:23:37,73,73,12.1,11,202,
4-14,11:23:37,72,72,12.05,11,202,
4-14,11:23:38,72,72,12.03,11,202,
4-14,11:23:38,74,74,12.06,11,202,
4-14,11:23:39,73,73,12.11,11,202,
4-14,11:23:39,74,74,12.1,11,202,
4-14,11:23:40,74,74,12.09,11,202,
4-14,11:23:40,74,74,12.11,11,202,
4-14,11:23:41,74,74,12.13,11,202,
4-14,11:23:41,74,74,12.08,11,202,
4-14,11:23:42,72,72,12.03,11,202,
4-14,11:23:42,72,72,12.06,11,202,
4-14,11:23:43,72,72,12.02,11,202,
4-14,11:23:43,71,71,12.01,11,202,
4-14,11:23:44,72,72,11.96,11,202,
4-14,11:23:44,72,72,11.92,11,202,
4-14,11:23:45,71,71,11.96,11,202,
4-14,11:23:45,74,74,12.07,11,202,
4-14,11:23:46,74,74,12.08,11,202,
4-14,11:23:46,72,72,12.09,11,202,
4-14,11:23:47,70,70,11.94,11,202,
4-14,11:23:47,74,74,12.08,11,202,
4-14,11:23:48,73,73,12.05,11,202,
4-14,11:23:48,74,74,12.1,11,202,
4-14,11:23:49,73,73,11.98,11,202,
4-14,11:23:49,71,71,11.98,11,202,
4-14,11:23:50,72,72,12.01,11,202,
4-14,11:23:50,74,74,12.12,11,202,
4-14,11:23:51,74,74,12.07,11,202,
4-14,11:23:51,75,75,12.13,11,202,
4-14,11:23:52,72,72,12.07,11,202,
4-14,11:23:52,73,73,12.14,11,202,
4-14,11:23:53,74,74,12.06,11,202,
4-14,11:23:53,73,73,12.14,11,202,
4-14,11:23:54,74,74,12.03,11,202,
4-14,11:23:54,72,72,12.14,11,202,
4-14,11:23:55,74,74,12.11,11,202,
4-14,11:23:55,72,72,12.06,11,202,
4-14,11:23:56,73,73,12.02,11,202,
4-14,11:23:56,75,75,12.09,11,202,
4-14,11:23:57,74,74,12.07,11,202,
4-14,11:23:57,72,72,12.01,11,202,
4-14,11:23:58,75,75,12.1,11,202,
4-14,11:23:58,69,69,11.94,11,202,
4-14,11:23:59,73,73,12.06,11,202,
4-14,11:23:59,73,73,12.02,11,202,
4-14,11:24:0,73,73,11.99,11,202,
4-14,11:24:0,74,74,12.04,11,202,
4-14,11:24:1,73,73,12.1,11,202,
4-14,11:24:1,75,75,12.13,11,202,
4-14,11:24:2,74,74,12.08,11,202,
4-14,11:24:2,74,74,12.12,11,202,
4-14,11:24:3,73,73,12.01,11,202,
4-14,11:24:3,75,75,12.07,11,202,
4-14,11:24:4,73,73,12.09,11,202,
4-14,11:24:4,72,72,12.01,11,202,
4-14,11:24:5,75,75,12.15,11,202,
4-14,11:24:5,71,71,12,11,202,
4-14,11:24:6,74,74,12.03,11,202,
4-14,11:24:6,71,71,12.07,11,202,
4-14,11:24:7,73,73,12.1,11,202,
4-14,11:24:7,69,69,12.03,11,202,
4-14,11:24:8,71,71,12.17,11,202,
4-14,11:24:8,71,71,12.05,11,202,
4-14,11:24:9,71,71,12.1,11,202,
4-14,11:24:9,70,70,12.08,11,202,
4-14,11:24:10,70,70,12.1,11,202,
4-14,11:24:10,71,71,12.08,11,202,
4-14,11:24:11,71,71,12.15,11,202,
4-14,11:24:11,70,70,12.11,11,202,
4-14,11:24:12,70,70,12.1,11,202,
4-14,11:24:12,72,72,12.13,11,202,
4-14,11:24:13,73,73,12.18,11,202,
4-14,11:24:13,73,73,12.21,11,202,
4-14,11:24:14,71,71,12.06,11,202,
4-14,11:24:14,71,71,12.09,11,202,
4-14,11:24:15,69,69,12.11,11,202,
4-14,11:24:15,72,72,12.14,11,202,
4-14,11:24:16,71,71,12.06,11,202,
4-14,11:24:16,71,71,12.16,11,202,
4-14,11:24:17,74,74,12.18,11,202,
4-14,11:24:17,70,70,12.12,11,202,
4-14,11:24:18,73,73,12.11,11,202,
4-14,11:24:18,74,74,12.14,11,202,
4-14,11:24:19,73,73,12.18,11,202,
4-14,11:24:19,73,73,12.27,11,202,
4-14,11:24:20,70,70,12.13,11,202,
4-14,11:24:20,70,70,12.07,11,202,
4-14,11:24:21,73,73,12.18,11,202,
4-14,11:24:21,73,73,12.18,11,202,
4-14,11:24:22,72,72,12.12,11,202,
4-14,11:24:22,71,71,12.12,11,202,
4-14,11:24:23,70,70,12.15,11,202,
4-14,11:24:23,73,73,12.11,11,202,
4-14,11:24:24,73,73,12.16,11,202,
4-14,11:24:24,71,71,12.03,11,202,
4-14,11:24:25,74,74,12.15,11,202,
4-14,11:24:25,71,71,12.1,11,202,
4-14,11:24:26,73,73,12.24,11,202,
4-14,11:24:26,69,69,12.03,11,202,
4-14,11:24:27,73,73,12.12,11,202,
4-14,11:24:27,72,72,12.2,11,202,
4-14,11:24:28,71,71,12.11,11,202,
4-14,11:24:28,72,72,12.12,11,202,
4-14,11:24:29,71,71,12.21,11,202,
4-14,11:24:29,72,72,12,11,202,
4-14,11:24:30,72,72,12.1,11,202,
4-14,11:24:30,73,73,12.2,11,202,
4-14,11:24:31,71,71,12.11,11,202,
4-14,11:24:31,72,72,12.11,11,202,
4-14,11:24:32,71,71,12.17,11,202,
4-14,11:24:32,71,71,12.05,11,202,
4-14,11:24:33,72,72,12.1,11,202,
4-14,11:24:33,73,73,12.15,11,202,
4-14,11:24:34,73,73,12.14,11,202,
4-14,11:24:34,73,73,12.19,11,202,
4-14,11:24:35,71,71,12.14,11,202,
4-14,11:24:35,70,70,12.09,11,202,
4-14,11:24:36,70,70,12.06,11,202,
4-14,11:24:36,70,70,12.01,11,202,
4-14,11:24:37,72,72,12.09,11,202,
4-14,11:24:37,73,73,12.07,11,202,
4-14,11:24:38,73,73,12.2,11,202,
4-14,11:24:38,71,71,12.09,11,202,
4-14,11:24:39,72,72,12.08,11,202,
4-14,11:24:39,71,71,12.02,11,202,
4-14,11:24:40,71,71,12.18,11,202,
4-14,11:24:40,72,72,12.16,11,202,
4-14,11:24:41,72,72,12.17,11,202,
4-14,11:24:41,74,74,12.13,11,202,
4-14,11:24:42,70,70,12.1,11,202,
4-14,11:24:42,70,70,12.18,11,202,
4-14,11:24:43,70,70,12.14,11,202,
4-14,11:24:43,72,72,12.17,11,202,
4-14,11:24:44,71,71,12.19,11,202,
4-14,11:24:44,70,70,12.04,11,202,
4-14,11:24:45,71,71,12.14,11,202,
4-14,11:24:45,71,71,12.1,11,202,
4-14,11:24:46,72,72,12.17,11,202,
4-14,11:24:46,71,71,12.04,11,202,
4-14,11:24:47,71,71,12.13,11,202,
4-14,11:24:47,71,71,12.17,11,202,
4-14,11:24:48,69,69,12.08,11,202,
4-14,11:24:48,69,69,12.07,11,202,
4-14,11:24:49,70,70,12.11,11,202,
4-14,11:24:49,68,68,12.02,11,202,
4-14,11:24:50,68,68,12.13,11,202,
4-14,11:24:50,69,69,12.02,11,202,
4-14,11:24:51,69,69,12.1,11,202,
4-14,11:24:51,68,68,11.97,11,202,
4-14,11:24:52,67,67,12.1,11,202,
4-14,11:24:52,67,67,12.03,11,202,
4-14,11:24:53,69,69,12.07,11,202,
4-14,11:24:53,69,69,12.1,11,202,
4-14,11:24:54,70,70,12.15,11,202,
4-14,11:24:54,69,69,12.1,11,202,
4-14,11:24:55,69,69,12.14,11,202,
4-14,11:24:55,70,70,12.09,11,202,
4-14,11:24:56,68,68,12.03,11,202,
4-14,11:24:56,70,70,12.12,11,202,
4-14,11:24:57,70,70,12.14,11,202,
4-14,11:24:57,69,69,12.07,11,202,
4-14,11:24:58,69,69,12.11,11,202,
4-14,11:24:58,69,69,12.11,11,202,
4-14,11:24:59,68,68,12.06,11,202,
4-14,11:24:59,66,66,11.97,11,202,
4-14,11:25:0,68,68,12.12,11,202,
4-14,11:25:0,69,69,12.06,11,202,
4-14,11:25:1,67,67,12.05,11,202,
4-14,11:25:1,67,67,12.09,11,202,
4-14,11:25:2,69,69,12.09,11,202,
4-14,11:25:2,67,67,12.03,11,202,
4-14,11:25:3,68,68,12.14,11,202,
4-14,11:25:3,68,68,12.09,11,202,
4-14,11:25:4,68,68,12.03,11,202,
4-14,11:25:4,68,68,12.11,11,202,
4-14,11:25:5,68,68,12.03,11,202,
4-14,11:25:5,70,70,12.1,11,202,
4-14,11:25:6,66,66,12.12,11,202,
4-14,11:25:6,71,71,12.11,11,202,
4-14,11:25:7,69,69,12.11,11,202,
4-14,11:25:7,68,68,12.06,11,202,
4-14,11:25:8,70,70,12.1,11,202,
4-14,11:25:8,66,66,12.02,11,202,
4-14,11:25:9,69,69,12.01,11,202,
4-14,11:25:9,68,68,11.99,11,202,
4-14,11:25:10,67,67,12.11,11,202,
4-14,11:25:10,67,67,12.08,11,202,
4-14,11:25:11,70,70,12.15,11,202,
4-14,11:25:11,67,67,12.01,11,202,
4-14,11:25:12,68,68,12.07,11,202,
4-14,11:25:12,66,66,12.08,11,202,
4-14,11:25:13,66,66,11.98,11,202,
4-14,11:25:13,69,69,12.18,11,202,
4-14,11:25:14,66,66,12.05,11,202,
4-14,11:25:14,66,66,12.06,11,202,
4-14,11:25:15,67,67,12.04,11,202,
4-14,11:25:15,65,65,12,11,202,
4-14,11:25:16,68,68,12.04,11,202,
4-14,11:25:16,67,67,12.08,11,202,
4-14,11:25:17,69,69,12.08,11,202,
4-14,11:25:17,65,65,12.06,11,202,
4-14,11:25:18,67,67,12.13,11,202,
4-14,11:25:18,65,65,12.07,11,202,
4-14,11:25:19,69,69,12.1,11,202,
4-14,11:25:19,67,67,12.07,11,202,
4-14,11:25:20,66,66,12.02,11,202,
4-14,11:25:20,68,68,12.13,11,202,
4-14,11:25:21,68,68,12.04,11,202,
4-14,11:25:21,69,69,12.12,11,202,
4-14,11:25:22,69,69,12.05,11,202,
4-14,11:25:22,69,69,12.1,11,202,
4-14,11:25:23,68,68,12.04,11,202,
4-14,11:25:23,70,70,12.09,11,202,
4-14,11:25:24,67,67,12.09,11,202,
4-14,11:25:24,66,66,12.09,11,202,
4-14,11:25:25,71,71,12.13,11,202,
4-14,11:25:25,70,70,12.13,11,202,
4-14,11:25:26,66,66,12.01,11,202,
4-14,11:25:26,69,69,12.09,11,202,
4-14,11:25:27,71,71,12.16,11,202,
4-14,11:25:27,68,68,12.16,11,202,
4-14,11:25:28,69,69,12.05,11,202,
4-14,11:25:28,68,68,12.13,11,202,
4-14,11:25:29,69,69,12.12,11,202,
4-14,11:25:29,69,69,12.07,11,202,
4-14,11:25:30,69,69,12.06,11,202,
4-14,11:25:30,67,67,12.06,11,202,
4-14,11:25:31,70,70,12.13,11,202,
4-14,11:25:31,70,70,12.14,11,202,
4-14,11:25:32,71,71,12.14,11,202,
4-14,11:25:32,70,70,12.01,11,202,
4-14,11:25:33,69,69,12.07,11,202,
4-14,11:25:33,67,67,12.05,11,202,
4-14,11:25:34,67,67,12.12,11,202,
4-14,11:25:34,69,69,11.99,11,202,
4-14,11:25:35,71,71,12.06,11,202,
4-14,11:25:35,68,68,12,11,202,
4-14,11:25:36,69,69,12.01,11,202,
4-14,11:25:36,68,68,12.02,11,202,
4-14,11:25:37,69,69,12.09,11,202,
4-14,11:25:37,66,66,12,11,202,
4-14,11:25:38,71,71,12.1,11,202,
4-14,11:25:38,71,71,12.05,11,202,
4-14,11:25:39,69,69,12.06,11,202,
4-14,11:25:39,68,68,12.02,11,202,
4-14,11:25:40,70,70,12.02,11,202,
4-14,11:25:40,69,69,12.01,11,202,
4-14,11:25:41,69,69,12.03,11,202,
4-14,11:25:41,72,72,12.06,11,202,
4-14,11:25:42,69,69,12.07,11,202,
4-14,11:25:42,72,72,12.15,11,202,
4-14,11:25:43,71,71,12.14,11,202,
4-14,11:25:43,69,69,12.06,11,202,
4-14,11:25:44,70,70,12.07,11,202,
4-14,11:25:44,69,69,12.07,11,202,
4-14,11:25:45,69,69,12.01,11,202,
4-14,11:25:45,71,71,12.05,11,202,
4-14,11:25:46,68,68,11.99,11,202,
4-14,11:25:46,70,70,12.07,11,202,
4-14,11:25:47,69,69,12,11,202,
4-14,11:25:47,69,69,12.06,11,202,
4-14,11:25:48,69,69,12.07,11,202,
4-14,11:25:48,69,69,11.98,11,202,
4-14,11:25:49,71,71,12.15,11,202,
4-14,11:25:49,70,70,12.06,11,202,
4-14,11:25:50,68,68,12.01,11,202,
4-14,11:25:50,67,67,12.01,11,202,
4-14,11:25:51,69,69,12.03,11,202,
4-14,11:25:51,70,70,11.99,11,202,
4-14,11:25:52,71,71,12.11,11,202,
4-14,11:25:52,71,71,12.12,11,202,
4-14,11:25:53,70,70,12.05,11,202,
4-14,11:25:53,71,71,12.01,11,202,
4-14,11:25:54,72,72,12.15,11,202,
4-14,11:25:54,72,72,12.1,11,202,
4-14,11:25:55,71,71,12.05,11,202,
4-14,11:25:55,71,71,12.13,11,202,
4-14,11:25:56,69,69,12.1,11,202,
4-14,11:25:56,71,71,12.2,11,202,
4-14,11:25:57,72,72,12.23,11,202,
4-14,11:25:57,71,71,12.16,11,202,
4-14,11:25:58,72,72,12.11,11,202,
4-14,11:25:58,72,72,12.21,11,202,
4-14,11:25:59,71,71,12.11,11,202,
4-14,11:25:59,69,69,12.04,11,202,
4-14,11:26:0,72,72,12.17,11,202,
4-14,11:26:0,71,71,12.14,11,202,
4-14,11:26:1,71,71,12.14,11,202,
4-14,11:26:1,72,72,12.17,11,202,
4-14,11:26:2,68,68,12.03,11,202,
4-14,11:26:2,67,67,12.12,11,202,
4-14,11:26:3,70,70,12.13,11,202,
4-14,11:26:3,69,69,12.08,11,202,
4-14,11:26:4,71,71,12.19,11,202,
4-14,11:26:4,69,69,12.14,11,202,
4-14,11:26:5,70,70,12.13,11,202,
4-14,11:26:5,69,69,12.05,11,202,
4-14,11:26:6,68,68,12.02,11,202,
4-14,11:26:6,67,67,12.09,11,202,
4-14,11:26:7,66,66,12,11,202,
4-14,11:26:7,70,70,12.22,11,202,
4-14,11:26:8,67,67,12.08,11,202,
4-14,11:26:8,68,68,12.14,11,202,
4-14,11:26:9,67,67,12.1,11,202,
4-14,11:26:9,66,66,12.07,11,202,
4-14,11:26:10,69,69,12.12,11,202,
4-14,11:26:10,67,67,12.14,11,202,
4-14,11:26:11,68,68,12.17,11,202,
4-14,11:26:11,68,68,12.08,11,202,
4-14,11:26:12,68,68,12.2,11,202,
4-14,11:26:12,67,67,12.13,11,202,
4-14,11:26:13,68,68,12.14,11,202,
4-14,11:26:13,65,65,12.06,11,202,
4-14,11:26:14,67,67,12.13,11,202,
4-14,11:26:14,65,65,12.08,11,202,
4-14,11:26:15,68,68,12.12,11,202,
4-14,11:26:15,67,67,12.07,11,202,
4-14,11:26:16,66,66,12.07,11,202,
4-14,11:26:16,65,65,12.06,11,202,
4-14,11:26:17,64,64,12.05,11,202,
4-14,11:26:17,64,64,12.06,11,202,
4-14,11:26:18,63,63,12.07,11,202,
4-14,11:26:18,64,64,12.04,11,202,
4-14,11:26:19,64,64,12.01,11,202,
4-14,11:26:19,64,64,12,11,202,
4-14,11:26:20,64,64,12.02,11,202,
4-14,11:26:20,62,62,11.96,11,202,
4-14,11:26:21,61,61,12,11,202,
4-14,11:26:21,62,62,12.13,11,202,
4-14,11:26:22,61,61,12.12,11,202,
4-14,11:26:22,64,64,12.12,11,202,
4-14,11:26:23,61,61,12.08,11,202,
4-14,11:26:23,65,65,12.2,11,202,
4-14,11:26:24,64,64,12.14,11,202,
4-14,11:26:24,60,60,12.05,11,202,
4-14,11:26:25,60,60,11.96,11,202,
4-14,11:26:25,59,59,12.03,11,202,
4-14,11:26:26,60,60,12.09,11,202,
4-14,11:26:26,59,59,12.04,11,202,
4-14,11:26:27,61,61,12.13,11,202,
4-14,11:26:27,63,63,12.17,11,202,
4-14,11:26:28,62,62,12.18,11,202,
4-14,11:26:28,60,60,12.07,11,202,
4-14,11:26:29,60,60,12.06,11,202,
4-14,11:26:29,61,61,12.14,11,202,
4-14,11:26:30,60,60,12.05,11,202,
4-14,11:26:30,55,55,12.02,11,202,
4-14,11:26:31,61,61,12.16,11,202,
4-14,11:26:31,60,60,12.1,11,202,
4-14,11:26:32,59,59,12.02,11,202,
4-14,11:26:32,57,57,12.06,11,202,
4-14,11:26:33,57,57,12.04,11,202,
4-14,11:26:33,56,56,12.05,11,202,
4-14,11:26:34,59,59,12.04,11,202,
4-14,11:26:34,59,59,12.04,11,202,
4-14,11:26:35,55,55,12.03,11,202,
4-14,11:26:35,59,59,12.11,11,202,
4-14,11:26:36,59,59,12.08,11,202,
4-14,11:26:36,58,58,12.07,11,202,
4-14,11:26:37,53,53,12.01,11,202,
4-14,11:26:37,55,55,12.11,11,202,
4-14,11:26:38,57,57,12.08,11,202,
4-14,11:26:38,59,59,12.12,11,202,
4-14,11:26:39,56,56,12.12,11,202,
4-14,11:26:39,55,55,12.04,11,202,
4-14,11:26:40,54,54,12.06,11,202,
4-14,11:26:40,53,53,11.98,11,202,
4-14,11:26:41,60,60,12.13,11,202,
4-14,11:26:41,59,59,12.18,11,202,
4-14,11:26:42,53,53,12.01,11,202,
4-14,11:26:42,58,58,12.14,11,202,
4-14,11:26:43,53,53,12.08,11,202,
4-14,11:26:43,54,54,12.08,11,202,
4-14,11:26:44,57,57,12.15,11,202,
4-14,11:26:44,52,52,12.04,11,202,
4-14,11:26:45,53,53,12.06,11,202,
4-14,11:26:45,52,52,12.07,11,202,
4-14,11:26:46,54,54,12.12,11,202,
4-14,11:26:46,52,52,12.07,11,202,
4-14,11:26:47,53,53,12.11,11,202,
4-14,11:26:47,52,52,12.07,11,202,
4-14,11:26:48,54,54,12.08,11,202,
4-14,11:26:48,56,56,12.18,11,202,
4-14,11:26:49,49,49,12.06,11,202,
4-14,11:26:49,52,52,12.13,11,202,
4-14,11:26:50,53,53,12.14,11,202,
4-14,11:26:50,51,51,12.08,11,202,
4-14,11:26:51,55,55,12.22,11,202,
4-14,11:26:51,48,48,11.96,11,202,
4-14,11:26:52,58,58,12.19,11,202,
4-14,11:26:52,52,52,12.13,11,202,
4-14,11:26:53,50,50,12.05,11,202,
4-14,11:26:53,57,57,12.18,11,202,
4-14,11:26:54,52,52,12.1,11,202,
4-14,11:26:54,55,55,12.19,11,202,
4-14,11:26:55,55,55,12.2,11,202,
4-14,11:26:55,53,53,12.06,11,202,
4-14,11:26:56,49,49,12.08,11,202,
4-14,11:26:56,51,51,12.09,11,202,
4-14,11:26:57,50,50,12.08,11,202,
4-14,11:26:57,51,51,12.14,11,202,
4-14,11:26:58,49,49,12.13,11,202,
4-14,11:26:58,49,49,12.06,11,202,
4-14,11:26:59,49,49,12.1,11,202,
4-14,11:26:59,50,50,12.08,11,202,
4-14,11:27:0,47,47,12.12,11,202,
4-14,11:27:0,55,55,12.21,11,202,
4-14,11:27:1,45,45,12.05,11,202,
4-14,11:27:1,51,51,12.2,11,202,
4-14,11:27:2,49,49,12.14,11,202,
4-14,11:27:2,49,49,12.08,11,202,
4-14,11:27:3,48,48,12.13,11,202,
4-14,11:27:3,46,46,12.05,11,202,
4-14,11:27:4,43,43,12.04,11,202,
4-14,11:27:4,48,48,12.12,11,202,
4-14,11:27:5,46,46,12.14,11,202,
4-14,11:27:5,49,49,12.18,11,202,
4-14,11:27:6,41,41,12.03,11,202,
4-14,11:27:6,43,43,12.03,11,202,
4-14,11:27:7,46,46,12.12,11,202,
4-14,11:27:7,49,49,12.16,11,202,
4-14,11:27:8,54,54,12.21,11,202,
4-14,11:27:8,44,44,12.07,11,202,
4-14,11:27:9,40,40,12.05,11,202,
4-14,11:27:9,44,44,12.06,11,202,
4-14,11:27:10,47,47,12.12,11,202,
4-14,11:27:10,44,44,12.03,11,202,
4-14,11:27:11,43,43,12.09,11,202,
4-14,11:27:11,47,47,12.19,11,202,
4-14,11:27:12,50,50,12.17,11,202,
4-14,11:27:12,40,40,12.04,11,202,
4-14,11:27:13,47,47,12.16,11,202,
4-14,11:27:13,43,43,12.05,11,202,
4-14,11:27:14,44,44,12.13,11,202,
4-14,11:27:14,43,43,12.11,11,202,
4-14,11:27:15,41,41,12.1,11,202,
4-14,11:27:15,40,40,12.02,11,202,
4-14,11:27:16,46,46,12.12,11,202,
4-14,11:27:16,47,47,12.13,11,202,
4-14,11:27:17,40,40,12.07,11,202,
4-14,11:27:17,47,47,12.18,11,202,
4-14,11:27:18,41,41,12.07,11,202,
4-14,11:27:18,42,42,12.08,11,202,
4-14,11:27:19,39,39,12.01,11,202,
4-14,11:27:19,40,40,12.07,11,202,
4-14,11:27:20,42,42,12.11,11,202,
4-14,11:27:20,37,37,12.07,11,202,
4-14,11:27:21,41,41,12.14,11,202,
4-14,11:27:21,41,41,12.11,11,202,
4-14,11:27:22,49,49,12.21,11,202,
4-14,11:27:22,42,42,12.13,11,202,
4-14,11:27:23,44,44,12.16,11,202,
4-14,11:27:23,42,42,12.15,11,202,
4-14,11:27:24,39,39,12.08,11,202,
4-14,11:27:24,33,33,12.01,11,202,
4-14,11:27:25,43,43,12.16,11,202,
4-14,11:27:25,41,41,12.17,11,202,
4-14,11:27:26,33,33,12.12,11,202,
4-14,11:27:26,41,41,12.18,11,202,
4-14,11:27:27,33,33,12.08,11,202,
4-14,11:27:27,43,43,12.21,11,202,
4-14,11:27:28,41,41,12.18,11,202,
4-14,11:27:28,41,41,12.21,11,202,
4-14,11:27:29,40,40,12.18,11,202,
4-14,11:27:29,38,38,12.22,11,202,
4-14,11:27:30,42,42,12.19,11,202,
4-14,11:27:30,40,40,12.15,11,202,
4-14,11:27:31,42,42,12.24,11,202,
4-14,11:27:31,30,30,12.09,11,202,
4-14,11:27:32,39,39,12.15,11,202,
4-14,11:27:32,40,40,12.2,11,202,
4-14,11:27:33,31,31,12.07,11,202,
4-14,11:27:33,42,42,12.23,11,202,
4-14,11:27:34,33,33,12.06,11,202,
4-14,11:27:34,41,41,12.19,11,202,
4-14,11:27:35,35,35,12.16,11,202,
4-14,11:27:35,39,39,12.21,11,202,
4-14,11:27:36,41,41,12.18,11,202,
4-14,11:27:36,39,39,12.19,11,202,
4-14,11:27:37,39,39,12.16,11,202,
4-14,11:27:37,33,33,12.12,11,202,
4-14,11:27:38,34,34,12.15,11,202,
4-14,11:27:38,38,38,12.17,11,202,
4-14,11:27:39,37,37,12.17,11,202,
4-14,11:27:39,32,32,12.09,11,202,
4-14,11:27:40,31,31,12.12,11,202,
4-14,11:27:40,37,37,12.18,11,202,
4-14,11:27:41,30,30,12.14,11,202,
4-14,11:27:41,35,35,12.17,11,202,
4-14,11:27:42,32,32,12.15,11,202,
4-14,11:27:42,29,29,12.1,11,202,
4-14,11:27:43,33,33,12.14,11,202,
4-14,11:27:43,35,35,12.2,11,202,
4-14,11:27:44,38,38,12.25,11,202,
4-14,11:27:44,34,34,12.23,11,202,
4-14,11:27:45,30,30,12.14,11,202,
4-14,11:27:45,40,40,12.25,11,202,
4-14,11:27:46,28,28,12.1,11,202,
4-14,11:27:46,38,38,12.25,11,202,
4-14,11:27:47,32,32,12.18,11,202,
4-14,11:27:47,28,28,12.14,11,202,
4-14,11:27:48,29,29,12.14,11,202,
4-14,11:27:48,34,34,12.24,11,202,
4-14,11:27:49,27,27,12.16,11,202,
4-14,11:27:49,34,34,12.24,11,202,
4-14,11:27:50,33,33,12.27,11,202,
4-14,11:27:50,35,35,12.22,11,202,
4-14,11:27:51,29,29,12.2,11,202,
4-14,11:27:51,31,31,12.23,11,202,
4-14,11:27:52,28,28,12.17,11,202,
4-14,11:27:52,31,31,12.22,11,202,
4-14,11:27:53,31,31,12.17,11,202,
4-14,11:27:53,31,31,12.25,11,202,
4-14,11:27:54,30,30,12.24,11,202,
4-14,11:27:54,29,29,12.2,11,202,
4-14,11:27:55,30,30,12.2,11,202,
4-14,11:27:55,31,31,12.22,11,202,
4-14,11:27:56,23,23,12.21,11,202,
4-14,11:27:56,39,39,12.37,11,202,
4-14,11:27:57,26,26,12.19,11,202,
4-14,11:27:57,33,33,12.32,11,202,
4-14,11:27:58,35,35,12.36,11,202,
4-14,11:27:58,33,33,12.28,11,202,
4-14,11:27:59,27,27,12.25,11,202,
4-14,11:27:59,24,24,12.21,11,202,
4-14,11:28:0,25,25,12.26,11,202,
4-14,11:28:0,18,18,12.13,11,202,
4-14,11:28:1,30,30,12.29,11,202,
4-14,11:28:1,23,23,12.23,11,202,
4-14,11:28:2,26,26,12.25,11,202,
4-14,11:28:2,18,18,12.2,11,202,
4-14,11:28:3,23,23,12.22,11,202,
4-14,11:28:3,22,22,12.24,11,202,
4-14,11:28:4,23,23,12.27,11,202,
4-14,11:28:4,22,22,12.24,11,202,
4-14,11:28:5,22,22,12.23,11,202,
4-14,11:28:5,24,24,12.22,11,202,
4-14,11:28:6,21,21,12.17,11,202,
4-14,11:28:6,15,15,12.14,11,202,
4-14,11:28:7,25,25,12.26,11,202,
4-14,11:28:7,29,29,12.31,11,202,
4-14,11:28:8,22,22,12.28,11,202,
4-14,11:28:8,24,24,12.28,11,202,
4-14,11:28:9,25,25,12.23,11,202,
4-14,11:28:9,26,26,12.29,11,202,
4-14,11:28:10,24,24,12.28,11,202,
4-14,11:28:10,19,19,12.22,11,202,
4-14,11:28:11,24,24,12.27,11,202,
4-14,11:28:11,25,25,12.24,11,202,
4-14,11:28:12,24,24,12.25,11,202,
4-14,11:28:12,21,21,12.23,11,202,
4-14,11:28:13,17,17,12.25,11,202,
4-14,11:28:13,16,16,12.26,11,202,
4-14,11:28:14,21,21,12.27,11,202,
4-14,11:28:14,18,18,12.21,11,202,
4-14,11:28:15,22,22,12.28,11,202,
4-14,11:28:15,18,18,12.27,11,202,
4-14,11:28:16,25,25,12.28,11,202,
4-14,11:28:16,20,20,12.22,11,202,
4-14,11:28:17,22,22,12.26,11,202,
4-14,11:28:17,22,22,12.31,11,202,
4-14,11:28:18,22,22,12.32,11,202,
4-14,11:28:18,20,20,12.23,11,202,
4-14,11:28:19,21,21,12.27,11,202,
4-14,11:28:19,15,15,12.25,11,202,
4-14,11:28:20,25,25,12.34,11,202,
4-14,11:28:20,16,16,12.25,11,202,
4-14,11:28:21,28,28,12.36,11,202,
4-14,11:28:21,17,17,12.22,11,202,
4-14,11:28:22,18,18,12.28,11,202,
4-14,11:28:22,21,21,12.29,11,202,
4-14,11:28:23,15,15,12.26,11,202,
4-14,11:28:23,21,21,12.26,11,202,
4-14,11:28:24,22,22,12.37,11,202,
4-14,11:28:24,18,18,12.3,11,202,
4-14,11:28:25,22,22,12.33,11,202,
4-14,11:28:25,22,22,12.31,11,202,
4-14,11:28:26,23,23,12.28,11,202,
4-14,11:28:26,22,22,12.3,11,202,
4-14,11:28:27,27,27,12.36,11,202,
4-14,11:28:27,10,10,12.18,11,202,
4-14,11:28:28,27,27,12.37,11,202,
4-14,11:28:28,15,15,12.22,11,202,
4-14,11:28:29,13,13,12.21,11,202,
4-14,11:28:29,16,16,12.23,11,202,
4-14,11:28:30,23,23,12.29,11,202,
4-14,11:28:30,16,16,12.27,11,202,
4-14,11:28:31,10,10,12.23,11,202,
4-14,11:28:31,27,27,12.4,11,202,
4-14,11:28:32,12,12,12.26,11,202,
4-14,11:28:32,23,23,12.37,11,202,
4-14,11:28:33,13,13,12.28,11,202,
4-14,11:28:33,21,21,12.32,11,202,
4-14,11:28:34,22,22,12.36,11,202,
4-14,11:28:34,23,23,12.34,11,202,
4-14,11:28:35,27,27,12.42,11,202,
4-14,11:28:35,17,17,12.34,11,202,
4-14,11:28:36,19,19,12.33,11,202,
4-14,11:28:36,8,8,12.18,11,202,
4-14,11:28:37,25,25,12.4,11,202,
4-14,11:28:37,20,20,12.31,11,202,
4-14,11:28:38,12,12,12.3,11,202,
4-14,11:28:38,15,15,12.3,11,202,
4-14,11:28:39,13,13,12.3,11,202,
4-14,11:28:39,16,16,12.32,11,202,
4-14,11:28:40,18,18,12.31,11,202,
4-14,11:28:40,20,20,12.35,11,202,
4-14,11:28:41,25,25,12.4,11,202,
4-14,11:28:41,11,11,12.31,11,202,
4-14,11:28:42,21,21,12.38,11,202,
4-14,11:28:42,18,18,12.31,11,202,
4-14,11:28:43,16,16,12.3,11,202,
4-14,11:28:43,14,14,12.29,11,202,
4-14,11:28:44,24,24,12.33,11,202,
4-14,11:28:44,17,17,12.32,11,202,
4-14,11:28:45,16,16,12.33,11,202,
4-14,11:28:45,16,16,12.31,11,202,
4-14,11:28:46,15,15,12.33,11,202,
4-14,11:28:46,18,18,12.31,11,202,
4-14,11:28:47,17,17,12.31,11,202,
4-14,11:28:47,18,18,12.33,11,202,
4-14,11:28:48,18,18,12.39,11,202,
4-14,11:28:48,17,17,12.28,11,202,
4-14,11:28:49,16,16,12.36,11,202,
4-14,11:28:49,11,11,12.28,11,202,
4-14,11:28:50,15,15,12.24,11,202,
4-14,11:28:50,18,18,12.38,11,202,
4-14,11:28:51,16,16,12.34,11,202,
4-14,11:28:51,12,12,12.29,11,202,
4-14,11:28:52,9,9,12.31,11,202,
4-14,11:28:52,8,8,12.27,11,202,
4-14,11:28:53,3,3,12.26,11,202,
4-14,11:28:53,11,11,12.33,11,202,
4-14,11:28:54,8,8,12.28,11,202,
4-14,11:28:54,16,16,12.35,11,202,
4-14,11:28:55,7,7,12.27,11,202,
4-14,11:28:55,18,18,12.39,11,202,
4-14,11:28:56,11,11,12.34,11,202,
4-14,11:28:56,8,8,12.3,11,202,
4-14,11:28:57,13,13,12.31,11,202,
4-14,11:28:57,7,7,12.26,11,202,
4-14,11:28:58,11,11,12.32,11,202,
4-14,11:28:58,21,21,12.39,11,202,
4-14,11:28:59,7,7,12.26,11,202,
4-14,11:28:59,11,11,12.28,11,202,
4-14,11:29:0,13,13,12.38,11,202,
4-14,11:29:0,14,14,12.34,11,202,
4-14,11:29:1,14,14,12.32,11,202,
4-14,11:29:1,16,16,12.4,11,202,
4-14,11:29:2,15,15,12.37,11,202,
4-14,11:29:2,16,16,12.35,11,202,
4-14,11:29:3,3,3,12.25,11,202,
4-14,11:29:3,11,11,12.34,11,202,
4-14,11:29:4,4,4,12.26,11,202,
4-14,11:29:4,11,11,12.32,11,202,
4-14,11:29:5,18,18,12.41,11,202,
4-14,11:29:5,6,6,12.3,11,202,
4-14,11:29:6,17,17,12.39,11,202,
4-14,11:29:6,22,22,12.43,11,202,
4-14,11:29:7,10,10,12.32,11,202,
4-14,11:29:7,9,9,12.29,11,202,
4-14,11:29:8,6,6,12.31,11,202,
4-14,11:29:8,5,5,12.29,11,202,
4-14,11:29:9,9,9,12.31,11,202,
4-14,11:29:9,2,2,12.24,11,202,
4-14,11:29:10,14,14,12.37,11,202,
4-14,11:29:10,12,12,12.37,11,202,
4-14,11:29:11,3,3,12.26,11,202,
4-14,11:29:11,11,11,12.36,11,202,
4-14,11:29:12,7,7,12.29,11,202,
4-14,11:29:12,9,9,12.36,11,202,
4-14,11:29:13,10,10,12.35,11,202,
4-14,11:29:13,10,10,12.32,11,202,
4-14,11:29:14,6,6,12.33,11,202,
4-14,11:29:14,12,12,12.35,11,202,
4-14,11:29:15,3,3,12.27,11,202,
4-14,11:29:15,11,11,12.38,11,202,
4-14,11:29:16,7,7,12.34,11,202,
4-14,11:29:16,8,8,12.33,11,202,
4-14,11:29:17,10,10,12.37,11,202,
4-14,11:29:17,0,0,12.26,11,202,
4-14,11:29:18,7,7,12.34,11,202,
4-14,11:29:18,4,4,12.3,11,202,
4-14,11:29:19,4,4,12.28,11,202,
4-14,11:29:19,19,19,12.46,11,202,
4-14,11:29:20,6,6,12.33,11,202,
4-14,11:29:20,6,6,12.29,11,202,
4-14,11:29:21,16,16,12.41,11,202,
4-14,11:29:21,8,8,12.36,11,202,
4-14,11:29:22,7,7,12.29,11,202,
4-14,11:29:22,7,7,12.38,11,202,
4-14,11:29:23,1,1,12.21,11,202,
4-14,11:29:23,10,10,12.34,11,202,
4-14,11:29:24,10,10,12.39,11,202,
4-14,11:29:24,8,8,12.38,11,202,
4-14,11:29:25,12,12,12.36,11,202,
4-14,11:29:25,15,15,12.4,11,202,
4-14,11:29:26,16,16,12.41,11,202,
4-14,11:29:26,11,11,12.33,11,202,
4-14,11:29:27,9,9,12.36,11,202,
4-14,11:29:27,11,11,12.36,11,202,
4-14,11:29:28,10,10,12.4,11,202,
4-14,11:29:28,10,10,12.39,11,202,
4-14,11:29:29,15,15,12.4,11,202,
4-14,11:29:29,11,11,12.35,11,202,
4-14,11:29:30,16,16,12.46,11,202,
4-14,11:29:30,9,9,12.36,11,202,
4-14,11:29:31,9,9,12.32,11,202,
4-14,11:29:31,12,12,12.41,11,202,
4-14,11:29:32,6,6,12.34,11,202,
4-14,11:29:32,7,7,12.35,11,202,
4-14,11:29:33,10,10,12.34,11,202,
4-14,11:29:33,9,9,12.35,11,202,
4-14,11:29:34,9,9,12.38,11,202,
4-14,11:29:34,9,9,12.37,11,202,
4-14,11:29:35,7,7,12.34,11,202,
4-14,11:29:35,6,6,12.35,11,202,
4-14,11:29:36,2,2,12.29,11,202,
4-14,11:29:36,8,8,12.36,11,202,
4-14,11:29:37,16,16,12.43,11,202,
4-14,11:29:37,7,7,12.31,11,202,
4-14,11:29:38,9,9,12.32,11,202,
4-14,11:29:38,2,2,12.29,11,202,
4-14,11:29:39,17,17,12.49,11,202,
4-14,11:29:39,13,13,12.37,11,202,
4-14,11:29:40,8,8,12.36,11,202,
4-14,11:29:40,9,9,12.37,11,202,
4-14,11:29:41,10,10,12.4,11,202,
4-14,11:29:41,15,15,12.42,11,202,
4-14,11:29:42,11,11,12.37,11,202,
4-14,11:29:42,11,11,12.37,11,202,
4-14,11:29:43,8,8,12.37,11,202,
4-14,11:29:43,7,7,12.35,11,202,
4-14,11:29:44,11,11,12.4,11,202,
4-14,11:29:44,10,10,12.38,11,202,
4-14,11:29:45,10,10,12.41,11,202,
4-14,11:29:45,13,13,12.38,11,202,
4-14,11:29:46,4,4,12.29,11,202,
4-14,11:29:46,13,13,12.44,11,202,
4-14,11:29:47,10,10,12.38,11,202,
4-14,11:29:47,10,10,12.39,11,202,
4-14,11:29:48,7,7,12.36,11,202,
4-14,11:29:48,9,9,12.37,11,202,
4-14,11:29:49,5,5,12.36,11,202,
4-14,11:29:49,12,12,12.42,11,202,
4-14,11:29:50,5,5,12.35,11,202,
4-14,11:29:50,6,6,12.34,11,202,
4-14,11:29:51,7,7,12.38,11,202,
4-14,11:29:51,12,12,12.44,11,202,
4-14,11:29:52,15,15,12.44,11,202,
4-14,11:29:52,7,7,12.36,11,202,
4-14,11:29:53,8,8,12.33,11,202,
4-14,11:29:53,9,9,12.4,11,202,
4-14,11:29:54,4,4,12.36,11,202,
4-14,11:29:54,14,14,12.46,11,202,
4-14,11:29:55,9,9,12.43,11,202,
4-14,11:29:55,12,12,12.45,11,202,
4-14,11:29:56,4,4,12.37,11,202,
4-14,11:29:56,6,6,12.38,11,202,
4-14,11:29:57,9,9,12.39,11,202,
4-14,11:29:57,10,10,12.45,11,202,
4-14,11:29:58,7,7,12.4,11,202,
4-14,11:29:58,11,11,12.43,11,202,
4-14,11:29:59,6,6,12.37,11,202,
4-14,11:29:59,4,4,12.35,11,202,
4-14,11:30:0,6,6,12.39,11,202,
4-14,11:30:0,5,5,12.35,11,202,
4-14,11:30:1,11,11,12.44,11,202,
4-14,11:30:1,14,14,12.51,11,202,
4-14,11:30:2,13,13,12.45,11,202,
4-14,11:30:2,6,6,12.38,11,202,
4-14,11:30:3,8,8,12.42,11,202,
4-14,11:30:3,10,10,12.42,11,202,
4-14,11:30:4,10,10,12.44,11,202,
4-14,11:30:4,8,8,12.43,11,202,
4-14,11:30:5,8,8,12.42,11,202,
4-14,11:30:5,13,13,12.48,11,202,
4-14,11:30:6,14,14,12.51,11,202,
4-14,11:30:6,6,6,12.39,11,202,
4-14,11:30:7,0,0,12.27,11,202,
4-14,11:30:7,9,9,12.43,11,202,
4-14,11:30:8,11,11,12.49,11,202,
4-14,11:30:8,3,3,12.38,11,202,
4-14,11:30:9,10,10,12.45,11,202,
4-14,11:30:9,7,7,12.41,11,202,
4-14,11:30:10,4,4,12.39,11,202,
4-14,11:30:10,9,9,12.46,11,202,
4-14,11:30:11,2,2,12.39,11,202,
4-14,11:30:11,7,7,12.44,11,202,
4-14,11:30:12,12,12,12.49,11,202,
4-14,11:30:12,16,16,12.54,11,202,
4-14,11:30:13,11,11,12.5,11,202,
4-14,11:30:13,8,8,12.45,11,202,
4-14,11:30:14,11,11,12.48,11,202,
4-14,11:30:14,6,6,12.44,11,202,
4-14,11:30:15,4,4,12.4,11,202,
4-14,11:30:15,9,9,12.46,11,202,
4-14,11:30:16,7,7,12.44,11,202,
4-14,11:30:16,8,8,12.45,11,202,
4-14,11:30:17,15,15,12.54,11,202,
4-14,11:30:17,17,17,12.56,11,202,
4-14,11:30:18,14,14,12.56,11,202,
4-14,11:30:18,14,14,12.54,11,202,
4-14,11:30:19,0,0,12.33,11,202,
4-14,11:30:19,5,5,12.44,11,202,
4-14,11:30:20,10,10,12.48,11,202,
4-14,11:30:20,12,12,12.49,11,202,
4-14,11:30:21,13,13,12.54,11,202,
4-14,11:30:21,8,8,12.46,11,202,
4-14,11:30:22,7,7,12.41,11,202,
4-14,11:30:22,7,7,12.48,11,202,
4-14,11:30:23,10,10,12.49,11,202,
4-14,11:30:23,3,3,12.4,11,202,
4-14,11:30:24,12,12,12.51,11,202,
4-14,11:30:24,6,6,12.46,11,202,
4-14,11:30:25,16,16,12.57,11,202,
4-14,11:30:25,8,8,12.5,11,202,
4-14,11:30:26,6,6,12.46,11,202,
4-14,11:30:26,11,11,12.49,11,202,
4-14,11:30:27,7,7,12.45,11,202,
4-14,11:30:27,9,9,12.5,11,202,
4-14,11:30:28,10,10,12.5,11,202,
4-14,11:30:28,9,9,12.47,11,202,
4-14,11:30:29,13,13,12.58,11,202,
4-14,11:30:29,19,19,12.61,11,202,
4-14,11:30:30,5,5,12.44,11,202,
4-14,11:30:30,1,1,12.4,11,202,
4-14,11:30:31,13,13,12.53,11,202,
4-14,11:30:31,9,9,12.48,11,202,
4-14,11:30:32,1,1,12.39,11,202,
4-14,11:30:32,10,10,12.53,11,202,
4-14,11:30:33,11,11,12.55,11,202,
4-14,11:30:33,9,9,12.46,11,202,
4-14,11:30:34,12,12,12.51,11,202,
4-14,11:30:34,14,14,12.56,11,202,
4-14,11:30:35,9,9,12.49,11,202,
4-14,11:30:35,8,8,12.51,11,202,
4-14,11:30:36,9,9,12.52,11,202,
4-14,11:30:36,8,8,12.53,11,202,
4-14,11:30:37,14,14,12.58,11,202,
4-14,11:30:37,16,16,12.59,11,202,
4-14,11:30:38,20,20,12.61,11,202,
4-14,11:30:38,16,16,12.6,11,202,
4-14,11:30:39,16,16,12.58,11,202,
4-14,11:30:39,15,15,12.58,11,202,
4-14,11:30:40,10,10,12.53,11,202,
4-14,11:30:40,6,6,12.46,11,202,
4-14,11:30:41,5,5,12.48,11,202,
4-14,11:30:41,6,6,12.44,11,202,
4-14,11:30:42,10,10,12.53,11,202,
4-14,11:30:42,15,15,12.62,11,202,
4-14,11:30:43,3,3,12.46,11,202,
4-14,11:30:43,5,5,12.47,11,202,
4-14,11:30:44,5,5,12.44,11,202,
4-14,11:30:44,10,10,12.52,11,202,
4-14,11:30:45,6,6,12.46,11,202,
4-14,11:30:45,9,9,12.51,11,202,
4-14,11:30:46,8,8,12.5,11,202,
4-14,11:30:46,11,11,12.52,11,202,
4-14,11:30:47,14,14,12.57,11,202,
4-14,11:30:47,10,10,12.52,11,202,
4-14,11:30:48,5,5,12.48,11,202,
4-14,11:30:48,8,8,12.49,11,202,
4-14,11:30:49,6,6,12.49,11,202,
4-14,11:30:49,8,8,12.49,11,202,
4-14,11:30:50,8,8,12.51,11,202,
4-14,11:30:50,6,6,12.45,11,202,
4-14,11:30:51,10,10,12.5,11,202,
4-14,11:30:51,2,2,12.44,11,202,
4-14,11:30:52,0,0,12.37,11,202,
4-14,11:30:52,7,7,12.4,11,202,
4-14,11:30:53,11,11,12.4,11,202,
4-14,11:30:53,19,19,12.43,11,202,
4-14,11:30:54,31,31,12.55,11,202,
4-14,11:30:54,33,33,12.5,11,202,
4-14,11:30:55,34,34,12.39,11,202,
4-14,11:30:55,43,43,12.52,11,202,
4-14,11:30:56,45,45,12.5,11,202,
4-14,11:30:56,43,43,12.35,11,202,
4-14,11:30:57,52,52,12.46,11,202,
4-14,11:30:57,53,53,12.35,11,202,
4-14,11:30:58,56,56,12.31,11,202,
4-14,11:30:58,61,61,12.4,11,202,
4-14,11:30:59,60,60,12.21,11,202,
4-14,11:30:59,66,66,12.32,11,202,
4-14,11:31:0,68,68,12.46,11,202,
4-14,11:31:0,69,69,12.39,11,202,
4-14,11:31:1,72,72,12.35,11,202,
4-14,11:31:1,72,72,12.41,11,202,
4-14,11:31:2,71,71,12.4,11,202,
4-14,11:31:2,72,72,12.35,11,202,
4-14,11:31:3,72,72,12.38,11,202,
4-14,11:31:3,74,74,12.33,11,202,
4-14,11:31:4,72,72,12.26,11,202,
4-14,11:31:4,74,74,12.39,11,202,
4-14,11:31:5,74,74,12.34,11,202,
4-14,11:31:5,72,72,12.34,11,202,
4-14,11:31:6,71,71,12.39,11,202,
4-14,11:31:6,73,73,12.27,11,202,
4-14,11:31:7,74,74,12.29,11,202,
4-14,11:31:7,73,73,12.32,11,202,
4-14,11:31:8,74,74,12.29,11,202,
4-14,11:31:8,72,72,12.36,11,202,
4-14,11:31:9,75,75,12.45,11,202,
4-14,11:31:9,72,72,12.21,11,202,
4-14,11:31:10,74,74,12.31,11,202,
4-14,11:31:10,74,74,12.33,11,202,
4-14,11:31:11,74,74,12.29,11,202,
4-14,11:31:11,73,73,12.43,11,202,
4-14,11:31:12,75,75,12.34,11,202,
4-14,11:31:12,75,75,12.4,11,202,
4-14,11:31:13,77,77,12.29,11,202,
4-14,11:31:13,75,75,12.39,11,202,
4-14,11:31:14,78,78,12.32,11,202,
4-14,11:31:14,77,77,12.36,11,202,
4-14,11:31:15,77,77,12.42,11,202,
4-14,11:31:15,78,78,12.39,11,202,
4-14,11:31:16,77,77,12.4,11,202,
4-14,11:31:16,77,77,12.4,11,202,
4-14,11:31:17,78,78,12.39,11,202,
4-14,11:31:17,79,79,12.33,11,202,
4-14,11:31:18,80,80,12.39,11,202,
4-14,11:31:18,79,79,12.48,11,202,
4-14,11:31:19,78,78,12.37,11,202,
4-14,11:31:19,80,80,12.38,11,202,
4-14,11:31:20,77,77,12.44,11,202,
4-14,11:31:20,80,80,12.39,11,202,
4-14,11:31:21,79,79,12.55,11,202,
4-14,11:31:21,79,79,12.44,11,202,
4-14,11:31:22,79,79,12.34,11,202,
4-14,11:31:22,79,79,12.41,11,202,
4-14,11:31:23,79,79,12.4,11,202,
4-14,11:31:23,79,79,12.52,11,202,
4-14,11:31:24,78,78,12.33,11,202,
4-14,11:31:24,77,77,12.36,11,202,
4-14,11:31:25,78,78,12.38,11,202,
4-14,11:31:25,79,79,12.37,11,202,
4-14,11:31:26,79,79,12.37,11,202,
4-14,11:31:26,78,78,12.3,11,202,
4-14,11:31:27,79,79,12.38,11,202,
4-14,11:31:27,81,81,12.31,11,202,
4-14,11:31:28,80,80,12.35,11,202,
4-14,11:31:28,79,79,12.37,11,202,
4-14,11:31:29,80,80,12.37,11,202,
4-14,11:31:29,81,81,12.36,11,202,
4-14,11:31:30,82,82,12.45,11,202,
4-14,11:31:30,82,82,12.31,11,202,
4-14,11:31:31,82,82,12.35,11,202,
4-14,11:31:31,83,83,12.36,11,202,
4-14,11:31:32,81,81,12.38,11,202,
4-14,11:31:32,83,83,12.4,11,202,
4-14,11:31:33,83,83,12.38,11,202,
4-14,11:31:33,82,82,12.42,11,202,
4-14,11:31:34,83,83,12.48,11,202,
4-14,11:31:34,83,83,12.4,11,202,
4-14,11:31:35,84,84,12.38,11,202,
4-14,11:31:35,83,83,12.43,11,202,
4-14,11:31:36,82,82,12.42,11,202,
4-14,11:31:36,83,83,12.35,11,202,
4-14,11:31:37,83,83,12.39,11,202,
4-14,11:31:37,82,82,12.37,11,202,
4-14,11:31:38,82,82,12.44,11,202,
4-14,11:31:38,81,81,12.42,11,202,
4-14,11:31:39,82,82,12.35,11,202,
4-14,11:31:39,83,83,12.33,11,202,
4-14,11:31:40,83,83,12.42,11,202,
4-14,11:31:40,81,81,12.42,11,202,
4-14,11:31:41,83,83,12.32,11,202,
4-14,11:31:41,82,82,12.39,11,202,
4-14,11:31:42,83,83,12.37,11,202,
4-14,11:31:42,83,83,12.37,11,202,
4-14,11:31:43,82,82,12.39,11,202,
4-14,11:31:43,82,82,12.39,11,202,
4-14,11:31:44,83,83,12.41,11,202,
4-14,11:31:44,82,82,12.38,11,202,
4-14,11:31:45,83,83,12.46,11,202,
4-14,11:31:45,83,83,12.37,11,202,
4-14,11:31:46,83,83,12.4,11,202,
4-14,11:31:46,83,83,12.43,11,202,
4-14,11:31:47,83,83,12.35,11,202,
4-14,11:31:47,84,84,12.39,11,202,
4-14,11:31:48,83,83,12.39,11,202,
4-14,11:31:48,84,84,12.4,11,202,
4-14,11:31:49,82,82,12.47,11,202,
4-14,11:31:49,83,83,12.45,11,202,
4-14,11:31:50,83,83,12.32,11,202,
4-14,11:31:50,83,83,12.29,11,202,
4-14,11:31:51,83,83,12.37,11,202,
4-14,11:31:51,83,83,12.36,11,202,
4-14,11:31:52,83,83,12.42,11,202,
4-14,11:31:52,84,84,12.36,11,202,
4-14,11:31:53,82,82,12.4,11,202,
4-14,11:31:53,83,83,12.38,11,202,
4-14,11:31:54,83,83,12.38,11,202,
4-14,11:31:54,84,84,12.45,11,202,
4-14,11:31:55,83,83,12.4,11,202,
4-14,11:31:55,82,82,12.39,11,202,
4-14,11:31:56,83,83,12.44,11,202,
4-14,11:31:56,83,83,12.4,11,202,
4-14,11:31:57,83,83,12.43,11,202,
4-14,11:31:57,82,82,12.41,11,202,
4-14,11:31:58,83,83,12.38,11,202,
4-14,11:31:58,83,83,12.39,11,202,
4-14,11:31:59,83,83,12.41,11,202,
4-14,11:31:59,85,85,12.34,11,202,
4-14,11:32:0,83,83,12.4,11,202,
4-14,11:32:0,83,83,12.37,11,202,
4-14,11:32:1,83,83,12.38,11,202,
4-14,11:32:1,83,83,12.39,11,202,
4-14,11:32:2,83,83,12.38,11,202,
4-14,11:32:2,83,83,12.36,11,202,
4-14,11:32:3,82,82,12.4,11,202,
4-14,11:32:3,83,83,12.39,11,202,
4-14,11:32:4,83,83,12.43,11,202,
4-14,11:32:4,82,82,12.34,11,202,
4-14,11:32:5,82,82,12.37,11,202,
4-14,11:32:5,83,83,12.41,11,202,
4-14,11:32:6,83,83,12.49,11,202,
4-14,11:32:6,82,82,12.28,11,202,
4-14,11:32:7,82,82,12.36,11,202,
4-14,11:32:7,83,83,12.41,11,202,
4-14,11:32:8,82,82,12.38,11,202,
4-14,11:32:8,83,83,12.39,11,202,
4-14,11:32:9,83,83,12.43,11,202,
4-14,11:32:9,83,83,12.46,11,202,
4-14,11:32:10,81,81,12.45,11,202,
4-14,11:32:10,83,83,12.45,11,202,
4-14,11:32:11,83,83,12.46,11,202,
4-14,11:32:11,82,82,12.5,11,202,
4-14,11:32:12,81,81,12.49,11,202,
4-14,11:32:12,83,83,12.47,11,202,
4-14,11:32:13,83,83,12.5,11,202,
4-14,11:32:13,82,82,12.38,11,202,
4-14,11:32:14,83,83,12.47,11,202,
4-14,11:32:14,83,83,12.36,11,202,
4-14,11:32:15,82,82,12.41,11,202,
4-14,11:32:15,83,83,12.45,11,202,
4-14,11:32:16,82,82,12.43,11,202,
4-14,11:32:16,83,83,12.43,11,202,
4-14,11:32:17,82,82,12.52,11,202,
4-14,11:32:17,82,82,12.43,11,202,
4-14,11:32:18,81,81,12.45,11,202,
4-14,11:32:18,81,81,12.42,11,202,
4-14,11:32:19,83,83,12.41,11,202,
4-14,11:32:19,82,82,12.4,11,202,
4-14,11:32:20,81,81,12.51,11,202,
4-14,11:32:20,81,81,12.44,11,202,
4-14,11:32:21,79,79,12.45,11,202,
4-14,11:32:21,82,82,12.36,11,202,
4-14,11:32:22,81,81,12.42,11,202,
4-14,11:32:22,82,82,12.4,11,202,
4-14,11:32:23,82,82,12.4,11,202,
4-14,11:32:23,81,81,12.37,11,202,
4-14,11:32:24,81,81,12.39,11,202,
4-14,11:32:24,81,81,12.28,11,202,
4-14,11:32:25,80,80,12.36,11,202,
4-14,11:32:25,80,80,12.28,11,202,
4-14,11:32:26,80,80,12.4,11,202,
4-14,11:32:26,81,81,12.41,11,202,
4-14,11:32:27,80,80,12.4,11,202,
4-14,11:32:27,80,80,12.37,11,202,
4-14,11:32:28,81,81,12.31,11,202,
4-14,11:32:28,80,80,12.36,11,202,
4-14,11:32:29,80,80,12.4,11,202,
4-14,11:32:29,81,81,12.38,11,202,
4-14,11:32:30,80,80,12.37,11,202,
4-14,11:32:30,80,80,12.33,11,202,
4-14,11:32:31,79,79,12.46,11,202,
4-14,11:32:31,79,79,12.36,11,202,
4-14,11:32:32,79,79,12.4,11,202,
4-14,11:32:32,79,79,12.34,11,202,
4-14,11:32:33,80,80,12.36,11,202,
4-14,11:32:33,80,80,12.45,11,202,
4-14,11:32:34,80,80,12.37,11,202,
4-14,11:32:34,79,79,12.34,11,202,
4-14,11:32:35,80,80,12.27,11,202,
4-14,11:32:35,78,78,12.35,11,202,
4-14,11:32:36,79,79,12.29,11,202,
4-14,11:32:36,79,79,12.3,11,202,
4-14,11:32:37,79,79,12.32,11,202,
4-14,11:32:37,79,79,12.33,11,202,
4-14,11:32:38,79,79,12.34,11,202,
4-14,11:32:38,79,79,12.34,11,202,
4-14,11:32:39,79,79,12.4,11,202,
4-14,11:32:39,79,79,12.4,11,202,
4-14,11:32:40,79,79,12.41,11,202,
4-14,11:32:40,79,79,12.33,11,202,
4-14,11:32:41,81,81,12.31,11,202,
4-14,11:32:41,79,79,12.28,11,202,
4-14,11:32:42,79,79,12.28,11,202,
4-14,11:32:42,80,80,12.29,11,202,
4-14,11:32:43,79,79,12.3,11,202,
4-14,11:32:43,79,79,12.31,11,202,
4-14,11:32:44,79,79,12.34,11,202,
4-14,11:32:44,80,80,12.41,11,202,
4-14,11:32:45,78,78,12.33,11,202,
4-14,11:32:45,78,78,12.34,11,202,
4-14,11:32:46,79,79,12.33,11,202,
4-14,11:32:46,79,79,12.37,11,202,
4-14,11:32:47,78,78,12.34,11,202,
4-14,11:32:47,77,77,12.25,11,202,
4-14,11:32:48,79,79,12.27,11,202,
4-14,11:32:48,79,79,12.3,11,202,
4-14,11:32:49,77,77,12.25,11,202,
4-14,11:32:49,77,77,12.29,11,202,
4-14,11:32:50,77,77,12.3,11,202,
4-14,11:32:50,78,78,12.31,11,202,
4-14,11:32:51,77,77,12.31,11,202,
4-14,11:32:51,78,78,12.34,11,202,
4-14,11:32:52,77,77,12.31,11,202,
4-14,11:32:52,77,77,12.25,11,202,
4-14,11:32:53,78,78,12.31,11,202,
4-14,11:32:53,77,77,12.31,11,202,
4-14,11:32:54,78,78,12.28,11,202,
4-14,11:32:54,78,78,12.27,11,202,
4-14,11:32:55,77,77,12.36,11,202,
4-14,11:32:55,75,75,12.13,11,202,
4-14,11:32:56,78,78,12.24,11,202,
4-14,11:32:56,78,78,12.25,11,202,
4-14,11:32:57,77,77,12.26,11,202,
4-14,11:32:57,77,77,12.23,11,202,
4-14,11:32:58,76,76,12.21,11,202,
4-14,11:32:58,74,74,12.24,11,202,
4-14,11:32:59,76,76,12.21,11,202,
4-14,11:32:59,77,77,12.28,11,202,
4-14,11:33:0,76,76,12.21,11,202,
4-14,11:33:0,77,77,12.19,11,202,
4-14,11:33:1,74,74,12.29,11,202,
4-14,11:33:1,76,76,12.27,11,202,
4-14,11:33:2,77,77,12.2,11,202,
4-14,11:33:2,75,75,12.26,11,202,
4-14,11:33:3,74,74,12.14,11,202,
4-14,11:33:3,75,75,12.24,11,202,
4-14,11:33:4,75,75,12.2,11,202,
4-14,11:33:4,76,76,12.18,11,202,
4-14,11:33:5,76,76,12.19,11,202,
4-14,11:33:5,74,74,12.26,11,202,
4-14,11:33:6,74,74,12.25,11,202,
4-14,11:33:6,74,74,12.27,11,202,
4-14,11:33:7,73,73,12.14,11,202,
4-14,11:33:7,75,75,12.19,11,202,
4-14,11:33:8,77,77,12.25,11,202,
4-14,11:33:8,74,74,12.29,11,202,
4-14,11:33:9,75,75,12.21,11,202,
4-14,11:33:9,74,74,12.16,11,202,
4-14,11:33:10,75,75,12.13,11,202,
4-14,11:33:10,74,74,12.17,11,202,
4-14,11:33:11,73,73,12.25,11,202,
4-14,11:33:11,73,73,12.13,11,202,
4-14,11:33:12,73,73,12.26,11,202,
4-14,11:33:12,71,71,12.23,11,202,
4-14,11:33:13,72,72,12.2,11,202,
4-14,11:33:13,72,72,12.21,11,202,
4-14,11:33:14,73,73,12.13,11,202,
4-14,11:33:14,72,72,12.22,11,202,
4-14,11:33:15,71,71,12.17,11,202,
4-14,11:33:15,73,73,12.13,11,202,
4-14,11:33:16,71,71,12.2,11,202,
4-14,11:33:16,73,73,12.2,11,202,
4-14,11:33:17,72,72,12.19,11,202,
4-14,11:33:17,71,71,12.22,11,202,
4-14,11:33:18,72,72,12.11,11,202,
4-14,11:33:18,70,70,12.07,11,202,
4-14,11:33:19,72,72,12.18,11,202,
4-14,11:33:19,69,69,12.07,11,202,
4-14,11:33:20,70,70,12.14,11,202,
4-14,11:33:20,71,71,12.15,11,202,
4-14,11:33:21,69,69,12.06,11,202,
4-14,11:33:21,72,72,12.16,11,202,
4-14,11:33:22,72,72,12.18,11,202,
4-14,11:33:22,72,72,12.25,11,202,
4-14,11:33:23,73,73,12.23,11,202,
4-14,11:33:23,71,71,12.15,11,202,
4-14,11:33:24,70,70,12.14,11,202,
4-14,11:33:24,69,69,12.07,11,202,
4-14,11:33:25,71,71,12.05,11,202,
4-14,11:33:25,69,69,12.06,11,202,
4-14,11:33:26,71,71,12.14,11,202,
4-14,11:33:26,70,70,12.15,11,202,
4-14,11:33:27,68,68,12.11,11,202,
4-14,11:33:27,69,69,12.11,11,202,
4-14,11:33:28,72,72,12.16,11,202,
4-14,11:33:28,72,72,12.21,11,202,
4-14,11:33:29,69,69,12.06,11,202,
4-14,11:33:29,71,71,12.16,11,202,
4-14,11:33:30,69,69,12.08,11,202,
4-14,11:33:30,72,72,12.2,11,202,
4-14,11:33:31,70,70,12.12,11,202,
4-14,11:33:31,68,68,12.06,11,202,
4-14,11:33:32,70,70,12.1,11,202,
4-14,11:33:32,69,69,12.1,11,202,
4-14,11:33:33,71,71,12.12,11,202,
4-14,11:33:33,71,71,12.17,11,202,
4-14,11:33:34,72,72,12.08,11,202,
4-14,11:33:34,72,72,12,11,202,
4-14,11:33:35,71,71,12.15,11,202,
4-14,11:33:35,71,71,12.22,11,202,
4-14,11:33:36,72,72,12.18,11,202,
4-14,11:33:36,72,72,12.08,11,202,
4-14,11:33:37,71,71,12.18,11,202,
4-14,11:33:37,72,72,12.16,11,202,
4-14,11:33:38,69,69,12.11,11,202,
4-14,11:33:38,72,72,12.22,11,202,
4-14,11:33:39,70,70,12.02,11,202,
4-14,11:33:39,71,71,12.14,11,202,
4-14,11:33:40,70,70,12.1,11,202,
4-14,11:33:40,72,72,12.08,11,202,
4-14,11:33:41,70,70,12.09,11,202,
4-14,11:33:41,72,72,12.13,11,202,
4-14,11:33:42,70,70,12.02,11,202,
4-14,11:33:42,69,69,12.07,11,202,
4-14,11:33:43,71,71,12.17,11,202,
4-14,11:33:43,72,72,12.17,11,202,
4-14,11:33:44,72,72,12.23,11,202,
4-14,11:33:44,70,70,12.08,11,202,
4-14,11:33:45,72,72,12.14,11,202,
4-14,11:33:45,69,69,12.07,11,202,
4-14,11:33:46,68,68,12.04,11,202,
4-14,11:33:46,70,70,12.11,11,202,
4-14,11:33:47,72,72,12.06,11,202,
4-14,11:33:47,71,71,11.99,11,202,
4-14,11:33:48,71,71,12.16,11,202,
4-14,11:33:48,75,75,12.17,11,202,
4-14,11:33:49,73,73,12.04,11,202,
4-14,11:33:49,72,72,12.15,11,202,
4-14,11:33:50,72,72,12.01,11,202,
4-14,11:33:50,73,73,12.12,11,202,
4-14,11:33:51,71,71,12.05,11,202,
4-14,11:33:51,72,72,12.08,11,202,
4-14,11:33:52,74,74,12.2,11,202,
4-14,11:33:52,72,72,12.06,11,202,
4-14,11:33:53,72,72,12.1,11,202,
4-14,11:33:53,70,70,12.1,11,202,
4-14,11:33:54,73,73,12.13,11,202,
4-14,11:33:54,72,72,12.14,11,202,
4-14,11:33:55,72,72,12.12,11,202,
4-14,11:33:55,71,71,12.16,11,202,
4-14,11:33:56,69,69,12.09,11,202,
4-14,11:33:56,69,69,12.03,11,202,
4-14,11:33:57,69,69,12.08,11,202,
4-14,11:33:57,70,70,12.12,11,202,
4-14,11:33:58,69,69,11.95,11,202,
4-14,11:33:58,70,70,12.13,11,202,
4-14,11:33:59,69,69,12.05,11,202,
4-14,11:33:59,70,70,12.04,11,202,
4-14,11:34:0,67,67,12.03,11,202,
4-14,11:34:0,68,68,12.07,11,202,
4-14,11:34:1,69,69,12.07,11,202,
4-14,11:34:1,70,70,12.11,11,202,
4-14,11:34:2,70,70,12.13,11,202,
4-14,11:34:2,69,69,12.04,11,202,
4-14,11:34:3,68,68,12.02,11,202,
4-14,11:34:3,69,69,12.09,11,202,
4-14,11:34:4,71,71,12.15,11,202,
4-14,11:34:4,68,68,12.03,11,202,
4-14,11:34:5,67,67,12.07,11,202,
4-14,11:34:5,69,69,12.07,11,202,
4-14,11:34:6,67,67,12.12,11,202,
4-14,11:34:6,69,69,12.14,11,202,
4-14,11:34:7,67,67,12,11,202,
4-14,11:34:7,67,67,12.08,11,202,
4-14,11:34:8,66,66,12.01,11,202,
4-14,11:34:8,66,66,12.05,11,202,
4-14,11:34:9,69,69,12.04,11,202,
4-14,11:34:9,68,68,12.09,11,202,
4-14,11:34:10,66,66,12.02,11,202,
4-14,11:34:10,68,68,12.13,11,202,
4-14,11:34:11,69,69,12.05,11,202,
4-14,11:34:11,72,72,12.02,11,202,
4-14,11:34:12,71,71,12.03,11,202,
4-14,11:34:12,73,73,12.04,11,202,
4-14,11:34:13,70,70,12.1,11,202,
4-14,11:34:13,70,70,12.06,11,202,
4-14,11:34:14,70,70,12.08,11,202,
4-14,11:34:14,70,70,12.06,11,202,
4-14,11:34:15,70,70,12.05,11,202,
4-14,11:34:15,70,70,12.07,11,202,
4-14,11:34:16,70,70,12.1,11,202,
4-14,11:34:16,70,70,12.11,11,202,
4-14,11:34:17,69,69,12.08,11,202,
4-14,11:34:17,69,69,12.07,11,202,
4-14,11:34:18,67,67,12,11,202,
4-14,11:34:18,70,70,12.1,11,202,
4-14,11:34:19,69,69,12.07,11,202,
4-14,11:34:19,68,68,12.1,11,202,
4-14,11:34:20,69,69,12.1,11,202,
4-14,11:34:20,68,68,12.04,11,202,
4-14,11:34:21,68,68,12.06,11,202,
4-14,11:34:21,70,70,12.09,11,202,
4-14,11:34:22,70,70,12.12,11,202,
4-14,11:34:22,70,70,12.12,11,202,
4-14,11:34:23,70,70,12.07,11,202,
4-14,11:34:23,71,71,12.16,11,202,
4-14,11:34:24,70,70,12.14,11,202,
4-14,11:34:24,70,70,12.11,11,202,
4-14,11:34:25,70,70,12.13,11,202,
4-14,11:34:25,70,70,12.15,11,202,
4-14,11:34:26,71,71,12.12,11,202,
4-14,11:34:26,69,69,12.12,11,202,
4-14,11:34:27,68,68,12.15,11,202,
4-14,11:34:27,67,67,12.1,11,202,
4-14,11:34:28,67,67,12.1,11,202,
4-14,11:34:28,69,69,12.36,11,202,
4-14,11:34:29,67,67,11.87,11,202,
4-14,11:34:29,66,66,12.31,11,202,
4-14,11:34:30,65,65,12.43,11,202,
4-14,11:34:30,71,71,12.09,11,202,
4-14,11:34:31,67,67,12.33,11,202,
4-14,11:34:31,66,66,12.32,11,202,
4-14,11:34:32,67,67,12.03,11,202,
4-14,11:34:32,67,67,11.96,11,202,
4-14,11:34:33,65,65,12.24,11,202,
4-14,11:34:33,97,97,11.19,11,202,
4-14,11:34:34,99,99,11.34,11,202,
4-14,11:34:35,98,98,11.84,11,202,
4-14,11:34:36,71,71,11.56,11,202,
4-14,11:34:37,66,66,12.11,11,202,
4-14,11:34:37,65,65,12.27,11,202,
4-14,11:34:38,73,73,12.19,11,202,
4-14,11:34:38,72,72,12.22,11,202,
4-14,11:34:39,69,69,12.03,11,202,
4-14,11:34:39,71,71,12.08,11,202,
4-14,11:34:40,73,73,12.08,11,202,
4-14,11:34:40,76,76,12.22,11,202,
4-14,11:34:41,76,76,12.16,11,202,
4-14,11:34:41,75,75,12.18,11,202,
4-14,11:34:42,75,75,12.15,11,202,
4-14,11:34:42,76,76,12.17,11,202,
4-14,11:34:43,76,76,12.23,11,202,
4-14,11:34:43,73,73,12.32,11,202,
4-14,11:34:44,69,69,12.37,11,202,
4-14,11:34:44,75,75,12.14,11,202,
4-14,11:34:45,75,75,12.19,11,202,
4-14,11:34:45,75,75,12.18,11,202,
4-14,11:34:46,73,73,12.25,11,202,
4-14,11:34:46,74,74,12.16,11,202,
4-14,11:34:47,75,75,12.11,11,202,
4-14,11:34:47,74,74,12.15,11,202,
4-14,11:34:48,75,75,12.16,11,202,
4-14,11:34:48,75,75,12.13,11,202,
4-14,11:34:49,76,76,12.17,11,202,
4-14,11:34:49,74,74,12.11,11,202,
4-14,11:34:50,73,73,12.11,11,202,
4-14,11:34:50,72,72,12.13,11,202,
4-14,11:34:51,72,72,12.13,11,202,
4-14,11:34:51,71,71,12.19,11,202,
4-14,11:34:52,73,73,12.04,11,202,
4-14,11:34:52,72,72,12.07,11,202,
4-14,11:34:53,73,73,12.15,11,202,
4-14,11:34:53,72,72,12,11,202,
4-14,11:34:54,73,73,12.05,11,202,
4-14,11:34:54,70,70,12.05,11,202,
4-14,11:34:55,63,63,12.27,11,202,
4-14,11:34:55,61,61,12.39,11,202,
4-14,11:34:56,63,63,12.27,11,202,
4-14,11:34:56,67,67,12.21,11,202,
4-14,11:34:57,70,70,12.06,11,202,
4-14,11:34:57,72,72,12.17,11,202,
4-14,11:34:58,65,65,12.25,11,202,
4-14,11:34:58,72,72,12.19,11,202,
4-14,11:34:59,63,63,12.17,11,202,
4-14,11:34:59,65,65,12.42,11,202,
4-14,11:35:0,71,71,12.21,11,202,
4-14,11:35:0,68,68,12.17,11,202,
4-14,11:35:1,77,77,11.96,11,202,
4-14,11:35:1,65,65,12.22,11,202,
4-14,11:35:2,63,63,12.16,11,202,
4-14,11:35:2,65,65,12.24,11,202,
4-14,11:35:3,62,62,12.36,11,202,
4-14,11:35:3,63,63,12.13,11,202,
4-14,11:35:4,65,65,12.13,11,202,
4-14,11:35:4,59,59,12.36,11,202,
4-14,11:35:5,66,66,12.02,11,202,
4-14,11:35:5,69,69,12.01,11,202,
4-14,11:35:6,69,69,12.02,11,202,
4-14,11:35:6,68,68,12.02,11,202,
4-14,11:35:7,69,69,12.03,11,202,
4-14,11:35:7,68,68,11.97,11,202,
4-14,11:35:8,69,69,11.98,11,202,
4-14,11:35:8,68,68,12,11,202,
4-14,11:35:9,67,67,11.95,11,202,
4-14,11:35:9,67,67,12.02,11,202,
4-14,11:35:10,65,65,11.98,11,202,
4-14,11:35:10,63,63,11.97,11,202,
4-14,11:35:11,61,61,11.96,11,202,
4-14,11:35:11,61,61,12,11,202,
4-14,11:35:12,61,61,11.99,11,202,
4-14,11:35:12,59,59,11.99,11,202,
4-14,11:35:13,59,59,12,11,202,
4-14,11:35:13,58,58,12.05,11,202,
4-14,11:35:14,57,57,12.04,11,202,
4-14,11:35:14,54,54,12.01,11,202,
4-14,11:35:15,54,54,12.02,11,202,
4-14,11:35:15,53,53,12.03,11,202,
4-14,11:35:16,53,53,12.02,11,202,
4-14,11:35:16,53,53,12.03,11,202,
4-14,11:35:17,53,53,12.06,11,202,
4-14,11:35:17,50,50,12.05,11,202,
4-14,11:35:18,51,51,12.08,11,202,
4-14,11:35:18,49,49,12.02,11,202,
4-14,11:35:19,50,50,12.06,11,202,
4-14,11:35:19,50,50,12.08,11,202,
4-14,11:35:20,51,51,12.07,11,202,
4-14,11:35:20,50,50,12.02,11,202,
4-14,11:35:21,51,51,12.06,11,202,
4-14,11:35:21,49,49,12.02,11,202,
4-14,11:35:22,50,50,12.03,11,202,
4-14,11:35:22,49,49,12.04,11,202,
4-14,11:35:23,49,49,12.04,11,202,
4-14,11:35:23,52,52,12.11,11,202,
4-14,11:35:24,49,49,12.07,11,202,
4-14,11:35:24,53,53,12.1,11,202,
4-14,11:35:25,51,51,12.06,11,202,
4-14,11:35:25,49,49,12.04,11,202,
4-14,11:35:26,48,48,12.01,11,202,
4-14,11:35:26,50,50,12.08,11,202,
4-14,11:35:27,55,55,12.15,11,202,
4-14,11:35:27,53,53,12.1,11,202,
4-14,11:35:28,55,55,12.15,11,202,
4-14,11:35:28,52,52,12.13,11,202,
4-14,11:35:29,55,55,12.19,11,202,
4-14,11:35:29,54,54,12.12,11,202,
4-14,11:35:30,54,54,12.15,11,202,
4-14,11:35:30,53,53,12.14,11,202,
4-14,11:35:31,54,54,12.11,11,202,
4-14,11:35:31,52,52,12.14,11,202,
4-14,11:35:32,53,53,12.09,11,202,
4-14,11:35:32,50,50,12.1,11,202,
4-14,11:35:33,52,52,12.12,11,202,
4-14,11:35:33,51,51,12.1,11,202,
4-14,11:35:34,53,53,12.15,11,202,
4-14,11:35:34,53,53,12.14,11,202,
4-14,11:35:35,52,52,12.13,11,202,
4-14,11:35:35,51,51,12.12,11,202,
4-14,11:35:36,51,51,12.12,11,202,
4-14,11:35:36,54,54,12.21,11,202,
4-14,11:35:37,54,54,12.2,11,202,
4-14,11:35:37,53,53,12.15,11,202,
4-14,11:35:38,53,53,12.18,11,202,
4-14,11:35:38,51,51,12.18,11,202,
4-14,11:35:39,53,53,12.17,11,202,
4-14,11:35:39,52,52,12.18,11,202,
4-14,11:35:40,49,49,12.14,11,202,
4-14,11:35:40,52,52,12.15,11,202,
4-14,11:35:41,51,51,12.17,11,202,
4-14,11:35:41,53,53,12.18,11,202,
4-14,11:35:42,54,54,12.21,11,202,
4-14,11:35:42,53,53,12.2,11,202,
4-14,11:35:43,53,53,12.21,11,202,
4-14,11:35:43,53,53,12.21,11,202,
4-14,11:35:44,52,52,12.2,11,202,
4-14,11:35:44,50,50,12.15,11,202,
4-14,11:35:45,51,51,12.17,11,202,
4-14,11:35:45,51,51,12.18,11,202,
4-14,11:35:46,52,52,12.19,11,202,
4-14,11:35:46,53,53,12.2,11,202,
4-14,11:35:47,53,53,12.21,11,202,
4-14,11:35:47,54,54,12.25,11,202,
4-14,11:35:48,54,54,12.21,11,202,
4-14,11:35:48,53,53,12.19,11,202,
4-14,11:35:49,56,56,12.19,11,202,
4-14,11:35:49,53,53,12.18,11,202,
4-14,11:35:50,54,54,12.23,11,202,
4-14,11:35:50,53,53,12.18,11,202,
4-14,11:35:51,52,52,12.21,11,202,
4-14,11:35:51,52,52,12.2,11,202,
4-14,11:35:52,53,53,12.19,11,202,
4-14,11:35:52,51,51,12.25,11,202,
4-14,11:35:53,51,51,12.21,11,202,
4-14,11:35:53,49,49,12.23,11,202,
4-14,11:35:54,51,51,12.2,11,202,
4-14,11:35:54,52,52,12.21,11,202,
4-14,11:35:55,53,53,12.3,11,202,
4-14,11:35:55,49,49,12.19,11,202,
4-14,11:35:56,53,53,12.26,11,202,
4-14,11:35:56,49,49,12.21,11,202,
4-14,11:35:57,50,50,12.2,11,202,
4-14,11:35:57,51,51,12.23,11,202,
4-14,11:35:58,50,50,12.26,11,202,
4-14,11:35:58,51,51,12.25,11,202,
4-14,11:35:59,49,49,12.2,11,202,
4-14,11:35:59,50,50,12.23,11,202,
4-14,11:36:0,49,49,12.21,11,202,
4-14,11:36:0,52,52,12.23,11,202,
4-14,11:36:1,50,50,12.29,11,202,
4-14,11:36:1,49,49,12.23,11,202,
4-14,11:36:2,49,49,12.22,11,202,
4-14,11:36:2,49,49,12.23,11,202,
4-14,11:36:3,50,50,12.28,11,202,
4-14,11:36:3,50,50,12.28,11,202,
4-14,11:36:4,47,47,12.22,11,202,
4-14,11:36:4,50,50,12.28,11,202,
4-14,11:36:5,47,47,12.23,11,202,
4-14,11:36:5,45,45,12.18,11,202,
4-14,11:36:6,46,46,12.27,11,202,
4-14,11:36:6,47,47,12.24,11,202,
4-14,11:36:7,46,46,12.28,11,202,
4-14,11:36:7,45,45,12.26,11,202,
4-14,11:36:8,46,46,12.22,11,202,
4-14,11:36:8,47,47,12.21,11,202,
4-14,11:36:9,47,47,12.23,11,202,
4-14,11:36:9,45,45,12.23,11,202,
4-14,11:36:10,50,50,12.28,11,202,
4-14,11:36:10,47,47,12.27,11,202,
4-14,11:36:11,48,48,12.3,11,202,
4-14,11:36:11,47,47,12.21,11,202,
4-14,11:36:12,46,46,12.24,11,202,
4-14,11:36:12,47,47,12.31,11,202,
4-14,11:36:13,45,45,12.23,11,202,
4-14,11:36:13,46,46,12.27,11,202,
4-14,11:36:14,46,46,12.22,11,202,
4-14,11:36:14,43,43,12.22,11,202,
4-14,11:36:15,46,46,12.29,11,202,
4-14,11:36:15,44,44,12.26,11,202,
4-14,11:36:16,45,45,12.27,11,202,
4-14,11:36:16,43,43,12.26,11,202,
4-14,11:36:17,44,44,12.26,11,202,
4-14,11:36:17,44,44,12.26,11,202,
4-14,11:36:18,42,42,12.24,11,202,
4-14,11:36:18,45,45,12.29,11,202,
4-14,11:36:19,44,44,12.31,11,202,
4-14,11:36:19,43,43,12.24,11,202,
4-14,11:36:20,40,40,12.25,11,202,
4-14,11:36:20,42,42,12.25,11,202,
4-14,11:36:21,42,42,12.29,11,202,
4-14,11:36:21,40,40,12.25,11,202,
4-14,11:36:22,42,42,12.24,11,202,
4-14,11:36:22,43,43,12.26,11,202,
4-14,11:36:23,41,41,12.28,11,202,
4-14,11:36:23,41,41,12.26,11,202,
4-14,11:36:24,39,39,12.26,11,202,
4-14,11:36:24,40,40,12.28,11,202,
4-14,11:36:25,39,39,12.27,11,202,
4-14,11:36:25,42,42,12.31,11,202,
4-14,11:36:26,43,43,12.29,11,202,
4-14,11:36:26,40,40,12.25,11,202,
4-14,11:36:27,41,41,12.27,11,202,
4-14,11:36:27,40,40,12.23,11,202,
4-14,11:36:28,43,43,12.3,11,202,
4-14,11:36:28,39,39,12.23,11,202,
4-14,11:36:29,39,39,12.26,11,202,
4-14,11:36:29,41,41,12.26,11,202,
4-14,11:36:30,43,43,12.26,11,202,
4-14,11:36:30,39,39,12.24,11,202,
4-14,11:36:31,43,43,12.28,11,202,
4-14,11:36:31,43,43,12.28,11,202,
4-14,11:36:32,41,41,12.28,11,202,
4-14,11:36:32,41,41,12.25,11,202,
4-14,11:36:33,39,39,12.29,11,202,
4-14,11:36:33,40,40,12.28,11,202,
4-14,11:36:34,41,41,12.32,11,202,
4-14,11:36:34,40,40,12.29,11,202,
4-14,11:36:35,40,40,12.29,11,202,
4-14,11:36:35,39,39,12.3,11,202,
4-14,11:36:36,40,40,12.33,11,202,
4-14,11:36:36,35,35,12.27,11,202,
4-14,11:36:37,38,38,12.27,11,202,
4-14,11:36:37,38,38,12.32,11,202,
4-14,11:36:38,36,36,12.2,11,202,
4-14,11:36:38,39,39,12.26,11,202,
4-14,11:36:39,39,39,12.3,11,202,
4-14,11:36:39,38,38,12.28,11,202,
4-14,11:36:40,39,39,12.28,11,202,
4-14,11:36:40,40,40,12.3,11,202,
4-14,11:36:41,41,41,12.3,11,202,
4-14,11:36:41,40,40,12.31,11,202,
4-14,11:36:42,39,39,12.27,11,202,
4-14,11:36:42,42,42,12.3,11,202,
4-14,11:36:43,44,44,12.3,11,202,
4-14,11:36:43,43,43,12.33,11,202,
4-14,11:36:44,39,39,12.25,11,202,
4-14,11:36:44,44,44,12.32,11,202,
4-14,11:36:45,41,41,12.28,11,202,
4-14,11:36:45,44,44,12.32,11,202,
4-14,11:36:46,42,42,12.22,11,202,
4-14,11:36:46,44,44,12.3,11,202,
4-14,11:36:47,43,43,12.27,11,202,
4-14,11:36:47,44,44,12.31,11,202,
4-14,11:36:48,43,43,12.22,11,202,
4-14,11:36:48,47,47,12.32,11,202,
4-14,11:36:49,44,44,12.24,11,202,
4-14,11:36:49,46,46,12.31,11,202,
4-14,11:36:50,42,42,12.24,11,202,
4-14,11:36:50,44,44,12.24,11,202,
4-14,11:36:51,46,46,12.29,11,202,
4-14,11:36:51,43,43,12.23,11,202,
4-14,11:36:52,47,47,12.24,11,202,
4-14,11:36:52,44,44,12.28,11,202,
4-14,11:36:53,47,47,12.35,11,202,
4-14,11:36:53,45,45,12.28,11,202,
4-14,11:36:54,44,44,12.27,11,202,
4-14,11:36:54,47,47,12.31,11,202,
4-14,11:36:55,44,44,12.24,11,202,
4-14,11:36:55,44,44,12.2,11,202,
4-14,11:36:56,48,48,12.3,11,202,
4-14,11:36:56,44,44,12.22,11,202,
4-14,11:36:57,49,49,12.34,11,202,
4-14,11:36:57,46,46,12.27,11,202,
4-14,11:36:58,46,46,12.29,11,202,
4-14,11:36:58,48,48,12.31,11,202,
4-14,11:36:59,46,46,12.21,11,202,
4-14,11:36:59,46,46,12.27,11,202,
4-14,11:37:0,49,49,12.24,11,202,
4-14,11:37:0,48,48,12.28,11,202,
4-14,11:37:1,50,50,12.29,11,202,
4-14,11:37:1,46,46,12.26,11,202,
4-14,11:37:2,49,49,12.29,11,202,
4-14,11:37:2,45,45,12.24,11,202,
4-14,11:37:3,50,50,12.3,11,202,
4-14,11:37:3,48,48,12.22,11,202,
4-14,11:37:4,48,48,12.24,11,202,
4-14,11:37:4,47,47,12.28,11,202,
4-14,11:37:5,49,49,12.28,11,202,
4-14,11:37:5,50,50,12.28,11,202,
4-14,11:37:6,49,49,12.22,11,202,
4-14,11:37:6,47,47,12.24,11,202,
4-14,11:37:7,49,49,12.21,11,202,
4-14,11:37:7,51,51,12.27,11,202,
4-14,11:37:8,47,47,12.21,11,202,
4-14,11:37:8,50,50,12.32,11,202,
4-14,11:37:9,50,50,12.28,11,202,
4-14,11:37:9,46,46,12.28,11,202,
4-14,11:37:10,51,51,12.29,11,202,
4-14,11:37:10,49,49,12.26,11,202,
4-14,11:37:11,50,50,12.28,11,202,
4-14,11:37:11,49,49,12.27,11,202,
4-14,11:37:12,48,48,12.23,11,202,
4-14,11:37:12,47,47,12.29,11,202,
4-14,11:37:13,50,50,12.31,11,202,
4-14,11:37:13,50,50,12.29,11,202,
4-14,11:37:14,49,49,12.25,11,202,
4-14,11:37:14,49,49,12.28,11,202,
4-14,11:37:15,51,51,12.27,11,202,
4-14,11:37:15,50,50,12.27,11,202,
4-14,11:37:16,49,49,12.21,11,202,
4-14,11:37:16,48,48,12.22,11,202,
4-14,11:37:17,50,50,12.25,11,202,
4-14,11:37:17,51,51,12.28,11,202,
4-14,11:37:18,50,50,12.31,11,202,
4-14,11:37:18,50,50,12.28,11,202,
4-14,11:37:19,49,49,12.27,11,202,
4-14,11:37:19,50,50,12.28,11,202,
4-14,11:37:20,49,49,12.26,11,202,
4-14,11:37:20,49,49,12.27,11,202,
4-14,11:37:21,50,50,12.27,11,202,
4-14,11:37:21,50,50,12.28,11,202,
4-14,11:37:22,50,50,12.2,11,202,
4-14,11:37:22,51,51,12.28,11,202,
4-14,11:37:23,51,51,12.25,11,202,
4-14,11:37:23,50,50,12.29,11,202,
4-14,11:37:24,51,51,12.28,11,202,
4-14,11:37:24,49,49,12.21,11,202,
4-14,11:37:25,51,51,12.29,11,202,
4-14,11:37:25,49,49,12.3,11,202,
4-14,11:37:26,51,51,12.28,11,202,
4-14,11:37:26,49,49,12.27,11,202,
4-14,11:37:27,49,49,12.28,11,202,
4-14,11:37:27,51,51,12.28,11,202,
4-14,11:37:28,52,52,12.26,11,202,
4-14,11:37:28,50,50,12.21,11,202,
4-14,11:37:29,50,50,12.24,11,202,
4-14,11:37:29,50,50,12.27,11,202,
4-14,11:37:30,52,52,12.3,11,202,
4-14,11:37:30,51,51,12.26,11,202,
4-14,11:37:31,50,50,12.3,11,202,
4-14,11:37:31,50,50,12.24,11,202,
4-14,11:37:32,51,51,12.31,11,202,
4-14,11:37:32,49,49,12.26,11,202,
4-14,11:37:33,50,50,12.3,11,202,
4-14,11:37:33,51,51,12.28,11,202,
4-14,11:37:34,50,50,12.19,11,202,
4-14,11:37:34,50,50,12.28,11,202,
4-14,11:37:35,51,51,12.31,11,202,
4-14,11:37:35,51,51,12.32,11,202,
4-14,11:37:36,51,51,12.28,11,202,
4-14,11:37:36,53,53,12.36,11,202,
4-14,11:37:37,51,51,12.29,11,202,
4-14,11:37:37,50,50,12.22,11,202,
4-14,11:37:38,48,48,12.24,11,202,
4-14,11:37:38,49,49,12.27,11,202,
4-14,11:37:39,44,44,12.18,11,202,
4-14,11:37:39,52,52,12.3,11,202,
4-14,11:37:40,50,50,12.26,11,202,
4-14,11:37:40,49,49,12.27,11,202,
4-14,11:37:41,50,50,12.25,11,202,
4-14,11:37:41,50,50,12.29,11,202,
4-14,11:37:42,50,50,12.2,11,202,
4-14,11:37:42,50,50,12.28,11,202,
4-14,11:37:43,50,50,12.29,11,202,
4-14,11:37:43,51,51,12.29,11,202,
4-14,11:37:44,49,49,12.26,11,202,
4-14,11:37:44,50,50,12.27,11,202,
4-14,11:37:45,49,49,12.24,11,202,
4-14,11:37:45,48,48,12.26,11,202,
4-14,11:37:46,50,50,12.26,11,202,
4-14,11:37:46,53,53,12.36,11,202,
4-14,11:37:47,51,51,12.29,11,202,
4-14,11:37:47,50,50,12.31,11,202,
4-14,11:37:48,48,48,12.31,11,202,
4-14,11:37:48,49,49,12.26,11,202,
4-14,11:37:49,50,50,12.25,11,202,
4-14,11:37:49,52,52,12.35,11,202,
4-14,11:37:50,52,52,12.32,11,202,
4-14,11:37:50,49,49,12.32,11,202,
4-14,11:37:51,49,49,12.25,11,202,
4-14,11:37:51,51,51,12.31,11,202,
4-14,11:37:52,50,50,12.29,11,202,
4-14,11:37:52,50,50,12.25,11,202,
4-14,11:37:53,51,51,12.32,11,202,
4-14,11:37:53,49,49,12.17,11,202,
4-14,11:37:54,52,52,12.36,11,202,
4-14,11:37:54,50,50,12.25,11,202,
4-14,11:37:55,49,49,12.26,11,202,
4-14,11:37:55,49,49,12.3,11,202,
4-14,11:37:56,49,49,12.28,11,202,
4-14,11:37:56,51,51,12.33,11,202,
4-14,11:37:57,50,50,12.31,11,202,
4-14,11:37:57,50,50,12.27,11,202,
4-14,11:37:58,50,50,12.38,11,202,
4-14,11:37:58,50,50,12.3,11,202,
4-14,11:37:59,51,51,12.29,11,202,
4-14,11:37:59,49,49,12.28,11,202,
4-14,11:38:0,49,49,12.29,11,202,
4-14,11:38:0,48,48,12.22,11,202,
4-14,11:38:1,49,49,12.27,11,202,
4-14,11:38:1,49,49,12.29,11,202,
4-14,11:38:2,51,51,12.32,11,202,
4-14,11:38:2,52,52,12.36,11,202,
4-14,11:38:3,47,47,12.21,11,202,
4-14,11:38:3,49,49,12.36,11,202,
4-14,11:38:4,48,48,12.32,11,202,
4-14,11:38:4,49,49,12.28,11,202,
4-14,11:38:5,49,49,12.25,11,202,
4-14,11:38:5,50,50,12.28,11,202,
4-14,11:38:6,53,53,12.36,11,202,
4-14,11:38:6,51,51,12.33,11,202,
4-14,11:38:7,51,51,12.29,11,202,
4-14,11:38:7,50,50,12.27,11,202,
4-14,11:38:8,52,52,12.36,11,202,
4-14,11:38:8,48,48,12.33,11,202,
4-14,11:38:9,47,47,12.21,11,202,
4-14,11:38:9,53,53,12.42,11,202,
4-14,11:38:10,52,52,12.32,11,202,
4-14,11:38:10,51,51,12.33,11,202,
4-14,11:38:11,52,52,12.35,11,202,
4-14,11:38:11,52,52,12.32,11,202,
4-14,11:38:12,51,51,12.31,11,202,
4-14,11:38:12,50,50,12.3,11,202,
4-14,11:38:13,49,49,12.28,11,202,
4-14,11:38:13,50,50,12.28,11,202,
4-14,11:38:14,50,50,12.33,11,202,
4-14,11:38:14,50,50,12.31,11,202,
4-14,11:38:15,49,49,12.27,11,202,
4-14,11:38:15,49,49,12.27,11,202,
4-14,11:38:16,51,51,12.31,11,202,
4-14,11:38:16,46,46,12.29,11,202,
4-14,11:38:17,51,51,12.26,11,202,
4-14,11:38:17,50,50,12.29,11,202,
4-14,11:38:18,46,46,12.3,11,202,
4-14,11:38:18,50,50,12.32,11,202,
4-14,11:38:19,49,49,12.34,11,202,
4-14,11:38:19,49,49,12.36,11,202,
4-14,11:38:20,49,49,12.4,11,202,
4-14,11:38:20,48,48,12.25,11,202,
4-14,11:38:21,50,50,12.32,11,202,
4-14,11:38:21,53,53,12.37,11,202,
4-14,11:38:22,50,50,12.34,11,202,
4-14,11:38:22,49,49,12.29,11,202,
4-14,11:38:23,50,50,12.33,11,202,
4-14,11:38:23,50,50,12.32,11,202,
4-14,11:38:24,51,51,12.34,11,202,
4-14,11:38:24,51,51,12.3,11,202,
4-14,11:38:25,49,49,12.36,11,202,
4-14,11:38:25,51,51,12.34,11,202,
4-14,11:38:26,50,50,12.38,11,202,
4-14,11:38:26,46,46,12.28,11,202,
4-14,11:38:27,51,51,12.34,11,202,
4-14,11:38:27,51,51,12.33,11,202,
4-14,11:38:28,48,48,12.24,11,202,
4-14,11:38:28,48,48,12.33,11,202,
4-14,11:38:29,50,50,12.39,11,202,
4-14,11:38:29,47,47,12.34,11,202,
4-14,11:38:30,52,52,12.37,11,202,
4-14,11:38:30,48,48,12.32,11,202,
4-14,11:38:31,51,51,12.36,11,202,
4-14,11:38:31,50,50,12.38,11,202,
4-14,11:38:32,46,46,12.3,11,202,
4-14,11:38:32,46,46,12.27,11,202,
4-14,11:38:33,51,51,12.39,11,202,
4-14,11:38:33,46,46,12.27,11,202,
4-14,11:38:34,45,45,12.25,11,202,
4-14,11:38:34,45,45,12.28,11,202,
4-14,11:38:35,46,46,12.27,11,202,
4-14,11:38:35,47,47,12.31,11,202,
4-14,11:38:36,48,48,12.34,11,202,
4-14,11:38:36,49,49,12.33,11,202,
4-14,11:38:37,48,48,12.35,11,202,
4-14,11:38:37,52,52,12.41,11,202,
4-14,11:38:38,49,49,12.32,11,202,
4-14,11:38:38,47,47,12.33,11,202,
4-14,11:38:39,51,51,12.38,11,202,
4-14,11:38:39,49,49,12.37,11,202,
4-14,11:38:40,49,49,12.35,11,202,
4-14,11:38:40,52,52,12.42,11,202,
4-14,11:38:41,51,51,12.31,11,202,
4-14,11:38:41,47,47,12.3,11,202,
4-14,11:38:42,49,49,12.36,11,202,
4-14,11:38:42,48,48,12.34,11,202,
4-14,11:38:43,47,47,12.25,11,202,
4-14,11:38:43,49,49,12.3,11,202,
4-14,11:38:44,49,49,12.28,11,202,
4-14,11:38:44,49,49,12.35,11,202,
4-14,11:38:45,50,50,12.39,11,202,
4-14,11:38:45,50,50,12.36,11,202,
4-14,11:38:46,46,46,12.28,11,202,
4-14,11:38:46,48,48,12.41,11,202,
4-14,11:38:47,47,47,12.3,11,202,
4-14,11:38:47,47,47,12.31,11,202,
4-14,11:38:48,47,47,12.31,11,202,
4-14,11:38:48,47,47,12.38,11,202,
4-14,11:38:49,48,48,12.37,11,202,
4-14,11:38:49,45,45,12.31,11,202,
4-14,11:38:50,48,48,12.37,11,202,
4-14,11:38:50,49,49,12.41,11,202,
4-14,11:38:51,46,46,12.33,11,202,
4-14,11:38:51,47,47,12.38,11,202,
4-14,11:38:52,47,47,12.35,11,202,
4-14,11:38:52,46,46,12.35,11,202,
4-14,11:38:53,48,48,12.41,11,202,
4-14,11:38:53,43,43,12.32,11,202,
4-14,11:38:54,48,48,12.35,11,202,
4-14,11:38:54,44,44,12.3,11,202,
4-14,11:38:55,44,44,12.36,11,202,
4-14,11:38:55,46,46,12.38,11,202,
4-14,11:38:56,47,47,12.41,11,202,
4-14,11:38:56,47,47,12.41,11,202,
4-14,11:38:57,48,48,12.43,11,202,
4-14,11:38:57,46,46,12.39,11,202,
4-14,11:38:58,47,47,12.38,11,202,
4-14,11:38:58,45,45,12.38,11,202,
4-14,11:38:59,49,49,12.39,11,202,
4-14,11:38:59,46,46,12.39,11,202,
4-14,11:39:0,44,44,12.39,11,202,
4-14,11:39:0,48,48,12.4,11,202,
4-14,11:39:1,49,49,12.42,11,202,
4-14,11:39:1,47,47,12.37,11,202,
4-14,11:39:2,48,48,12.39,11,202,
4-14,11:39:2,45,45,12.31,11,202,
4-14,11:39:3,49,49,12.43,11,202,
4-14,11:39:3,47,47,12.43,11,202,
4-14,11:39:4,44,44,12.37,11,202,
4-14,11:39:4,46,46,12.34,11,202,
4-14,11:39:5,43,43,12.32,11,202,
4-14,11:39:5,45,45,12.37,11,202,
4-14,11:39:6,45,45,12.35,11,202,
4-14,11:39:6,44,44,12.34,11,202,
4-14,11:39:7,46,46,12.36,11,202,
4-14,11:39:7,46,46,12.4,11,202,
4-14,11:39:8,47,47,12.41,11,202,
4-14,11:39:8,48,48,12.42,11,202,
4-14,11:39:9,42,42,12.31,11,202,
4-14,11:39:9,45,45,12.38,11,202,
4-14,11:39:10,47,47,12.42,11,202,
4-14,11:39:10,45,45,12.41,11,202,
4-14,11:39:11,46,46,12.44,11,202,
4-14,11:39:11,46,46,12.34,11,202,
4-14,11:39:12,44,44,12.37,11,202,
4-14,11:39:12,48,48,12.45,11,202,
4-14,11:39:13,46,46,12.43,11,202,
4-14,11:39:13,46,46,12.43,11,202,
4-14,11:39:14,44,44,12.37,11,202,
4-14,11:39:14,47,47,12.47,11,202,
4-14,11:39:15,47,47,12.43,11,202,
4-14,11:39:15,43,43,12.4,11,202,
4-14,11:39:16,44,44,12.39,11,202,
4-14,11:39:16,46,46,12.41,11,202,
4-14,11:39:17,43,43,12.36,11,202,
4-14,11:39:17,45,45,12.45,11,202,
4-14,11:39:18,46,46,12.44,11,202,
4-14,11:39:18,44,44,12.38,11,202,
4-14,11:39:19,44,44,12.4,11,202,
4-14,11:39:19,46,46,12.39,11,202,
4-14,11:39:20,44,44,12.42,11,202,
4-14,11:39:20,43,43,12.4,11,202,
4-14,11:39:21,44,44,12.42,11,202,
4-14,11:39:21,44,44,12.4,11,202,
4-14,11:39:22,47,47,12.42,11,202,
4-14,11:39:22,43,43,12.38,11,202,
4-14,11:39:23,42,42,12.37,11,202,
4-14,11:39:23,41,41,12.34,11,202,
4-14,11:39:24,44,44,12.42,11,202,
4-14,11:39:24,44,44,12.34,11,202,
4-14,11:39:25,43,43,12.35,11,202,
4-14,11:39:25,43,43,12.35,11,202,
4-14,11:39:26,43,43,12.36,11,202,
4-14,11:39:26,44,44,12.39,11,202,
4-14,11:39:27,45,45,12.38,11,202,
4-14,11:39:27,46,46,12.39,11,202,
4-14,11:39:28,44,44,12.37,11,202,
4-14,11:39:28,45,45,12.4,11,202,
4-14,11:39:29,47,47,12.42,11,202,
4-14,11:39:29,47,47,12.44,11,202,
4-14,11:39:30,43,43,12.37,11,202,
4-14,11:39:30,42,42,12.35,11,202,
4-14,11:39:31,42,42,12.36,11,202,
4-14,11:39:31,45,45,12.41,11,202,
4-14,11:39:32,46,46,12.35,11,202,
4-14,11:39:32,44,44,12.4,11,202,
4-14,11:39:33,42,42,12.4,11,202,
4-14,11:39:33,42,42,12.32,11,202,
4-14,11:39:34,45,45,12.39,11,202,
4-14,11:39:34,43,43,12.36,11,202,
4-14,11:39:35,44,44,12.45,11,202,
4-14,11:39:35,44,44,12.36,11,202,
4-14,11:39:36,45,45,12.38,11,202,
4-14,11:39:36,49,49,12.48,11,202,
4-14,11:39:37,47,47,12.44,11,202,
4-14,11:39:37,45,45,12.41,11,202,
4-14,11:39:38,46,46,12.43,11,202,
4-14,11:39:38,44,44,12.39,11,202,
4-14,11:39:39,44,44,12.38,11,202,
4-14,11:39:39,43,43,12.37,11,202,
4-14,11:39:40,45,45,12.42,11,202,
4-14,11:39:40,46,46,12.41,11,202,
4-14,11:39:41,45,45,12.39,11,202,
4-14,11:39:41,44,44,12.42,11,202,
4-14,11:39:42,44,44,12.35,11,202,
4-14,11:39:42,40,40,12.3,11,202,
4-14,11:39:43,42,42,12.41,11,202,
4-14,11:39:43,46,46,12.45,11,202,
4-14,11:39:44,45,45,12.42,11,202,
4-14,11:39:44,42,42,12.39,11,202,
4-14,11:39:45,44,44,12.43,11,202,
4-14,11:39:45,43,43,12.45,11,202,
4-14,11:39:46,44,44,12.37,11,202,
4-14,11:39:46,44,44,12.41,11,202,
4-14,11:39:47,42,42,12.3,11,202,
4-14,11:39:47,45,45,12.42,11,202,
4-14,11:39:48,44,44,12.41,11,202,
4-14,11:39:48,42,42,12.4,11,202,
4-14,11:39:49,43,43,12.35,11,202,
4-14,11:39:49,44,44,12.44,11,202,
4-14,11:39:50,46,46,12.48,11,202,
4-14,11:39:50,41,41,12.31,11,202,
4-14,11:39:51,46,46,12.44,11,202,
4-14,11:39:51,43,43,12.43,11,202,
4-14,11:39:52,43,43,12.36,11,202,
4-14,11:39:52,41,41,12.36,11,202,
4-14,11:39:53,45,45,12.44,11,202,
4-14,11:39:53,43,43,12.4,11,202,
4-14,11:39:54,43,43,12.36,11,202,
4-14,11:39:54,43,43,12.37,11,202,
4-14,11:39:55,40,40,12.35,11,202,
4-14,11:39:55,43,43,12.42,11,202,
4-14,11:39:56,45,45,12.46,11,202,
4-14,11:39:56,43,43,12.43,11,202,
4-14,11:39:57,45,45,12.45,11,202,
4-14,11:39:57,45,45,12.4,11,202,
4-14,11:39:58,42,42,12.38,11,202,
4-14,11:39:58,39,39,12.36,11,202,
4-14,11:39:59,45,45,12.46,11,202,
4-14,11:39:59,45,45,12.42,11,202,
4-14,11:40:0,42,42,12.39,11,202,
4-14,11:40:0,40,40,12.36,11,202,
4-14,11:40:1,41,41,12.38,11,202,
4-14,11:40:1,45,45,12.48,11,202,
4-14,11:40:2,45,45,12.45,11,202,
4-14,11:40:2,43,43,12.41,11,202,
4-14,11:40:3,42,42,12.44,11,202,
4-14,11:40:3,41,41,12.37,11,202,
4-14,11:40:4,43,43,12.43,11,202,
4-14,11:40:4,44,44,12.43,11,202,
4-14,11:40:5,43,43,12.45,11,202,
4-14,11:40:5,43,43,12.44,11,202,
4-14,11:40:6,43,43,12.46,11,202,
4-14,11:40:6,44,44,12.44,11,202,
4-14,11:40:7,43,43,12.42,11,202,
4-14,11:40:7,43,43,12.45,11,202,
4-14,11:40:8,42,42,12.44,11,202,
4-14,11:40:8,43,43,12.47,11,202,
4-14,11:40:9,42,42,12.39,11,202,
4-14,11:40:9,41,41,12.44,11,202,
4-14,11:40:10,38,38,12.36,11,202,
4-14,11:40:10,39,39,12.4,11,202,
4-14,11:40:11,38,38,12.4,11,202,
4-14,11:40:11,41,41,12.44,11,202,
4-14,11:40:12,42,42,12.44,11,202,
4-14,11:40:12,40,40,12.41,11,202,
4-14,11:40:13,41,41,12.47,11,202,
4-14,11:40:13,42,42,12.48,11,202,
4-14,11:40:14,41,41,12.43,11,202,
4-14,11:40:14,44,44,12.48,11,202,
4-14,11:40:15,39,39,12.4,11,202,
4-14,11:40:15,40,40,12.41,11,202,
4-14,11:40:16,41,41,12.42,11,202,
4-14,11:40:16,38,38,12.44,11,202,
4-14,11:40:17,39,39,12.43,11,202,
4-14,11:40:17,42,42,12.44,11,202,
4-14,11:40:18,42,42,12.48,11,202,
4-14,11:40:18,39,39,12.43,11,202,
4-14,11:40:19,41,41,12.44,11,202,
4-14,11:40:19,37,37,12.35,11,202,
4-14,11:40:20,42,42,12.5,11,202,
4-14,11:40:20,41,41,12.44,11,202,
4-14,11:40:21,38,38,12.42,11,202,
4-14,11:40:21,42,42,12.43,11,202,
4-14,11:40:22,44,44,12.43,11,202,
4-14,11:40:22,39,39,12.41,11,202,
4-14,11:40:23,43,43,12.44,11,202,
4-14,11:40:23,43,43,12.45,11,202,
4-14,11:40:24,38,38,12.4,11,202,
4-14,11:40:24,41,41,12.44,11,202,
4-14,11:40:25,45,45,12.5,11,202,
4-14,11:40:25,40,40,12.44,11,202,
4-14,11:40:26,40,40,12.4,11,202,
4-14,11:40:26,43,43,12.48,11,202,
4-14,11:40:27,41,41,12.4,11,202,
4-14,11:40:27,41,41,12.4,11,202,
4-14,11:40:28,44,44,12.44,11,202,
4-14,11:40:28,44,44,12.45,11,202,
4-14,11:40:29,42,42,12.43,11,202,
4-14,11:40:29,40,40,12.41,11,202,
4-14,11:40:30,41,41,12.4,11,202,
4-14,11:40:30,43,43,12.44,11,202,
4-14,11:40:31,42,42,12.41,11,202,
4-14,11:40:31,42,42,12.44,11,202,
4-14,11:40:32,43,43,12.41,11,202,
4-14,11:40:32,39,39,12.34,11,202,
4-14,11:40:33,42,42,12.44,11,202,
4-14,11:40:33,42,42,12.36,11,202,
4-14,11:40:34,45,45,12.48,11,202,
4-14,11:40:34,42,42,12.42,11,202,
4-14,11:40:35,43,43,12.42,11,202,
4-14,11:40:35,38,38,12.32,11,202,
4-14,11:40:36,42,42,12.43,11,202,
4-14,11:40:36,41,41,12.43,11,202,
4-14,11:40:37,44,44,12.42,11,202,
4-14,11:40:37,38,38,12.36,11,202,
4-14,11:40:38,39,39,12.34,11,202,
4-14,11:40:38,40,40,12.37,11,202,
4-14,11:40:39,43,43,12.44,11,202,
4-14,11:40:39,44,44,12.44,11,202,
4-14,11:40:40,42,42,12.4,11,202,
4-14,11:40:40,42,42,12.39,11,202,
4-14,11:40:41,41,41,12.41,11,202,
4-14,11:40:41,46,46,12.49,11,202,
4-14,11:40:42,45,45,12.41,11,202,
4-14,11:40:42,43,43,12.42,11,202,
4-14,11:40:43,46,46,12.47,11,202,
4-14,11:40:43,43,43,12.42,11,202,
4-14,11:40:44,43,43,12.42,11,202,
4-14,11:40:44,45,45,12.43,11,202,
4-14,11:40:45,44,44,12.45,11,202,
4-14,11:40:45,41,41,12.35,11,202,
4-14,11:40:46,40,40,12.35,11,202,
4-14,11:40:46,41,41,12.4,11,202,
4-14,11:40:47,41,41,12.38,11,202,
4-14,11:40:47,43,43,12.44,11,202,
4-14,11:40:48,40,40,12.4,11,202,
4-14,11:40:48,41,41,12.31,11,202,
4-14,11:40:49,45,45,12.41,11,202,
4-14,11:40:49,39,39,12.35,11,202,
4-14,11:40:50,44,44,12.41,11,202,
4-14,11:40:50,40,40,12.35,11,202,
4-14,11:40:51,43,43,12.4,11,202,
4-14,11:40:51,42,42,12.36,11,202,
4-14,11:40:52,41,41,12.35,11,202,
4-14,11:40:52,37,37,12.31,11,202,
4-14,11:40:53,43,43,12.4,11,202,
4-14,11:40:53,44,44,12.45,11,202,
4-14,11:40:54,40,40,12.35,11,202,
4-14,11:40:54,39,39,12.34,11,202,
4-14,11:40:55,41,41,12.35,11,202,
4-14,11:40:55,42,42,12.43,11,202,
4-14,11:40:56,45,45,12.42,11,202,
4-14,11:40:56,40,40,12.37,11,202,
4-14,11:40:57,44,44,12.4,11,202,
4-14,11:40:57,44,44,12.47,11,202,
4-14,11:40:58,40,40,12.39,11,202,
4-14,11:40:58,44,44,12.43,11,202,
4-14,11:40:59,43,43,12.43,11,202,
4-14,11:40:59,41,41,12.38,11,202,
4-14,11:41:0,40,40,12.35,11,202,
4-14,11:41:0,42,42,12.39,11,202,
4-14,11:41:1,44,44,12.46,11,202,
4-14,11:41:1,42,42,12.37,11,202,
4-14,11:41:2,42,42,12.36,11,202,
4-14,11:41:2,43,43,12.4,11,202,
4-14,11:41:3,45,45,12.42,11,202,
4-14,11:41:3,42,42,12.35,11,202,
4-14,11:41:4,40,40,12.33,11,202,
4-14,11:41:4,43,43,12.36,11,202,
4-14,11:41:5,44,44,12.44,11,202,
4-14,11:41:5,43,43,12.35,11,202,
4-14,11:41:6,42,42,12.39,11,202,
4-14,11:41:6,41,41,12.35,11,202,
4-14,11:41:7,43,43,12.42,11,202,
4-14,11:41:7,43,43,12.38,11,202,
4-14,11:41:8,43,43,12.35,11,202,
4-14,11:41:8,46,46,12.45,11,202,
4-14,11:41:9,43,43,12.35,11,202,
4-14,11:41:9,42,42,12.36,11,202,
4-14,11:41:10,44,44,12.39,11,202,
4-14,11:41:10,45,45,12.39,11,202,
4-14,11:41:11,44,44,12.35,11,202,
4-14,11:41:11,43,43,12.33,11,202,
4-14,11:41:12,48,48,12.44,11,202,
4-14,11:41:12,45,45,12.37,11,202,
4-14,11:41:13,47,47,12.36,11,202,
4-14,11:41:13,44,44,12.37,11,202,
4-14,11:41:14,45,45,12.37,11,202,
4-14,11:41:14,46,46,12.31,11,202,
4-14,11:41:15,44,44,12.36,11,202,
4-14,11:41:15,46,46,12.32,11,202,
4-14,11:41:16,44,44,12.35,11,202,
4-14,11:41:16,47,47,12.38,11,202,
4-14,11:41:17,44,44,12.28,11,202,
4-14,11:41:17,47,47,12.34,11,202,
4-14,11:41:18,47,47,12.43,11,202,
4-14,11:41:18,44,44,12.27,11,202,
4-14,11:41:19,46,46,12.36,11,202,
4-14,11:41:19,45,45,12.29,11,202,
4-14,11:41:20,48,48,12.39,11,202,
4-14,11:41:20,47,47,12.35,11,202,
4-14,11:41:21,46,46,12.33,11,202,
4-14,11:41:21,49,49,12.39,11,202,
4-14,11:41:22,45,45,12.37,11,202,
4-14,11:41:22,47,47,12.38,11,202,
4-14,11:41:23,48,48,12.37,11,202,
4-14,11:41:23,46,46,12.31,11,202,
4-14,11:41:24,48,48,12.36,11,202,
4-14,11:41:24,48,48,12.32,11,202,
4-14,11:41:25,45,45,12.32,11,202,
4-14,11:41:25,47,47,12.39,11,202,
4-14,11:41:26,46,46,12.31,11,202,
4-14,11:41:26,47,47,12.36,11,202,
4-14,11:41:27,46,46,12.39,11,202,
4-14,11:41:27,48,48,12.33,11,202,
4-14,11:41:28,48,48,12.42,11,202,
4-14,11:41:28,48,48,12.39,11,202,
4-14,11:41:29,49,49,12.38,11,202,
4-14,11:41:29,50,50,12.42,11,202,
4-14,11:41:30,46,46,12.37,11,202,
4-14,11:41:30,50,50,12.38,11,202,
4-14,11:41:31,48,48,12.41,11,202,
4-14,11:41:31,48,48,12.39,11,202,
4-14,11:41:32,48,48,12.36,11,202,
4-14,11:41:32,48,48,12.37,11,202,
4-14,11:41:33,49,49,12.35,11,202,
4-14,11:41:33,47,47,12.4,11,202,
4-14,11:41:34,47,47,12.34,11,202,
4-14,11:41:34,48,48,12.43,11,202,
4-14,11:41:35,46,46,12.39,11,202,
4-14,11:41:35,46,46,12.36,11,202,
4-14,11:41:36,46,46,12.3,11,202,
4-14,11:41:36,48,48,12.36,11,202,
4-14,11:41:37,49,49,12.39,11,202,
4-14,11:41:37,45,45,12.33,11,202,
4-14,11:41:38,46,46,12.34,11,202,
4-14,11:41:38,47,47,12.32,11,202,
4-14,11:41:39,50,50,12.41,11,202,
4-14,11:41:39,46,46,12.3,11,202,
4-14,11:41:40,47,47,12.37,11,202,
4-14,11:41:40,49,49,12.43,11,202,
4-14,11:41:41,46,46,12.33,11,202,
4-14,11:41:41,47,47,12.4,11,202,
4-14,11:41:42,48,48,12.42,11,202,
4-14,11:41:42,47,47,12.35,11,202,
4-14,11:41:43,47,47,12.3,11,202,
4-14,11:41:43,47,47,12.41,11,202,
4-14,11:41:44,48,48,12.4,11,202,
4-14,11:41:44,46,46,12.4,11,202,
4-14,11:41:45,47,47,12.38,11,202,
4-14,11:41:45,45,45,12.36,11,202,
4-14,11:41:46,43,43,12.33,11,202,
4-14,11:41:46,48,48,12.42,11,202,
4-14,11:41:47,43,43,12.31,11,202,
4-14,11:41:47,49,49,12.41,11,202,
4-14,11:41:48,46,46,12.35,11,202,
4-14,11:41:48,48,48,12.39,11,202,
4-14,11:41:49,45,45,12.37,11,202,
4-14,11:41:49,44,44,12.35,11,202,
4-14,11:41:50,44,44,12.36,11,202,
4-14,11:41:50,44,44,12.35,11,202,
4-14,11:41:51,48,48,12.38,11,202,
4-14,11:41:51,45,45,12.38,11,202,
4-14,11:41:52,46,46,12.38,11,202,
4-14,11:41:52,48,48,12.44,11,202,
4-14,11:41:53,46,46,12.35,11,202,
4-14,11:41:53,45,45,12.32,11,202,
4-14,11:41:54,47,47,12.37,11,202,
4-14,11:41:54,46,46,12.38,11,202,
4-14,11:41:55,43,43,12.33,11,202,
4-14,11:41:55,45,45,12.39,11,202,
4-14,11:41:56,46,46,12.41,11,202,
4-14,11:41:56,46,46,12.31,11,202,
4-14,11:41:57,44,44,12.31,11,202,
4-14,11:41:57,45,45,12.39,11,202,
4-14,11:41:58,44,44,12.38,11,202,
4-14,11:41:58,44,44,12.35,11,202,
4-14,11:41:59,43,43,12.34,11,202,
4-14,11:41:59,44,44,12.36,11,202,
4-14,11:42:0,46,46,12.42,11,202,
4-14,11:42:0,47,47,12.43,11,202,
4-14,11:42:1,45,45,12.37,11,202,
4-14,11:42:1,42,42,12.3,11,202,
4-14,11:42:2,44,44,12.34,11,202,
4-14,11:42:2,42,42,12.34,11,202,
4-14,11:42:3,42,42,12.34,11,202,
4-14,11:42:3,48,48,12.45,11,202,
4-14,11:42:4,46,46,12.36,11,202,
4-14,11:42:4,44,44,12.34,11,202,
4-14,11:42:5,45,45,12.38,11,202,
4-14,11:42:5,47,47,12.35,11,202,
4-14,11:42:6,45,45,12.37,11,202,
4-14,11:42:6,46,46,12.48,11,202,
4-14,11:42:7,45,45,12.36,11,202,
4-14,11:42:7,43,43,12.36,11,202,
4-14,11:42:8,45,45,12.42,11,202,
4-14,11:42:8,48,48,12.45,11,202,
4-14,11:42:9,43,43,12.37,11,202,
4-14,11:42:9,43,43,12.4,11,202,
4-14,11:42:10,45,45,12.38,11,202,
4-14,11:42:10,47,47,12.44,11,202,
4-14,11:42:11,44,44,12.38,11,202,
4-14,11:42:11,43,43,12.38,11,202,
4-14,11:42:12,45,45,12.46,11,202,
4-14,11:42:12,44,44,12.36,11,202,
4-14,11:42:13,42,42,12.35,11,202,
4-14,11:42:13,45,45,12.44,11,202,
4-14,11:42:14,42,42,12.34,11,202,
4-14,11:42:14,45,45,12.37,11,202,
4-14,11:42:15,44,44,12.4,11,202,
4-14,11:42:15,44,44,12.4,11,202,
4-14,11:42:16,48,48,12.46,11,202,
4-14,11:42:16,43,43,12.37,11,202,
4-14,11:42:17,43,43,12.36,11,202,
4-14,11:42:17,44,44,12.37,11,202,
4-14,11:42:18,42,42,12.36,11,202,
4-14,11:42:18,43,43,12.39,11,202,
4-14,11:42:19,46,46,12.43,11,202,
4-14,11:42:19,44,44,12.38,11,202,
4-14,11:42:20,45,45,12.42,11,202,
4-14,11:42:20,44,44,12.38,11,202,
4-14,11:42:21,40,40,12.34,11,202,
4-14,11:42:21,47,47,12.45,11,202,
4-14,11:42:22,45,45,12.38,11,202,
4-14,11:42:22,40,40,12.32,11,202,
4-14,11:42:23,44,44,12.42,11,202,
4-14,11:42:23,40,40,12.35,11,202,
4-14,11:42:24,46,46,12.44,11,202,
4-14,11:42:24,44,44,12.38,11,202,
4-14,11:42:25,43,43,12.39,11,202,
4-14,11:42:25,46,46,12.46,11,202,
4-14,11:42:26,43,43,12.4,11,202,
4-14,11:42:26,43,43,12.38,11,202,
4-14,11:42:27,43,43,12.4,11,202,
4-14,11:42:27,44,44,12.41,11,202,
4-14,11:42:28,44,44,12.38,11,202,
4-14,11:42:28,40,40,12.35,11,202,
4-14,11:42:29,43,43,12.34,11,202,
4-14,11:42:29,44,44,12.39,11,202,
4-14,11:42:30,44,44,12.38,11,202,
4-14,11:42:30,42,42,12.33,11,202,
4-14,11:42:31,44,44,12.4,11,202,
4-14,11:42:31,43,43,12.38,11,202,
4-14,11:42:32,44,44,12.4,11,202,
4-14,11:42:32,44,44,12.39,11,202,
4-14,11:42:33,42,42,12.34,11,202,
4-14,11:42:33,40,40,12.31,11,202,
4-14,11:42:34,44,44,12.4,11,202,
4-14,11:42:34,42,42,12.31,11,202,
4-14,11:42:35,43,43,12.4,11,202,
4-14,11:42:35,43,43,12.38,11,202,
4-14,11:42:36,41,41,12.33,11,202,
4-14,11:42:36,44,44,12.38,11,202,
4-14,11:42:37,42,42,12.33,11,202,
4-14,11:42:37,41,41,12.39,11,202,
4-14,11:42:38,39,39,12.35,11,202,
4-14,11:42:38,38,38,12.33,11,202,
4-14,11:42:39,43,43,12.4,11,202,
4-14,11:42:39,41,41,12.33,11,202,
4-14,11:42:40,43,43,12.42,11,202,
4-14,11:42:40,42,42,12.38,11,202,
4-14,11:42:41,42,42,12.43,11,202,
4-14,11:42:41,41,41,12.36,11,202,
4-14,11:42:42,43,43,12.38,11,202,
4-14,11:42:42,41,41,12.4,11,202,
4-14,11:42:43,43,43,12.44,11,202,
4-14,11:42:43,41,41,12.4,11,202,
4-14,11:42:44,41,41,12.41,11,202,
4-14,11:42:44,39,39,12.38,11,202,
4-14,11:42:45,41,41,12.39,11,202,
4-14,11:42:45,39,39,12.35,11,202,
4-14,11:42:46,44,44,12.4,11,202,
4-14,11:42:46,41,41,12.41,11,202,
4-14,11:42:47,39,39,12.35,11,202,
4-14,11:42:47,44,44,12.44,11,202,
4-14,11:42:48,43,43,12.41,11,202,
4-14,11:42:48,43,43,12.44,11,202,
4-14,11:42:49,42,42,12.38,11,202,
4-14,11:42:49,45,45,12.42,11,202,
4-14,11:42:50,41,41,12.33,11,202,
4-14,11:42:50,43,43,12.42,11,202,
4-14,11:42:51,39,39,12.38,11,202,
4-14,11:42:51,43,43,12.38,11,202,
4-14,11:42:52,40,40,12.38,11,202,
4-14,11:42:52,42,42,12.39,11,202,
4-14,11:42:53,39,39,12.34,11,202,
4-14,11:42:53,41,41,12.37,11,202,
4-14,11:42:54,43,43,12.38,11,202,
4-14,11:42:54,43,43,12.39,11,202,
4-14,11:42:55,40,40,12.32,11,202,
4-14,11:42:55,43,43,12.38,11,202,
4-14,11:42:56,41,41,12.36,11,202,
4-14,11:42:56,42,42,12.39,11,202,
4-14,11:42:57,43,43,12.39,11,202,
4-14,11:42:57,41,41,12.38,11,202,
4-14,11:42:58,44,44,12.45,11,202,
4-14,11:42:58,42,42,12.4,11,202,
4-14,11:42:59,40,40,12.28,11,202,
4-14,11:42:59,43,43,12.38,11,202,
4-14,11:43:0,46,46,12.45,11,202,
4-14,11:43:0,43,43,12.42,11,202,
4-14,11:43:1,45,45,12.42,11,202,
4-14,11:43:1,43,43,12.43,11,202,
4-14,11:43:2,39,39,12.31,11,202,
4-14,11:43:2,42,42,12.37,11,202,
4-14,11:43:3,39,39,12.35,11,202,
4-14,11:43:3,42,42,12.38,11,202,
4-14,11:43:4,41,41,12.36,11,202,
4-14,11:43:4,43,43,12.4,11,202,
4-14,11:43:5,43,43,12.36,11,202,
4-14,11:43:5,45,45,12.45,11,202,
4-14,11:43:6,43,43,12.34,11,202,
4-14,11:43:6,44,44,12.4,11,202,
4-14,11:43:7,41,41,12.34,11,202,
4-14,11:43:7,42,42,12.37,11,202,
4-14,11:43:8,43,43,12.4,11,202,
4-14,11:43:8,43,43,12.35,11,202,
4-14,11:43:9,42,42,12.34,11,202,
4-14,11:43:9,40,40,12.31,11,202,
4-14,11:43:10,44,44,12.43,11,202,
4-14,11:43:10,45,45,12.44,11,202,
4-14,11:43:11,43,43,12.37,11,202,
4-14,11:43:11,43,43,12.39,11,202,
4-14,11:43:12,43,43,12.39,11,202,
4-14,11:43:12,45,45,12.42,11,202,
4-14,11:43:13,42,42,12.35,11,202,
4-14,11:43:13,42,42,12.33,11,202,
4-14,11:43:14,45,45,12.38,11,202,
4-14,11:43:14,43,43,12.32,11,202,
4-14,11:43:15,43,43,12.33,11,202,
4-14,11:43:15,43,43,12.35,11,202,
4-14,11:43:16,44,44,12.37,11,202,
4-14,11:43:16,45,45,12.41,11,202,
4-14,11:43:17,43,43,12.38,11,202,
4-14,11:43:17,39,39,12.31,11,202,
4-14,11:43:18,47,47,12.47,11,202,
4-14,11:43:18,42,42,12.32,11,202,
4-14,11:43:19,45,45,12.33,11,202,
4-14,11:43:19,43,43,12.39,11,202,
4-14,11:43:20,47,47,12.38,11,202,
4-14,11:43:20,45,45,12.36,11,202,
4-14,11:43:21,45,45,12.36,11,202,
4-14,11:43:21,44,44,12.38,11,202,
4-14,11:43:22,43,43,12.31,11,202,
4-14,11:43:22,45,45,12.36,11,202,
4-14,11:43:23,45,45,12.4,11,202,
4-14,11:43:23,46,46,12.36,11,202,
4-14,11:43:24,46,46,12.38,11,202,
4-14,11:43:24,46,46,12.38,11,202,
4-14,11:43:25,48,48,12.43,11,202,
4-14,11:43:25,45,45,12.36,11,202,
4-14,11:43:26,45,45,12.44,11,202,
4-14,11:43:26,43,43,12.31,11,202,
4-14,11:43:27,43,43,12.37,11,202,
4-14,11:43:27,47,47,12.42,11,202,
4-14,11:43:28,45,45,12.34,11,202,
4-14,11:43:28,46,46,12.41,11,202,
4-14,11:43:29,47,47,12.4,11,202,
4-14,11:43:29,45,45,12.31,11,202,
4-14,11:43:30,42,42,12.32,11,202,
4-14,11:43:30,47,47,12.4,11,202,
4-14,11:43:31,46,46,12.38,11,202,
4-14,11:43:31,45,45,12.32,11,202,
4-14,11:43:32,47,47,12.39,11,202,
4-14,11:43:32,45,45,12.35,11,202,
4-14,11:43:33,45,45,12.33,11,202,
4-14,11:43:33,46,46,12.39,11,202,
4-14,11:43:34,49,49,12.43,11,202,
4-14,11:43:34,44,44,12.36,11,202,
4-14,11:43:35,45,45,12.4,11,202,
4-14,11:43:35,45,45,12.35,11,202,
4-14,11:43:36,45,45,12.29,11,202,
4-14,11:43:36,45,45,12.35,11,202,
4-14,11:43:37,44,44,12.38,11,202,
4-14,11:43:37,43,43,12.36,11,202,
4-14,11:43:38,44,44,12.35,11,202,
4-14,11:43:38,46,46,12.38,11,202,
4-14,11:43:39,43,43,12.31,11,202,
4-14,11:43:39,43,43,12.36,11,202,
4-14,11:43:40,44,44,12.34,11,202,
4-14,11:43:40,45,45,12.32,11,202,
4-14,11:43:41,48,48,12.35,11,202,
4-14,11:43:41,47,47,12.4,11,202,
4-14,11:43:42,47,47,12.38,11,202,
4-14,11:43:42,43,43,12.33,11,202,
4-14,11:43:43,45,45,12.32,11,202,
4-14,11:43:43,48,48,12.39,11,202,
4-14,11:43:44,42,42,12.28,11,202,
4-14,11:43:44,48,48,12.42,11,202,
4-14,11:43:45,49,49,12.41,11,202,
4-14,11:43:45,53,53,12.44,11,202,
4-14,11:43:46,48,48,12.36,11,202,
4-14,11:43:46,46,46,12.29,11,202,
4-14,11:43:47,47,47,12.34,11,202,
4-14,11:43:47,44,44,12.27,11,202,
4-14,11:43:48,46,46,12.29,11,202,
4-14,11:43:48,48,48,12.4,11,202,
4-14,11:43:49,47,47,12.32,11,202,
4-14,11:43:49,51,51,12.38,11,202,
4-14,11:43:50,50,50,12.36,11,202,
4-14,11:43:50,48,48,12.38,11,202,
4-14,11:43:51,48,48,12.37,11,202,
4-14,11:43:51,47,47,12.35,11,202,
4-14,11:43:52,47,47,12.33,11,202,
4-14,11:43:52,47,47,12.31,11,202,
4-14,11:43:53,51,51,12.42,11,202,
4-14,11:43:53,51,51,12.51,11,202,
4-14,11:43:54,48,48,12.33,11,202,
4-14,11:43:54,50,50,12.34,11,202,
4-14,11:43:55,49,49,12.35,11,202,
4-14,11:43:55,49,49,12.36,11,202,
4-14,11:43:56,48,48,12.34,11,202,
4-14,11:43:56,49,49,12.34,11,202,
4-14,11:43:57,49,49,12.34,11,202,
4-14,11:43:57,51,51,12.37,11,202,
4-14,11:43:58,49,49,12.26,11,202,
4-14,11:43:58,49,49,12.42,11,202,
4-14,11:43:59,51,51,12.31,11,202,
4-14,11:43:59,53,53,12.41,11,202,
4-14,11:44:0,45,45,12.28,11,202,
4-14,11:44:0,47,47,12.3,11,202,
4-14,11:44:1,47,47,12.29,11,202,
4-14,11:44:1,50,50,12.37,11,202,
4-14,11:44:2,49,49,12.37,11,202,
4-14,11:44:2,48,48,12.38,11,202,
4-14,11:44:3,48,48,12.33,11,202,
4-14,11:44:3,48,48,12.27,11,202,
4-14,11:44:4,49,49,12.34,11,202,
4-14,11:44:4,50,50,12.32,11,202,
4-14,11:44:5,48,48,12.29,11,202,
4-14,11:44:5,48,48,12.32,11,202,
4-14,11:44:6,50,50,12.36,11,202,
4-14,11:44:6,48,48,12.32,11,202,
4-14,11:44:7,49,49,12.28,11,202,
4-14,11:44:7,50,50,12.27,11,202,
4-14,11:44:8,48,48,12.36,11,202,
4-14,11:44:8,49,49,12.3,11,202,
4-14,11:44:9,50,50,12.39,11,202,
4-14,11:44:9,50,50,12.32,11,202,
4-14,11:44:10,49,49,12.35,11,202,
4-14,11:44:10,48,48,12.24,11,202,
4-14,11:44:11,49,49,12.36,11,202,
4-14,11:44:11,48,48,12.24,11,202,
4-14,11:44:12,50,50,12.31,11,202,
4-14,11:44:12,49,49,12.4,11,202,
4-14,11:44:13,46,46,12.31,11,202,
4-14,11:44:13,50,50,12.36,11,202,
4-14,11:44:14,49,49,12.39,11,202,
4-14,11:44:14,48,48,12.35,11,202,
4-14,11:44:15,46,46,12.29,11,202,
4-14,11:44:15,48,48,12.4,11,202,
4-14,11:44:16,49,49,12.35,11,202,
4-14,11:44:16,44,44,12.32,11,202,
4-14,11:44:17,49,49,12.4,11,202,
4-14,11:44:17,45,45,12.33,11,202,
4-14,11:44:18,49,49,12.34,11,202,
4-14,11:44:18,50,50,12.43,11,202,
4-14,11:44:19,47,47,12.38,11,202,
4-14,11:44:19,45,45,12.33,11,202,
4-14,11:44:20,44,44,12.34,11,202,
4-14,11:44:20,46,46,12.37,11,202,
4-14,11:44:21,47,47,12.36,11,202,
4-14,11:44:21,48,48,12.41,11,202,
4-14,11:44:22,46,46,12.3,11,202,
4-14,11:44:22,47,47,12.39,11,202,
4-14,11:44:23,46,46,12.32,11,202,
4-14,11:44:23,48,48,12.35,11,202,
4-14,11:44:24,46,46,12.33,11,202,
4-14,11:44:24,46,46,12.38,11,202,
4-14,11:44:25,45,45,12.32,11,202,
4-14,11:44:25,47,47,12.41,11,202,
4-14,11:44:26,46,46,12.37,11,202,
4-14,11:44:26,48,48,12.31,11,202,
4-14,11:44:27,47,47,12.35,11,202,
4-14,11:51:8,77,77,14.89,12,203,
4-14,11:51:8,77,77,14.89,12,203,
4-14,11:51:9,77,77,14.9,12,203,
4-14,11:51:9,76,76,14.91,12,203,
4-14,11:51:10,76,76,14.9,12,203,
4-14,11:51:10,77,77,14.9,12,203,
4-14,11:51:11,76,76,14.91,12,203,
4-14,11:51:11,76,76,14.91,12,203,
4-14,11:51:12,76,76,14.92,12,203,
4-14,11:51:12,76,76,14.92,12,203,
4-14,11:51:13,76,76,14.91,12,203,
4-14,11:51:13,76,76,14.92,12,203,
4-14,11:51:14,76,76,14.92,12,203,
4-14,11:51:14,76,76,14.92,12,203,
4-14,11:51:15,76,76,14.93,12,203,
4-14,11:51:15,76,76,14.92,12,203,
4-14,11:51:16,76,76,14.93,12,203,
4-14,11:51:16,76,76,14.92,12,203,
4-14,11:51:17,76,76,14.93,12,203,
4-14,11:51:17,76,76,14.94,12,203,
4-14,11:51:18,76,76,14.93,12,203,
4-14,11:51:18,76,76,14.92,12,203,
4-14,11:51:19,76,76,14.92,12,203,
4-14,11:51:19,76,76,14.93,12,203,
4-14,11:51:20,76,76,14.92,12,203,
4-14,11:51:20,76,76,14.91,12,203,
4-14,11:51:21,76,76,14.92,12,203,
4-14,11:51:21,76,76,14.93,12,203,
4-14,11:51:22,76,76,14.93,12,203,
4-14,11:51:22,76,76,14.93,12,203,
4-14,11:51:23,76,76,14.92,12,203,
4-14,11:51:23,76,76,14.92,12,203,
4-14,11:51:24,76,76,14.92,12,203,
4-14,11:51:24,76,76,14.92,12,203,
4-14,11:51:25,76,76,14.94,12,203