SensorID: 5498,
Firmware Version: 1.5.5,

Date,Time,SmO2 Live,SmO2 Averaged,THb,Lap,Session Ct,
4-18,10:58:43,29,29,12.32,0,212,
4-18,10:58:43,28,28,12.29,0,212,
4-18,10:58:44,27,27,12.31,0,212,
4-18,10:58:44,28,28,12.3,0,212,
4-18,10:58:45,30,30,12.26,0,212,
4-18,10:58:45,35,35,12.18,0,212,
4-18,10:58:46,39,39,12.13,0,212,
4-18,10:58:46,42,42,12.06,0,212,
4-18,10:58:47,45,45,12.05,0,212,
4-18,10:58:47,48,48,12.07,0,212,
4-18,10:58:48,52,52,12.01,0,212,
4-18,10:58:48,55,55,12,0,212,
4-18,10:58:49,58,58,11.97,0,212,
4-18,10:58:49,60,60,11.98,0,212,
4-18,10:58:50,62,62,11.97,0,212,
4-18,10:58:50,64,64,11.99,0,212,
4-18,10:58:51,66,66,12,0,212,
4-18,10:58:51,67,67,11.99,0,212,
4-18,10:58:52,69,69,12.02,0,212,
4-18,10:58:52,70,70,12.01,0,212,
4-18,10:58:53,71,71,12.01,0,212,
4-18,10:58:53,71,71,12.05,0,212,
4-18,10:58:54,72,72,12.04,0,212,
4-18,10:58:54,73,73,12.06,0,212,
4-18,10:58:55,73,73,12.05,0,212,
4-18,10:58:55,74,74,12.06,0,212,
4-18,10:58:56,74,74,12.04,0,212,
4-18,10:58:56,75,75,12.03,0,212,
4-18,10:58:57,76,76,12.03,0,212,
4-18,10:58:57,77,77,12.02,0,212,
4-18,10:58:58,76,76,12.04,0,212,
4-18,10:58:58,77,77,12.05,0,212,
4-18,10:58:59,77,77,12.04,0,212,
4-18,10:58:59,77,77,12.03,0,212,
4-18,10:59:0,78,78,12.01,0,212,
4-18,10:59:0,77,77,12.02,0,212,
4-18,10:59:1,78,78,12.06,0,212,
4-18,10:59:1,78,78,12.03,0,212,
4-18,10:59:2,78,78,12.02,0,212,
4-18,10:59:2,78,78,12.02,0,212,
4-18,10:59:3,78,78,12.02,0,212,
4-18,10:59:3,78,78,12.02,0,212,
4-18,10:59:4,78,78,12.04,0,212,
4-18,10:59:4,79,79,12.04,0,212,
4-18,10:59:5,78,78,12.03,0,212,
4-18,10:59:5,79,79,12.04,0,212,
4-18,10:59:6,79,79,12.03,0,212,
4-18,10:59:6,79,79,12.02,0,212,
4-18,10:59:7,79,79,12.03,0,212,
4-18,10:59:7,80,80,12.04,0,212,
4-18,10:59:8,80,80,12.05,0,212,
4-18,10:59:8,81,81,12.04,0,212,
4-18,10:59:9,80,80,12.05,0,212,
4-18,10:59:9,81,81,12.04,0,212,
4-18,10:59:10,81,81,12.05,0,212,
4-18,10:59:10,81,81,12.06,0,212,
4-18,10:59:11,81,81,12.05,0,212,
4-18,10:59:11,81,81,12.04,0,212,
4-18,10:59:12,82,82,12.04,0,212,
4-18,10:59:12,82,82,12.02,0,212,
4-18,10:59:13,82,82,12.04,0,212,
4-18,10:59:13,82,82,12.07,0,212,
4-18,10:59:14,83,83,12.06,0,212,
4-18,10:59:14,83,83,12.06,0,212,
4-18,10:59:15,82,82,12.03,0,212,
4-18,10:59:15,83,83,12.06,0,212,
4-18,10:59:16,83,83,12.05,0,212,
4-18,10:59:16,83,83,12.08,0,212,
4-18,10:59:17,83,83,12.07,0,212,
4-18,10:59:17,83,83,12.06,0,212,
4-18,10:59:18,83,83,12.09,0,212,
4-18,10:59:18,83,83,12.08,0,212,
4-18,10:59:19,83,83,12.07,0,212,
4-18,10:59:19,84,84,12.07,0,212,
4-18,10:59:20,84,84,12.07,0,212,
4-18,10:59:20,84,84,12.08,0,212,
4-18,10:59:21,84,84,12.07,0,212,
4-18,10:59:21,84,84,12.09,0,212,
4-18,10:59:22,84,84,12.09,0,212,
4-18,10:59:22,84,84,12.07,0,212,
4-18,10:59:23,84,84,12.06,0,212,
4-18,10:59:23,84,84,12.06,0,212,
4-18,10:59:24,84,84,12.09,0,212,
4-18,10:59:24,84,84,12.08,0,212,
4-18,10:59:25,84,84,12.07,0,212,
4-18,10:59:25,85,85,12.08,0,212,
4-18,10:59:26,85,85,12.06,0,212,
4-18,10:59:26,85,85,12.08,0,212,
4-18,10:59:27,85,85,12.08,0,212,
4-18,10:59:27,85,85,12.08,0,212,
4-18,10:59:28,86,86,12.05,0,212,
4-18,10:59:28,85,85,12.07,0,212,
4-18,10:59:29,85,85,12.08,0,212,
4-18,10:59:29,85,85,12.07,0,212,
4-18,10:59:30,85,85,12.05,0,212,
4-18,10:59:30,85,85,12.07,0,212,
4-18,10:59:31,85,85,12.07,0,212,
4-18,10:59:31,86,86,12.07,0,212,
4-18,10:59:32,86,86,12.06,0,212,
4-18,10:59:32,86,86,12.09,0,212,
4-18,10:59:33,86,86,12.09,0,212,
4-18,10:59:33,86,86,12.09,0,212,
4-18,10:59:34,86,86,12.08,0,212,
4-18,10:59:34,86,86,12.08,0,212,
4-18,10:59:35,86,86,12.09,0,212,
4-18,10:59:35,86,86,12.11,0,212,
4-18,10:59:36,86,86,12.1,0,212,
4-18,10:59:36,86,86,12.09,0,212,
4-18,10:59:37,86,86,12.08,0,212,
4-18,10:59:37,86,86,12.06,0,212,
4-18,10:59:38,86,86,12.09,0,212,
4-18,10:59:38,86,86,12.09,0,212,
4-18,10:59:39,86,86,12.09,0,212,
4-18,10:59:39,86,86,12.11,0,212,
4-18,10:59:40,86,86,12.11,0,212,
4-18,10:59:40,86,86,12.09,0,212,
4-18,10:59:41,86,86,12.08,0,212,
4-18,10:59:41,86,86,12.08,0,212,
4-18,10:59:42,86,86,12.06,0,212,
4-18,10:59:42,86,86,12.1,0,212,
4-18,10:59:43,86,86,12.05,0,212,
4-18,10:59:43,86,86,12.1,0,212,
4-18,10:59:44,86,86,12.08,0,212,
4-18,10:59:44,86,86,12.07,0,212,
4-18,10:59:45,86,86,12.07,0,212,
4-18,10:59:45,86,86,12.06,0,212,
4-18,10:59:46,86,86,12.07,0,212,
4-18,10:59:46,86,86,12.06,0,212,
4-18,10:59:47,86,86,12.07,0,212,
4-18,10:59:47,86,86,12.08,0,212,
4-18,10:59:48,86,86,12.05,0,212,
4-18,10:59:48,86,86,12.08,0,212,
4-18,10:59:49,86,86,12.08,0,212,
4-18,10:59:49,86,86,12.07,0,212,
4-18,10:59:50,86,86,12.06,0,212,
4-18,10:59:50,86,86,12.06,0,212,
4-18,10:59:51,86,86,12.07,0,212,
4-18,10:59:51,86,86,12.08,0,212,
4-18,10:59:52,87,87,12.06,0,212,
4-18,10:59:52,86,86,12.05,0,212,
4-18,10:59:53,86,86,12.06,0,212,
4-18,10:59:53,87,87,12.05,0,212,
4-18,10:59:54,87,87,12.03,0,212,
4-18,10:59:54,86,86,12.06,0,212,
4-18,10:59:55,86,86,12.06,0,212,
4-18,10:59:55,87,87,12.04,0,212,
4-18,10:59:56,86,86,12.05,0,212,
4-18,10:59:56,87,87,12.04,0,212,
4-18,10:59:57,87,87,12.06,0,212,
4-18,10:59:57,87,87,12.04,0,212,
4-18,10:59:58,87,87,12.04,0,212,
4-18,10:59:58,86,86,12.03,0,212,
4-18,10:59:59,87,87,12.05,0,212,
4-18,10:59:59,87,87,12.05,0,212,
4-18,11:0:0,87,87,12.05,0,212,
4-18,11:0:0,87,87,12.04,0,212,
4-18,11:0:1,87,87,12.07,0,212,
4-18,11:0:1,87,87,12.06,0,212,
4-18,11:0:2,87,87,12.07,0,212,
4-18,11:0:2,87,87,12.05,0,212,
4-18,11:0:3,87,87,12.05,0,212,
4-18,11:0:3,87,87,12.06,0,212,
4-18,11:0:4,87,87,12.06,0,212,
4-18,11:0:4,87,87,12.04,0,212,
4-18,11:0:5,87,87,12.06,0,212,
4-18,11:0:5,87,87,12.05,0,212,
4-18,11:0:6,87,87,12.05,0,212,
4-18,11:0:6,87,87,12.04,0,212,
4-18,11:0:7,87,87,12.05,0,212,
4-18,11:0:7,87,87,12.06,0,212,
4-18,11:0:8,86,86,12.05,0,212,
4-18,11:0:8,87,87,12.05,0,212,
4-18,11:0:9,87,87,12.02,0,212,
4-18,11:0:9,87,87,12.04,0,212,
4-18,11:0:10,87,87,12.04,0,212,
4-18,11:0:10,87,87,12.04,0,212,
4-18,11:0:11,87,87,12.04,0,212,
4-18,11:0:11,87,87,12.05,0,212,
4-18,11:0:12,87,87,12.04,0,212,
4-18,11:0:12,87,87,12.04,0,212,
4-18,11:0:13,87,87,12.02,0,212,
4-18,11:0:13,87,87,12.05,0,212,
4-18,11:0:14,87,87,12.04,0,212,
4-18,11:0:14,87,87,12.03,0,212,
4-18,11:0:15,87,87,12.01,0,212,
4-18,11:0:15,87,87,12.03,0,212,
4-18,11:0:16,87,87,12.05,0,212,
4-18,11:0:16,86,86,12.03,0,212,
4-18,11:0:17,86,86,12.03,0,212,
4-18,11:0:17,86,86,12.03,0,212,
4-18,11:0:18,87,87,12.04,0,212,
4-18,11:0:18,87,87,12.03,0,212,
4-18,11:0:19,86,86,12.01,0,212,
4-18,11:0:19,86,86,12.04,0,212,
4-18,11:0:20,87,87,12.03,0,212,
4-18,11:0:20,86,86,12,0,212,
4-18,11:0:21,86,86,12.02,0,212,
4-18,11:0:21,87,87,12.01,0,212,
4-18,11:0:22,86,86,12.04,0,212,
4-18,11:0:22,86,86,12.03,0,212,
4-18,11:0:23,86,86,12.03,0,212,
4-18,11:0:23,86,86,12.02,0,212,
4-18,11:0:24,86,86,12.04,0,212,
4-18,11:0:24,86,86,12.01,0,212,
4-18,11:0:25,86,86,12.01,0,212,
4-18,11:0:25,86,86,12.02,0,212,
4-18,11:0:26,86,86,12.01,0,212,
4-18,11:0:26,86,86,12.01,0,212,
4-18,11:0:27,86,86,12.03,0,212,
4-18,11:0:27,86,86,12.02,0,212,
4-18,11:0:28,86,86,12.01,0,212,
4-18,11:0:28,86,86,12.04,0,212,
4-18,11:0:29,86,86,11.99,0,212,
4-18,11:0:29,86,86,12.02,0,212,
4-18,11:0:30,86,86,12.01,0,212,
4-18,11:0:30,86,86,12.01,0,212,
4-18,11:0:31,86,86,11.99,0,212,
4-18,11:0:31,85,85,12,0,212,
4-18,11:0:32,86,86,11.99,0,212,
4-18,11:0:32,85,85,11.99,0,212,
4-18,11:0:33,85,85,12,0,212,
4-18,11:0:33,86,86,11.98,0,212,
4-18,11:0:34,86,86,11.99,0,212,
4-18,11:0:34,85,85,12,0,212,
4-18,11:0:35,85,85,11.97,0,212,
4-18,11:0:35,85,85,11.96,0,212,
4-18,11:0:36,85,85,11.95,0,212,
4-18,11:0:36,85,85,11.96,0,212,
4-18,11:0:37,85,85,11.97,0,212,
4-18,11:0:37,85,85,11.96,0,212,
4-18,11:0:38,85,85,11.97,0,212,
4-18,11:0:38,85,85,11.97,0,212,
4-18,11:0:39,85,85,11.94,0,212,
4-18,11:0:39,85,85,11.97,0,212,
4-18,11:0:40,85,85,11.95,0,212,
4-18,11:0:40,85,85,11.96,0,212,
4-18,11:0:41,85,85,11.96,0,212,
4-18,11:0:41,84,84,11.93,0,212,
4-18,11:0:42,84,84,11.97,0,212,
4-18,11:0:42,85,85,11.96,0,212,
4-18,11:0:43,85,85,11.94,0,212,
4-18,11:0:43,84,84,11.95,0,212,
4-18,11:0:44,85,85,11.92,0,212,
4-18,11:0:44,85,85,11.95,0,212,
4-18,11:0:45,85,85,11.93,0,212,
4-18,11:0:45,84,84,11.95,0,212,
4-18,11:0:46,84,84,11.95,0,212,
4-18,11:0:46,85,85,11.94,0,212,
4-18,11:0:47,84,84,11.95,0,212,
4-18,11:0:47,84,84,11.94,0,212,
4-18,11:0:48,84,84,11.95,0,212,
4-18,11:0:48,84,84,11.94,0,212,
4-18,11:0:49,84,84,11.92,0,212,
4-18,11:0:49,84,84,11.92,0,212,
4-18,11:0:50,84,84,11.95,0,212,
4-18,11:0:50,84,84,11.95,0,212,
4-18,11:0:51,84,84,11.93,0,212,
4-18,11:0:51,84,84,11.93,0,212,
4-18,11:0:52,84,84,11.93,0,212,
4-18,11:0:52,84,84,11.93,0,212,
4-18,11:0:53,84,84,11.93,0,212,
4-18,11:0:53,84,84,11.95,0,212,
4-18,11:0:54,84,84,11.95,0,212,
4-18,11:0:54,84,84,11.94,0,212,
4-18,11:0:55,84,84,11.94,0,212,
4-18,11:0:55,84,84,11.94,0,212,
4-18,11:0:56,84,84,11.92,0,212,
4-18,11:0:56,84,84,11.92,0,212,
4-18,11:0:57,84,84,11.92,0,212,
4-18,11:0:57,84,84,11.91,0,212,
4-18,11:0:58,84,84,11.93,0,212,
4-18,11:0:58,84,84,11.94,0,212,
4-18,11:0:59,84,84,11.93,0,212,
4-18,11:0:59,84,84,11.92,0,212,
4-18,11:1:0,84,84,11.9,0,212,
4-18,11:1:0,84,84,11.93,0,212,
4-18,11:1:1,84,84,11.93,0,212,
4-18,11:1:1,84,84,11.93,0,212,
4-18,11:1:2,83,83,11.89,0,212,
4-18,11:1:2,84,84,11.92,0,212,
4-18,11:1:3,84,84,11.91,0,212,
4-18,11:1:3,83,83,11.9,0,212,
4-18,11:1:4,83,83,11.91,0,212,
4-18,11:1:4,83,83,11.89,0,212,
4-18,11:1:5,83,83,11.89,0,212,
4-18,11:1:5,83,83,11.9,0,212,
4-18,11:1:6,84,84,11.91,0,212,
4-18,11:1:6,83,83,11.91,0,212,
4-18,11:1:7,83,83,11.87,0,212,
4-18,11:1:7,83,83,11.9,0,212,
4-18,11:1:8,83,83,11.9,0,212,
4-18,11:1:8,83,83,11.89,0,212,
4-18,11:1:9,83,83,11.89,0,212,
4-18,11:1:9,83,83,11.87,0,212,
4-18,11:1:10,83,83,11.87,0,212,
4-18,11:1:10,83,83,11.88,0,212,
4-18,11:1:11,83,83,11.87,0,212,
4-18,11:1:11,83,83,11.88,0,212,
4-18,11:1:12,83,83,11.9,0,212,
4-18,11:1:12,83,83,11.88,0,212,
4-18,11:1:13,83,83,11.88,0,212,
4-18,11:1:13,83,83,11.89,0,212,
4-18,11:1:14,83,83,11.87,0,212,
4-18,11:1:14,83,83,11.86,0,212,
4-18,11:1:15,83,83,11.88,0,212,
4-18,11:1:15,83,83,11.88,0,212,
4-18,11:1:16,83,83,11.88,0,212,
4-18,11:1:16,83,83,11.87,0,212,
4-18,11:1:17,83,83,11.89,0,212,
4-18,11:1:17,83,83,11.9,0,212,
4-18,11:1:18,83,83,11.86,0,212,
4-18,11:1:18,83,83,11.85,0,212,
4-18,11:1:19,83,83,11.87,0,212,
4-18,11:1:19,83,83,11.88,0,212,
4-18,11:1:20,82,82,11.87,0,212,
4-18,11:1:20,83,83,11.87,0,212,
4-18,11:1:21,83,83,11.85,0,212,
4-18,11:1:21,83,83,11.87,0,212,
4-18,11:1:22,83,83,11.89,0,212,
4-18,11:1:22,83,83,11.87,0,212,
4-18,11:1:23,83,83,11.87,0,212,
4-18,11:1:23,82,82,11.85,0,212,
4-18,11:1:24,83,83,11.87,0,212,
4-18,11:1:24,83,83,11.86,0,212,
4-18,11:1:25,83,83,11.86,0,212,
4-18,11:1:25,83,83,11.84,0,212,
4-18,11:1:26,83,83,11.85,0,212,
4-18,11:1:26,83,83,11.87,0,212,
4-18,11:1:27,83,83,11.85,0,212,
4-18,11:1:27,83,83,11.87,0,212,
4-18,11:1:28,83,83,11.85,0,212,
4-18,11:1:28,82,82,11.85,0,212,
4-18,11:1:29,83,83,11.85,0,212,
4-18,11:1:29,82,82,11.85,0,212,
4-18,11:1:30,83,83,11.85,0,212,
4-18,11:1:30,82,82,11.85,0,212,
4-18,11:1:31,83,83,11.83,0,212,
4-18,11:1:31,83,83,11.84,0,212,
4-18,11:1:32,82,82,11.84,0,212,
4-18,11:1:32,83,83,11.85,0,212,
4-18,11:1:33,82,82,11.84,0,212,
4-18,11:1:33,83,83,11.84,0,212,
4-18,11:1:34,82,82,11.84,0,212,
4-18,11:1:34,82,82,11.86,0,212,
4-18,11:1:35,82,82,11.84,0,212,
4-18,11:1:35,83,83,11.82,0,212,
4-18,11:1:36,83,83,11.83,0,212,
4-18,11:1:36,83,83,11.83,0,212,
4-18,11:1:37,83,83,11.86,0,212,
4-18,11:1:37,82,82,11.85,0,212,
4-18,11:1:38,83,83,11.86,0,212,
4-18,11:1:38,82,82,11.84,0,212,
4-18,11:1:39,82,82,11.86,0,212,
4-18,11:1:39,83,83,11.85,0,212,
4-18,11:1:40,82,82,11.87,0,212,
4-18,11:1:40,83,83,11.84,0,212,
4-18,11:1:41,83,83,11.85,0,212,
4-18,11:1:41,83,83,11.84,0,212,
4-18,11:1:42,82,82,11.83,0,212,
4-18,11:1:42,82,82,11.84,0,212,
4-18,11:1:43,83,83,11.85,0,212,
4-18,11:1:43,83,83,11.85,0,212,
4-18,11:1:44,83,83,11.83,0,212,
4-18,11:1:44,83,83,11.84,0,212,
4-18,11:1:45,83,83,11.83,0,212,
4-18,11:1:45,83,83,11.84,0,212,
4-18,11:1:46,83,83,11.82,0,212,
4-18,11:1:46,83,83,11.85,0,212,
4-18,11:1:47,83,83,11.84,0,212,
4-18,11:1:47,83,83,11.86,0,212,
4-18,11:1:48,83,83,11.85,0,212,
4-18,11:1:48,83,83,11.87,0,212,
4-18,11:1:49,83,83,11.86,0,212,
4-18,11:1:49,83,83,11.89,0,212,
4-18,11:1:50,83,83,11.87,0,212,
4-18,11:1:50,83,83,11.86,0,212,
4-18,11:1:51,83,83,11.88,0,212,
4-18,11:1:51,83,83,11.87,0,212,
4-18,11:1:52,84,84,11.88,0,212,
4-18,11:1:52,83,83,11.86,0,212,
4-18,11:1:53,83,83,11.87,0,212,
4-18,11:1:53,84,84,11.86,0,212,
4-18,11:1:54,83,83,11.86,0,212,
4-18,11:1:54,83,83,11.86,0,212,
4-18,11:1:55,83,83,11.87,0,212,
4-18,11:1:55,83,83,11.87,0,212,
4-18,11:1:56,83,83,11.85,0,212,
4-18,11:1:56,83,83,11.85,0,212,
4-18,11:1:57,83,83,11.84,0,212,
4-18,11:1:57,83,83,11.86,0,212,
4-18,11:1:58,83,83,11.84,0,212,
4-18,11:1:58,83,83,11.84,0,212,
4-18,11:1:59,83,83,11.86,0,212,
4-18,11:1:59,83,83,11.85,0,212,
4-18,11:2:0,83,83,11.85,0,212,
4-18,11:2:0,83,83,11.85,0,212,
4-18,11:2:1,83,83,11.86,0,212,
4-18,11:2:1,83,83,11.85,0,212,
4-18,11:2:2,83,83,11.86,0,212,
4-18,11:2:2,83,83,11.86,0,212,
4-18,11:2:3,83,83,11.84,0,212,
4-18,11:2:3,83,83,11.85,0,212,
4-18,11:2:4,83,83,11.86,0,212,
4-18,11:2:4,83,83,11.84,0,212,
4-18,11:2:5,83,83,11.86,0,212,
4-18,11:2:5,83,83,11.85,0,212,
4-18,11:2:6,83,83,11.83,0,212,
4-18,11:2:6,83,83,11.84,0,212,
4-18,11:2:7,83,83,11.84,0,212,
4-18,11:2:7,83,83,11.86,0,212,
4-18,11:2:8,83,83,11.86,0,212,
4-18,11:2:8,83,83,11.86,0,212,
4-18,11:2:9,83,83,11.86,0,212,
4-18,11:2:9,84,84,11.84,0,212,
4-18,11:2:10,83,83,11.85,0,212,
4-18,11:2:10,83,83,11.84,0,212,
4-18,11:2:11,83,83,11.82,0,212,
4-18,11:2:11,83,83,11.85,0,212,
4-18,11:2:12,83,83,11.84,0,212,
4-18,11:2:12,83,83,11.82,0,212,
4-18,11:2:13,83,83,11.83,0,212,
4-18,11:2:13,83,83,11.85,0,212,
4-18,11:2:14,83,83,11.85,0,212,
4-18,11:2:14,83,83,11.84,0,212,
4-18,11:2:15,83,83,11.82,0,212,
4-18,11:2:15,83,83,11.84,0,212,
4-18,11:2:16,83,83,11.85,0,212,
4-18,11:2:16,83,83,11.84,0,212,
4-18,11:2:17,83,83,11.84,0,212,
4-18,11:2:17,83,83,11.84,0,212,
4-18,11:2:18,83,83,11.84,0,212,
4-18,11:2:18,83,83,11.86,0,212,
4-18,11:2:19,83,83,11.84,0,212,
4-18,11:2:19,83,83,11.83,0,212,
4-18,11:2:20,83,83,11.84,0,212,
4-18,11:2:20,83,83,11.84,0,212,
4-18,11:2:21,84,84,11.82,0,212,
4-18,11:2:21,84,84,11.85,0,212,
4-18,11:2:22,83,83,11.86,0,212,
4-18,11:2:22,83,83,11.84,0,212,
4-18,11:2:23,83,83,11.82,0,212,
4-18,11:2:23,83,83,11.84,0,212,
4-18,11:2:24,84,84,11.81,0,212,
4-18,11:2:24,84,84,11.81,0,212,
4-18,11:2:25,83,83,11.83,0,212,
4-18,11:2:25,83,83,11.84,0,212,
4-18,11:2:26,83,83,11.84,0,212,
4-18,11:2:26,83,83,11.83,0,212,
4-18,11:2:27,83,83,11.83,0,212,
4-18,11:2:27,83,83,11.81,0,212,
4-18,11:2:28,84,84,11.83,0,212,
4-18,11:2:28,83,83,11.83,0,212,
4-18,11:2:29,83,83,11.83,0,212,
4-18,11:2:29,83,83,11.84,0,212,
4-18,11:2:30,83,83,11.84,0,212,
4-18,11:2:30,83,83,11.85,0,212,
4-18,11:2:31,83,83,11.82,0,212,
4-18,11:2:31,84,84,11.83,0,212,
4-18,11:2:32,83,83,11.83,0,212,
4-18,11:2:32,83,83,11.82,0,212,
4-18,11:2:33,83,83,11.83,0,212,
4-18,11:2:33,83,83,11.85,0,212,
4-18,11:2:34,83,83,11.83,0,212,
4-18,11:2:34,83,83,11.83,0,212,
4-18,11:2:35,83,83,11.83,0,212,
4-18,11:2:35,83,83,11.83,0,212,
4-18,11:2:36,83,83,11.82,0,212,
4-18,11:2:36,83,83,11.83,0,212,
4-18,11:2:37,83,83,11.83,0,212,
4-18,11:2:37,83,83,11.83,0,212,
4-18,11:2:38,83,83,11.84,0,212,
4-18,11:2:38,84,84,11.83,0,212,
4-18,11:2:39,84,84,11.83,0,212,
4-18,11:2:39,85,85,11.8,0,212,
4-18,11:2:40,83,83,11.84,0,212,
4-18,11:2:40,84,84,11.82,0,212,
4-18,11:2:41,83,83,11.83,0,212,
4-18,11:2:41,83,83,11.83,0,212,
4-18,11:2:42,83,83,11.83,0,212,
4-18,11:2:42,83,83,11.81,0,212,
4-18,11:2:43,83,83,11.81,0,212,
4-18,11:2:43,84,84,11.79,0,212,
4-18,11:2:44,83,83,11.82,0,212,
4-18,11:2:44,83,83,11.82,0,212,
4-18,11:2:45,83,83,11.81,0,212,
4-18,11:2:45,83,83,11.82,0,212,
4-18,11:2:46,84,84,11.8,0,212,
4-18,11:2:46,83,83,11.82,0,212,
4-18,11:2:47,83,83,11.82,0,212,
4-18,11:2:47,83,83,11.83,0,212,
4-18,11:2:48,84,84,11.83,0,212,
4-18,11:2:48,83,83,11.82,0,212,
4-18,11:2:49,84,84,11.82,0,212,
4-18,11:2:49,84,84,11.84,0,212,
4-18,11:2:50,83,83,11.82,0,212,
4-18,11:2:50,84,84,11.83,0,212,
4-18,11:2:51,83,83,11.83,0,212,
4-18,11:2:51,84,84,11.84,0,212,
4-18,11:2:52,84,84,11.86,0,212,
4-18,11:2:52,84,84,11.83,0,212,
4-18,11:2:53,84,84,11.82,0,212,
4-18,11:2:53,83,83,11.83,0,212,
4-18,11:2:54,84,84,11.82,0,212,
4-18,11:2:54,84,84,11.84,0,212,
4-18,11:2:55,84,84,11.84,0,212,
4-18,11:2:55,84,84,11.83,0,212,
4-18,11:2:56,84,84,11.83,0,212,
4-18,11:2:56,84,84,11.82,0,212,
4-18,11:2:57,84,84,11.82,0,212,
4-18,11:2:57,84,84,11.86,0,212,
4-18,11:2:58,84,84,11.84,0,212,
4-18,11:2:58,84,84,11.84,0,212,
4-18,11:2:59,84,84,11.84,0,212,
4-18,11:2:59,84,84,11.84,0,212,
4-18,11:3:0,84,84,11.85,0,212,
4-18,11:3:0,84,84,11.84,0,212,
4-18,11:3:1,84,84,11.85,0,212,
4-18,11:3:1,84,84,11.85,0,212,
4-18,11:3:2,84,84,11.84,0,212,
4-18,11:3:2,84,84,11.84,0,212,
4-18,11:3:3,84,84,11.84,0,212,
4-18,11:3:3,84,84,11.84,0,212,
4-18,11:3:4,84,84,11.84,0,212,
4-18,11:3:4,84,84,11.84,0,212,
4-18,11:3:5,84,84,11.84,0,212,
4-18,11:3:5,84,84,11.83,0,212,
4-18,11:3:6,84,84,11.85,0,212,
4-18,11:3:6,84,84,11.86,0,212,
4-18,11:3:7,84,84,11.85,0,212,
4-18,11:3:7,84,84,11.86,0,212,
4-18,11:3:8,84,84,11.87,0,212,
4-18,11:3:8,84,84,11.85,0,212,
4-18,11:3:9,84,84,11.85,0,212,
4-18,11:3:9,84,84,11.86,0,212,
4-18,11:3:10,84,84,11.84,0,212,
4-18,11:3:10,85,85,11.84,0,212,
4-18,11:3:11,84,84,11.85,0,212,
4-18,11:3:11,84,84,11.84,0,212,
4-18,11:3:12,84,84,11.85,0,212,
4-18,11:3:12,84,84,11.83,0,212,
4-18,11:3:13,84,84,11.84,0,212,
4-18,11:3:13,84,84,11.84,0,212,
4-18,11:3:14,84,84,11.85,0,212,
4-18,11:3:14,84,84,11.83,0,212,
4-18,11:3:15,84,84,11.85,0,212,
4-18,11:3:15,84,84,11.84,0,212,
4-18,11:3:16,84,84,11.84,0,212,
4-18,11:3:16,84,84,11.85,0,212,
4-18,11:3:17,84,84,11.85,0,212,
4-18,11:3:17,85,85,11.84,0,212,
4-18,11:3:18,84,84,11.85,0,212,
4-18,11:3:18,84,84,11.86,0,212,
4-18,11:3:19,84,84,11.85,0,212,
4-18,11:3:19,84,84,11.84,0,212,
4-18,11:3:20,84,84,11.83,0,212,
4-18,11:3:20,84,84,11.85,0,212,
4-18,11:3:21,84,84,11.83,0,212,
4-18,11:3:21,84,84,11.83,0,212,
4-18,11:3:22,84,84,11.85,0,212,
4-18,11:3:22,84,84,11.85,0,212,
4-18,11:3:23,84,84,11.83,0,212,
4-18,11:3:23,84,84,11.85,0,212,
4-18,11:3:24,84,84,11.85,0,212,
4-18,11:3:24,84,84,11.86,0,212,
4-18,11:3:25,84,84,11.83,0,212,
4-18,11:3:25,84,84,11.84,0,212,
4-18,11:3:26,84,84,11.83,0,212,
4-18,11:3:26,84,84,11.83,0,212,
4-18,11:3:27,84,84,11.84,0,212,
4-18,11:3:27,84,84,11.85,0,212,
4-18,11:3:28,84,84,11.84,0,212,
4-18,11:3:28,84,84,11.85,0,212,
4-18,11:3:29,84,84,11.84,0,212,
4-18,11:3:29,84,84,11.84,0,212,
4-18,11:3:30,84,84,11.84,0,212,
4-18,11:3:30,84,84,11.84,0,212,
4-18,11:3:31,84,84,11.84,0,212,
4-18,11:3:31,84,84,11.84,0,212,
4-18,11:3:32,84,84,11.84,0,212,
4-18,11:3:32,84,84,11.85,0,212,
4-18,11:3:33,84,84,11.83,0,212,
4-18,11:3:33,84,84,11.83,0,212,
4-18,11:3:34,84,84,11.85,0,212,
4-18,11:3:34,84,84,11.84,0,212,
4-18,11:3:35,85,85,11.86,0,212,
4-18,11:3:35,84,84,11.87,0,212,
4-18,11:3:36,84,84,11.83,0,212,
4-18,11:3:36,84,84,11.86,0,212,
4-18,11:3:37,84,84,11.85,0,212,
4-18,11:3:37,84,84,11.87,0,212,
4-18,11:3:38,84,84,11.83,0,212,
4-18,11:3:38,84,84,11.85,0,212,
4-18,11:3:39,84,84,11.86,0,212,
4-18,11:3:39,84,84,11.86,0,212,
4-18,11:3:40,84,84,11.84,0,212,
4-18,11:3:40,84,84,11.84,0,212,
4-18,11:3:41,84,84,11.84,0,212,
4-18,11:3:41,84,84,11.83,0,212,
4-18,11:3:42,84,84,11.85,0,212,
4-18,11:3:42,84,84,11.83,0,212,
4-18,11:3:43,84,84,11.83,0,212,
4-18,11:3:43,84,84,11.87,0,212,
4-18,11:3:44,84,84,11.85,0,212,
4-18,11:3:44,84,84,11.85,0,212,
4-18,11:3:45,84,84,11.84,0,212,
4-18,11:3:45,84,84,11.84,0,212,
4-18,11:3:46,84,84,11.85,0,212,
4-18,11:3:46,84,84,11.83,0,212,
4-18,11:3:47,84,84,11.84,0,212,
4-18,11:3:47,84,84,11.84,0,212,
4-18,11:3:48,84,84,11.85,0,212,
4-18,11:3:48,84,84,11.84,0,212,
4-18,11:3:49,84,84,11.84,0,212,
4-18,11:3:49,84,84,11.83,0,212,
4-18,11:3:50,84,84,11.83,0,212,
4-18,11:3:50,85,85,11.84,0,212,
4-18,11:3:51,84,84,11.83,0,212,
4-18,11:3:51,84,84,11.82,0,212,
4-18,11:3:52,84,84,11.83,0,212,
4-18,11:3:52,84,84,11.84,0,212,
4-18,11:3:53,85,85,11.84,0,212,
4-18,11:3:53,85,85,11.84,0,212,
4-18,11:3:54,84,84,11.84,0,212,
4-18,11:3:54,84,84,11.84,0,212,
4-18,11:3:55,84,84,11.83,0,212,
4-18,11:3:55,84,84,11.83,0,212,
4-18,11:3:56,84,84,11.84,0,212,
4-18,11:3:56,84,84,11.85,0,212,
4-18,11:3:57,84,84,11.82,0,212,
4-18,11:3:57,84,84,11.84,0,212,
4-18,11:3:58,84,84,11.84,0,212,
4-18,11:3:58,84,84,11.84,0,212,
4-18,11:3:59,84,84,11.83,0,212,
4-18,11:3:59,84,84,11.83,0,212,
4-18,11:4:0,84,84,11.85,0,212,
4-18,11:4:0,84,84,11.83,0,212,
4-18,11:4:1,84,84,11.84,0,212,
4-18,11:4:1,84,84,11.84,0,212,
4-18,11:4:2,85,85,11.86,0,212,
4-18,11:4:2,85,85,11.83,0,212,
4-18,11:4:3,84,84,11.83,0,212,
4-18,11:4:3,85,85,11.83,0,212,
4-18,11:4:4,85,85,11.84,0,212,
4-18,11:4:4,85,85,11.82,0,212,
4-18,11:4:5,85,85,11.84,0,212,
4-18,11:4:5,85,85,11.83,0,212,
4-18,11:4:6,85,85,11.86,0,212,
4-18,11:4:6,85,85,11.84,0,212,
4-18,11:4:7,85,85,11.84,0,212,
4-18,11:4:7,85,85,11.85,0,212,
4-18,11:4:8,85,85,11.84,0,212,
4-18,11:4:8,85,85,11.84,0,212,
4-18,11:4:9,85,85,11.85,0,212,
4-18,11:4:9,85,85,11.85,0,212,
4-18,11:4:10,85,85,11.84,0,212,
4-18,11:4:10,85,85,11.84,0,212,
4-18,11:4:11,85,85,11.84,0,212,
4-18,11:4:11,85,85,11.87,0,212,
4-18,11:4:12,85,85,11.85,0,212,
4-18,11:4:12,85,85,11.85,0,212,
4-18,11:4:13,85,85,11.84,0,212,
4-18,11:4:13,85,85,11.85,0,212,
4-18,11:4:14,85,85,11.85,0,212,
4-18,11:4:14,85,85,11.86,0,212,
4-18,11:4:15,85,85,11.84,0,212,
4-18,11:4:15,85,85,11.84,0,212,
4-18,11:4:16,85,85,11.85,0,212,
4-18,11:4:16,85,85,11.88,0,212,
4-18,11:4:17,85,85,11.85,0,212,
4-18,11:4:17,85,85,11.86,0,212,
4-18,11:4:18,85,85,11.86,0,212,
4-18,11:4:18,85,85,11.86,0,212,
4-18,11:4:19,86,86,11.85,0,212,
4-18,11:4:19,85,85,11.84,0,212,
4-18,11:4:20,85,85,11.85,0,212,
4-18,11:4:20,85,85,11.86,0,212,
4-18,11:4:21,85,85,11.86,0,212,
4-18,11:4:21,85,85,11.86,0,212,
4-18,11:4:22,85,85,11.87,0,212,
4-18,11:4:22,86,86,11.84,0,212,
4-18,11:4:23,85,85,11.88,0,212,
4-18,11:4:23,85,85,11.85,0,212,
4-18,11:4:24,85,85,11.86,0,212,
4-18,11:4:24,85,85,11.85,0,212,
4-18,11:4:25,85,85,11.86,0,212,
4-18,11:4:25,85,85,11.84,0,212,
4-18,11:4:26,86,86,11.86,0,212,
4-18,11:4:26,85,85,11.87,0,212,
4-18,11:4:27,85,85,11.86,0,212,
4-18,11:4:27,85,85,11.85,0,212,
4-18,11:4:28,85,85,11.87,0,212,
4-18,11:4:28,85,85,11.86,0,212,
4-18,11:4:29,85,85,11.86,0,212,
4-18,11:4:29,85,85,11.85,0,212,
4-18,11:4:30,85,85,11.85,0,212,
4-18,11:4:30,85,85,11.86,0,212,
4-18,11:4:31,85,85,11.85,0,212,
4-18,11:4:31,85,85,11.85,0,212,
4-18,11:4:32,85,85,11.86,0,212,
4-18,11:4:32,85,85,11.86,0,212,
4-18,11:4:33,85,85,11.86,0,212,
4-18,11:4:33,85,85,11.85,0,212,
4-18,11:4:34,85,85,11.85,0,212,
4-18,11:4:34,85,85,11.86,0,212,
4-18,11:4:35,86,86,11.85,0,212,
4-18,11:4:35,85,85,11.86,0,212,
4-18,11:4:36,85,85,11.85,0,212,
4-18,11:4:36,85,85,11.86,0,212,
4-18,11:4:37,85,85,11.86,0,212,
4-18,11:4:37,86,86,11.85,0,212,
4-18,11:4:38,85,85,11.84,0,212,
4-18,11:4:38,85,85,11.85,0,212,
4-18,11:4:39,85,85,11.85,0,212,
4-18,11:4:39,85,85,11.84,0,212,
4-18,11:4:40,85,85,11.84,0,212,
4-18,11:4:40,85,85,11.83,0,212,
4-18,11:4:41,85,85,11.85,0,212,
4-18,11:4:41,85,85,11.85,0,212,
4-18,11:4:42,85,85,11.82,0,212,
4-18,11:4:42,85,85,11.86,0,212,
4-18,11:4:43,85,85,11.83,0,212,
4-18,11:4:43,85,85,11.85,0,212,
4-18,11:4:44,85,85,11.86,0,212,
4-18,11:4:44,85,85,11.81,0,212,
4-18,11:4:45,85,85,11.82,0,212,
4-18,11:4:45,84,84,11.83,0,212,
4-18,11:4:46,84,84,11.84,0,212,
4-18,11:4:46,85,85,11.85,0,212,
4-18,11:4:47,85,85,11.82,0,212,
4-18,11:4:47,85,85,11.81,0,212,
4-18,11:4:48,85,85,11.83,0,212,
4-18,11:4:48,85,85,11.83,0,212,
4-18,11:4:49,84,84,11.83,0,212,
4-18,11:4:49,85,85,11.82,0,212,
4-18,11:4:50,85,85,11.83,0,212,
4-18,11:4:50,85,85,11.8,0,212,
4-18,11:4:51,84,84,11.8,0,212,
4-18,11:4:51,85,85,11.79,0,212,
4-18,11:4:52,85,85,11.78,0,212,
4-18,11:4:52,85,85,11.83,0,212,
4-18,11:4:53,84,84,11.8,0,212,
4-18,11:4:53,85,85,11.81,0,212,
4-18,11:4:54,85,85,11.8,0,212,
4-18,11:4:54,85,85,11.8,0,212,
4-18,11:4:55,85,85,11.8,0,212,
4-18,11:4:55,85,85,11.83,0,212,
4-18,11:4:56,84,84,11.83,0,212,
4-18,11:4:56,85,85,11.81,0,212,
4-18,11:4:57,85,85,11.8,0,212,
4-18,11:4:57,84,84,11.8,0,212,
4-18,11:4:58,84,84,11.81,0,212,
4-18,11:4:58,85,85,11.83,0,212,
4-18,11:4:59,85,85,11.81,0,212,
4-18,11:4:59,85,85,11.81,0,212,
4-18,11:5:0,85,85,11.81,0,212,
4-18,11:5:0,85,85,11.81,0,212,
4-18,11:5:1,84,84,11.82,0,212,
4-18,11:5:1,84,84,11.81,0,212,
4-18,11:5:2,85,85,11.8,0,212,
4-18,11:5:2,85,85,11.8,0,212,
4-18,11:5:3,84,84,11.82,0,212,
4-18,11:5:3,84,84,11.8,0,212,
4-18,11:5:4,84,84,11.78,0,212,
4-18,11:5:4,84,84,11.82,0,212,
4-18,11:5:5,84,84,11.81,0,212,
4-18,11:5:5,84,84,11.79,0,212,
4-18,11:5:6,84,84,11.79,0,212,
4-18,11:5:6,84,84,11.79,0,212,
4-18,11:5:7,84,84,11.78,0,212,
4-18,11:5:7,84,84,11.78,0,212,
4-18,11:5:8,84,84,11.78,0,212,
4-18,11:5:8,84,84,11.79,0,212,
4-18,11:5:9,84,84,11.77,0,212,
4-18,11:5:9,84,84,11.78,0,212,
4-18,11:5:10,83,83,11.79,0,212,
4-18,11:5:10,84,84,11.76,0,212,
4-18,11:5:11,84,84,11.77,0,212,
4-18,11:5:11,84,84,11.8,0,212,
4-18,11:5:12,84,84,11.76,0,212,
4-18,11:5:12,84,84,11.77,0,212,
4-18,11:5:13,84,84,11.78,0,212,
4-18,11:5:13,84,84,11.79,0,212,
4-18,11:5:14,84,84,11.79,0,212,
4-18,11:5:14,84,84,11.8,0,212,
4-18,11:5:15,84,84,11.79,0,212,
4-18,11:5:15,84,84,11.78,0,212,
4-18,11:5:16,84,84,11.78,0,212,
4-18,11:5:16,84,84,11.79,0,212,
4-18,11:5:17,85,85,11.79,0,212,
4-18,11:5:17,84,84,11.8,0,212,
4-18,11:5:18,85,85,11.82,0,212,
4-18,11:5:18,85,85,11.79,0,212,
4-18,11:5:19,84,84,11.79,0,212,
4-18,11:5:19,85,85,11.83,0,212,
4-18,11:5:20,84,84,11.81,0,212,
4-18,11:5:20,85,85,11.82,0,212,
4-18,11:5:21,85,85,11.78,0,212,
4-18,11:5:21,85,85,11.8,0,212,
4-18,11:5:22,85,85,11.81,0,212,
4-18,11:5:22,85,85,11.82,0,212,
4-18,11:5:23,85,85,11.8,0,212,
4-18,11:5:23,85,85,11.81,0,212,
4-18,11:5:24,85,85,11.81,0,212,
4-18,11:5:24,85,85,11.83,0,212,
4-18,11:5:25,85,85,11.78,0,212,
4-18,11:5:25,85,85,11.83,0,212,
4-18,11:5:26,85,85,11.79,0,212,
4-18,11:5:26,85,85,11.82,0,212,
4-18,11:5:27,86,86,11.83,0,212,
4-18,11:5:27,85,85,11.81,0,212,
4-18,11:5:28,86,86,11.84,0,212,
4-18,11:5:28,86,86,11.82,0,212,
4-18,11:5:29,86,86,11.83,0,212,
4-18,11:5:29,85,85,11.83,0,212,
4-18,11:5:30,85,85,11.82,0,212,
4-18,11:5:30,85,85,11.82,0,212,
4-18,11:5:31,85,85,11.82,0,212,
4-18,11:5:31,85,85,11.83,0,212,
4-18,11:5:32,85,85,11.82,0,212,
4-18,11:5:32,86,86,11.85,0,212,
4-18,11:5:33,86,86,11.83,0,212,
4-18,11:5:33,86,86,11.85,0,212,
4-18,11:5:34,86,86,11.85,0,212,
4-18,11:5:34,86,86,11.83,0,212,
4-18,11:5:35,86,86,11.85,0,212,
4-18,11:5:35,86,86,11.83,0,212,
4-18,11:5:36,86,86,11.84,0,212,
4-18,11:5:36,86,86,11.86,0,212,
4-18,11:5:37,86,86,11.85,0,212,
4-18,11:5:37,85,85,11.85,0,212,
4-18,11:5:38,85,85,11.86,0,212,
4-18,11:5:38,86,86,11.85,0,212,
4-18,11:5:39,86,86,11.86,0,212,
4-18,11:5:39,86,86,11.87,0,212,
4-18,11:5:40,87,87,11.85,0,212,
4-18,11:5:40,85,85,11.87,0,212,
4-18,11:5:41,86,86,11.87,0,212,
4-18,11:5:41,86,86,11.86,0,212,
4-18,11:5:42,86,86,11.86,0,212,
4-18,11:5:42,86,86,11.85,0,212,
4-18,11:5:43,86,86,11.86,0,212,
4-18,11:5:43,86,86,11.87,0,212,
4-18,11:5:44,86,86,11.87,0,212,
4-18,11:5:44,86,86,11.86,0,212,
4-18,11:5:45,87,87,11.85,0,212,
4-18,11:5:45,87,87,11.86,0,212,
4-18,11:5:46,86,86,11.86,0,212,
4-18,11:5:46,86,86,11.85,0,212,
4-18,11:5:47,86,86,11.86,0,212,
4-18,11:5:47,86,86,11.85,0,212,
4-18,11:5:48,87,87,11.85,0,212,
4-18,11:5:48,86,86,11.86,0,212,
4-18,11:5:49,86,86,11.86,0,212,
4-18,11:5:49,86,86,11.85,0,212,
4-18,11:5:50,87,87,11.85,0,212,
4-18,11:5:50,86,86,11.84,0,212,
4-18,11:5:51,86,86,11.86,0,212,
4-18,11:5:51,85,85,11.85,0,212,
4-18,11:5:52,86,86,11.85,0,212,
4-18,11:5:52,86,86,11.85,0,212,
4-18,11:5:53,86,86,11.85,0,212,
4-18,11:5:53,86,86,11.85,0,212,
4-18,11:5:54,86,86,11.86,0,212,
4-18,11:5:54,87,87,11.84,0,212,
4-18,11:5:55,87,87,11.85,0,212,
4-18,11:5:55,87,87,11.84,0,212,
4-18,11:5:56,87,87,11.85,0,212,
4-18,11:5:56,86,86,11.86,0,212,
4-18,11:5:57,86,86,11.86,0,212,
4-18,11:5:57,86,86,11.85,0,212,
4-18,11:5:58,86,86,11.86,0,212,
4-18,11:5:58,86,86,11.86,0,212,
4-18,11:5:59,86,86,11.86,0,212,
4-18,11:5:59,86,86,11.86,0,212,
4-18,11:6:0,86,86,11.86,0,212,
4-18,11:6:0,86,86,11.86,0,212,
4-18,11:6:1,87,87,11.87,0,212,
4-18,11:6:1,86,86,11.85,0,212,
4-18,11:6:2,87,87,11.86,0,212,
4-18,11:6:2,86,86,11.85,0,212,
4-18,11:6:3,87,87,11.87,0,212,
4-18,11:6:3,87,87,11.83,0,212,
4-18,11:6:4,86,86,11.83,0,212,
4-18,11:6:4,86,86,11.86,0,212,
4-18,11:6:5,86,86,11.85,0,212,
4-18,11:6:5,86,86,11.85,0,212,
4-18,11:6:6,87,87,11.84,0,212,
4-18,11:6:6,87,87,11.86,0,212,
4-18,11:6:7,86,86,11.85,0,212,
4-18,11:6:7,86,86,11.85,0,212,
4-18,11:6:8,87,87,11.85,0,212,
4-18,11:6:8,87,87,11.85,0,212,
4-18,11:6:9,86,86,11.86,0,212,
4-18,11:6:9,87,87,11.86,0,212,
4-18,11:6:10,87,87,11.85,0,212,
4-18,11:6:10,86,86,11.81,0,212,
4-18,11:6:11,86,86,11.84,0,212,
4-18,11:6:11,87,87,11.84,0,212,
4-18,11:6:12,86,86,11.86,0,212,
4-18,11:6:12,87,87,11.84,0,212,
4-18,11:6:13,87,87,11.86,0,212,
4-18,11:6:13,87,87,11.84,0,212,
4-18,11:6:14,86,86,11.84,0,212,
4-18,11:6:14,86,86,11.85,0,212,
4-18,11:6:15,86,86,11.81,0,212,
4-18,11:6:15,87,87,11.86,0,212,
4-18,11:6:16,87,87,11.83,0,212,
4-18,11:6:16,86,86,11.85,0,212,
4-18,11:6:17,87,87,11.85,0,212,
4-18,11:6:17,87,87,11.82,0,212,
4-18,11:6:18,87,87,11.82,0,212,
4-18,11:6:18,87,87,11.84,0,212,
4-18,11:6:19,87,87,11.84,0,212,
4-18,11:6:19,87,87,11.85,0,212,
4-18,11:6:20,87,87,11.87,0,212,
4-18,11:6:20,87,87,11.85,0,212,
4-18,11:6:21,86,86,11.85,0,212,
4-18,11:6:21,86,86,11.79,0,212,
4-18,11:6:22,86,86,11.84,0,212,
4-18,11:6:22,86,86,11.83,0,212,
4-18,11:6:23,86,86,11.84,0,212,
4-18,11:6:23,86,86,11.82,0,212,
4-18,11:6:24,86,86,11.83,0,212,
4-18,11:6:24,86,86,11.84,0,212,
4-18,11:6:25,87,87,11.83,0,212,
4-18,11:6:25,87,87,11.8,0,212,
4-18,11:6:26,87,87,11.82,0,212,
4-18,11:6:26,87,87,11.82,0,212,
4-18,11:6:27,87,87,11.86,0,212,
4-18,11:6:27,87,87,11.82,0,212,
4-18,11:6:28,87,87,11.82,0,212,
4-18,11:6:28,86,86,11.84,0,212,
4-18,11:6:29,87,87,11.85,0,212,
4-18,11:6:29,87,87,11.82,0,212,
4-18,11:6:30,87,87,11.82,0,212,
4-18,11:6:30,87,87,11.83,0,212,
4-18,11:6:31,87,87,11.84,0,212,
4-18,11:6:31,87,87,11.87,0,212,
4-18,11:6:32,87,87,11.86,0,212,
4-18,11:6:32,87,87,11.85,0,212,
4-18,11:6:33,87,87,11.86,0,212,
4-18,11:6:33,87,87,11.86,0,212,
4-18,11:6:34,87,87,11.87,0,212,
4-18,11:6:34,88,88,11.85,0,212,
4-18,11:6:35,88,88,11.86,0,212,
4-18,11:6:35,87,87,11.86,0,212,
4-18,11:6:36,87,87,11.85,0,212,
4-18,11:6:36,87,87,11.87,0,212,
4-18,11:6:37,87,87,11.86,0,212,
4-18,11:6:37,88,88,11.87,0,212,
4-18,11:6:38,88,88,11.85,0,212,
4-18,11:6:38,87,87,11.88,0,212,
4-18,11:6:39,88,88,11.87,0,212,
4-18,11:6:39,87,87,11.85,0,212,
4-18,11:6:40,88,88,11.84,0,212,
4-18,11:6:40,88,88,11.88,0,212,
4-18,11:6:41,88,88,11.87,0,212,
4-18,11:6:41,87,87,11.87,0,212,
4-18,11:6:42,88,88,11.87,0,212,
4-18,11:6:42,88,88,11.84,0,212,
4-18,11:6:43,88,88,11.85,0,212,
4-18,11:6:43,88,88,11.87,0,212,
4-18,11:6:44,88,88,11.86,0,212,
4-18,11:6:44,88,88,11.86,0,212,
4-18,11:6:45,88,88,11.87,0,212,
4-18,11:6:45,88,88,11.86,0,212,
4-18,11:6:46,88,88,11.86,0,212,
4-18,11:6:46,87,87,11.88,0,212,
4-18,11:6:47,88,88,11.85,0,212,
4-18,11:6:47,88,88,11.86,0,212,
4-18,11:6:48,88,88,11.85,0,212,
4-18,11:6:48,88,88,11.85,0,212,
4-18,11:6:49,88,88,11.87,0,212,
4-18,11:6:49,88,88,11.86,0,212,
4-18,11:6:50,88,88,11.87,0,212,
4-18,11:6:50,88,88,11.89,0,212,
4-18,11:6:51,88,88,11.87,0,212,
4-18,11:6:51,88,88,11.86,0,212,
4-18,11:6:52,88,88,11.87,0,212,
4-18,11:6:52,88,88,11.85,0,212,
4-18,11:6:53,88,88,11.87,0,212,
4-18,11:6:53,88,88,11.85,0,212,
4-18,11:6:54,88,88,11.86,0,212,
4-18,11:6:54,88,88,11.84,0,212,
4-18,11:6:55,88,88,11.85,0,212,
4-18,11:6:55,88,88,11.87,0,212,
4-18,11:6:56,88,88,11.85,0,212,
4-18,11:6:56,87,87,11.87,0,212,
4-18,11:6:57,88,88,11.85,0,212,
4-18,11:6:57,88,88,11.87,0,212,
4-18,11:6:58,88,88,11.87,0,212,
4-18,11:6:58,88,88,11.87,0,212,
4-18,11:6:59,88,88,11.85,0,212,
4-18,11:6:59,88,88,11.86,0,212,
4-18,11:7:0,88,88,11.86,0,212,
4-18,11:7:0,88,88,11.85,0,212,
4-18,11:7:1,88,88,11.87,0,212,
4-18,11:7:1,88,88,11.85,0,212,
4-18,11:7:2,88,88,11.86,0,212,
4-18,11:7:2,88,88,11.86,0,212,
4-18,11:7:3,88,88,11.85,0,212,
4-18,11:7:3,87,87,11.86,0,212,
4-18,11:7:4,88,88,11.85,0,212,
4-18,11:7:4,88,88,11.86,0,212,
4-18,11:7:5,88,88,11.86,0,212,
4-18,11:7:5,88,88,11.85,0,212,
4-18,11:7:6,88,88,11.87,0,212,
4-18,11:7:6,88,88,11.86,0,212,
4-18,11:7:7,88,88,11.86,0,212,
4-18,11:7:7,88,88,11.87,0,212,
4-18,11:7:8,88,88,11.86,0,212,
4-18,11:7:8,88,88,11.86,0,212,
4-18,11:7:9,88,88,11.85,0,212,
4-18,11:7:9,88,88,11.87,0,212,
4-18,11:7:10,88,88,11.87,0,212,
4-18,11:7:10,88,88,11.86,0,212,
4-18,11:7:11,88,88,11.85,0,212,
4-18,11:7:11,88,88,11.86,0,212,
4-18,11:7:12,88,88,11.85,0,212,
4-18,11:7:12,88,88,11.85,0,212,
4-18,11:7:13,88,88,11.86,0,212,
4-18,11:7:13,88,88,11.85,0,212,
4-18,11:7:14,88,88,11.85,0,212,
4-18,11:7:14,88,88,11.86,0,212,
4-18,11:7:15,88,88,11.87,0,212,
4-18,11:7:15,88,88,11.87,0,212,
4-18,11:7:16,88,88,11.85,0,212,
4-18,11:7:16,88,88,11.84,0,212,
4-18,11:7:17,88,88,11.85,0,212,
4-18,11:7:17,88,88,11.85,0,212,
4-18,11:7:18,88,88,11.86,0,212,
4-18,11:7:18,88,88,11.85,0,212,
4-18,11:7:19,88,88,11.85,0,212,
4-18,11:7:19,88,88,11.86,0,212,
4-18,11:7:20,88,88,11.87,0,212,
4-18,11:7:20,88,88,11.87,0,212,
4-18,11:7:21,88,88,11.86,0,212,
4-18,11:7:21,88,88,11.86,0,212,
4-18,11:7:22,88,88,11.86,0,212,
4-18,11:7:22,88,88,11.84,0,212,
4-18,11:7:23,88,88,11.85,0,212,
4-18,11:7:23,88,88,11.86,0,212,
4-18,11:7:24,88,88,11.87,0,212,
4-18,11:7:24,88,88,11.87,0,212,
4-18,11:7:25,88,88,11.86,0,212,
4-18,11:7:25,88,88,11.86,0,212,
4-18,11:7:26,88,88,11.84,0,212,
4-18,11:7:26,88,88,11.85,0,212,
4-18,11:7:27,88,88,11.85,0,212,
4-18,11:7:27,88,88,11.83,0,212,
4-18,11:7:28,88,88,11.84,0,212,
4-18,11:7:28,88,88,11.85,0,212,
4-18,11:7:29,88,88,11.86,0,212,
4-18,11:7:29,88,88,11.84,0,212,
4-18,11:7:30,88,88,11.86,0,212,
4-18,11:7:30,88,88,11.85,0,212,
4-18,11:7:31,88,88,11.85,0,212,
4-18,11:7:31,88,88,11.85,0,212,
4-18,11:7:32,88,88,11.85,0,212,
4-18,11:7:32,88,88,11.84,0,212,
4-18,11:7:33,88,88,11.85,0,212,
4-18,11:7:33,88,88,11.87,0,212,
4-18,11:7:34,88,88,11.84,0,212,
4-18,11:7:34,88,88,11.84,0,212,
4-18,11:7:35,88,88,11.86,0,212,
4-18,11:7:35,88,88,11.86,0,212,
4-18,11:7:36,88,88,11.84,0,212,
4-18,11:7:36,88,88,11.85,0,212,
4-18,11:7:37,88,88,11.86,0,212,
4-18,11:7:37,88,88,11.84,0,212,
4-18,11:7:38,88,88,11.84,0,212,
4-18,11:7:38,88,88,11.83,0,212,
4-18,11:7:39,88,88,11.85,0,212,
4-18,11:7:39,88,88,11.86,0,212,
4-18,11:7:40,88,88,11.85,0,212,
4-18,11:7:40,88,88,11.86,0,212,
4-18,11:7:41,88,88,11.85,0,212,
4-18,11:7:41,88,88,11.85,0,212,
4-18,11:7:42,88,88,11.86,0,212,
4-18,11:7:42,88,88,11.84,0,212,
4-18,11:7:43,88,88,11.83,0,212,
4-18,11:7:43,88,88,11.83,0,212,
4-18,11:7:44,88,88,11.83,0,212,
4-18,11:7:44,88,88,11.85,0,212,
4-18,11:7:45,88,88,11.84,0,212,
4-18,11:7:45,88,88,11.85,0,212,
4-18,11:7:46,88,88,11.85,0,212,
4-18,11:7:46,88,88,11.86,0,212,
4-18,11:7:47,88,88,11.84,0,212,
4-18,11:7:47,88,88,11.85,0,212,
4-18,11:7:48,88,88,11.85,0,212,
4-18,11:7:48,88,88,11.85,0,212,
4-18,11:7:49,88,88,11.84,0,212,
4-18,11:7:49,88,88,11.86,0,212,
4-18,11:7:50,88,88,11.84,0,212,
4-18,11:7:50,88,88,11.85,0,212,
4-18,11:7:51,88,88,11.85,0,212,
4-18,11:7:51,88,88,11.85,0,212,
4-18,11:7:52,88,88,11.84,0,212,
4-18,11:7:52,88,88,11.85,0,212,
4-18,11:7:53,88,88,11.85,0,212,
4-18,11:7:53,88,88,11.85,0,212,
4-18,11:7:54,88,88,11.85,0,212,
4-18,11:7:54,88,88,11.86,0,212,
4-18,11:7:55,88,88,11.84,0,212,
4-18,11:7:55,88,88,11.86,0,212,
4-18,11:7:56,88,88,11.85,0,212,
4-18,11:7:56,88,88,11.83,0,212,
4-18,11:7:57,89,89,11.82,0,212,
4-18,11:7:57,88,88,11.83,0,212,
4-18,11:7:58,88,88,11.86,0,212,
4-18,11:7:58,88,88,11.85,0,212,
4-18,11:7:59,88,88,11.85,0,212,
4-18,11:7:59,88,88,11.87,0,212,
4-18,11:8:0,88,88,11.87,0,212,
4-18,11:8:0,88,88,11.85,0,212,
4-18,11:8:1,88,88,11.85,0,212,
4-18,11:8:1,88,88,11.85,0,212,
4-18,11:8:2,88,88,11.85,0,212,
4-18,11:8:2,88,88,11.83,0,212,
4-18,11:8:3,88,88,11.85,0,212,
4-18,11:8:3,88,88,11.85,0,212,
4-18,11:8:4,88,88,11.85,0,212,
4-18,11:8:4,88,88,11.84,0,212,
4-18,11:8:5,88,88,11.84,0,212,
4-18,11:8:5,88,88,11.85,0,212,
4-18,11:8:6,88,88,11.85,0,212,
4-18,11:8:6,88,88,11.85,0,212,
4-18,11:8:7,88,88,11.86,0,212,
4-18,11:8:7,88,88,11.86,0,212,
4-18,11:8:8,88,88,11.85,0,212,
4-18,11:8:8,88,88,11.87,0,212,
4-18,11:8:9,88,88,11.86,0,212,
4-18,11:8:9,88,88,11.87,0,212,
4-18,11:8:10,88,88,11.87,0,212,
4-18,11:8:10,88,88,11.86,0,212,
4-18,11:8:11,88,88,11.87,0,212,
4-18,11:8:11,88,88,11.85,0,212,
4-18,11:8:12,88,88,11.87,0,212,
4-18,11:8:12,88,88,11.86,0,212,
4-18,11:8:13,88,88,11.87,0,212,
4-18,11:8:13,88,88,11.87,0,212,
4-18,11:8:14,88,88,11.86,0,212,
4-18,11:8:14,88,88,11.85,0,212,
4-18,11:8:15,88,88,11.87,0,212,
4-18,11:8:15,88,88,11.87,0,212,
4-18,11:8:16,88,88,11.86,0,212,
4-18,11:8:16,88,88,11.87,0,212,
4-18,11:8:17,88,88,11.87,0,212,
4-18,11:8:17,88,88,11.84,0,212,
4-18,11:8:18,88,88,11.85,0,212,
4-18,11:8:18,88,88,11.86,0,212,
4-18,11:8:19,88,88,11.86,0,212,
4-18,11:8:19,88,88,11.86,0,212,
4-18,11:8:20,88,88,11.86,0,212,
4-18,11:8:20,88,88,11.86,0,212,
4-18,11:8:21,88,88,11.84,0,212,
4-18,11:8:21,88,88,11.86,0,212,
4-18,11:8:22,88,88,11.86,0,212,
4-18,11:8:22,88,88,11.85,0,212,
4-18,11:8:23,88,88,11.86,0,212,
4-18,11:8:23,88,88,11.86,0,212,
4-18,11:8:24,88,88,11.85,0,212,
4-18,11:8:24,88,88,11.85,0,212,
4-18,11:8:25,88,88,11.86,0,212,
4-18,11:8:25,88,88,11.86,0,212,
4-18,11:8:26,88,88,11.84,0,212,
4-18,11:8:26,88,88,11.85,0,212,
4-18,11:8:27,88,88,11.85,0,212,
4-18,11:8:27,88,88,11.86,0,212,
4-18,11:8:28,88,88,11.84,0,212,
4-18,11:8:28,88,88,11.86,0,212,
4-18,11:8:29,88,88,11.85,0,212,
4-18,11:8:29,88,88,11.85,0,212,
4-18,11:8:30,88,88,11.86,0,212,
4-18,11:8:30,88,88,11.84,0,212,
4-18,11:8:31,88,88,11.85,0,212,
4-18,11:8:31,88,88,11.85,0,212,
4-18,11:8:32,88,88,11.85,0,212,
4-18,11:8:32,88,88,11.84,0,212,
4-18,11:8:33,88,88,11.84,0,212,
4-18,11:8:33,88,88,11.85,0,212,
4-18,11:8:34,88,88,11.86,0,212,
4-18,11:8:34,88,88,11.85,0,212,
4-18,11:8:35,87,87,11.85,0,212,
4-18,11:8:35,87,87,11.84,0,212,
4-18,11:8:36,88,88,11.86,0,212,
4-18,11:8:36,88,88,11.84,0,212,
4-18,11:8:37,87,87,11.85,0,212,
4-18,11:8:37,88,88,11.85,0,212,
4-18,11:8:38,88,88,11.84,0,212,
4-18,11:8:38,88,88,11.85,0,212,
4-18,11:8:39,88,88,11.85,0,212,
4-18,11:8:39,88,88,11.85,0,212,
4-18,11:8:40,88,88,11.84,0,212,
4-18,11:8:40,88,88,11.84,0,212,
4-18,11:8:41,87,87,11.86,0,212,
4-18,11:8:41,88,88,11.87,0,212,
4-18,11:8:42,88,88,11.86,0,212,
4-18,11:8:42,88,88,11.85,0,212,
4-18,11:8:43,88,88,11.86,0,212,
4-18,11:8:43,88,88,11.85,0,212,
4-18,11:8:44,88,88,11.86,0,212,
4-18,11:8:44,88,88,11.86,0,212,
4-18,11:8:45,88,88,11.88,0,212,
4-18,11:8:45,88,88,11.83,0,212,
4-18,11:8:46,88,88,11.85,0,212,
4-18,11:8:46,88,88,11.86,0,212,
4-18,11:8:47,87,87,11.84,0,212,
4-18,11:8:47,88,88,11.84,0,212,
4-18,11:8:48,87,87,11.84,0,212,
4-18,11:8:48,88,88,11.86,0,212,
4-18,11:8:49,87,87,11.85,0,212,
4-18,11:8:49,88,88,11.87,0,212,
4-18,11:8:50,87,87,11.88,0,212,
4-18,11:8:50,87,87,11.85,0,212,
4-18,11:8:51,87,87,11.84,0,212,
4-18,11:8:51,87,87,11.88,0,212,
4-18,11:8:52,87,87,11.84,0,212,
4-18,11:8:52,87,87,11.86,0,212,
4-18,11:8:53,88,88,11.82,0,212,
4-18,11:8:53,87,87,11.83,0,212,
4-18,11:8:54,87,87,11.85,0,212,
4-18,11:8:54,87,87,11.86,0,212,
4-18,11:8:55,88,88,11.85,0,212,
4-18,11:8:55,88,88,11.86,0,212,
4-18,11:8:56,88,88,11.84,0,212,
4-18,11:8:56,87,87,11.85,0,212,
4-18,11:8:57,87,87,11.83,0,212,
4-18,11:8:57,88,88,11.85,0,212,
4-18,11:8:58,87,87,11.86,0,212,
4-18,11:8:58,88,88,11.87,0,212,
4-18,11:8:59,88,88,11.83,0,212,
4-18,11:8:59,88,88,11.83,0,212,
4-18,11:9:0,88,88,11.86,0,212,
4-18,11:9:0,87,87,11.84,0,212,
4-18,11:9:1,87,87,11.85,0,212,
4-18,11:9:1,87,87,11.83,0,212,
4-18,11:9:2,87,87,11.82,0,212,
4-18,11:9:2,87,87,11.84,0,212,
4-18,11:9:3,88,88,11.79,0,212,
4-18,11:9:3,87,87,11.82,0,212,
4-18,11:9:4,87,87,11.82,0,212,
4-18,11:9:4,87,87,11.83,0,212,
4-18,11:9:5,87,87,11.84,0,212,
4-18,11:9:5,87,87,11.82,0,212,
4-18,11:9:6,87,87,11.83,0,212,
4-18,11:9:6,87,87,11.81,0,212,
4-18,11:9:7,87,87,11.84,0,212,
4-18,11:9:7,87,87,11.84,0,212,
4-18,11:9:8,87,87,11.87,0,212,
4-18,11:9:8,87,87,11.83,0,212,
4-18,11:9:9,86,86,11.79,0,212,
4-18,11:9:9,85,85,11.77,0,212,
4-18,11:9:10,85,85,11.74,0,212,
4-18,11:16:47,78,78,14.74,1,213,
4-18,11:16:47,78,78,14.75,1,213,
4-18,11:16:48,78,78,14.77,1,213,
4-18,11:16:48,78,78,14.78,1,213,
4-18,11:16:49,78,78,14.8,1,213,
4-18,11:16:49,78,78,14.8,1,213,
4-18,11:16:50,78,78,14.8,1,213,
4-18,11:16:50,78,78,14.8,1,213,
4-18,11:16:51,77,77,14.81,1,213,
4-18,11:16:51,77,77,14.81,1,213,
4-18,11:16:52,77,77,14.81,1,213,
4-18,11:16:52,77,77,14.82,1,213,
4-18,11:16:53,77,77,14.82,1,213,
4-18,11:16:53,77,77,14.82,1,213,
4-18,11:16:54,77,77,14.83,1,213,
4-18,11:16:54,77,77,14.82,1,213,
4-18,11:16:55,77,77,14.83,1,213,
4-18,11:16:55,77,77,14.84,1,213,
4-18,11:16:56,77,77,14.83,1,213,
4-18,11:16:56,77,77,14.83,1,213,
4-18,11:16:57,77,77,14.84,1,213,
4-18,11:16:57,77,77,14.84,1,213,
4-18,11:16:58,77,77,14.85,1,213,
4-18,11:16:58,77,77,14.84,1,213,
4-18,11:16:59,77,77,14.85,1,213,
4-18,11:16:59,77,77,14.86,1,213,
4-18,11:17:0,77,77,14.85,1,213,
4-18,11:17:0,77,77,14.86,1,213,
4-18,11:17:1,77,77,14.85,1,213,
4-18,11:17:1,77,77,14.85,1,213,
4-18,11:17:2,77,77,14.85,1,213,
4-18,11:17:2,77,77,14.85,1,213,
4-18,11:17:3,77,77,14.86,1,213,
4-18,11:17:3,77,77,14.85,1,213,
4-21,9:33:36,57,57,12.88,2,214,
4-21,9:33:36,57,57,12.9,2,214,
4-21,9:33:37,57,57,12.89,2,214,
4-21,9:33:37,56,56,12.88,2,214,
4-21,9:33:38,57,57,12.89,2,214,
4-21,9:33:38,57,57,12.9,2,214,
4-21,9:33:39,57,57,12.93,2,214,
4-21,9:33:39,57,57,12.9,2,214,
4-21,9:33:40,57,57,12.91,2,214,
4-21,9:33:40,57,57,12.88,2,214,
4-21,9:33:41,57,57,12.89,2,214,
4-21,9:33:41,57,57,12.88,2,214,
4-21,9:33:42,57,57,12.89,2,214,
4-21,9:33:42,56,56,12.88,2,214,
4-21,9:33:43,58,58,12.85,2,214,
4-21,9:33:43,57,57,12.87,2,214,
4-21,9:33:44,56,56,12.87,2,214,
4-21,9:33:44,57,57,12.88,2,214,
4-21,9:33:45,57,57,12.84,2,214,
4-21,9:33:45,57,57,12.85,3,214,
4-21,9:33:46,56,56,12.88,3,214,
4-21,9:33:46,57,57,12.89,3,214,
4-21,9:33:47,56,56,12.88,3,214,
4-21,9:33:47,57,57,12.9,3,214,
4-21,9:33:48,56,56,12.88,3,214,
4-21,9:33:48,57,57,12.9,3,214,
4-21,9:33:49,56,56,12.88,3,214,
4-21,9:33:49,56,56,12.91,3,214,
4-21,9:33:50,56,56,12.87,3,214,
4-21,9:33:50,56,56,12.89,3,214,
4-21,9:33:51,56,56,12.88,3,214,
4-21,9:33:51,56,56,12.85,3,214,
4-21,9:33:52,55,55,12.83,3,214,
4-21,9:33:52,56,56,12.87,3,214,
4-21,9:33:53,56,56,12.85,3,214,
4-21,9:33:53,55,55,12.86,3,214,
4-21,9:33:54,56,56,12.89,3,214,
4-21,9:33:54,56,56,12.87,3,214,
4-21,9:33:55,56,56,12.87,3,214,
4-21,9:33:55,55,55,12.86,3,214,
4-21,9:33:56,56,56,12.88,3,214,
4-21,9:33:56,56,56,12.9,3,214,
4-21,9:33:57,56,56,12.88,3,214,
4-21,9:33:57,56,56,12.89,3,214,
4-21,9:33:58,55,55,12.88,3,214,
4-21,9:33:58,55,55,12.86,3,214,
4-21,9:33:59,55,55,12.86,3,214,
4-21,9:33:59,55,55,12.87,3,214,
4-21,9:34:0,55,55,12.88,3,214,
4-21,9:34:0,55,55,12.86,3,214,
4-21,9:34:1,55,55,12.88,3,214,
4-21,9:34:1,55,55,12.88,3,214,
4-21,9:34:2,55,55,12.88,3,214,
4-21,9:34:2,55,55,12.89,3,214,
4-21,9:34:3,55,55,12.87,3,214,
4-21,9:34:3,55,55,12.89,3,214,
4-21,9:34:4,55,55,12.89,3,214,
4-21,9:34:4,55,55,12.89,3,214,
4-21,9:34:5,55,55,12.9,3,214,
4-21,9:34:5,55,55,12.89,3,214,
4-21,9:34:6,55,55,12.89,3,214,
4-21,9:34:6,55,55,12.89,3,214,
4-21,9:34:7,55,55,12.9,3,214,
4-21,9:34:7,55,55,12.92,3,214,
4-21,9:34:8,55,55,12.92,3,214,
4-21,9:34:8,55,55,12.91,3,214,
4-21,9:34:9,55,55,12.9,3,214,
4-21,9:34:9,54,54,12.9,3,214,
4-21,9:34:10,55,55,12.92,3,214,
4-21,9:34:10,55,55,12.92,3,214,
4-21,9:34:11,55,55,12.91,3,214,
4-21,9:34:11,55,55,12.91,3,214,
4-21,9:34:12,55,55,12.93,3,214,
4-21,9:34:12,55,55,12.92,3,214,
4-21,9:34:13,54,54,12.9,3,214,
4-21,9:34:13,54,54,12.92,3,214,
4-21,9:34:14,54,54,12.92,3,214,
4-21,9:34:14,55,55,12.92,3,214,
4-21,9:34:15,55,55,12.93,3,214,
4-21,9:34:15,54,54,12.92,3,214,
4-21,9:34:16,54,54,12.92,3,214,
4-21,9:34:16,54,54,12.91,3,214,
4-21,9:34:17,54,54,12.91,3,214,
4-21,9:34:17,54,54,12.92,3,214,
4-21,9:34:18,54,54,12.92,3,214,
4-21,9:34:18,54,54,12.92,3,214,
4-21,9:34:19,54,54,12.94,3,214,
4-21,9:34:19,54,54,12.91,3,214,
4-21,9:34:20,54,54,12.91,3,214,
4-21,9:34:20,54,54,12.94,3,214,
4-21,9:34:21,53,53,12.92,3,214,
4-21,9:34:21,54,54,12.94,3,214,
4-21,9:34:22,54,54,12.94,3,214,
4-21,9:34:22,54,54,12.93,3,214,
4-21,9:34:23,54,54,12.91,3,214,
4-21,9:34:23,53,53,12.93,3,214,
4-21,9:34:24,53,53,12.93,3,214,
4-21,9:34:24,53,53,12.92,3,214,
4-21,9:34:25,53,53,12.93,3,214,
4-21,9:34:25,53,53,12.92,3,214,
4-21,9:34:26,53,53,12.94,3,214,
4-21,9:34:26,53,53,12.94,3,214,
4-21,9:34:27,53,53,12.95,3,214,
4-21,9:34:27,52,52,12.91,3,214,
4-21,9:34:28,53,53,12.93,3,214,
4-21,9:34:28,52,52,12.92,3,214,
4-21,9:34:29,53,53,12.94,3,214,
4-21,9:34:29,53,53,12.94,3,214,
4-21,9:34:30,53,53,12.93,3,214,
4-21,9:34:30,52,52,12.93,3,214,
4-21,9:34:31,53,53,12.95,3,214,
4-21,9:34:31,53,53,12.94,3,214,
4-21,9:34:32,53,53,12.95,3,214,
4-21,9:34:32,53,53,12.93,3,214,
4-21,9:34:33,53,53,12.94,3,214,
4-21,9:34:33,53,53,12.96,3,214,
4-21,9:34:34,53,53,12.96,3,214,
4-21,9:34:34,53,53,12.95,3,214,
4-21,9:34:35,53,53,12.94,3,214,
4-21,9:34:35,53,53,12.94,3,214,
4-21,9:34:36,53,53,12.95,3,214,
4-21,9:34:36,52,52,12.94,3,214,
4-21,9:34:37,53,53,12.94,3,214,
4-21,9:34:37,53,53,12.95,3,214,
4-21,9:34:38,52,52,12.93,3,214,
4-21,9:34:38,52,52,12.94,3,214,
4-21,9:34:39,52,52,12.94,3,214,
4-21,9:34:39,52,52,12.93,3,214,
4-21,9:34:40,52,52,12.95,3,214,
4-21,9:34:40,53,53,12.96,3,214,
4-21,9:34:41,51,51,12.92,3,214,
4-21,9:34:41,51,51,12.91,3,214,
4-21,9:34:42,52,52,12.94,3,214,
4-21,9:34:42,52,52,12.93,3,214,
4-21,9:34:43,52,52,12.94,3,214,
4-21,9:34:43,52,52,12.93,3,214,
4-21,9:34:44,52,52,12.94,3,214,
4-21,9:34:44,52,52,12.94,3,214,
4-21,9:34:45,52,52,12.96,3,214,
4-21,9:34:45,51,51,12.93,3,214,
4-21,9:34:46,52,52,12.93,3,214,
4-21,9:34:46,51,51,12.92,3,214,
4-21,9:34:47,52,52,12.93,3,214,
4-21,9:34:47,52,52,12.94,3,214,
4-21,9:34:48,53,53,12.96,3,214,
4-21,9:34:48,51,51,12.92,3,214,
4-21,9:34:49,52,52,12.92,3,214,
4-21,9:34:49,53,53,12.94,3,214,
4-21,9:34:50,52,52,12.93,3,214,
4-21,9:34:50,52,52,12.92,3,214,
4-21,9:34:51,52,52,12.91,3,214,
4-21,9:34:51,53,53,12.94,3,214,
4-21,9:34:52,53,53,12.95,3,214,
4-21,9:34:52,53,53,12.95,3,214,
4-21,9:34:53,52,52,12.94,3,214,
4-21,9:34:53,52,52,12.95,3,214,
4-21,9:34:54,53,53,12.93,3,214,
4-21,9:34:54,53,53,12.94,3,214,
4-21,9:34:55,53,53,12.92,3,214,
4-21,9:34:55,53,53,12.93,3,214,
4-21,9:34:56,53,53,12.92,3,214,
4-21,9:34:56,53,53,12.93,3,214,
4-21,9:34:57,53,53,12.93,3,214,
4-21,9:34:57,53,53,12.93,3,214,
4-21,9:34:58,53,53,12.94,3,214,
4-21,9:34:58,53,53,12.94,3,214,
4-21,9:34:59,53,53,12.94,3,214,
4-21,9:34:59,53,53,12.93,3,214,
4-21,9:35:0,53,53,12.94,3,214,
4-21,9:35:0,53,53,12.94,3,214,
4-21,9:35:1,52,52,12.91,3,214,
4-21,9:35:1,52,52,12.92,3,214,
4-21,9:35:2,52,52,12.93,3,214,
4-21,9:35:2,52,52,12.93,3,214,
4-21,9:35:3,52,52,12.92,3,214,
4-21,9:35:3,51,51,12.9,3,214,
4-21,9:35:4,52,52,12.9,3,214,
4-21,9:35:4,52,52,12.92,3,214,
4-21,9:35:5,52,52,12.92,3,214,
4-21,9:35:5,51,51,12.91,3,214,
4-21,9:35:6,51,51,12.92,3,214,
4-21,9:35:6,52,52,12.93,3,214,
4-21,9:35:7,51,51,12.92,3,214,
4-21,9:35:7,52,52,12.95,3,214,
4-21,9:35:8,51,51,12.92,3,214,
4-21,9:35:8,52,52,12.94,3,214,
4-21,9:35:9,52,52,12.94,3,214,
4-21,9:35:9,51,51,12.92,3,214,
4-21,9:35:10,52,52,12.93,3,214,
4-21,9:35:10,52,52,12.95,3,214,
4-21,9:35:11,51,51,12.93,3,214,
4-21,9:35:11,52,52,12.94,3,214,
4-21,9:35:12,51,51,12.91,3,214,
4-21,9:35:12,51,51,12.92,3,214,
4-21,9:35:13,51,51,12.91,3,214,
4-21,9:35:13,51,51,12.94,3,214,
4-21,9:35:14,51,51,12.94,3,214,
4-21,9:35:14,51,51,12.95,3,214,
4-21,9:35:15,51,51,12.92,3,214,
4-21,9:35:15,52,52,12.94,3,214,
4-21,9:35:16,52,52,12.96,3,214,
4-21,9:35:16,51,51,12.96,3,214,
4-21,9:35:17,51,51,12.94,3,214,
4-21,9:35:17,51,51,12.94,3,214,
4-21,9:35:18,51,51,12.93,3,214,
4-21,9:35:18,50,50,12.91,3,214,
4-21,9:35:19,51,51,12.94,3,214,
4-21,9:35:19,51,51,12.95,3,214,
4-21,9:35:20,51,51,12.93,3,214,
4-21,9:35:20,51,51,12.93,3,214,
4-21,9:35:21,51,51,12.93,3,214,
4-21,9:35:21,50,50,12.9,3,214,
4-21,9:35:22,51,51,12.93,3,214,
4-21,9:35:22,51,51,12.93,3,214,
4-21,9:35:23,51,51,12.95,3,214,
4-21,9:35:23,50,50,12.91,3,214,
4-21,9:35:24,51,51,12.95,3,214,
4-21,9:35:24,51,51,12.93,3,214,
4-21,9:35:25,51,51,12.93,3,214,
4-21,9:35:25,51,51,12.94,3,214,
4-21,9:35:26,51,51,12.93,3,214,
4-21,9:35:26,51,51,12.95,3,214,
4-21,9:35:27,51,51,12.94,3,214,
4-21,9:35:27,51,51,12.95,3,214,
4-21,9:35:28,50,50,12.93,3,214,
4-21,9:35:28,51,51,12.96,3,214,
4-21,9:35:29,51,51,12.94,3,214,
4-21,9:35:29,50,50,12.93,3,214,
4-21,9:35:30,51,51,12.94,3,214,
4-21,9:35:30,51,51,12.94,3,214,
4-21,9:35:31,51,51,12.95,3,214,
4-21,9:35:31,51,51,12.95,3,214,
4-21,9:35:32,50,50,12.94,3,214,
4-21,9:35:32,51,51,12.94,3,214,
4-21,9:35:33,52,52,12.96,3,214,
4-21,9:35:33,51,51,12.95,3,214,
4-21,9:35:34,50,50,12.92,3,214,
4-21,9:35:34,51,51,12.95,3,214,
4-21,9:35:35,50,50,12.95,3,214,
4-21,9:35:35,51,51,12.97,3,214,
4-21,9:35:36,50,50,12.96,3,214,
4-21,9:35:36,50,50,12.95,3,214,
4-21,9:35:37,51,51,12.97,3,214,
4-21,9:35:37,50,50,12.93,3,214,
4-21,9:35:38,50,50,12.92,3,214,
4-21,9:35:38,51,51,12.94,3,214,
4-21,9:35:39,52,52,12.97,3,214,
4-21,9:35:39,50,50,12.94,3,214,
4-21,9:35:40,52,52,12.99,3,214,
4-21,9:35:40,50,50,12.93,3,214,
4-21,9:35:41,51,51,12.96,3,214,
4-21,9:35:41,51,51,12.95,3,214,
4-21,9:35:42,51,51,12.95,3,214,
4-21,9:35:42,51,51,12.94,3,214,
4-21,9:35:43,51,51,12.96,3,214,
4-21,9:35:43,51,51,12.96,3,214,
4-21,9:35:44,51,51,12.97,3,214,
4-21,9:35:44,50,50,12.97,3,214,
4-21,9:35:45,51,51,12.95,3,214,
4-21,9:35:45,50,50,12.95,3,214,
4-21,9:35:46,51,51,12.96,3,214,
4-21,9:35:46,51,51,12.97,3,214,
4-21,9:35:47,51,51,12.98,3,214,
4-21,9:35:47,51,51,12.95,3,214,
4-21,9:35:48,50,50,12.94,3,214,
4-21,9:35:48,50,50,12.92,3,214,
4-21,9:35:49,51,51,12.95,3,214,
4-21,9:35:49,50,50,12.95,3,214,
4-21,9:35:50,51,51,12.95,3,214,
4-21,9:35:50,50,50,12.94,3,214,
4-21,9:35:51,50,50,12.93,3,214,
4-21,9:35:51,50,50,12.94,3,214,
4-21,9:35:52,51,51,12.94,3,214,
4-21,9:35:52,49,49,12.89,3,214,
4-21,9:35:53,50,50,12.92,3,214,
4-21,9:35:53,50,50,12.9,3,214,
4-21,9:35:54,50,50,12.91,3,214,
4-21,9:35:54,51,51,12.93,3,214,
4-21,9:35:55,51,51,12.93,3,214,
4-21,9:35:55,51,51,12.93,3,214,
4-21,9:35:56,51,51,12.94,3,214,
4-21,9:35:56,50,50,12.92,3,214,
4-21,9:35:57,51,51,12.93,3,214,
4-21,9:35:57,51,51,12.94,3,214,
4-21,9:35:58,51,51,12.94,3,214,
4-21,9:35:58,51,51,12.96,3,214,
4-21,9:35:59,50,50,12.93,3,214,
4-21,9:35:59,50,50,12.91,3,214,
4-21,9:36:0,50,50,12.94,3,214,
4-21,9:36:0,50,50,12.94,3,214,
4-21,9:36:1,50,50,12.93,3,214,
4-21,9:36:1,51,51,12.95,3,214,
4-21,9:36:2,50,50,12.93,3,214,
4-21,9:36:2,50,50,12.93,3,214,
4-21,9:36:3,51,51,12.97,3,214,
4-21,9:36:3,52,52,13,3,214,
4-21,9:36:4,50,50,12.94,3,214,
4-21,9:36:4,51,51,12.95,3,214,
4-21,9:36:5,51,51,12.95,3,214,
4-21,9:36:5,50,50,12.94,3,214,
4-21,9:36:6,50,50,12.94,3,214,
4-21,9:36:6,50,50,12.94,3,214,
4-21,9:36:7,51,51,12.95,3,214,
4-21,9:36:7,52,52,12.98,3,214,
4-21,9:36:8,50,50,12.94,3,214,
4-21,9:36:8,51,51,12.97,3,214,
4-21,9:36:9,49,49,12.93,3,214,
4-21,9:36:9,51,51,12.96,3,214,
4-21,9:36:10,51,51,12.97,3,214,
4-21,9:36:10,50,50,12.93,3,214,
4-21,9:36:11,50,50,12.95,3,214,
4-21,9:36:11,51,51,12.95,3,214,
4-21,9:36:12,51,51,12.95,3,214,
4-21,9:36:12,51,51,12.95,3,214,
4-21,9:36:13,51,51,12.95,3,214,
4-21,9:36:13,51,51,12.96,3,214,
4-21,9:36:14,51,51,12.95,3,214,
4-21,9:36:14,50,50,12.94,3,214,
4-21,9:36:15,51,51,12.96,3,214,
4-21,9:36:15,50,50,12.94,3,214,
4-21,9:36:16,50,50,12.93,3,214,
4-21,9:36:16,50,50,12.93,3,214,
4-21,9:36:17,51,51,12.96,3,214,
4-21,9:36:17,51,51,12.91,3,214,
4-21,9:36:18,51,51,12.94,3,214,
4-21,9:36:18,51,51,12.93,3,214,
4-21,9:36:19,52,52,12.96,3,214,
4-21,9:36:19,52,52,12.95,3,214,
4-21,9:36:20,51,51,12.95,3,214,
4-21,9:36:20,50,50,12.91,3,214,
4-21,9:36:21,52,52,12.96,3,214,
4-21,9:36:21,51,51,12.93,3,214,
4-21,9:36:22,51,51,12.93,3,214,
4-21,9:36:22,53,53,12.96,3,214,
4-21,9:36:23,52,52,12.94,3,214,
4-21,9:36:23,52,52,12.95,3,214,
4-21,9:36:24,52,52,12.97,3,214,
4-21,9:36:24,53,53,12.98,3,214,
4-21,9:36:25,52,52,12.95,3,214,
4-21,9:36:25,51,51,12.93,3,214,
4-21,9:36:26,53,53,12.96,3,214,
4-21,9:36:26,52,52,12.95,3,214,
4-21,9:36:27,53,53,12.93,3,214,
4-21,9:36:27,51,51,12.91,3,214,
4-21,9:36:28,52,52,12.9,3,214,
4-21,9:36:28,53,53,12.94,3,214,
4-21,9:36:29,53,53,12.94,3,214,
4-21,9:36:29,52,52,12.91,3,214,
4-21,9:36:30,53,53,12.94,3,214,
4-21,9:36:30,53,53,12.96,3,214,
4-21,9:36:31,54,54,12.98,3,214,
4-21,9:36:31,53,53,12.95,3,214,
4-21,9:36:32,53,53,12.93,3,214,
4-21,9:36:32,52,52,12.91,3,214,
4-21,9:36:33,55,55,12.97,3,214,
4-21,9:36:33,53,53,12.94,3,214,
4-21,9:36:34,54,54,12.95,3,214,
4-21,9:36:34,52,52,12.92,3,214,
4-21,9:36:35,53,53,12.94,3,214,
4-21,9:36:35,54,54,12.96,3,214,
4-21,9:36:36,54,54,12.95,3,214,
4-21,9:36:36,53,53,12.95,3,214,
4-21,9:36:37,53,53,12.94,3,214,
4-21,9:36:37,54,54,12.96,3,214,
4-21,9:36:38,54,54,12.95,3,214,
4-21,9:36:38,54,54,12.95,3,214,
4-21,9:36:39,53,53,12.95,3,214,
4-21,9:36:39,54,54,12.95,3,214,
4-21,9:36:40,54,54,12.95,3,214,
4-21,9:36:40,54,54,12.96,3,214,
4-21,9:36:41,53,53,12.94,3,214,
4-21,9:36:41,54,54,12.97,3,214,
4-21,9:36:42,54,54,12.96,3,214,
4-21,9:36:42,54,54,12.96,3,214,
4-21,9:36:43,54,54,12.95,3,214,
4-21,9:36:43,54,54,12.95,3,214,
4-21,9:36:44,54,54,12.95,3,214,
4-21,9:36:44,55,55,12.98,3,214,
4-21,9:36:45,53,53,12.95,3,214,
4-21,9:36:45,54,54,12.93,3,214,
4-21,9:36:46,54,54,12.94,3,214,
4-21,9:36:46,54,54,12.96,3,214,
4-21,9:36:47,54,54,12.96,3,214,
4-21,9:36:47,53,53,12.94,3,214,
4-21,9:36:48,54,54,12.94,3,214,
4-21,9:36:48,55,55,12.98,3,214,
4-21,9:36:49,56,56,12.98,3,214,
4-21,9:36:49,55,55,12.99,3,214,
4-21,9:36:50,54,54,12.96,3,214,
4-21,9:36:50,54,54,12.94,3,214,
4-21,9:36:51,55,55,12.96,3,214,
4-21,9:36:51,55,55,12.96,3,214,
4-21,9:36:52,55,55,12.96,3,214,
4-21,9:36:52,55,55,12.96,3,214,
4-21,9:36:53,55,55,12.96,3,214,
4-21,9:36:53,55,55,12.96,3,214,
4-21,9:36:54,54,54,12.9,3,214,
4-21,9:36:54,56,56,12.99,3,214,
4-21,9:36:55,56,56,12.96,3,214,
4-21,9:36:55,54,54,12.91,3,214,
4-21,9:36:56,54,54,12.93,3,214,
4-21,9:36:56,54,54,12.92,3,214,
4-21,9:36:57,55,55,12.95,3,214,
4-21,9:36:57,56,56,12.95,3,214,
4-21,9:36:58,56,56,12.94,3,214,
4-21,9:36:58,56,56,12.97,3,214,
4-21,9:36:59,55,55,12.93,3,214,
4-21,9:36:59,56,56,12.96,3,214,
4-21,9:37:0,56,56,12.95,3,214,
4-21,9:37:0,55,55,12.94,3,214,
4-21,9:37:1,56,56,12.92,3,214,
4-21,9:37:1,56,56,12.91,3,214,
4-21,9:37:2,56,56,12.95,3,214,
4-21,9:37:2,56,56,12.91,3,214,
4-21,9:37:3,58,58,12.97,3,214,
4-21,9:37:3,57,57,12.92,3,214,
4-21,9:37:4,56,56,12.91,3,214,
4-21,9:37:4,57,57,12.96,3,214,
4-21,9:37:5,56,56,12.89,3,214,
4-21,9:37:5,57,57,12.94,3,214,
4-21,9:37:6,56,56,12.89,3,214,
4-21,9:37:6,56,56,12.93,3,214,
4-21,9:37:7,57,57,12.92,3,214,
4-21,9:37:7,58,58,12.96,3,214,
4-21,9:37:8,57,57,12.92,3,214,
4-21,9:37:8,57,57,12.94,3,214,
4-21,9:37:9,58,58,12.95,3,214,
4-21,9:37:9,58,58,12.94,3,214,
4-21,9:37:10,58,58,12.94,3,214,
4-21,9:37:10,58,58,12.93,3,214,
4-21,9:37:11,58,58,12.96,3,214,
4-21,9:37:11,58,58,12.95,3,214,
4-21,9:37:12,57,57,12.92,3,214,
4-21,9:37:12,58,58,12.94,3,214,
4-21,9:37:13,58,58,12.96,3,214,
4-21,9:37:13,56,56,12.91,3,214,
4-21,9:37:14,59,59,12.96,3,214,
4-21,9:37:14,59,59,12.97,3,214,
4-21,9:37:15,58,58,12.94,3,214,
4-21,9:37:15,57,57,12.93,3,214,
4-21,9:37:16,58,58,12.95,3,214,
4-21,9:37:16,59,59,12.95,3,214,
4-21,9:37:17,58,58,12.94,3,214,
4-21,9:37:17,59,59,12.96,3,214,
4-21,9:37:18,59,59,12.96,3,214,
4-21,9:37:18,58,58,12.95,3,214,
4-21,9:37:19,57,57,12.91,3,214,
4-21,9:37:19,59,59,12.95,3,214,
4-21,9:37:20,58,58,12.95,3,214,
4-21,9:37:20,59,59,12.95,3,214,
4-21,9:37:21,59,59,12.95,3,214,
4-21,9:37:21,58,58,12.93,3,214,
4-21,9:37:22,58,58,12.93,3,214,
4-21,9:37:22,59,59,12.96,3,214,
4-21,9:37:23,59,59,12.97,3,214,
4-21,9:37:23,58,58,12.97,3,214,
4-21,9:37:24,59,59,12.99,3,214,
4-21,9:37:24,58,58,12.94,3,214,
4-21,9:37:25,57,57,12.92,3,214,
4-21,9:37:25,59,59,12.95,3,214,
4-21,9:37:26,58,58,12.95,3,214,
4-21,9:37:26,58,58,12.93,3,214,
4-21,9:37:27,58,58,12.92,3,214,
4-21,9:37:27,59,59,12.97,3,214,
4-21,9:37:28,59,59,12.97,3,214,
4-21,9:37:28,59,59,12.97,3,214,
4-21,9:37:29,59,59,12.95,3,214,
4-21,9:37:29,59,59,12.96,3,214,
4-21,9:37:30,59,59,12.96,3,214,
4-21,9:37:30,58,58,12.94,3,214,
4-21,9:37:31,59,59,12.94,3,214,
4-21,9:37:31,60,60,12.98,3,214,
4-21,9:37:32,59,59,12.95,3,214,
4-21,9:37:32,59,59,12.94,3,214,
4-21,9:37:33,58,58,12.91,3,214,
4-21,9:37:33,60,60,12.98,3,214,
4-21,9:37:34,59,59,12.94,3,214,
4-21,9:37:34,59,59,12.94,3,214,
4-21,9:37:35,60,60,12.97,3,214,
4-21,9:37:35,58,58,12.94,3,214,
4-21,9:37:36,60,60,12.98,3,214,
4-21,9:37:36,60,60,12.96,3,214,
4-21,9:37:37,60,60,12.97,3,214,
4-21,9:37:37,60,60,12.96,3,214,
4-21,9:37:38,60,60,12.95,3,214,
4-21,9:37:38,58,58,12.92,3,214,
4-21,9:37:39,60,60,12.96,3,214,
4-21,9:37:39,60,60,12.94,3,214,
4-21,9:37:40,59,59,12.92,3,214,
4-21,9:37:40,60,60,12.96,3,214,
4-21,9:37:41,60,60,12.91,3,214,
4-21,9:37:41,61,61,12.98,3,214,
4-21,9:37:42,60,60,12.96,3,214,
4-21,9:37:42,61,61,12.97,3,214,
4-21,9:37:43,61,61,12.94,3,214,
4-21,9:37:43,61,61,12.97,3,214,
4-21,9:37:44,61,61,12.95,3,214,
4-21,9:37:44,60,60,12.95,3,214,
4-21,9:37:45,60,60,12.95,3,214,
4-21,9:37:45,60,60,12.97,3,214,
4-21,9:37:46,60,60,12.92,3,214,
4-21,9:37:46,61,61,12.94,3,214,
4-21,9:37:47,60,60,12.91,3,214,
4-21,9:37:47,61,61,12.97,3,214,
4-21,9:37:48,61,61,12.98,3,214,
4-21,9:37:48,60,60,12.92,3,214,
4-21,9:37:49,60,60,12.91,3,214,
4-21,9:37:49,61,61,12.92,3,214,
4-21,9:37:50,61,61,12.97,3,214,
4-21,9:37:50,61,61,12.93,3,214,
4-21,9:37:51,61,61,12.95,3,214,
4-21,9:37:51,61,61,12.96,3,214,
4-21,9:37:52,62,62,12.97,3,214,
4-21,9:37:52,62,62,12.94,3,214,
4-21,9:37:53,62,62,12.98,3,214,
4-21,9:37:53,61,61,12.94,3,214,
4-21,9:37:54,61,61,12.92,3,214,
4-21,9:37:54,60,60,12.9,3,214,
4-21,9:37:55,61,61,12.93,3,214,
4-21,9:37:55,62,62,12.95,3,214,
4-21,9:37:56,60,60,12.9,3,214,
4-21,9:37:56,61,61,12.92,3,214,
4-21,9:37:57,62,62,12.98,3,214,
4-21,9:37:57,61,61,12.94,3,214,
4-21,9:37:58,62,62,12.93,3,214,
4-21,9:37:58,62,62,12.96,3,214,
4-21,9:37:59,62,62,12.93,3,214,
4-21,9:37:59,61,61,12.91,3,214,
4-21,9:38:0,62,62,12.91,3,214,
4-21,9:38:0,62,62,12.94,3,214,
4-21,9:38:1,63,63,12.96,3,214,
4-21,9:38:1,62,62,12.93,3,214,
4-21,9:38:2,63,63,12.95,3,214,
4-21,9:38:2,63,63,12.95,3,214,
4-21,9:38:3,64,64,12.97,3,214,
4-21,9:38:3,62,62,12.91,3,214,
4-21,9:38:4,63,63,12.96,3,214,
4-21,9:38:4,63,63,12.95,3,214,
4-21,9:38:5,63,63,12.93,3,214,
4-21,9:38:5,62,62,12.91,3,214,
4-21,9:38:6,62,62,12.93,3,214,
4-21,9:38:6,63,63,12.94,3,214,
4-21,9:38:7,61,61,12.91,3,214,
4-21,9:38:7,63,63,12.93,3,214,
4-21,9:38:8,63,63,12.93,3,214,
4-21,9:38:8,62,62,12.88,3,214,
4-21,9:38:9,63,63,12.91,3,214,
4-21,9:38:9,62,62,12.9,3,214,
4-21,9:38:10,62,62,12.92,3,214,
4-21,9:38:10,63,63,12.96,3,214,
4-21,9:38:11,63,63,12.95,3,214,
4-21,9:38:11,63,63,12.93,3,214,
4-21,9:38:12,63,63,12.92,3,214,
4-21,9:38:12,63,63,12.95,3,214,
4-21,9:38:13,64,64,12.94,3,214,
4-21,9:38:13,63,63,12.94,3,214,
4-21,9:38:14,62,62,12.88,3,214,
4-21,9:38:14,62,62,12.92,3,214,
4-21,9:38:15,63,63,12.94,3,214,
4-21,9:38:15,63,63,12.92,3,214,
4-21,9:38:16,63,63,12.94,3,214,
4-21,9:38:16,63,63,12.93,3,214,
4-21,9:38:17,64,64,12.95,3,214,
4-21,9:38:17,63,63,12.92,3,214,
4-21,9:38:18,64,64,12.94,3,214,
4-21,9:38:18,63,63,12.94,3,214,
4-21,9:38:19,63,63,12.93,3,214,
4-21,9:38:19,64,64,12.96,3,214,
4-21,9:38:20,63,63,12.92,3,214,
4-21,9:38:20,64,64,12.94,3,214,
4-21,9:38:21,63,63,12.93,3,214,
4-21,9:38:21,63,63,12.94,3,214,
4-21,9:38:22,63,63,12.92,3,214,
4-21,9:38:22,64,64,12.94,3,214,
4-21,9:38:23,64,64,12.94,3,214,
4-21,9:38:23,64,64,12.93,3,214,
4-21,9:38:24,63,63,12.93,3,214,
4-21,9:38:24,64,64,12.97,3,214,
4-21,9:38:25,63,63,12.92,3,214,
4-21,9:38:25,63,63,12.93,3,214,
4-21,9:38:26,63,63,12.94,3,214,
4-21,9:38:26,63,63,12.92,3,214,
4-21,9:38:27,63,63,12.93,3,214,
4-21,9:38:27,64,64,12.98,3,214,
4-21,9:38:28,65,65,12.97,3,214,
4-21,9:38:28,64,64,12.97,3,214,
4-21,9:38:29,63,63,12.89,3,214,
4-21,9:38:29,64,64,12.94,3,214,
4-21,9:38:30,63,63,12.96,3,214,
4-21,9:38:30,64,64,12.95,3,214,
4-21,9:38:31,63,63,12.91,3,214,
4-21,9:38:31,63,63,12.95,3,214,
4-21,9:38:32,65,65,12.97,3,214,
4-21,9:38:32,64,64,12.93,3,214,
4-21,9:38:33,64,64,12.94,3,214,
4-21,9:38:33,64,64,12.96,3,214,
4-21,9:38:34,64,64,12.93,3,214,
4-21,9:38:34,64,64,12.94,3,214,
4-21,9:38:35,64,64,12.96,3,214,
4-21,9:38:35,63,63,12.93,3,214,
4-21,9:38:36,64,64,12.96,3,214,
4-21,9:38:36,63,63,12.96,3,214,
4-21,9:38:37,63,63,12.88,3,214,
4-21,9:38:37,64,64,12.92,3,214,
4-21,9:38:38,65,65,12.96,3,214,
4-21,9:38:38,64,64,12.92,3,214,
4-21,9:38:39,65,65,12.95,3,214,
4-21,9:38:39,64,64,12.96,3,214,
4-21,9:38:40,64,64,12.97,3,214,
4-21,9:38:40,63,63,12.91,3,214,
4-21,9:38:41,63,63,12.94,3,214,
4-21,9:38:41,64,64,12.95,3,214,
4-21,9:38:42,64,64,12.95,3,214,
4-21,9:38:42,64,64,12.94,3,214,
4-21,9:38:43,63,63,12.95,3,214,
4-21,9:38:43,63,63,12.91,3,214,
4-21,9:38:44,64,64,12.94,3,214,
4-21,9:38:44,63,63,12.94,3,214,
4-21,9:38:45,64,64,12.95,3,214,
4-21,9:38:45,63,63,12.93,3,214,
4-21,9:38:46,64,64,12.93,3,214,
4-21,9:38:46,64,64,12.93,3,214,
4-21,9:38:47,63,63,12.94,3,214,
4-21,9:38:47,64,64,12.95,3,214,
4-21,9:38:48,63,63,12.94,3,214,
4-21,9:38:48,63,63,12.95,3,214,
4-21,9:38:49,64,64,12.97,3,214,
4-21,9:38:49,64,64,12.95,3,214,
4-21,9:38:50,64,64,12.97,3,214,
4-21,9:38:50,64,64,12.94,3,214,
4-21,9:38:51,64,64,12.94,3,214,
4-21,9:38:51,64,64,12.91,3,214,
4-21,9:38:52,64,64,12.95,3,214,
4-21,9:38:52,65,65,12.99,3,214,
4-21,9:38:53,65,65,12.97,3,214,
4-21,9:38:53,63,63,12.91,3,214,
4-21,9:38:54,64,64,12.93,3,214,
4-21,9:38:54,64,64,12.94,3,214,
4-21,9:38:55,64,64,12.93,3,214,
4-21,9:38:55,65,65,12.96,3,214,
4-21,9:38:56,64,64,12.94,3,214,
4-21,9:38:56,64,64,12.96,3,214,
4-21,9:38:57,63,63,12.92,3,214,
4-21,9:38:57,63,63,12.9,3,214,
4-21,9:38:58,64,64,12.92,3,214,
4-21,9:38:58,64,64,12.92,3,214,
4-21,9:38:59,63,63,12.91,3,214,
4-21,9:38:59,64,64,12.92,3,214,
4-21,9:39:0,63,63,12.85,3,214,
4-21,9:39:0,65,65,12.94,3,214,
4-21,9:39:1,65,65,12.96,3,214,
4-21,9:39:1,65,65,12.95,3,214,
4-21,9:39:2,65,65,12.9,3,214,
4-21,9:39:2,66,66,12.92,3,214,
4-21,9:39:3,65,65,12.91,3,214,
4-21,9:39:3,65,65,12.94,3,214,
4-21,9:39:4,66,66,12.92,3,214,
4-21,9:39:4,65,65,12.85,3,214,
4-21,9:39:5,65,65,12.94,3,214,
4-21,9:39:5,66,66,12.94,3,214,
4-21,9:39:6,66,66,12.92,3,214,
4-21,9:39:6,67,67,12.96,3,214,
4-21,9:39:7,66,66,12.89,3,214,
4-21,9:39:7,65,65,12.89,3,214,
4-21,9:39:8,66,66,12.92,3,214,
4-21,9:39:8,65,65,12.86,3,214,
4-21,9:39:9,66,66,12.9,3,214,
4-21,9:39:9,65,65,12.95,3,214,
4-21,9:39:10,65,65,12.93,3,214,
4-21,9:39:10,66,66,12.91,3,214,
4-21,9:39:11,66,66,12.91,3,214,
4-21,9:39:11,65,65,12.89,3,214,
4-21,9:39:12,67,67,12.95,3,214,
4-21,9:39:12,66,66,12.93,3,214,
4-21,9:39:13,66,66,12.93,3,214,
4-21,9:39:13,66,66,12.92,3,214,
4-21,9:39:14,65,65,12.9,3,214,
4-21,9:39:14,65,65,12.95,3,214,
4-21,9:39:15,66,66,12.89,3,214,
4-21,9:39:15,66,66,12.9,3,214,
4-21,9:39:16,66,66,12.9,3,214,
4-21,9:39:16,65,65,12.89,3,214,
4-21,9:39:17,66,66,12.91,3,214,
4-21,9:39:17,66,66,12.91,3,214,
4-21,9:39:18,66,66,12.87,3,214,
4-21,9:39:18,66,66,12.9,3,214,
4-21,9:39:19,66,66,12.9,3,214,
4-21,9:39:19,66,66,12.92,3,214,
4-21,9:39:20,66,66,12.92,3,214,
4-21,9:39:20,66,66,12.9,3,214,
4-21,9:39:21,66,66,12.93,3,214,
4-21,9:39:21,65,65,12.84,3,214,
4-21,9:39:22,66,66,12.93,3,214,
4-21,9:39:22,67,67,12.92,3,214,
4-21,9:39:23,65,65,12.91,3,214,
4-21,9:39:23,66,66,12.89,3,214,
4-21,9:39:24,65,65,12.87,3,214,
4-21,9:39:24,67,67,12.99,3,214,
4-21,9:39:25,65,65,12.86,3,214,
4-21,9:39:25,66,66,12.88,3,214,
4-21,9:39:26,66,66,12.94,3,214,
4-21,9:39:26,66,66,12.89,3,214,
4-21,9:39:27,66,66,12.91,3,214,
4-21,9:39:27,67,67,12.91,3,214,
4-21,9:39:28,66,66,12.91,3,214,
4-21,9:39:28,66,66,12.9,3,214,
4-21,9:39:29,67,67,12.93,3,214,
4-21,9:39:29,65,65,12.89,3,214,
4-21,9:39:30,66,66,12.9,3,214,
4-21,9:39:30,66,66,12.94,3,214,
4-21,9:39:31,66,66,12.91,3,214,
4-21,9:39:31,66,66,12.9,3,214,
4-21,9:39:32,66,66,12.91,3,214,
4-21,9:39:32,66,66,12.88,3,214,
4-21,9:39:33,66,66,12.93,3,214,
4-21,9:39:33,66,66,12.92,3,214,
4-21,9:39:34,66,66,12.88,3,214,
4-21,9:39:34,67,67,12.89,3,214,
4-21,9:39:35,66,66,12.89,3,214,
4-21,9:39:35,67,67,12.9,3,214,
4-21,9:39:36,67,67,12.94,3,214,
4-21,9:39:36,66,66,12.9,3,214,
4-21,9:39:37,67,67,12.93,3,214,
4-21,9:39:37,67,67,12.87,3,214,
4-21,9:39:38,66,66,12.91,3,214,
4-21,9:39:38,68,68,12.9,3,214,
4-21,9:39:39,67,67,12.93,3,214,
4-21,9:39:39,67,67,12.88,3,214,
4-21,9:39:40,67,67,12.94,3,214,
4-21,9:39:40,67,67,12.9,3,214,
4-21,9:39:41,68,68,12.95,3,214,
4-21,9:39:41,67,67,12.9,3,214,
4-21,9:39:42,67,67,12.91,3,214,
4-21,9:39:42,67,67,12.91,3,214,
4-21,9:39:43,68,68,12.94,3,214,
4-21,9:39:43,67,67,12.92,3,214,
4-21,9:39:44,67,67,12.86,3,214,
4-21,9:39:44,67,67,12.88,3,214,
4-21,9:39:45,68,68,12.92,3,214,
4-21,9:39:45,68,68,12.92,3,214,
4-21,9:39:46,67,67,12.91,3,214,
4-21,9:39:46,67,67,12.89,3,214,
4-21,9:39:47,68,68,12.94,3,214,
4-21,9:39:47,69,69,12.91,3,214,
4-21,9:39:48,67,67,12.89,3,214,
4-21,9:39:48,68,68,12.9,3,214,
4-21,9:39:49,67,67,12.88,3,214,
4-21,9:39:49,67,67,12.86,3,214,
4-21,9:39:50,67,67,12.82,3,214,
4-21,9:39:50,67,67,12.89,3,214,
4-21,9:39:51,68,68,12.86,3,214,
4-21,9:39:51,68,68,12.88,3,214,
4-21,9:39:52,68,68,12.9,3,214,
4-21,9:39:52,67,67,12.89,3,214,
4-21,9:39:53,67,67,12.81,3,214,
4-21,9:39:53,67,67,12.87,3,214,
4-21,9:39:54,67,67,12.87,3,214,
4-21,9:39:54,69,69,12.9,3,214,
4-21,9:39:55,67,67,12.86,3,214,
4-21,9:39:55,67,67,12.88,3,214,
4-21,9:39:56,67,67,12.92,3,214,
4-21,9:39:56,68,68,12.92,3,214,
4-21,9:39:57,68,68,12.93,3,214,
4-21,9:39:57,68,68,12.93,3,214,
4-21,9:39:58,69,69,12.91,3,214,
4-21,9:39:58,69,69,12.92,3,214,
4-21,9:39:59,68,68,12.93,3,214,
4-21,9:39:59,67,67,12.87,3,214,
4-21,9:40:0,67,67,12.91,3,214,
4-21,9:40:0,67,67,12.87,3,214,
4-21,9:40:1,67,67,12.92,3,214,
4-21,9:40:1,67,67,12.94,3,214,
4-21,9:40:2,68,68,12.9,3,214,
4-21,9:40:2,67,67,12.85,3,214,
4-21,9:40:3,68,68,12.9,3,214,
4-21,9:40:3,67,67,12.89,3,214,
4-21,9:40:4,68,68,12.92,3,214,
4-21,9:40:4,67,67,12.83,3,214,
4-21,9:40:5,67,67,12.87,3,214,
4-21,9:40:5,68,68,12.88,3,214,
4-21,9:40:6,67,67,12.86,3,214,
4-21,9:40:6,68,68,12.92,3,214,
4-21,9:40:7,67,67,12.87,3,214,
4-21,9:40:7,68,68,12.92,3,214,
4-21,9:40:8,68,68,12.9,3,214,
4-21,9:40:8,68,68,12.9,3,214,
4-21,9:40:9,67,67,12.93,3,214,
4-21,9:40:9,67,67,12.9,3,214,
4-21,9:40:10,67,67,12.91,3,214,
4-21,9:40:10,68,68,12.92,3,214,
4-21,9:40:11,68,68,12.92,3,214,
4-21,9:40:11,69,69,12.93,3,214,
4-21,9:40:12,69,69,12.96,3,214,
4-21,9:40:12,68,68,12.92,3,214,
4-21,9:40:13,69,69,12.96,3,214,
4-21,9:40:13,69,69,12.94,3,214,
4-21,9:40:14,68,68,12.91,3,214,
4-21,9:40:14,68,68,12.93,3,214,
4-21,9:40:15,68,68,12.93,3,214,
4-21,9:40:15,69,69,12.93,3,214,
4-21,9:40:16,68,68,12.88,3,214,
4-21,9:40:16,68,68,12.91,3,214,
4-21,9:40:17,68,68,12.86,3,214,
4-21,9:40:17,69,69,12.95,3,214,
4-21,9:40:18,68,68,12.9,3,214,
4-21,9:40:18,69,69,12.92,3,214,
4-21,9:40:19,68,68,12.89,3,214,
4-21,9:40:19,67,67,12.87,3,214,
4-21,9:40:20,69,69,12.87,3,214,
4-21,9:40:20,68,68,12.91,3,214,
4-21,9:40:21,69,69,12.9,3,214,
4-21,9:40:21,66,66,12.81,3,214,
4-21,9:40:22,67,67,12.84,3,214,
4-21,9:40:22,68,68,12.87,3,214,
4-21,9:40:23,68,68,12.89,3,214,
4-21,9:40:23,69,69,12.91,3,214,
4-21,9:40:24,68,68,12.91,3,214,
4-21,9:40:24,68,68,12.83,3,214,
4-21,9:40:25,68,68,12.89,3,214,
4-21,9:40:25,67,67,12.87,3,214,
4-21,9:40:26,68,68,12.89,3,214,
4-21,9:40:26,67,67,12.84,3,214,
4-21,9:40:27,68,68,12.94,3,214,
4-21,9:40:27,68,68,12.95,3,214,
4-21,9:40:28,69,69,12.95,3,214,
4-21,9:40:28,68,68,12.89,3,214,
4-21,9:40:29,67,67,12.86,3,214,
4-21,9:40:29,68,68,12.92,3,214,
4-21,9:40:30,68,68,12.9,3,214,
4-21,9:40:30,68,68,12.92,3,214,
4-21,9:40:31,68,68,12.9,3,214,
4-21,9:40:31,69,69,12.94,3,214,
4-21,9:40:32,69,69,12.95,3,214,
4-21,9:40:32,68,68,12.87,3,214,
4-21,9:40:33,68,68,12.92,3,214,
4-21,9:40:33,69,69,12.92,3,214,
4-21,9:40:34,68,68,12.91,3,214,
4-21,9:40:34,68,68,12.88,3,214,
4-21,9:40:35,69,69,12.93,3,214,
4-21,9:40:35,69,69,12.87,3,214,
4-21,9:40:36,68,68,12.87,3,214,
4-21,9:40:36,68,68,12.9,3,214,
4-21,9:40:37,69,69,12.88,3,214,
4-21,9:40:37,69,69,12.92,3,214,
4-21,9:40:38,69,69,12.9,3,214,
4-21,9:40:38,69,69,12.92,3,214,
4-21,9:40:39,69,69,12.92,3,214,
4-21,9:40:39,69,69,12.94,3,214,
4-21,9:40:40,68,68,12.86,3,214,
4-21,9:40:40,69,69,12.93,3,214,
4-21,9:40:41,69,69,12.96,3,214,
4-21,9:40:41,69,69,12.89,3,214,
4-21,9:40:42,68,68,12.89,3,214,
4-21,9:40:42,69,69,12.93,3,214,
4-21,9:40:43,68,68,12.9,3,214,
4-21,9:40:43,69,69,12.88,3,214,
4-21,9:40:44,68,68,12.9,3,214,
4-21,9:40:44,68,68,12.87,3,214,
4-21,9:40:45,68,68,12.91,3,214,
4-21,9:40:45,68,68,12.9,3,214,
4-21,9:40:46,69,69,12.9,3,214,
4-21,9:40:46,69,69,12.93,3,214,
4-21,9:40:47,69,69,12.87,3,214,
4-21,9:40:47,69,69,12.93,3,214,
4-21,9:40:48,69,69,12.88,3,214,
4-21,9:40:48,69,69,12.91,3,214,
4-21,9:40:49,70,70,12.98,3,214,
4-21,9:40:49,69,69,12.86,3,214,
4-21,9:40:50,69,69,12.95,3,214,
4-21,9:40:50,69,69,12.9,3,214,
4-21,9:40:51,69,69,12.9,3,214,
4-21,9:40:51,68,68,12.92,3,214,
4-21,9:40:52,68,68,12.93,3,214,
4-21,9:40:52,68,68,12.91,3,214,
4-21,9:40:53,68,68,12.84,3,214,
4-21,9:40:53,68,68,12.92,3,214,
4-21,9:40:54,68,68,12.91,3,214,
4-21,9:40:54,67,67,12.9,3,214,
4-21,9:40:55,67,67,12.87,3,214,
4-21,9:40:55,67,67,12.88,3,214,
4-21,9:40:56,67,67,12.88,3,214,
4-21,9:40:56,68,68,12.93,3,214,
4-21,9:40:57,68,68,12.9,3,214,
4-21,9:40:57,69,69,12.96,3,214,
4-21,9:40:58,68,68,12.91,3,214,
4-21,9:40:58,68,68,12.96,3,214,
4-21,9:40:59,68,68,12.92,3,214,
4-21,9:40:59,68,68,12.9,3,214,
4-21,9:41:0,67,67,12.87,3,214,
4-21,9:41:0,68,68,12.89,3,214,
4-21,9:41:1,69,69,12.96,3,214,
4-21,9:41:1,69,69,12.93,3,214,
4-21,9:41:2,68,68,12.91,3,214,
4-21,9:41:2,67,67,12.91,3,214,
4-21,9:41:3,68,68,12.93,3,214,
4-21,9:41:3,67,67,12.89,3,214,
4-21,9:41:4,67,67,12.87,3,214,
4-21,9:41:4,68,68,12.92,3,214,
4-21,9:41:5,68,68,12.91,3,214,
4-21,9:41:5,68,68,12.91,3,214,
4-21,9:41:6,67,67,12.9,3,214,
4-21,9:41:6,68,68,12.93,3,214,
4-21,9:41:7,67,67,12.88,3,214,
4-21,9:41:7,68,68,12.88,3,214,
4-21,9:41:8,67,67,12.89,3,214,
4-21,9:41:8,67,67,12.94,3,214,
4-21,9:41:9,68,68,12.93,3,214,
4-21,9:41:9,68,68,12.93,3,214,
4-21,9:41:10,67,67,12.89,3,214,
4-21,9:41:10,68,68,12.93,3,214,
4-21,9:41:11,68,68,12.94,3,214,
4-21,9:41:11,68,68,12.93,3,214,
4-21,9:41:12,67,67,12.86,3,214,
4-21,9:41:12,67,67,12.83,3,214,
4-21,9:41:13,68,68,12.9,3,214,
4-21,9:41:13,67,67,12.88,3,214,
4-21,9:41:14,66,66,12.89,3,214,
4-21,9:41:14,67,67,12.9,3,214,
4-21,9:41:15,67,67,12.89,3,214,
4-21,9:41:15,67,67,12.88,3,214,
4-21,9:41:16,67,67,12.91,3,214,
4-21,9:41:16,68,68,12.92,3,214,
4-21,9:41:17,67,67,12.86,3,214,
4-21,9:41:17,67,67,12.9,3,214,
4-21,9:41:18,68,68,12.91,3,214,
4-21,9:41:18,67,67,12.9,3,214,
4-21,9:41:19,67,67,12.87,3,214,
4-21,9:41:19,67,67,12.86,3,214,
4-21,9:41:20,67,67,12.94,3,214,
4-21,9:41:20,67,67,12.9,3,214,
4-21,9:41:21,68,68,12.93,3,214,
4-21,9:41:21,68,68,12.93,3,214,
4-21,9:41:22,67,67,12.87,3,214,
4-21,9:41:22,67,67,12.89,3,214,
4-21,9:41:23,67,67,12.87,3,214,
4-21,9:41:23,67,67,12.9,3,214,
4-21,9:41:24,67,67,12.91,3,214,
4-21,9:41:24,66,66,12.86,3,214,
4-21,9:41:25,67,67,12.93,3,214,
4-21,9:41:25,67,67,12.95,3,214,
4-21,9:41:26,66,66,12.9,3,214,
4-21,9:41:26,67,67,12.91,3,214,
4-21,9:41:27,67,67,12.89,3,214,
4-21,9:41:27,67,67,12.92,3,214,
4-21,9:41:28,68,68,12.91,3,214,
4-21,9:41:28,67,67,12.85,3,214,
4-21,9:41:29,67,67,12.93,3,214,
4-21,9:41:29,67,67,12.87,3,214,
4-21,9:41:30,68,68,12.96,3,214,
4-21,9:41:30,67,67,12.9,3,214,
4-21,9:41:31,67,67,12.93,3,214,
4-21,9:41:31,67,67,12.89,3,214,
4-21,9:41:32,67,67,12.88,3,214,
4-21,9:41:32,68,68,12.93,3,214,
4-21,9:41:33,68,68,12.93,3,214,
4-21,9:41:33,66,66,12.87,3,214,
4-21,9:41:34,67,67,12.93,3,214,
4-21,9:41:34,67,67,12.93,3,214,
4-21,9:41:35,68,68,12.93,3,214,
4-21,9:41:35,68,68,12.94,3,214,
4-21,9:41:36,67,67,12.87,3,214,
4-21,9:41:36,66,66,12.87,3,214,
4-21,9:41:37,67,67,12.93,3,214,
4-21,9:41:37,67,67,12.91,3,214,
4-21,9:41:38,69,69,13,3,214,
4-21,9:41:38,67,67,12.89,3,214,
4-21,9:41:39,67,67,12.93,3,214,
4-21,9:41:39,68,68,12.91,3,214,
4-21,9:41:40,67,67,12.91,3,214,
4-21,9:41:40,67,67,12.93,3,214,
4-21,9:41:41,68,68,12.96,3,214,
4-21,9:41:41,67,67,12.97,3,214,
4-21,9:41:42,66,66,12.88,3,214,
4-21,9:41:42,67,67,12.94,3,214,
4-21,9:41:43,67,67,12.91,3,214,
4-21,9:41:43,67,67,12.89,3,214,
4-21,9:41:44,67,67,12.88,3,214,
4-21,9:41:44,66,66,12.9,3,214,
4-21,9:41:45,67,67,12.89,3,214,
4-21,9:41:45,67,67,12.91,3,214,
4-21,9:41:46,67,67,12.94,3,214,
4-21,9:41:46,67,67,12.95,3,214,
4-21,9:41:47,68,68,12.94,3,214,
4-21,9:41:47,67,67,12.92,3,214,
4-21,9:41:48,67,67,12.91,3,214,
4-21,9:41:48,67,67,12.92,3,214,
4-21,9:41:49,67,67,12.93,3,214,
4-21,9:41:49,66,66,12.85,3,214,
4-21,9:41:50,68,68,12.97,3,214,
4-21,9:41:50,68,68,12.95,3,214,
4-21,9:41:51,67,67,12.93,3,214,
4-21,9:41:51,67,67,12.94,3,214,
4-21,9:41:52,67,67,12.94,3,214,
4-21,9:41:52,66,66,12.93,3,214,
4-21,9:41:53,67,67,12.9,3,214,
4-21,9:41:53,66,66,12.9,3,214,
4-21,9:41:54,67,67,12.97,3,214,
4-21,9:41:54,67,67,12.92,3,214,
4-21,9:41:55,67,67,12.93,3,214,
4-21,9:41:55,68,68,12.92,3,214,
4-21,9:41:56,67,67,12.91,3,214,
4-21,9:41:56,66,66,12.87,3,214,
4-21,9:41:57,67,67,12.92,3,214,
4-21,9:41:57,66,66,12.89,3,214,
4-21,9:41:58,66,66,12.92,3,214,
4-21,9:41:58,66,66,12.88,3,214,
4-21,9:41:59,67,67,12.94,3,214,
4-21,9:41:59,66,66,12.9,3,214,
4-21,9:42:0,68,68,12.95,3,214,
4-21,9:42:0,66,66,12.88,3,214,
4-21,9:42:1,66,66,12.88,3,214,
4-21,9:42:1,66,66,12.93,3,214,
4-21,9:42:2,66,66,12.88,3,214,
4-21,9:42:2,66,66,12.92,3,214,
4-21,9:42:3,67,67,12.92,3,214,
4-21,9:42:3,67,67,12.89,3,214,
4-21,9:42:4,66,66,12.91,3,214,
4-21,9:42:4,66,66,12.92,3,214,
4-21,9:42:5,66,66,12.87,3,214,
4-21,9:42:5,66,66,12.9,3,214,
4-21,9:42:6,67,67,12.92,3,214,
4-21,9:42:6,66,66,12.92,3,214,
4-21,9:42:7,66,66,12.92,3,214,
4-21,9:42:7,67,67,12.9,3,214,
4-21,9:42:8,66,66,12.88,3,214,
4-21,9:42:8,66,66,12.9,3,214,
4-21,9:42:9,67,67,12.94,3,214,
4-21,9:42:9,66,66,12.88,3,214,
4-21,9:42:10,66,66,12.84,3,214,
4-21,9:42:10,66,66,12.86,3,214,
4-21,9:42:11,65,65,12.86,3,214,
4-21,9:42:11,67,67,12.93,3,214,
4-21,9:42:12,66,66,12.87,3,214,
4-21,9:42:12,67,67,12.88,3,214,
4-21,9:42:13,67,67,12.89,3,214,
4-21,9:42:13,66,66,12.85,3,214,
4-21,9:42:14,66,66,12.93,3,214,
4-21,9:42:14,68,68,12.96,3,214,
4-21,9:42:15,67,67,12.91,3,214,
4-21,9:42:15,67,67,12.83,3,214,
4-21,9:42:16,67,67,12.87,3,214,
4-21,9:42:16,67,67,12.89,3,214,
4-21,9:42:17,68,68,12.91,3,214,
4-21,9:42:17,67,67,12.91,3,214,
4-21,9:42:18,67,67,12.89,3,214,
4-21,9:42:18,67,67,12.86,3,214,
4-21,9:42:19,67,67,12.88,3,214,
4-21,9:42:19,67,67,12.86,3,214,
4-21,9:42:20,68,68,12.89,3,214,
4-21,9:42:20,67,67,12.87,3,214,
4-21,9:42:21,67,67,12.91,3,214,
4-21,9:42:21,67,67,12.88,3,214,
4-21,9:42:22,67,67,12.88,3,214,
4-21,9:42:22,67,67,12.88,3,214,
4-21,9:42:23,67,67,12.83,3,214,
4-21,9:42:23,67,67,12.89,3,214,
4-21,9:42:24,68,68,12.93,3,214,
4-21,9:42:24,68,68,12.91,3,214,
4-21,9:42:25,67,67,12.83,3,214,
4-21,9:42:25,68,68,12.89,3,214,
4-21,9:42:26,68,68,12.93,3,214,
4-21,9:42:26,68,68,12.86,3,214,
4-21,9:42:27,68,68,12.91,3,214,
4-21,9:42:27,68,68,12.84,3,214,
4-21,9:42:28,69,69,12.95,3,214,
4-21,9:42:28,68,68,12.86,3,214,
4-21,9:42:29,68,68,12.86,3,214,
4-21,9:42:29,69,69,12.92,3,214,
4-21,9:42:30,68,68,12.86,3,214,
4-21,9:42:30,66,66,12.83,3,214,
4-21,9:42:31,68,68,12.88,3,214,
4-21,9:42:31,67,67,12.81,3,214,
4-21,9:42:32,68,68,12.88,3,214,
4-21,9:42:32,69,69,12.92,3,214,
4-21,9:42:33,69,69,12.89,3,214,
4-21,9:42:33,69,69,12.85,3,214,
4-21,9:42:34,69,69,12.84,3,214,
4-21,9:42:34,69,69,12.91,3,214,
4-21,9:42:35,69,69,12.85,3,214,
4-21,9:42:35,68,68,12.84,3,214,
4-21,9:42:36,69,69,12.89,3,214,
4-21,9:42:36,68,68,12.83,3,214,
4-21,9:42:37,69,69,12.87,3,214,
4-21,9:42:37,70,70,12.86,3,214,
4-21,9:42:38,70,70,12.93,3,214,
4-21,9:42:38,69,69,12.87,3,214,
4-21,9:42:39,69,69,12.85,3,214,
4-21,9:42:39,68,68,12.84,3,214,
4-21,9:42:40,69,69,12.91,3,214,
4-21,9:42:40,69,69,12.85,3,214,
4-21,9:42:41,68,68,12.81,3,214,
4-21,9:42:41,69,69,12.86,3,214,
4-21,9:42:42,71,71,12.88,3,214,
4-21,9:42:42,70,70,12.86,3,214,
4-21,9:42:43,69,69,12.89,3,214,
4-21,9:42:43,69,69,12.92,3,214,
4-21,9:42:44,70,70,12.86,3,214,
4-21,9:42:44,70,70,12.85,3,214,
4-21,9:42:45,71,71,12.88,3,214,
4-21,9:42:45,69,69,12.84,3,214,
4-21,9:42:46,69,69,12.91,3,214,
4-21,9:42:46,70,70,12.88,3,214,
4-21,9:42:47,71,71,12.88,3,214,
4-21,9:42:47,68,68,12.83,3,214,
4-21,9:42:48,70,70,12.84,3,214,
4-21,9:42:48,71,71,12.89,3,214,
4-21,9:42:49,71,71,12.9,3,214,
4-21,9:42:49,71,71,12.89,3,214,
4-21,9:42:50,68,68,12.88,3,214,
4-21,9:42:50,70,70,12.86,3,214,
4-21,9:42:51,71,71,12.85,3,214,
4-21,9:42:51,71,71,12.86,3,214,
4-21,9:42:52,70,70,12.87,3,214,
4-21,9:42:52,71,71,12.85,3,214,
4-21,9:42:53,70,70,12.93,3,214,
4-21,9:42:53,69,69,12.84,3,214,
4-21,9:42:54,70,70,12.96,3,214,
4-21,9:42:54,70,70,12.85,3,214,
4-21,9:42:55,71,71,12.89,3,214,
4-21,9:42:55,69,69,12.89,3,214,
4-21,9:42:56,71,71,12.9,3,214,
4-21,9:42:56,70,70,12.95,3,214,
4-21,9:42:57,70,70,12.86,3,214,
4-21,9:42:57,71,71,12.92,3,214,
4-21,9:42:58,70,70,12.86,3,214,
4-21,9:42:58,71,71,12.91,3,214,
4-21,9:42:59,71,71,12.84,3,214,
4-21,9:42:59,70,70,12.81,3,214,
4-21,9:43:0,71,71,12.92,3,214,
4-21,9:43:0,71,71,12.88,3,214,
4-21,9:43:1,71,71,12.88,3,214,
4-21,9:43:1,70,70,12.84,3,214,
4-21,9:43:2,70,70,12.87,3,214,
4-21,9:43:2,70,70,12.81,3,214,
4-21,9:43:3,70,70,12.93,3,214,
4-21,9:43:3,71,71,12.86,3,214,
4-21,9:43:4,71,71,12.92,3,214,
4-21,9:43:4,71,71,12.85,3,214,
4-21,9:43:5,70,70,12.89,3,214,
4-21,9:43:5,71,71,12.83,3,214,
4-21,9:43:6,70,70,12.86,3,214,
4-21,9:43:6,71,71,12.88,3,214,
4-21,9:43:7,70,70,12.81,3,214,
4-21,9:43:7,71,71,12.91,3,214,
4-21,9:43:8,71,71,12.85,3,214,
4-21,9:43:8,71,71,12.86,3,214,
4-21,9:43:9,68,68,12.78,3,214,
4-21,9:43:9,70,70,12.88,3,214,
4-21,9:43:10,71,71,12.81,3,214,
4-21,9:43:10,72,72,12.89,3,214,
4-21,9:43:11,72,72,12.91,3,214,
4-21,9:43:11,71,71,12.89,3,214,
4-21,9:43:12,71,71,12.85,3,214,
4-21,9:43:12,71,71,12.85,3,214,
4-21,9:43:13,71,71,12.84,3,214,
4-21,9:43:13,71,71,12.83,3,214,
4-21,9:43:14,71,71,12.84,3,214,
4-21,9:43:14,71,71,12.85,3,214,
4-21,9:43:15,70,70,12.88,3,214,
4-21,9:43:15,72,72,12.89,3,214,
4-21,9:43:16,71,71,12.86,3,214,
4-21,9:43:16,71,71,12.85,3,214,
4-21,9:43:17,71,71,12.87,3,214,
4-21,9:43:17,70,70,12.83,3,214,
4-21,9:43:18,72,72,12.86,3,214,
4-21,9:43:18,71,71,12.88,3,214,
4-21,9:43:19,71,71,12.87,3,214,
4-21,9:43:19,71,71,12.87,3,214,
4-21,9:43:20,71,71,12.84,3,214,
4-21,9:43:20,70,70,12.85,3,214,
4-21,9:43:21,72,72,12.88,3,214,
4-21,9:43:21,71,71,12.87,3,214,
4-21,9:43:22,71,71,12.89,3,214,
4-21,9:43:22,70,70,12.81,3,214,
4-21,9:43:23,71,71,12.89,3,214,
4-21,9:43:23,72,72,12.88,3,214,
4-21,9:43:24,71,71,12.87,3,214,
4-21,9:43:24,71,71,12.83,3,214,
4-21,9:43:25,70,70,12.82,3,214,
4-21,9:43:25,71,71,12.85,3,214,
4-21,9:43:26,71,71,12.87,3,214,
4-21,9:43:26,72,72,12.9,3,214,
4-21,9:43:27,71,71,12.84,3,214,
4-21,9:43:27,71,71,12.91,3,214,
4-21,9:43:28,71,71,12.85,3,214,
4-21,9:43:28,71,71,12.84,3,214,
4-21,9:43:29,71,71,12.86,3,214,
4-21,9:43:29,71,71,12.93,3,214,
4-21,9:43:30,72,72,12.91,3,214,
4-21,9:43:30,71,71,12.87,3,214,
4-21,9:43:31,71,71,12.88,3,214,
4-21,9:43:31,71,71,12.83,3,214,
4-21,9:43:32,71,71,12.84,3,214,
4-21,9:43:32,71,71,12.85,3,214,
4-21,9:43:33,71,71,12.86,3,214,
4-21,9:43:33,72,72,12.85,3,214,
4-21,9:43:34,70,70,12.85,3,214,
4-21,9:43:34,72,72,12.91,3,214,
4-21,9:43:35,72,72,12.87,3,214,
4-21,9:43:35,71,71,12.9,3,214,
4-21,9:43:36,71,71,12.84,3,214,
4-21,9:43:36,71,71,12.87,3,214,
4-21,9:43:37,71,71,12.86,3,214,
4-21,9:43:37,71,71,12.89,3,214,
4-21,9:43:38,71,71,12.86,3,214,
4-21,9:43:38,70,70,12.79,3,214,
4-21,9:43:39,70,70,12.85,3,214,
4-21,9:43:39,71,71,12.84,3,214,
4-21,9:43:40,71,71,12.81,3,214,
4-21,9:43:40,73,73,12.86,3,214,
4-21,9:43:41,71,71,12.86,3,214,
4-21,9:43:41,71,71,12.89,3,214,
4-21,9:43:42,71,71,12.87,3,214,
4-21,9:43:42,71,71,12.9,3,214,
4-21,9:43:43,72,72,12.88,3,214,
4-21,9:43:43,71,71,12.86,3,214,
4-21,9:43:44,71,71,12.84,3,214,
4-21,9:43:44,71,71,12.83,3,214,
4-21,9:43:45,71,71,12.92,3,214,
4-21,9:43:45,71,71,12.89,3,214,
4-21,9:43:46,72,72,12.92,3,214,
4-21,9:43:46,71,71,12.88,3,214,
4-21,9:43:47,71,71,12.86,3,214,
4-21,9:43:47,71,71,12.83,3,214,
4-21,9:43:48,71,71,12.93,3,214,
4-21,9:43:48,72,72,12.86,3,214,
4-21,9:43:49,72,72,12.93,3,214,
4-21,9:43:49,71,71,12.91,3,214,
4-21,9:43:50,72,72,12.86,3,214,
4-21,9:43:50,71,71,12.87,3,214,
4-21,9:43:51,71,71,12.89,3,214,
4-21,9:43:51,71,71,12.82,3,214,
4-21,9:43:52,71,71,12.86,3,214,
4-21,9:43:52,72,72,12.86,3,214,
4-21,9:43:53,71,71,12.84,3,214,
4-21,9:43:53,71,71,12.84,3,214,
4-21,9:43:54,71,71,12.87,3,214,
4-21,9:43:54,71,71,12.84,3,214,
4-21,9:43:55,73,73,12.94,3,214,
4-21,9:43:55,72,72,12.89,3,214,
4-21,9:43:56,72,72,12.86,3,214,
4-21,9:43:56,71,71,12.9,3,214,
4-21,9:43:57,72,72,12.91,3,214,
4-21,9:43:57,70,70,12.81,3,214,
4-21,9:43:58,71,71,12.86,3,214,
4-21,9:43:58,72,72,12.93,3,214,
4-21,9:43:59,71,71,12.94,3,214,
4-21,9:43:59,71,71,12.88,3,214,
4-21,9:44:0,71,71,12.89,3,214,
4-21,9:44:0,71,71,12.94,3,214,
4-21,9:44:1,73,73,12.95,3,214,
4-21,9:44:1,71,71,12.87,3,214,
4-21,9:44:2,72,72,12.85,3,214,
4-21,9:44:2,71,71,12.9,3,214,
4-21,9:44:3,72,72,12.94,3,214,
4-21,9:44:3,72,72,12.89,3,214,
4-21,9:44:4,72,72,12.91,3,214,
4-21,9:44:4,71,71,12.87,3,214,
4-21,9:44:5,71,71,12.81,3,214,
4-21,9:44:5,71,71,12.9,3,214,
4-21,9:44:6,71,71,12.89,3,214,
4-21,9:44:6,72,72,12.89,3,214,
4-21,9:44:7,71,71,12.83,3,214,
4-21,9:44:7,71,71,12.9,3,214,
4-21,9:44:8,73,73,12.94,3,214,
4-21,9:44:8,72,72,12.9,3,214,
4-21,9:44:9,70,70,12.92,3,214,
4-21,9:44:9,69,69,12.88,3,214,
4-21,9:44:10,69,69,12.85,3,214,
4-21,9:44:10,69,69,12.9,3,214,
4-21,9:44:11,71,71,12.91,3,214,
4-21,9:44:11,71,71,12.85,3,214,
4-21,9:44:12,70,70,12.92,3,214,
4-21,9:44:12,70,70,12.85,3,214,
4-21,9:44:13,71,71,12.91,3,214,
4-21,9:44:13,71,71,12.88,3,214,
4-21,9:44:14,72,72,12.95,3,214,
4-21,9:44:14,71,71,12.87,3,214,
4-21,9:44:15,69,69,12.9,3,214,
4-21,9:44:15,71,71,12.88,3,214,
4-21,9:44:16,71,71,12.82,3,214,
4-21,9:44:16,70,70,12.94,3,214,
4-21,9:44:17,70,70,12.89,3,214,
4-21,9:44:17,71,71,12.85,3,214,
4-21,9:44:18,71,71,12.9,3,214,
4-21,9:44:18,71,71,12.93,3,214,
4-21,9:44:19,70,70,12.83,3,214,
4-21,9:44:19,71,71,12.89,3,214,
4-21,9:44:20,71,71,12.87,3,214,
4-21,9:44:20,71,71,12.86,3,214,
4-21,9:44:21,71,71,12.89,3,214,
4-21,9:44:21,71,71,12.96,3,214,
4-21,9:44:22,72,72,12.96,3,214,
4-21,9:44:22,70,70,12.87,3,214,
4-21,9:44:23,70,70,12.86,3,214,
4-21,9:44:23,72,72,12.92,3,214,
4-21,9:44:24,71,71,12.92,3,214,
4-21,9:44:24,70,70,12.85,3,214,
4-21,9:44:25,69,69,12.9,3,214,
4-21,9:44:25,71,71,12.94,3,214,
4-21,9:44:26,70,70,12.87,3,214,
4-21,9:44:26,69,69,12.9,3,214,
4-21,9:44:27,70,70,12.86,3,214,
4-21,9:44:27,70,70,12.93,3,214,
4-21,9:44:28,69,69,12.91,3,214,
4-21,9:44:28,69,69,12.88,3,214,
4-21,9:44:29,69,69,12.89,3,214,
4-21,9:44:29,69,69,12.94,3,214,
4-21,9:44:30,68,68,12.91,3,214,
4-21,9:44:30,69,69,12.9,3,214,
4-21,9:44:31,69,69,12.84,3,214,
4-21,9:44:31,69,69,12.89,3,214,
4-21,9:44:32,70,70,12.93,3,214,
4-21,9:44:32,69,69,12.88,3,214,
4-21,9:44:33,68,68,12.89,3,214,
4-21,9:44:33,69,69,12.91,3,214,
4-21,9:44:34,69,69,12.9,3,214,
4-21,9:44:34,68,68,12.88,3,214,
4-21,9:44:35,67,67,12.88,3,214,
4-21,9:44:35,67,67,12.9,3,214,
4-21,9:44:36,66,66,12.86,3,214,
4-21,9:44:36,66,66,12.85,3,214,
4-21,9:44:37,67,67,12.89,3,214,
4-21,9:44:37,66,66,12.89,3,214,
4-21,9:44:38,67,67,12.9,3,214,
4-21,9:44:38,67,67,12.92,3,214,
4-21,9:44:39,69,69,13,3,214,
4-21,9:44:39,68,68,12.97,3,214,
4-21,9:44:40,68,68,12.92,3,214,
4-21,9:44:40,67,67,12.92,3,214,
4-21,9:44:41,67,67,12.87,3,214,
4-21,9:44:41,68,68,12.9,3,214,
4-21,9:44:42,67,67,12.88,3,214,
4-21,9:44:42,68,68,12.88,3,214,
4-21,9:44:43,68,68,12.89,3,214,
4-21,9:44:43,68,68,12.93,3,214,
4-21,9:44:44,68,68,12.91,3,214,
4-21,9:44:44,68,68,12.89,3,214,
4-21,9:44:45,67,67,12.85,3,214,
4-21,9:44:45,68,68,12.94,3,214,
4-21,9:44:46,67,67,12.94,3,214,
4-21,9:44:46,68,68,12.88,3,214,
4-21,9:44:47,67,67,12.89,3,214,
4-21,9:44:47,68,68,12.84,3,214,
4-21,9:44:48,69,69,12.9,3,214,
4-21,9:44:48,69,69,12.91,3,214,
4-21,9:44:49,69,69,12.88,3,214,
4-21,9:44:49,68,68,12.86,3,214,
4-21,9:44:50,69,69,12.9,3,214,
4-21,9:44:50,69,69,12.84,3,214,
4-21,9:44:51,68,68,12.81,3,214,
4-21,9:44:51,69,69,12.92,3,214,
4-21,9:44:52,69,69,12.82,3,214,
4-21,9:44:52,70,70,12.86,3,214,
4-21,9:44:53,69,69,12.92,3,214,
4-21,9:44:53,69,69,12.89,3,214,
4-21,9:44:54,69,69,12.85,3,214,
4-21,9:44:54,69,69,12.86,3,214,
4-21,9:44:55,69,69,12.9,3,214,
4-21,9:44:55,69,69,12.92,3,214,
4-21,9:44:56,69,69,12.83,3,214,
4-21,9:44:56,69,69,12.91,3,214,
4-21,9:44:57,70,70,12.86,3,214,
4-21,9:44:57,70,70,12.96,3,214,
4-21,9:44:58,69,69,12.93,3,214,
4-21,9:44:58,69,69,12.91,3,214,
4-21,9:44:59,69,69,12.93,3,214,
4-21,9:44:59,69,69,12.86,3,214,
4-21,9:45:0,68,68,12.94,3,214,
4-21,9:45:0,69,69,12.94,3,214,
4-21,9:45:1,70,70,12.92,3,214,
4-21,9:45:1,70,70,12.93,3,214,
4-21,9:45:2,69,69,12.92,3,214,
4-21,9:45:2,70,70,12.97,3,214,
4-21,9:45:3,70,70,12.94,3,214,
4-21,9:45:3,69,69,12.93,3,214,
4-21,9:45:4,70,70,12.92,3,214,
4-21,9:45:4,67,67,12.86,3,214,
4-21,9:45:5,67,67,12.91,3,214,
4-21,9:45:5,69,69,12.94,3,214,
4-21,9:45:6,69,69,12.93,3,214,
4-21,9:45:6,69,69,12.92,3,214,
4-21,9:45:7,68,68,12.85,3,214,
4-21,9:45:7,68,68,12.94,3,214,
4-21,9:45:8,67,67,12.88,3,214,
4-21,9:45:8,70,70,12.99,3,214,
4-21,9:45:9,69,69,12.91,3,214,
4-21,9:45:9,70,70,13.02,3,214,
4-21,9:45:10,70,70,12.92,3,214,
4-21,9:45:10,69,69,12.96,3,214,
4-21,9:45:11,68,68,12.92,3,214,
4-21,9:45:11,69,69,12.92,3,214,
4-21,9:45:12,69,69,12.94,3,214,
4-21,9:45:12,70,70,12.98,3,214,
4-21,9:45:13,70,70,12.93,3,214,
4-21,9:45:13,69,69,12.92,3,214,
4-21,9:45:14,69,69,12.93,3,214,
4-21,9:45:14,69,69,12.96,3,214,
4-21,9:45:15,68,68,12.93,3,214,
4-21,9:45:15,68,68,12.9,3,214,
4-21,9:45:16,69,69,12.94,3,214,
4-21,9:45:16,68,68,12.91,3,214,
4-21,9:45:17,69,69,12.95,3,214,
4-21,9:45:17,68,68,12.95,3,214,
4-21,9:45:18,68,68,12.88,3,214,
4-21,9:45:18,70,70,12.95,3,214,
4-21,9:45:19,69,69,12.89,3,214,
4-21,9:45:19,68,68,12.89,3,214,
4-21,9:45:20,68,68,12.9,3,214,
4-21,9:45:20,69,69,12.92,3,214,
4-21,9:45:21,69,69,12.96,3,214,
4-21,9:45:21,68,68,12.91,4,214,
4-21,9:45:22,67,67,12.88,4,214,
4-21,9:45:22,68,68,12.88,4,214,
4-21,9:45:23,68,68,12.91,4,214,
4-21,9:45:23,69,69,12.94,4,214,
4-21,9:45:24,69,69,12.92,4,214,
4-21,9:45:24,69,69,12.89,4,214,
4-21,9:45:25,69,69,12.88,4,214,
4-21,9:45:25,70,70,12.93,4,214,
4-21,9:45:26,70,70,12.84,4,214,
4-21,9:45:26,70,70,12.93,4,214,
4-21,9:45:27,69,69,12.9,4,214,
4-21,9:45:27,70,70,12.93,4,214,
4-21,9:45:28,70,70,12.96,4,214,
4-21,9:45:28,70,70,12.92,4,214,
4-21,9:45:29,69,69,12.92,4,214,
4-21,9:45:29,70,70,12.94,4,214,
4-21,9:45:30,70,70,12.99,4,214,
4-21,9:45:30,69,69,12.91,4,214,
4-21,9:45:31,69,69,12.9,4,214,
4-21,9:45:31,70,70,12.94,4,214,
4-21,9:45:32,69,69,12.9,4,214,
4-21,9:45:32,70,70,12.96,4,214,
4-21,9:45:33,70,70,12.95,4,214,
4-21,9:45:33,70,70,12.92,4,214,
4-21,9:45:34,69,69,12.93,4,214,
4-21,9:45:34,69,69,12.92,4,214,
4-21,9:45:35,70,70,12.92,4,214,
4-21,9:45:35,69,69,12.89,4,214,
4-21,9:45:36,70,70,12.96,4,214,
4-21,9:45:36,69,69,12.89,4,214,
4-21,9:45:37,70,70,12.98,4,214,
4-21,9:45:37,70,70,12.94,4,214,
4-21,9:45:38,69,69,12.94,4,214,
4-21,9:45:38,70,70,12.97,4,214,
4-21,9:45:39,70,70,12.94,4,214,
4-21,9:45:39,68,68,12.87,4,214,
4-21,9:45:40,67,67,12.83,4,214,
4-21,9:45:40,67,67,12.88,4,214,
4-21,9:45:41,70,70,12.93,4,214,
4-21,9:45:41,70,70,12.87,4,214,
4-21,9:45:42,69,69,12.9,4,214,
4-21,9:45:42,69,69,12.91,4,214,
4-21,9:45:43,68,68,12.92,4,214,
4-21,9:45:43,63,63,12.75,4,214,
4-21,9:45:44,67,67,12.83,4,214,
4-21,9:45:44,66,66,12.78,4,214,
4-21,9:45:45,66,66,12.81,4,214,
4-21,9:45:45,67,67,12.83,4,214,
4-21,9:45:46,66,66,12.82,4,214,
4-21,9:45:46,66,66,12.82,4,214,
4-21,9:45:47,66,66,12.93,4,214,
4-21,9:45:47,66,66,12.85,4,214,
4-21,9:45:48,66,66,12.85,4,214,
4-21,9:45:48,67,67,12.94,4,214,
4-21,9:45:49,67,67,12.9,4,214,
4-21,9:45:49,67,67,12.91,4,214,
4-21,9:45:50,67,67,12.89,4,214,
4-21,9:45:50,67,67,12.88,4,214,
4-21,9:45:51,65,65,12.84,4,214,
4-21,9:45:51,66,66,12.87,4,214,
4-21,9:45:52,67,67,12.86,4,214,
4-21,9:45:52,66,66,12.89,4,214,
4-21,9:45:53,68,68,12.96,4,214,
4-21,9:45:53,67,67,12.9,4,214,
4-21,9:45:54,67,67,12.92,4,214,
4-21,9:45:54,66,66,12.9,4,214,
4-21,9:45:55,66,66,12.85,4,214,
4-21,9:45:55,67,67,12.87,4,214,
4-21,9:45:56,66,66,12.81,4,214,
4-21,9:45:56,66,66,12.84,4,214,
4-21,9:45:57,67,67,12.91,4,214,
4-21,9:45:57,66,66,12.87,4,214,
4-21,9:45:58,66,66,12.85,4,214,
4-21,9:45:58,67,67,12.89,4,214,
4-21,9:45:59,67,67,12.91,4,214,
4-21,9:45:59,67,67,12.88,4,214,
4-21,9:46:0,66,66,12.9,4,214,
4-21,9:46:0,67,67,12.89,4,214,
4-21,9:46:1,66,66,12.87,4,214,
4-21,9:46:1,66,66,12.84,4,214,
4-21,9:46:2,66,66,12.9,4,214,
4-21,9:46:2,66,66,12.86,4,214,
4-21,9:46:3,66,66,12.8,4,214,
4-21,9:46:3,67,67,12.83,4,214,
4-21,9:46:4,66,66,12.85,4,214,
4-21,9:46:4,66,66,12.81,4,214,
4-21,9:46:5,66,66,12.86,4,214,
4-21,9:46:5,66,66,12.84,4,214,
4-21,9:46:6,67,67,12.92,4,214,
4-21,9:46:6,67,67,12.85,4,214,
4-21,9:46:7,66,66,12.85,4,214,
4-21,9:46:7,64,64,12.81,4,214,
4-21,9:46:8,66,66,12.91,4,214,
4-21,9:46:8,65,65,12.95,4,214,
4-21,9:46:9,65,65,12.84,4,214,
4-21,9:46:9,66,66,12.94,4,214,
4-21,9:46:10,65,65,12.87,4,214,
4-21,9:46:10,67,67,12.92,4,214,
4-21,9:46:11,66,66,12.96,4,214,
4-21,9:46:11,66,66,12.92,4,214,
4-21,9:46:12,65,65,12.93,4,214,
4-21,9:46:12,65,65,12.92,4,214,
4-21,9:46:13,65,65,12.91,4,214,
4-21,9:46:13,66,66,12.93,4,214,
4-21,9:46:14,64,64,12.92,4,214,
4-21,9:46:14,66,66,12.91,4,214,
4-21,9:46:15,65,65,12.92,4,214,
4-21,9:46:15,65,65,12.92,4,214,
4-21,9:46:16,65,65,12.87,4,214,
4-21,9:46:16,65,65,12.87,4,214,
4-21,9:46:17,64,64,12.87,4,214,
4-21,9:46:17,64,64,12.92,4,214,
4-21,9:46:18,64,64,12.88,4,214,
4-21,9:46:18,65,65,12.98,4,214,
4-21,9:46:19,65,65,12.87,4,214,
4-21,9:46:19,64,64,12.91,4,214,
4-21,9:46:20,63,63,12.9,4,214,
4-21,9:46:20,63,63,12.9,4,214,
4-21,9:46:21,65,65,12.96,4,214,
4-21,9:46:21,65,65,12.95,4,214,
4-21,9:46:22,66,66,13.02,4,214,
4-21,9:46:22,64,64,12.94,4,214,
4-21,9:46:23,64,64,12.95,4,214,
4-21,9:46:23,62,62,12.91,4,214,
4-21,9:46:24,64,64,12.96,4,214,
4-21,9:46:24,63,63,12.94,4,214,
4-21,9:46:25,63,63,12.92,4,214,
4-21,9:46:25,64,64,12.97,4,214,
4-21,9:46:26,64,64,12.96,4,214,
4-21,9:46:26,64,64,12.97,4,214,
4-21,9:46:27,64,64,12.95,4,214,
4-21,9:46:27,63,63,12.93,4,214,
4-21,9:46:28,63,63,12.93,4,214,
4-21,9:46:28,63,63,12.89,4,214,
4-21,9:46:29,62,62,12.92,4,214,
4-21,9:46:29,62,62,12.92,4,214,
4-21,9:46:30,63,63,12.94,4,214,
4-21,9:46:30,62,62,12.92,4,214,
4-21,9:46:31,63,63,12.93,4,214,
4-21,9:46:31,62,62,12.89,4,214,
4-21,9:46:32,62,62,12.93,4,214,
4-21,9:46:32,62,62,12.92,4,214,
4-21,9:46:33,62,62,12.93,4,214,
4-21,9:46:33,63,63,12.96,4,214,
4-21,9:46:34,63,63,12.92,4,214,
4-21,9:46:34,62,62,12.94,4,214,
4-21,9:46:35,61,61,12.91,4,214,
4-21,9:46:35,62,62,12.95,4,214,
4-21,9:46:36,63,63,12.93,4,214,
4-21,9:46:36,62,62,12.93,4,214,
4-21,9:46:37,61,61,12.92,4,214,
4-21,9:46:37,62,62,12.93,4,214,
4-21,9:46:38,63,63,12.97,4,214,
4-21,9:46:38,63,63,12.93,4,214,
4-21,9:46:39,62,62,12.93,4,214,
4-21,9:46:39,62,62,12.94,4,214,
4-21,9:46:40,62,62,12.93,4,214,
4-21,9:46:40,62,62,12.89,4,214,
4-21,9:46:41,63,63,12.96,4,214,
4-21,9:46:41,62,62,12.92,4,214,
4-21,9:46:42,62,62,12.95,4,214,
4-21,9:46:42,62,62,12.95,4,214,
4-21,9:46:43,62,62,12.92,4,214,
4-21,9:46:43,62,62,12.96,4,214,
4-21,9:46:44,61,61,12.9,4,214,
4-21,9:46:44,61,61,12.93,4,214,
4-21,9:46:45,62,62,12.95,4,214,
4-21,9:46:45,61,61,12.93,4,214,
4-21,9:46:46,61,61,12.92,4,214,
4-21,9:46:46,61,61,12.95,4,214,
4-21,9:46:47,61,61,12.95,4,214,
4-21,9:46:47,61,61,12.93,4,214,
4-21,9:46:48,60,60,12.9,4,214,
4-21,9:46:48,61,61,12.91,4,214,
4-21,9:46:49,61,61,12.96,4,214,
4-21,9:46:49,61,61,12.95,4,214,
4-21,9:46:50,61,61,12.96,4,214,
4-21,9:46:50,62,62,12.97,4,214,
4-21,9:46:51,61,61,12.93,4,214,
4-21,9:46:51,61,61,12.93,4,214,
4-21,9:46:52,62,62,12.99,4,214,
4-21,9:46:52,62,62,12.97,4,214,
4-21,9:46:53,62,62,12.99,4,214,
4-21,9:46:53,61,61,12.91,4,214,
4-21,9:46:54,62,62,12.94,4,214,
4-21,9:46:54,62,62,12.93,4,214,
4-21,9:46:55,61,61,12.94,4,214,
4-21,9:46:55,60,60,12.91,4,214,
4-21,9:46:56,61,61,12.93,4,214,
4-21,9:46:56,61,61,12.93,4,214,
4-21,9:46:57,60,60,12.9,4,214,
4-21,9:46:57,59,59,12.9,4,214,
4-21,9:46:58,60,60,12.89,4,214,
4-21,9:46:58,60,60,12.92,4,214,
4-21,9:46:59,59,59,12.89,4,214,
4-21,9:46:59,61,61,12.95,4,214,
4-21,9:47:0,61,61,12.95,4,214,
4-21,9:47:0,60,60,12.96,4,214,
4-21,9:47:1,61,61,13,4,214,
4-21,9:47:1,60,60,12.95,4,214,
4-21,9:47:2,61,61,12.95,4,214,
4-21,9:47:2,60,60,12.92,4,214,
4-21,9:47:3,60,60,12.95,4,214,
4-21,9:47:3,62,62,13.02,4,214,
4-21,9:47:4,61,61,12.98,4,214,
4-21,9:47:4,61,61,12.98,4,214,
4-21,9:47:5,60,60,12.93,4,214,
4-21,9:47:5,59,59,12.93,4,214,
4-21,9:47:6,60,60,12.95,4,214,
4-21,9:47:6,61,61,12.99,4,214,
4-21,9:47:7,59,59,12.94,4,214,
4-21,9:47:7,59,59,12.9,4,214,
4-21,9:47:8,60,60,12.95,4,214,
4-21,9:47:8,59,59,12.95,4,214,
4-21,9:47:9,59,59,12.93,4,214,
4-21,9:47:9,60,60,12.92,4,214,
4-21,9:47:10,60,60,12.95,4,214,
4-21,9:47:10,60,60,12.95,4,214,
4-21,9:47:11,60,60,12.98,4,214,
4-21,9:47:11,59,59,12.94,4,214,
4-21,9:47:12,58,58,12.92,4,214,
4-21,9:47:12,58,58,12.91,4,214,
4-21,9:47:13,59,59,12.93,4,214,
4-21,9:47:13,59,59,12.93,4,214,
4-21,9:47:14,58,58,12.95,4,214,
4-21,9:47:14,58,58,12.94,4,214,
4-21,9:47:15,57,57,12.91,4,214,
4-21,9:47:15,59,59,12.97,4,214,
4-21,9:47:16,59,59,12.92,4,214,
4-21,9:47:16,58,58,12.97,4,214,
4-21,9:47:17,60,60,12.98,4,214,
4-21,9:47:17,59,59,12.95,4,214,
4-21,9:47:18,59,59,12.94,4,214,
4-21,9:47:18,59,59,12.96,4,214,
4-21,9:47:19,60,60,13.02,4,214,
4-21,9:47:19,58,58,12.94,4,214,
4-21,9:47:20,60,60,13,4,214,
4-21,9:47:20,58,58,12.94,4,214,
4-21,9:47:21,59,59,12.97,4,214,
4-21,9:47:21,58,58,12.95,4,214,
4-21,9:47:22,58,58,12.94,4,214,
4-21,9:47:22,60,60,13.01,4,214,
4-21,9:47:23,58,58,12.96,4,214,
4-21,9:47:23,59,59,12.97,4,214,
4-21,9:47:24,57,57,12.89,4,214,
4-21,9:47:24,58,58,12.95,4,214,
4-21,9:47:25,59,59,12.99,4,214,
4-21,9:47:25,58,58,12.94,4,214,
4-21,9:47:26,57,57,12.92,4,214,
4-21,9:47:26,57,57,12.92,4,214,
4-21,9:47:27,58,58,12.93,4,214,
4-21,9:47:27,57,57,12.95,4,214,
4-21,9:47:28,57,57,12.95,4,214,
4-21,9:47:28,56,56,12.91,4,214,
4-21,9:47:29,57,57,12.91,4,214,
4-21,9:47:29,58,58,12.97,4,214,
4-21,9:47:30,58,58,12.98,4,214,
4-21,9:47:30,57,57,12.95,4,214,
4-21,9:47:31,56,56,12.94,4,214,
4-21,9:47:31,58,58,12.96,4,214,
4-21,9:47:32,58,58,12.98,4,214,
4-21,9:47:32,58,58,12.97,4,214,
4-21,9:47:33,56,56,12.9,4,214,
4-21,9:47:33,56,56,12.9,4,214,
4-21,9:47:34,58,58,13.02,4,214,
4-21,9:47:34,57,57,12.99,4,214,
4-21,9:47:35,58,58,12.99,4,214,
4-21,9:47:35,56,56,12.96,4,214,
4-21,9:47:36,58,58,13,4,214,
4-21,9:47:36,56,56,12.96,4,214,
4-21,9:47:37,58,58,12.99,4,214,
4-21,9:47:37,58,58,12.99,4,214,
4-21,9:47:38,56,56,12.95,4,214,
4-21,9:47:38,57,57,12.97,4,214,
4-21,9:47:39,56,56,12.94,4,214,
4-21,9:47:39,57,57,12.96,4,214,
4-21,9:47:40,57,57,12.98,4,214,
4-21,9:47:40,56,56,12.93,4,214,
4-21,9:47:41,57,57,12.97,4,214,
4-21,9:47:41,56,56,12.95,4,214,
4-21,9:47:42,57,57,12.95,4,214,
4-21,9:47:42,55,55,12.91,4,214,
4-21,9:47:43,56,56,12.93,4,214,
4-21,9:47:43,56,56,12.92,4,214,
4-21,9:47:44,56,56,12.94,4,214,
4-21,9:47:44,55,55,12.9,4,214,
4-21,9:47:45,56,56,12.96,4,214,
4-21,9:47:45,55,55,12.95,4,214,
4-21,9:47:46,55,55,12.9,4,214,
4-21,9:47:46,54,54,12.95,4,214,
4-21,9:47:47,56,56,12.98,4,214,
4-21,9:47:47,56,56,12.98,4,214,
4-21,9:47:48,54,54,12.95,4,214,
4-21,9:47:48,56,56,12.99,4,214,
4-21,9:47:49,57,57,12.99,4,214,
4-21,9:47:49,56,56,12.99,4,214,
4-21,9:47:50,56,56,13.01,4,214,
4-21,9:47:50,55,55,12.92,4,214,
4-21,9:47:51,57,57,13,4,214,
4-21,9:47:51,54,54,12.96,4,214,
4-21,9:47:52,55,55,12.94,4,214,
4-21,9:47:52,57,57,13.02,4,214,
4-21,9:47:53,55,55,12.98,4,214,
4-21,9:47:53,56,56,12.99,4,214,
4-21,9:47:54,53,53,12.92,4,214,
4-21,9:47:54,55,55,12.97,4,214,
4-21,9:47:55,55,55,12.97,4,214,
4-21,9:47:55,56,56,12.98,4,214,
4-21,9:47:56,55,55,12.94,4,214,
4-21,9:47:56,54,54,12.93,4,214,
4-21,9:47:57,54,54,12.91,4,214,
4-21,9:47:57,54,54,12.95,4,214,
4-21,9:47:58,55,55,12.96,4,214,
4-21,9:47:58,56,56,13.02,4,214,
4-21,9:47:59,56,56,13.02,4,214,
4-21,9:47:59,56,56,12.99,4,214,
4-21,9:48:0,55,55,12.98,4,214,
4-21,9:48:0,55,55,13.02,4,214,
4-21,9:48:1,55,55,12.96,4,214,
4-21,9:48:1,54,54,12.99,4,214,
4-21,9:48:2,56,56,13.02,4,214,
4-21,9:48:2,53,53,12.87,4,214,
4-21,9:48:3,53,53,12.96,4,214,
4-21,9:48:3,54,54,13,4,214,
4-21,9:48:4,54,54,12.94,4,214,
4-21,9:48:4,55,55,13.02,4,214,
4-21,9:48:5,55,55,12.98,4,214,
4-21,9:48:5,53,53,12.94,4,214,
4-21,9:48:6,55,55,12.99,4,214,
4-21,9:48:6,53,53,12.96,4,214,
4-21,9:48:7,54,54,13,4,214,
4-21,9:48:7,53,53,12.96,4,214,
4-21,9:48:8,54,54,12.97,4,214,
4-21,9:48:8,55,55,12.98,4,214,
4-21,9:48:9,56,56,13.08,4,214,
4-21,9:48:9,54,54,12.98,4,214,
4-21,9:48:10,55,55,12.98,4,214,
4-21,9:48:10,53,53,12.94,4,214,
4-21,9:48:11,53,53,12.95,4,214,
4-21,9:48:11,52,52,12.9,4,214,
4-21,9:48:12,55,55,13.03,4,214,
4-21,9:48:12,54,54,12.99,4,214,
4-21,9:48:13,52,52,12.97,4,214,
4-21,9:48:13,55,55,13.03,4,214,
4-21,9:48:14,53,53,12.97,4,214,
4-21,9:48:14,53,53,12.99,4,214,
4-21,9:48:15,52,52,12.99,4,214,
4-21,9:48:15,52,52,12.94,4,214,
4-21,9:48:16,52,52,12.99,4,214,
4-21,9:48:16,54,54,13,4,214,
4-21,9:48:17,52,52,12.98,4,214,
4-21,9:48:17,51,51,12.95,4,214,
4-21,9:48:18,52,52,13,4,214,
4-21,9:48:18,53,53,13.01,4,214,
4-21,9:48:19,53,53,12.99,4,214,
4-21,9:48:19,52,52,12.98,4,214,
4-21,9:48:20,50,50,12.95,4,214,
4-21,9:48:20,53,53,13,4,214,
4-21,9:48:21,52,52,12.99,4,214,
4-21,9:48:21,49,49,12.93,4,214,
4-21,9:48:22,52,52,12.99,4,214,
4-21,9:48:22,52,52,12.99,4,214,
4-21,9:48:23,50,50,12.97,4,214,
4-21,9:48:23,52,52,12.97,4,214,
4-21,9:48:24,54,54,13.05,4,214,
4-21,9:48:24,51,51,12.98,4,214,
4-21,9:48:25,53,53,13.02,4,214,
4-21,9:48:25,53,53,13.03,4,214,
4-21,9:48:26,54,54,13.03,4,214,
4-21,9:48:26,51,51,12.95,4,214,
4-21,9:48:27,52,52,13,4,214,
4-21,9:48:27,51,51,12.98,4,214,
4-21,9:48:28,51,51,12.98,4,214,
4-21,9:48:28,52,52,13.01,4,214,
4-21,9:48:29,54,54,13.06,4,214,
4-21,9:48:29,52,52,13.01,4,214,
4-21,9:48:30,47,47,12.93,4,214,
4-21,9:48:30,51,51,12.99,4,214,
4-21,9:48:31,51,51,12.97,4,214,
4-21,9:48:31,50,50,12.95,4,214,
4-21,9:48:32,51,51,13.02,4,214,
4-21,9:48:32,53,53,13.06,4,214,
4-21,9:48:33,51,51,13,4,214,
4-21,9:48:33,50,50,12.97,4,214,
4-21,9:48:34,48,48,12.97,4,214,
4-21,9:48:34,51,51,13.02,4,214,
4-21,9:48:35,50,50,13,4,214,
4-21,9:48:35,47,47,12.93,4,214,
4-21,9:48:36,50,50,13.01,4,214,
4-21,9:48:36,50,50,13.02,4,214,
4-21,9:48:37,48,48,12.95,4,214,
4-21,9:48:37,51,51,13.02,4,214,
4-21,9:48:38,50,50,13.01,4,214,
4-21,9:48:38,50,50,13.03,4,214,
4-21,9:48:39,50,50,13,4,214,
4-21,9:48:39,52,52,13.05,4,214,
4-21,9:48:40,51,51,13.02,4,214,
4-21,9:48:40,48,48,12.95,4,214,
4-21,9:48:41,51,51,13.02,4,214,
4-21,9:48:41,47,47,12.98,4,214,
4-21,9:48:42,50,50,13.03,4,214,
4-21,9:48:42,49,49,12.99,4,214,
4-21,9:48:43,51,51,13.04,4,214,
4-21,9:48:43,48,48,13,4,214,
4-21,9:48:44,48,48,13,4,214,
4-21,9:48:44,49,49,13.01,4,214,
4-21,9:48:45,45,45,12.96,4,214,
4-21,9:48:45,46,46,13,4,214,
4-21,9:48:46,50,50,13.09,4,214,
4-21,9:48:46,47,47,13.07,4,214,
4-21,9:48:47,46,46,13.03,4,214,
4-21,9:48:47,49,49,13.07,4,214,
4-21,9:48:48,48,48,13.06,4,214,
4-21,9:48:48,44,44,12.99,4,214,
4-21,9:48:49,43,43,12.97,4,214,
4-21,9:48:49,46,46,13.02,4,214,
4-21,9:48:50,48,48,13.05,4,214,
4-21,9:48:50,49,49,13.09,4,214,
4-21,9:48:51,49,49,13.07,4,214,
4-21,9:48:51,47,47,13.03,4,214,
4-21,9:48:52,50,50,13.1,4,214,
4-21,9:48:52,47,47,13.03,4,214,
4-21,9:48:53,43,43,12.98,4,214,
4-21,9:48:53,46,46,13.03,4,214,
4-21,9:48:54,47,47,13.05,4,214,
4-21,9:48:54,47,47,13.04,4,214,
4-21,9:48:55,47,47,13.06,4,214,
4-21,9:48:55,47,47,13.03,4,214,
4-21,9:48:56,48,48,13.06,4,214,
4-21,9:48:56,45,45,13.02,4,214,
4-21,9:48:57,48,48,13.06,4,214,
4-21,9:48:57,45,45,13.02,4,214,
4-21,9:48:58,44,44,13,4,214,
4-21,9:48:58,45,45,13.02,4,214,
4-21,9:48:59,48,48,13.09,4,214,
4-21,9:48:59,46,46,13.05,4,214,
4-21,9:49:0,48,48,13.08,4,214,
4-21,9:49:0,44,44,13.01,4,214,
4-21,9:49:1,47,47,13.07,4,214,
4-21,9:49:1,44,44,13.03,4,214,
4-21,9:49:2,42,42,13.02,4,214,
4-21,9:49:2,47,47,13.06,4,214,
4-21,9:49:3,45,45,13.05,4,214,
4-21,9:49:3,46,46,13.07,4,214,
4-21,9:49:4,45,45,13.03,4,214,
4-21,9:49:4,44,44,13.04,4,214,
4-21,9:49:5,42,42,13,4,214,
4-21,9:49:5,41,41,12.99,4,214,
4-21,9:49:6,47,47,13.08,4,214,
4-21,9:49:6,42,42,13.02,4,214,
4-21,9:49:7,44,44,13.04,4,214,
4-21,9:49:7,45,45,13.07,4,214,
4-21,9:49:8,45,45,13.06,4,214,
4-21,9:49:8,44,44,13.05,4,214,
4-21,9:49:9,43,43,13.06,4,214,
4-21,9:49:9,46,46,13.09,4,214,
4-21,9:49:10,46,46,13.08,4,214,
4-21,9:49:10,44,44,13.07,4,214,
4-21,9:49:11,44,44,13.04,4,214,
4-21,9:49:11,47,47,13.1,4,214,
4-21,9:49:12,44,44,13.06,4,214,
4-21,9:49:12,43,43,13.04,4,214,
4-21,9:49:13,45,45,13.1,4,214,
4-21,9:49:13,46,46,13.09,4,214,
4-21,9:49:14,44,44,13.07,4,214,
4-21,9:49:14,43,43,13.03,4,214,
4-21,9:49:15,45,45,13.05,4,214,
4-21,9:49:15,46,46,13.1,4,214,
4-21,9:49:16,44,44,13.07,4,214,
4-21,9:49:16,44,44,13.06,4,214,
4-21,9:49:17,43,43,13.07,4,214,
4-21,9:49:17,47,47,13.08,4,214,
4-21,9:49:18,40,40,13,4,214,
4-21,9:49:18,43,43,13.06,4,214,
4-21,9:49:19,44,44,13.08,4,214,
4-21,9:49:19,41,41,13.02,4,214,
4-21,9:49:20,43,43,13.07,4,214,
4-21,9:49:20,39,39,12.98,4,214,
4-21,9:49:21,43,43,13.03,4,214,
4-21,9:49:21,40,40,13.04,4,214,
4-21,9:49:22,44,44,13.08,4,214,
4-21,9:49:22,41,41,13.04,4,214,
4-21,9:49:23,45,45,13.11,4,214,
4-21,9:49:23,45,45,13.11,4,214,
4-21,9:49:24,40,40,13.03,4,214,
4-21,9:49:24,41,41,13.03,4,214,
4-21,9:49:25,42,42,13.07,4,214,
4-21,9:49:25,42,42,13.07,4,214,
4-21,9:49:26,43,43,13.07,4,214,
4-21,9:49:26,44,44,13.09,4,214,
4-21,9:49:27,38,38,12.99,4,214,
4-21,9:49:27,39,39,13.01,4,214,
4-21,9:49:28,40,40,13.03,4,214,
4-21,9:49:28,44,44,13.09,4,214,
4-21,9:49:29,42,42,13.04,4,214,
4-21,9:49:29,37,37,13,4,214,
4-21,9:49:30,45,45,13.1,4,214,
4-21,9:49:30,43,43,13.09,4,214,
4-21,9:49:31,40,40,13.03,4,214,
4-21,9:49:31,40,40,13.03,4,214,
4-21,9:49:32,39,39,13.03,4,214,
4-21,9:49:32,44,44,13.11,4,214,
4-21,9:49:33,38,38,13.01,4,214,
4-21,9:49:33,43,43,13.08,4,214,
4-21,9:49:34,42,42,13.09,4,214,
4-21,9:49:34,42,42,13.09,4,214,
4-21,9:49:35,43,43,13.08,4,214,
4-21,9:49:35,40,40,13.05,4,214,
4-21,9:49:36,40,40,13.03,4,214,
4-21,9:49:36,40,40,13.06,4,214,
4-21,9:49:37,39,39,13.02,4,214,
4-21,9:49:37,44,44,13.09,4,214,
4-21,9:49:38,41,41,13.07,4,214,
4-21,9:49:38,43,43,13.09,4,214,
4-21,9:49:39,39,39,13.04,4,214,
4-21,9:49:39,43,43,13.09,4,214,
4-21,9:49:40,37,37,13.03,4,214,
4-21,9:49:40,42,42,13.09,4,214,
4-21,9:49:41,38,38,13.05,4,214,
4-21,9:49:41,41,41,13.06,4,214,
4-21,9:49:42,39,39,13.05,4,214,
4-21,9:49:42,40,40,13.05,4,214,
4-21,9:49:43,43,43,13.09,4,214,
4-21,9:49:43,40,40,13.06,4,214,
4-21,9:49:44,43,43,13.11,4,214,
4-21,9:49:44,41,41,13.08,4,214,
4-21,9:49:45,42,42,13.08,4,214,
4-21,9:49:45,39,39,13.04,4,214,
4-21,9:49:46,40,40,13.06,4,214,
4-21,9:49:46,38,38,13.05,4,214,
4-21,9:49:47,41,41,13.06,4,214,
4-21,9:49:47,37,37,13.05,4,214,
4-21,9:49:48,40,40,13.04,4,214,
4-21,9:49:48,45,45,13.13,4,214,
4-21,9:49:49,41,41,13.08,4,214,
4-21,9:49:49,42,42,13.09,4,214,
4-21,9:49:50,37,37,13.05,4,214,
4-21,9:49:50,41,41,13.09,4,214,
4-21,9:49:51,43,43,13.11,4,214,
4-21,9:49:51,38,38,13.02,4,214,
4-21,9:49:52,41,41,13.07,4,214,
4-21,9:49:52,42,42,13.09,4,214,
4-21,9:49:53,37,37,13.04,4,214,
4-21,9:49:53,40,40,13.06,4,214,
4-21,9:49:54,40,40,13.08,4,214,
4-21,9:49:54,38,38,13.03,4,214,
4-21,9:49:55,41,41,13.1,4,214,
4-21,9:49:55,37,37,13.02,4,214,
4-21,9:49:56,41,41,13.08,4,214,
4-21,9:49:56,41,41,13.1,4,214,
4-21,9:49:57,39,39,13.07,4,214,
4-21,9:49:57,41,41,13.09,4,214,
4-21,9:49:58,40,40,13.07,4,214,
4-21,9:49:58,37,37,13.04,4,214,
4-21,9:49:59,38,38,13.03,4,214,
4-21,9:49:59,38,38,13.07,4,214,
4-21,9:50:0,43,43,13.09,4,214,
4-21,9:50:0,41,41,13.09,4,214,
4-21,9:50:1,40,40,13.09,4,214,
4-21,9:50:1,39,39,13.08,4,214,
4-21,9:50:2,42,42,13.12,4,214,
4-21,9:50:2,37,37,13.05,4,214,
4-21,9:50:3,41,41,13.09,4,214,
4-21,9:50:3,42,42,13.12,4,214,
4-21,9:50:4,43,43,13.16,4,214,
4-21,9:50:4,42,42,13.1,4,214,
4-21,9:50:5,38,38,13.07,4,214,
4-21,9:50:5,38,38,13.06,4,214,
4-21,9:50:6,38,38,13.07,4,214,
4-21,9:50:6,38,38,13.07,4,214,
4-21,9:50:7,38,38,13.06,4,214,
4-21,9:50:7,39,39,13.08,4,214,
4-21,9:50:8,32,32,13,4,214,
4-21,9:50:8,39,39,13.08,4,214,
4-21,9:50:9,37,37,13.07,4,214,
4-21,9:50:9,39,39,13.05,4,214,
4-21,9:50:10,36,36,13.03,4,214,
4-21,9:50:10,35,35,13.03,4,214,
4-21,9:50:11,35,35,13.05,4,214,
4-21,9:50:11,37,37,13.06,4,214,
4-21,9:50:12,39,39,13.08,4,214,
4-21,9:50:12,37,37,13.06,4,214,
4-21,9:50:13,35,35,13.03,4,214,
4-21,9:50:13,42,42,13.09,4,214,
4-21,9:50:14,41,41,13.14,4,214,
4-21,9:50:14,38,38,13.09,4,214,
4-21,9:50:15,37,37,13.07,4,214,
4-21,9:50:15,40,40,13.11,4,214,
4-21,9:50:16,40,40,13.11,4,214,
4-21,9:50:16,42,42,13.1,4,214,
4-21,9:50:17,37,37,13.06,4,214,
4-21,9:50:17,40,40,13.11,4,214,
4-21,9:50:18,34,34,13.02,4,214,
4-21,9:50:18,39,39,13.1,4,214,
4-21,9:50:19,42,42,13.11,4,214,
4-21,9:50:19,35,35,13.08,4,214,
4-21,9:50:20,39,39,13.09,4,214,
4-21,9:50:20,39,39,13.1,4,214,
4-21,9:50:21,41,41,13.12,4,214,
4-21,9:50:21,37,37,13.08,4,214,
4-21,9:50:22,40,40,13.13,4,214,
4-21,9:50:22,38,38,13.09,4,214,
4-21,9:50:23,29,29,12.97,4,214,
4-21,9:50:23,40,40,13.12,4,214,
4-21,9:50:24,40,40,13.12,4,214,
4-21,9:50:24,37,37,13.09,4,214,
4-21,9:50:25,37,37,13.06,4,214,
4-21,9:50:25,38,38,13.09,4,214,
4-21,9:50:26,39,39,13.1,4,214,
4-21,9:50:26,42,42,13.16,4,214,
4-21,9:50:27,39,39,13.1,4,214,
4-21,9:50:27,39,39,13.11,4,214,
4-21,9:50:28,37,37,13.1,4,214,
4-21,9:50:28,37,37,13.08,4,214,
4-21,9:50:29,36,36,13.06,4,214,
4-21,9:50:29,38,38,13.09,4,214,
4-21,9:50:30,37,37,13.09,4,214,
4-21,9:50:30,34,34,13.04,4,214,
4-21,9:50:31,40,40,13.08,4,214,
4-21,9:50:31,34,34,13.04,4,214,
4-21,9:50:32,37,37,13.07,4,214,
4-21,9:50:32,38,38,13.1,4,214,
4-21,9:50:33,37,37,13.09,4,214,
4-21,9:50:33,35,35,13.06,4,214,
4-21,9:50:34,34,34,13.07,4,214,
4-21,9:50:34,40,40,13.12,4,214,
4-21,9:50:35,31,31,13.02,4,214,
4-21,9:50:35,38,38,13.1,4,214,
4-21,9:50:36,37,37,13.07,4,214,
4-21,9:50:36,36,36,13.09,4,214,
4-21,9:50:37,37,37,13.09,4,214,
4-21,9:50:37,38,38,13.11,4,214,
4-21,9:50:38,35,35,13.07,4,214,
4-21,9:50:38,36,36,13.05,4,214,
4-21,9:50:39,35,35,13.09,4,214,
4-21,9:50:39,35,35,13.09,4,214,
4-21,9:50:40,40,40,13.14,4,214,
4-21,9:50:40,32,32,13.04,4,214,
4-21,9:50:41,38,38,13.1,4,214,
4-21,9:50:41,32,32,13.06,4,214,
4-21,9:50:42,41,41,13.14,4,214,
4-21,9:50:42,40,40,13.12,4,214,
4-21,9:50:43,35,35,13.07,4,214,
4-21,9:50:43,39,39,13.13,4,214,
4-21,9:50:44,35,35,13.05,4,214,
4-21,9:50:44,40,40,13.15,4,214,
4-21,9:50:45,34,34,13.06,4,214,
4-21,9:50:45,32,32,13.04,4,214,
4-21,9:50:46,37,37,13.11,4,214,
4-21,9:50:46,37,37,13.1,4,214,
4-21,9:50:47,37,37,13.08,4,214,
4-21,9:50:47,38,38,13.1,4,214,
4-21,9:50:48,37,37,13.09,4,214,
4-21,9:50:48,35,35,13.07,4,214,
4-21,9:50:49,36,36,13.1,4,214,
4-21,9:50:49,35,35,13.09,4,214,
4-21,9:50:50,30,30,13.01,4,214,
4-21,9:50:50,33,33,13.05,4,214,
4-21,9:50:51,32,32,13.03,4,214,
4-21,9:50:51,37,37,13.09,4,214,
4-21,9:50:52,38,38,13.1,4,214,
4-21,9:50:52,38,38,13.1,4,214,
4-21,9:50:53,35,35,13.08,4,214,
4-21,9:50:53,33,33,13.07,4,214,
4-21,9:50:54,32,32,13.03,4,214,
4-21,9:50:54,33,33,13.06,4,214,
4-21,9:50:55,36,36,13.1,4,214,
4-21,9:50:55,39,39,13.12,4,214,
4-21,9:50:56,31,31,13.05,4,214,
4-21,9:50:56,34,34,13.1,4,214,
4-21,9:50:57,33,33,13.05,4,214,
4-21,9:50:57,33,33,13.06,4,214,
4-21,9:50:58,36,36,13.1,4,214,
4-21,9:50:58,37,37,13.1,4,214,
4-21,9:50:59,35,35,13.09,4,214,
4-21,9:50:59,32,32,13.06,4,214,
4-21,9:51:0,36,36,13.11,4,214,
4-21,9:51:0,34,34,13.08,4,214,
4-21,9:51:1,33,33,13.07,4,214,
4-21,9:51:1,39,39,13.13,4,214,
4-21,9:51:2,36,36,13.1,4,214,
4-21,9:51:2,31,31,13.03,4,214,
4-21,9:51:3,33,33,13.08,4,214,
4-21,9:51:3,28,28,13.04,4,214,
4-21,9:51:4,29,29,13.05,4,214,
4-21,9:51:4,33,33,13.09,4,214,
4-21,9:51:5,31,31,13.08,4,214,
4-21,9:51:5,29,29,13.06,4,214,
4-21,9:51:6,34,34,13.1,4,214,
4-21,9:51:6,36,36,13.15,4,214,
4-21,9:51:7,30,30,13.08,4,214,
4-21,9:51:7,34,34,13.1,4,214,
4-21,9:51:8,28,28,13.04,4,214,
4-21,9:51:8,29,29,13.05,4,214,
4-21,9:51:9,35,35,13.1,4,214,
4-21,9:51:9,30,30,13.07,4,214,
4-21,9:51:10,33,33,13.1,4,214,
4-21,9:51:10,31,31,13.08,4,214,
4-21,9:51:11,37,37,13.17,4,214,
4-21,9:51:11,33,33,13.11,4,214,
4-21,9:51:12,37,37,13.15,4,214,
4-21,9:51:12,31,31,13.1,4,214,
4-21,9:51:13,36,36,13.1,4,214,
4-21,9:51:13,30,30,13.08,4,214,
4-21,9:51:14,35,35,13.14,4,214,
4-21,9:51:14,32,32,13.08,4,214,
4-21,9:51:15,36,36,13.14,4,214,
4-21,9:51:15,32,32,13.1,4,214,
4-21,9:51:16,33,33,13.09,4,214,
4-21,9:51:16,34,34,13.1,4,214,
4-21,9:51:17,30,30,13.05,4,214,
4-21,9:51:17,33,33,13.07,4,214,
4-21,9:51:18,36,36,13.1,4,214,
4-21,9:51:18,38,38,13.08,4,214,
4-21,9:51:19,40,40,13.06,4,214,
4-21,9:51:19,43,43,13.11,4,214,
4-21,9:51:20,42,42,13.03,4,214,
4-21,9:51:20,47,47,13.08,4,214,
4-21,9:51:21,48,48,13.08,4,214,
4-21,9:51:21,46,46,13.02,4,214,
4-21,9:51:22,52,52,13.1,4,214,
4-21,9:51:22,49,49,13.05,4,214,
4-21,9:51:23,50,50,13.03,4,214,
4-21,9:51:23,53,53,13.07,4,214,
4-21,9:51:24,53,53,13.05,4,214,
4-21,9:51:24,53,53,13,4,214,
4-21,9:51:25,52,52,13,4,214,
4-21,9:51:25,52,52,13.01,4,214,
4-21,9:51:26,50,50,12.96,4,214,
4-21,9:51:26,53,53,13.03,4,214,
4-21,9:51:27,54,54,13.02,4,214,
4-21,9:51:27,51,51,12.98,4,214,
4-21,9:51:28,53,53,12.99,4,214,
4-21,9:51:28,55,55,13.04,4,214,
4-21,9:51:29,54,54,13,4,214,
4-21,9:51:29,54,54,12.98,4,214,
4-21,9:51:30,54,54,12.97,4,214,
4-21,9:51:30,54,54,12.96,4,214,
4-21,9:51:31,56,56,13.01,4,214,
4-21,9:51:31,54,54,12.99,4,214,
4-21,9:51:32,56,56,13.02,4,214,
4-21,9:51:32,57,57,13.03,4,214,
4-21,9:51:33,57,57,13.03,4,214,
4-21,9:51:33,57,57,13.01,4,214,
4-21,9:51:34,59,59,13.04,4,214,
4-21,9:51:34,57,57,13.03,4,214,
4-21,9:51:35,56,56,12.98,4,214,
4-21,9:51:35,58,58,13,4,214,
4-21,9:51:36,60,60,13.06,4,214,
4-21,9:51:36,58,58,12.98,4,214,
4-21,9:51:37,59,59,13.03,4,214,
4-21,9:51:37,59,59,13.04,4,214,
4-21,9:51:38,58,58,12.98,4,214,
4-21,9:51:38,60,60,13.06,4,214,
4-21,9:51:39,58,58,13,4,214,
4-21,9:51:39,59,59,13.01,4,214,
4-21,9:51:40,59,59,13.04,4,214,
4-21,9:51:40,60,60,13.06,4,214,
4-21,9:51:41,60,60,13.03,4,214,
4-21,9:51:41,60,60,13.01,4,214,
4-21,9:51:42,60,60,13.02,4,214,
4-21,9:51:42,58,58,12.97,4,214,
4-21,9:51:43,60,60,13.05,4,214,
4-21,9:51:43,60,60,13.02,4,214,
4-21,9:51:44,61,61,13.06,4,214,
4-21,9:51:44,59,59,13.02,4,214,
4-21,9:51:45,60,60,12.98,4,214,
4-21,9:51:45,59,59,13.01,4,214,
4-21,9:51:46,61,61,13.04,4,214,
4-21,9:51:46,58,58,12.96,4,214,
4-21,9:51:47,59,59,12.98,4,214,
4-21,9:51:47,60,60,13.01,4,214,
4-21,9:51:48,61,61,13.02,4,214,
4-21,9:51:48,60,60,13,4,214,
4-21,9:51:49,61,61,13.06,4,214,
4-21,9:51:49,59,59,12.99,4,214,
4-21,9:51:50,59,59,12.98,4,214,
4-21,9:51:50,60,60,13.04,4,214,
4-21,9:51:51,61,61,13.01,4,214,
4-21,9:51:51,60,60,12.98,4,214,
4-21,9:51:52,60,60,12.97,4,214,
4-21,9:51:52,60,60,13,4,214,
4-21,9:51:53,62,62,13.07,4,214,
4-21,9:51:53,61,61,13.03,4,214,
4-21,9:51:54,60,60,12.97,4,214,
4-21,9:51:54,59,59,12.97,4,214,
4-21,9:51:55,60,60,13,4,214,
4-21,9:51:55,60,60,13,4,214,
4-21,9:51:56,60,60,13.01,4,214,
4-21,9:51:56,62,62,13.04,4,214,
4-21,9:51:57,60,60,13.02,4,214,
4-21,9:51:57,60,60,13,4,214,
4-21,9:51:58,60,60,12.98,4,214,
4-21,9:51:58,59,59,12.99,4,214,
4-21,9:51:59,62,62,13.07,4,214,
4-21,9:51:59,62,62,13.07,4,214,
4-21,9:52:0,61,61,13.03,4,214,
4-21,9:52:0,61,61,13.01,4,214,
4-21,9:52:1,60,60,13.01,4,214,
4-21,9:52:1,61,61,13.01,4,214,
4-21,9:52:2,60,60,12.99,4,214,
4-21,9:52:2,60,60,12.97,4,214,
4-21,9:52:3,62,62,13.04,4,214,
4-21,9:52:3,62,62,13,4,214,
4-21,9:52:4,62,62,13.03,4,214,
4-21,9:52:4,62,62,12.98,4,214,
4-21,9:52:5,62,62,13,4,214,
4-21,9:52:5,62,62,12.99,4,214,
4-21,9:52:6,62,62,13.01,4,214,
4-21,9:52:6,63,63,13.02,4,214,
4-21,9:52:7,63,63,13.05,4,214,
4-21,9:52:7,63,63,13.01,4,214,
4-21,9:52:8,62,62,12.95,4,214,
4-21,9:52:8,62,62,13,4,214,
4-21,9:52:9,61,61,12.98,4,214,
4-21,9:52:9,79,79,11.25,4,214,
4-21,9:52:10,58,58,12.98,4,214,
4-21,9:52:10,98,98,11.22,4,214,
4-21,9:52:11,50,50,12.11,4,214,
4-21,9:52:11,88,88,11.2,4,214,
4-21,9:52:12,72,72,11.43,4,214,
4-21,9:52:12,59,59,12.9,4,214,
4-21,9:52:13,55,55,12.84,4,214,
4-21,9:52:13,59,59,12.93,4,214,
4-21,9:52:14,49,49,12.29,4,214,
4-21,9:52:14,59,59,12.88,4,214,
4-21,9:52:15,59,59,12.87,4,214,
4-21,9:52:15,59,59,12.86,4,214,
4-21,9:52:16,59,59,12.85,4,214,
4-21,9:52:16,59,59,12.89,4,214,
4-21,9:52:17,60,60,12.92,4,214,
4-21,9:52:17,59,59,12.87,4,214,
4-21,9:52:18,59,59,12.9,4,214,
4-21,9:52:18,59,59,12.89,4,214,
4-21,9:52:19,60,60,12.93,4,214,
4-21,9:52:19,59,59,12.94,4,214,
4-21,9:52:20,60,60,12.96,4,214,
4-21,9:52:20,60,60,12.93,4,214,
4-21,9:52:21,60,60,12.96,4,214,
4-21,9:52:21,59,59,12.96,4,214,
4-21,9:52:22,59,59,12.9,4,214,
4-21,9:52:22,59,59,12.83,4,214,
4-21,9:52:23,59,59,12.92,4,214,
4-21,9:52:23,59,59,12.93,4,214,
4-21,9:52:24,58,58,12.91,4,214,
4-21,9:52:24,60,60,12.97,4,214,
4-21,9:52:25,59,59,12.95,4,214,
4-21,9:52:25,60,60,12.96,4,214,
4-21,9:52:26,59,59,12.95,4,214,
4-21,9:52:26,59,59,12.94,4,214,
4-21,9:52:27,58,58,12.93,4,214,
4-21,9:52:27,59,59,12.88,4,214,
4-21,9:52:28,58,58,12.91,4,214,
4-21,9:52:28,59,59,12.97,4,214,
4-21,9:52:29,58,58,12.91,4,214,
4-21,9:52:29,60,60,12.98,4,214,
4-21,9:52:30,59,59,12.93,4,214,
4-21,9:52:30,57,57,12.94,4,214,
4-21,9:52:31,59,59,12.95,4,214,
4-21,9:52:31,60,60,12.97,4,214,
4-21,9:52:32,59,59,12.95,4,214,
4-21,9:52:32,59,59,12.93,4,214,
4-21,9:52:33,60,60,12.97,4,214,
4-21,9:52:33,61,61,13,4,214,
4-21,9:52:34,61,61,13,4,214,
4-21,9:52:34,58,58,12.92,4,214,
4-21,9:52:35,59,59,12.95,4,214,
4-21,9:52:35,60,60,12.98,4,214,
4-21,9:52:36,59,59,12.97,4,214,
4-21,9:52:36,59,59,12.97,4,214,
4-21,9:52:37,59,59,12.92,4,214,
4-21,9:52:37,60,60,13,4,214,
4-21,9:52:38,58,58,12.94,4,214,
4-21,9:52:38,59,59,12.94,4,214,
4-21,9:52:39,60,60,12.99,4,214,
4-21,9:52:39,59,59,12.97,4,214,
4-21,9:52:40,59,59,12.95,4,214,
4-21,9:52:40,59,59,12.96,4,214,
4-21,9:52:41,58,58,12.92,4,214,
4-21,9:52:41,58,58,12.93,4,214,
4-21,9:52:42,59,59,12.93,4,214,
4-21,9:52:42,59,59,12.97,4,214,
4-21,9:52:43,59,59,12.95,4,214,
4-21,9:52:43,58,58,12.96,4,214,
4-21,9:52:44,58,58,12.93,4,214,
4-21,9:52:44,60,60,13,4,214,
4-21,9:52:45,59,59,12.97,4,214,
4-21,9:52:45,58,58,12.94,4,214,
4-21,9:52:46,58,58,12.94,4,214,
4-21,9:52:46,58,58,12.92,4,214,
4-21,9:52:47,59,59,12.98,4,214,
4-21,9:52:47,56,56,12.89,4,214,
4-21,9:52:48,58,58,12.96,4,214,
4-21,9:52:48,58,58,12.95,4,214,
4-21,9:52:49,58,58,12.95,4,214,
4-21,9:52:49,58,58,12.97,4,214,
4-21,9:52:50,59,59,12.98,4,214,
4-21,9:52:50,59,59,12.98,4,214,
4-21,9:52:51,59,59,13.02,4,214,
4-21,9:52:51,58,58,12.99,4,214,
4-21,9:52:52,58,58,12.97,4,214,
4-21,9:52:52,57,57,12.95,4,214,
4-21,9:52:53,57,57,12.93,4,214,
4-21,9:52:53,58,58,12.99,4,214,
4-21,9:52:54,57,57,12.93,4,214,
4-21,9:52:54,58,58,12.99,4,214,
4-21,9:52:55,58,58,13,4,214,
4-21,9:52:55,57,57,12.98,4,214,
4-21,9:52:56,58,58,12.99,4,214,
4-21,9:52:56,56,56,12.92,4,214,
4-21,9:52:57,56,56,12.91,4,214,
4-21,9:52:57,57,57,12.96,4,214,
4-21,9:52:58,57,57,12.98,4,214,
4-21,9:52:58,57,57,13,4,214,
4-21,9:52:59,57,57,13,4,214,
4-21,9:52:59,57,57,12.95,4,214,
4-21,9:53:0,57,57,12.97,4,214,
4-21,9:53:0,58,58,13,4,214,
4-21,9:53:1,58,58,12.99,4,214,
4-21,9:53:1,57,57,12.96,4,214,
4-21,9:53:2,56,56,12.95,4,214,
4-21,9:53:2,57,57,12.97,4,214,
4-21,9:53:3,56,56,12.93,4,214,
4-21,9:53:3,55,55,12.93,4,214,
4-21,9:53:4,56,56,12.95,4,214,
4-21,9:53:4,57,57,13.02,4,214,
4-21,9:53:5,57,57,13,4,214,
4-21,9:53:5,56,56,12.94,4,214,
4-21,9:53:6,57,57,12.98,4,214,
4-21,9:53:6,58,58,13.02,4,214,
4-21,9:53:7,58,58,13.03,4,214,
4-21,9:53:7,57,57,13,4,214,
4-21,9:53:8,56,56,12.95,4,214,
4-21,9:53:8,57,57,12.98,4,214,
4-21,9:53:9,55,55,12.94,4,214,
4-21,9:53:9,55,55,12.97,4,214,
4-21,9:53:10,56,56,12.97,4,214,
4-21,9:53:10,57,57,12.95,4,214,
4-21,9:53:11,54,54,12.91,4,214,
4-21,9:53:11,55,55,12.94,4,214,
4-21,9:53:12,57,57,13,4,214,
4-21,9:53:12,56,56,12.96,4,214,
4-21,9:53:13,56,56,12.98,4,214,
4-21,9:53:13,57,57,13.01,4,214,
4-21,9:53:14,55,55,12.97,4,214,
4-21,9:53:14,56,56,12.98,4,214,
4-21,9:53:15,55,55,12.96,4,214,
4-21,9:53:15,56,56,12.98,4,214,
4-21,9:53:16,58,58,13.03,4,214,
4-21,9:53:16,55,55,12.93,4,214,
4-21,9:53:17,55,55,12.93,4,214,
4-21,9:53:17,57,57,13.01,4,214,
4-21,9:53:18,56,56,13,4,214,
4-21,9:53:18,56,56,12.98,4,214,
4-21,9:53:19,56,56,13,4,214,
4-21,9:53:19,56,56,12.98,4,214,
4-21,9:53:20,55,55,12.96,4,214,
4-21,9:53:20,57,57,13,4,214,
4-21,9:53:21,56,56,12.98,4,214,
4-21,9:53:21,56,56,12.98,4,214,
4-21,9:53:22,55,55,12.96,4,214,
4-21,9:53:22,55,55,12.97,4,214,
4-21,9:53:23,55,55,12.96,4,214,
4-21,9:53:23,54,54,12.91,4,214,
4-21,9:53:24,55,55,12.98,4,214,
4-21,9:53:24,53,53,12.94,4,214,
4-21,9:53:25,54,54,12.97,4,214,
4-21,9:53:25,54,54,12.95,4,214,
4-21,9:53:26,54,54,12.97,4,214,
4-21,9:53:26,51,51,12.89,4,214,
4-21,9:53:27,53,53,12.93,4,214,
4-21,9:53:27,54,54,12.97,4,214,
4-21,9:53:28,54,54,12.98,4,214,
4-21,9:53:28,54,54,12.97,4,214,
4-21,9:53:29,54,54,12.96,4,214,
4-21,9:53:29,54,54,13.01,4,214,
4-21,9:53:30,53,53,12.96,4,214,
4-21,9:53:30,53,53,12.95,4,214,
4-21,9:53:31,53,53,12.95,4,214,
4-21,9:53:31,52,52,12.94,4,214,
4-21,9:53:32,51,51,12.88,4,214,
4-21,9:53:32,53,53,12.95,4,214,
4-21,9:53:33,52,52,12.92,4,214,
4-21,9:53:33,54,54,12.96,4,214,
4-21,9:53:34,52,52,12.93,4,214,
4-21,9:53:34,53,53,12.93,4,214,
4-21,9:53:35,53,53,12.93,4,214,
4-21,9:53:35,53,53,12.96,4,214,
4-21,9:53:36,52,52,12.91,4,214,
4-21,9:53:36,53,53,12.95,4,214,
4-21,9:53:37,53,53,12.95,4,214,
4-21,9:53:37,52,52,12.95,4,214,
4-21,9:53:38,51,51,12.91,4,214,
4-21,9:53:38,52,52,12.91,4,214,
4-21,9:53:39,51,51,12.93,4,214,
4-21,9:53:39,52,52,12.92,4,214,
4-21,9:53:40,53,53,12.95,4,214,
4-21,9:53:40,53,53,12.94,4,214,
4-21,9:53:41,52,52,12.94,4,214,
4-21,9:53:41,51,51,12.89,4,214,
4-21,9:53:42,52,52,12.92,4,214,
4-21,9:53:42,54,54,12.96,4,214,
4-21,9:53:43,52,52,12.91,4,214,
4-21,9:53:43,51,51,12.94,4,214,
4-21,9:53:44,51,51,12.92,4,214,
4-21,9:53:44,52,52,12.95,4,214,
4-21,9:53:45,54,54,13,4,214,
4-21,9:53:45,52,52,12.93,4,214,
4-21,9:53:46,51,51,12.9,4,214,
4-21,9:53:46,52,52,12.97,4,214,
4-21,9:53:47,52,52,12.96,4,214,
4-21,9:53:47,52,52,12.97,4,214,
4-21,9:53:48,52,52,12.95,4,214,
4-21,9:53:48,53,53,12.96,4,214,
4-21,9:53:49,53,53,12.96,4,214,
4-21,9:53:49,52,52,12.95,4,214,
4-21,9:53:50,53,53,12.97,4,214,
4-21,9:53:50,51,51,12.94,4,214,
4-21,9:53:51,51,51,12.94,4,214,
4-21,9:53:51,51,51,12.95,4,214,
4-21,9:53:52,52,52,12.95,4,214,
4-21,9:53:52,53,53,12.96,4,214,
4-21,9:53:53,52,52,12.95,4,214,
4-21,9:53:53,50,50,12.93,4,214,
4-21,9:53:54,53,53,12.98,4,214,
4-21,9:53:54,50,50,12.91,4,214,
4-21,9:53:55,51,51,12.94,4,214,
4-21,9:53:55,50,50,12.93,4,214,
4-21,9:53:56,51,51,12.93,4,214,
4-21,9:53:56,51,51,12.97,4,214,
4-21,9:53:57,52,52,12.98,4,214,
4-21,9:53:57,51,51,12.95,4,214,
4-21,9:53:58,52,52,12.97,4,214,
4-21,9:53:58,52,52,12.96,4,214,
4-21,9:53:59,51,51,12.97,4,214,
4-21,9:53:59,51,51,12.93,4,214,
4-21,9:54:0,51,51,12.97,4,214,
4-21,9:54:0,51,51,12.94,4,214,
4-21,9:54:1,53,53,13,4,214,
4-21,9:54:1,53,53,13.01,4,214,
4-21,9:54:2,52,52,12.98,4,214,
4-21,9:54:2,50,50,12.92,4,214,
4-21,9:54:3,52,52,12.98,4,214,
4-21,9:54:3,51,51,12.93,4,214,
4-21,9:54:4,51,51,12.94,4,214,
4-21,9:54:4,51,51,12.97,4,214,
4-21,9:54:5,51,51,12.95,4,214,
4-21,9:54:5,51,51,12.93,4,214,
4-21,9:54:6,50,50,12.9,4,214,
4-21,9:54:6,51,51,12.95,4,214,
4-21,9:54:7,52,52,12.95,4,214,
4-21,9:54:7,50,50,12.92,4,214,
4-21,9:54:8,50,50,12.9,4,214,
4-21,9:54:8,51,51,12.95,4,214,
4-21,9:54:9,51,51,12.93,4,214,
4-21,9:54:9,51,51,12.95,4,214,
4-21,9:54:10,51,51,12.92,4,214,
4-21,9:54:10,50,50,12.91,4,214,
4-21,9:54:11,50,50,12.9,4,214,
4-21,9:54:11,51,51,12.94,4,214,
4-21,9:54:12,50,50,12.93,4,214,
4-21,9:54:12,49,49,12.91,4,214,
4-21,9:54:13,50,50,12.94,4,214,
4-21,9:54:13,51,51,12.99,4,214,
4-21,9:54:14,51,51,12.99,4,214,
4-21,9:54:14,52,52,13,4,214,
4-21,9:54:15,53,53,13.03,4,214,
4-21,9:54:15,49,49,12.94,4,214,
4-21,9:54:16,51,51,12.98,4,214,
4-21,9:54:16,50,50,12.97,4,214,
4-21,9:54:17,51,51,13.02,4,214,
4-21,9:54:17,52,52,13.03,4,214,
4-21,9:54:18,52,52,13.03,4,214,
4-21,9:54:18,52,52,13.04,4,214,
4-21,9:54:19,52,52,13.03,4,214,
4-21,9:54:19,50,50,12.99,4,214,
4-21,9:54:20,50,50,12.99,4,214,
4-21,9:54:20,50,50,12.99,4,214,
4-21,9:54:21,51,51,13,4,214,
4-21,9:54:21,51,51,13,4,214,
4-21,9:54:22,50,50,12.98,4,214,
4-21,9:54:22,51,51,12.99,4,214,
4-21,9:54:23,49,49,12.96,4,214,
4-21,9:54:23,49,49,12.98,4,214,
4-21,9:54:24,49,49,12.97,4,214,
4-21,9:54:24,49,49,12.98,4,214,
4-21,9:54:25,50,50,12.97,4,214,
4-21,9:54:25,51,51,13.01,4,214,
4-21,9:54:26,48,48,12.94,4,214,
4-21,9:54:26,48,48,12.95,4,214,
4-21,9:54:27,49,49,12.96,4,214,
4-21,9:54:27,47,47,12.93,4,214,
4-21,9:54:28,50,50,12.97,4,214,
4-21,9:54:28,48,48,12.94,4,214,
4-21,9:54:29,47,47,12.93,4,214,
4-21,9:54:29,49,49,12.98,4,214,
4-21,9:54:30,48,48,12.94,4,214,
4-21,9:54:30,47,47,12.93,4,214,
4-21,9:54:31,48,48,12.94,4,214,
4-21,9:54:31,49,49,12.96,4,214,
4-21,9:54:32,49,49,12.94,4,214,
4-21,9:54:32,47,47,12.93,4,214,
4-21,9:54:33,47,47,12.93,4,214,
4-21,9:54:33,47,47,12.92,4,214,
4-21,9:54:34,48,48,12.94,4,214,
4-21,9:54:34,47,47,12.91,4,214,
4-21,9:54:35,48,48,12.95,4,214,
4-21,9:54:35,47,47,12.92,4,214,
4-21,9:54:36,47,47,12.93,4,214,
4-21,9:54:36,48,48,12.95,4,214,
4-21,9:54:37,47,47,12.93,4,214,
4-21,9:54:37,46,46,12.9,4,214,
4-21,9:54:38,46,46,12.9,4,214,
4-21,9:54:38,47,47,12.93,4,214,
4-21,9:54:39,45,45,12.87,4,214,
4-21,9:54:39,48,48,12.95,4,214,
4-21,9:54:40,47,47,12.92,4,214,
4-21,9:54:40,46,46,12.92,4,214,
4-21,9:54:41,45,45,12.91,4,214,
4-21,9:54:41,48,48,12.96,4,214,
4-21,9:54:42,45,45,12.89,4,214,
4-21,9:54:42,45,45,12.92,4,214,
4-21,9:54:43,44,44,12.87,4,214,
4-21,9:54:43,46,46,12.93,4,214,
4-21,9:54:44,46,46,12.91,4,214,
4-21,9:54:44,46,46,12.93,4,214,
4-21,9:54:45,47,47,12.94,4,214,
4-21,9:54:45,48,48,12.97,4,214,
4-21,9:54:46,47,47,12.92,4,214,
4-21,9:54:46,47,47,12.93,4,214,
4-21,9:54:47,48,48,12.94,4,214,
4-21,9:54:47,47,47,12.94,4,214,
4-21,9:54:48,46,46,12.92,4,214,
4-21,9:54:48,48,48,12.96,4,214,
4-21,9:54:49,47,47,12.94,4,214,
4-21,9:54:49,46,46,12.92,4,214,
4-21,9:54:50,46,46,12.91,4,214,
4-21,9:54:50,48,48,12.96,4,214,
4-21,9:54:51,47,47,12.94,4,214,
4-21,9:54:51,47,47,12.93,4,214,
4-21,9:54:52,47,47,12.93,4,214,
4-21,9:54:52,45,45,12.91,4,214,
4-21,9:54:53,46,46,12.92,4,214,
4-21,9:54:53,47,47,12.95,4,214,
4-21,9:54:54,46,46,12.91,4,214,
4-21,9:54:54,44,44,12.88,4,214,
4-21,9:54:55,45,45,12.89,4,214,
4-21,9:54:55,43,43,12.87,4,214,
4-21,9:54:56,46,46,12.95,4,214,
4-21,9:54:56,45,45,12.92,4,214,
4-21,9:54:57,45,45,12.92,4,214,
4-21,9:54:57,46,46,12.92,4,214,
4-21,9:54:58,44,44,12.88,4,214,
4-21,9:54:58,45,45,12.92,4,214,
4-21,9:54:59,44,44,12.89,4,214,
4-21,9:54:59,45,45,12.92,4,214,
4-21,9:55:0,45,45,12.93,4,214,
4-21,9:55:0,43,43,12.88,4,214,
4-21,9:55:1,47,47,12.95,4,214,
4-21,9:55:1,44,44,12.89,4,214,
4-21,9:55:2,45,45,12.91,4,214,
4-21,9:55:2,43,43,12.87,4,214,
4-21,9:55:3,45,45,12.93,4,214,
4-21,9:55:3,45,45,12.9,4,214,
4-21,9:55:4,45,45,12.91,4,214,
4-21,9:55:4,45,45,12.93,4,214,
4-21,9:55:5,46,46,12.93,4,214,
4-21,9:55:5,45,45,12.91,4,214,
4-21,9:55:6,44,44,12.91,4,214,
4-21,9:55:6,44,44,12.9,4,214,
4-21,9:55:7,44,44,12.89,4,214,
4-21,9:55:7,45,45,12.92,4,214,
4-21,9:55:8,44,44,12.92,4,214,
4-21,9:55:8,45,45,12.94,4,214,
4-21,9:55:9,44,44,12.92,4,214,
4-21,9:55:9,45,45,12.93,4,214,
4-21,9:55:10,43,43,12.88,4,214,
4-21,9:55:10,47,47,12.98,4,214,
4-21,9:55:11,43,43,12.87,4,214,
4-21,9:55:11,43,43,12.9,4,214,
4-21,9:55:12,44,44,12.93,4,214,
4-21,9:55:12,46,46,12.93,4,214,
4-21,9:55:13,45,45,12.95,4,214,
4-21,9:55:13,44,44,12.92,4,214,
4-21,9:55:14,43,43,12.9,4,214,
4-21,9:55:14,44,44,12.93,4,214,
4-21,9:55:15,45,45,13.01,4,214,
4-21,9:55:15,45,45,12.99,4,214,
4-21,9:55:16,43,43,12.96,4,214,
4-21,9:55:16,45,45,12.98,4,214,
4-21,9:55:17,42,42,12.95,4,214,
4-21,9:55:17,42,42,12.92,4,214,
4-21,9:55:18,46,46,12.99,4,214,
4-21,9:55:18,45,45,12.99,4,214,
4-21,9:55:19,43,43,12.97,4,214,
4-21,9:55:19,45,45,13.01,4,214,
4-21,9:55:20,43,43,12.96,4,214,
4-21,9:55:20,43,43,12.98,4,214,
4-21,9:55:21,47,47,13.04,4,214,
4-21,9:55:21,45,45,13,4,214,
4-21,9:55:22,45,45,13,4,214,
4-21,9:55:22,45,45,12.99,4,214,
4-21,9:55:23,45,45,12.99,4,214,
4-21,9:55:23,45,45,13,4,214,
4-21,9:55:24,46,46,12.98,4,214,
4-21,9:55:24,45,45,12.96,4,214,
4-21,9:55:25,47,47,13.01,4,214,
4-21,9:55:25,45,45,12.95,4,214,
4-21,9:55:26,47,47,13.01,4,214,
4-21,9:55:26,47,47,13,4,214,
4-21,9:55:27,50,50,13.03,4,214,
4-21,9:55:27,48,48,13.01,4,214,
4-21,9:55:28,48,48,13.01,4,214,
4-21,9:55:28,45,45,12.92,4,214,
4-21,9:55:29,45,45,12.93,4,214,
4-21,9:55:29,47,47,12.94,4,214,
4-21,9:55:30,48,48,12.97,4,214,
4-21,9:55:30,45,45,12.9,4,214,
4-21,9:55:31,47,47,12.95,4,214,
4-21,9:55:31,45,45,12.9,4,214,
4-21,9:55:32,48,48,12.97,4,214,
4-21,9:55:32,47,47,12.91,4,214,
4-21,9:55:33,47,47,12.92,4,214,
4-21,9:55:33,47,47,12.93,4,214,
4-21,9:55:34,47,47,12.97,4,214,
4-21,9:55:34,46,46,12.92,4,214,
4-21,9:55:35,49,49,13,4,214,
4-21,9:55:35,48,48,13,4,214,
4-21,9:55:36,51,51,13.03,4,214,
4-21,9:55:36,45,45,12.91,4,214,
4-21,9:55:37,46,46,12.92,4,214,
4-21,9:55:37,49,49,13,4,214,
4-21,9:55:38,45,45,12.89,4,214,
4-21,9:55:38,45,45,12.9,4,214,
4-21,9:55:39,45,45,12.9,4,214,
4-21,9:55:39,48,48,12.94,4,214,
4-21,9:55:40,46,46,12.9,4,214,
4-21,9:55:40,48,48,12.95,4,214,
4-21,9:55:41,49,49,12.99,4,214,
4-21,9:55:41,50,50,13.01,4,214,
4-21,9:55:42,46,46,12.91,4,214,
4-21,9:55:42,48,48,12.95,4,214,
4-21,9:55:43,46,46,12.89,4,214,
4-21,9:55:43,46,46,12.91,4,214,
4-21,9:55:44,48,48,12.97,4,214,
4-21,9:55:44,46,46,12.93,4,214,
4-21,9:55:45,48,48,12.98,4,214,
4-21,9:55:45,48,48,12.95,4,214,
4-21,9:55:46,46,46,12.92,4,214,
4-21,9:55:46,48,48,12.99,4,214,
4-21,9:55:47,48,48,12.97,4,214,
4-21,9:55:47,48,48,12.98,4,214,
4-21,9:55:48,47,47,12.93,4,214,
4-21,9:55:48,48,48,12.94,4,214,
4-21,9:55:49,48,48,12.94,4,214,
4-21,9:55:49,47,47,12.94,4,214,
4-21,9:55:50,49,49,12.95,4,214,
4-21,9:55:50,47,47,12.93,4,214,
4-21,9:55:51,47,47,12.91,4,214,
4-21,9:55:51,47,47,12.94,4,214,
4-21,9:55:52,47,47,12.93,4,214,
4-21,9:55:52,46,46,12.91,4,214,
4-21,9:55:53,48,48,12.96,4,214,
4-21,9:55:53,49,49,12.92,4,214,
4-21,9:55:54,45,45,12.88,4,214,
4-21,9:55:54,46,46,12.92,4,214,
4-21,9:55:55,46,46,12.91,4,214,
4-21,9:55:55,46,46,12.86,4,214,
4-21,9:55:56,44,44,12.8,4,214,
4-21,9:55:56,47,47,12.86,4,214,
4-21,9:55:57,48,48,12.9,4,214,
4-21,9:55:57,47,47,12.87,4,214,
4-21,9:55:58,47,47,12.85,4,214,
4-21,9:55:58,49,49,12.91,4,214,
4-21,9:55:59,47,47,12.85,4,214,
4-21,9:55:59,47,47,12.85,4,214,
4-21,9:56:0,47,47,12.85,4,214,
4-21,9:56:0,49,49,12.88,4,214,
4-21,9:56:1,47,47,12.85,4,214,
4-21,9:56:1,48,48,12.86,4,214,
4-21,9:56:2,48,48,12.89,4,214,
4-21,9:56:2,48,48,12.88,4,214,
4-21,9:56:3,49,49,12.89,4,214,
4-21,9:56:3,49,49,12.92,4,214,
4-21,9:56:4,47,47,12.89,4,214,
4-21,9:56:4,48,48,12.9,4,214,
4-21,9:56:5,48,48,12.87,4,214,
4-21,9:56:5,47,47,12.88,4,214,
4-21,9:56:6,47,47,12.85,4,214,
4-21,9:56:6,49,49,12.91,4,214,
4-21,9:56:7,47,47,12.86,4,214,
4-21,9:56:7,47,47,12.86,4,214,
4-21,9:56:8,49,49,12.91,4,214,
4-21,9:56:8,47,47,12.88,4,214,
4-21,9:56:9,49,49,12.9,4,214,
4-21,9:56:9,49,49,12.91,4,214,
4-21,9:56:10,48,48,12.93,4,214,
4-21,9:56:10,49,49,12.93,4,214,
4-21,9:56:11,48,48,12.9,4,214,
4-21,9:56:11,49,49,12.94,4,214,
4-21,9:56:12,48,48,12.9,4,214,
4-21,9:56:12,49,49,12.92,4,214,
4-21,9:56:13,47,47,12.88,4,214,
4-21,9:56:13,48,48,12.91,4,214,
4-21,9:56:14,50,50,12.93,4,214,
4-21,9:56:14,47,47,12.91,4,214,
4-21,9:56:15,48,48,12.88,4,214,
4-21,9:56:15,49,49,12.92,4,214,
4-21,9:56:16,49,49,12.91,4,214,
4-21,9:56:16,49,49,12.88,4,214,
4-21,9:56:17,51,51,12.92,4,214,
4-21,9:56:17,50,50,12.89,4,214,
4-21,9:56:18,49,49,12.86,4,214,
4-21,9:56:18,50,50,12.83,4,214,
4-21,9:56:19,49,49,12.85,4,214,
4-21,9:56:19,50,50,12.87,4,214,
4-21,9:56:20,50,50,12.84,4,214,
4-21,9:56:20,51,51,12.84,4,214,
4-21,9:56:21,51,51,12.87,4,214,
4-21,9:56:21,50,50,12.87,4,214,
4-21,9:56:22,50,50,12.87,4,214,
4-21,9:56:22,51,51,12.9,4,214,
4-21,9:56:23,51,51,12.89,4,214,
4-21,9:56:23,51,51,12.9,4,214,
4-21,9:56:24,51,51,12.88,4,214,
4-21,9:56:24,51,51,12.83,4,214,
4-21,9:56:25,52,52,12.86,4,214,
4-21,9:56:25,50,50,12.86,4,214,
4-21,9:56:26,51,51,12.84,4,214,
4-21,9:56:26,51,51,12.84,4,214,
4-21,9:56:27,50,50,12.84,4,214,
4-21,9:56:27,53,53,12.86,4,214,
4-21,9:56:28,51,51,12.84,4,214,
4-21,9:56:28,50,50,12.84,4,214,
4-21,9:56:29,51,51,12.84,4,214,
4-21,9:56:29,51,51,12.84,4,214,
4-21,9:56:30,51,51,12.85,4,214,
4-21,9:56:30,51,51,12.84,4,214,
4-21,9:56:31,51,51,12.84,4,214,
4-21,9:56:31,51,51,12.85,4,214,
4-21,9:56:32,52,52,12.84,4,214,
4-21,9:56:32,52,52,12.86,4,214,
4-21,9:56:33,49,49,12.83,4,214,
4-21,9:56:33,51,51,12.87,4,214,
4-21,9:56:34,49,49,12.82,4,214,
4-21,9:56:34,50,50,12.87,4,214,
4-21,9:56:35,50,50,12.87,4,214,
4-21,9:56:35,50,50,12.85,4,214,
4-21,9:56:36,50,50,12.86,4,214,
4-21,9:56:36,50,50,12.89,4,214,
4-21,9:56:37,50,50,12.87,4,214,
4-21,9:56:37,49,49,12.87,4,214,
4-21,9:56:38,48,48,12.84,4,214,
4-21,9:56:38,49,49,12.89,4,214,
4-21,9:56:39,49,49,12.89,4,214,
4-21,9:56:39,49,49,12.88,4,214,
4-21,9:56:40,48,48,12.87,4,214,
4-21,9:56:40,49,49,12.91,4,214,
4-21,9:56:41,48,48,12.89,4,214,
4-21,9:56:41,48,48,12.89,4,214,
4-21,9:56:42,48,48,12.88,4,214,
4-21,9:56:42,48,48,12.88,4,214,
4-21,9:56:43,47,47,12.87,4,214,
4-21,9:56:43,47,47,12.89,4,214,
4-21,9:56:44,48,48,12.9,4,214,
4-21,9:56:44,47,47,12.88,4,214,
4-21,9:56:45,47,47,12.92,4,214,
4-21,9:56:45,46,46,12.89,4,214,
4-21,9:56:46,46,46,12.86,4,214,
4-21,9:56:46,48,48,12.94,4,214,
4-21,9:56:47,47,47,12.92,4,214,
4-21,9:56:47,46,46,12.89,4,214,
4-21,9:56:48,46,46,12.89,4,214,
4-21,9:56:48,46,46,12.91,4,214,
4-21,9:56:49,47,47,12.92,4,214,
4-21,9:56:49,47,47,12.92,4,214,
4-21,9:56:50,46,46,12.89,4,214,
4-21,9:56:50,45,45,12.89,4,214,
4-21,9:56:51,46,46,12.93,4,214,
4-21,9:56:51,45,45,12.9,4,214,
4-21,9:56:52,46,46,12.93,4,214,
4-21,9:56:52,45,45,12.91,4,214,
4-21,9:56:53,45,45,12.89,4,214,
4-21,9:56:53,44,44,12.89,4,214,
4-21,9:56:54,45,45,12.9,4,214,
4-21,9:56:54,46,46,12.94,4,214,
4-21,9:56:55,43,43,12.88,4,214,
4-21,9:56:55,45,45,12.92,4,214,
4-21,9:56:56,46,46,12.94,4,214,
4-21,9:56:56,44,44,12.9,4,214,
4-21,9:56:57,46,46,12.96,4,214,
4-21,9:56:57,45,45,12.92,4,214,
4-21,9:56:58,45,45,12.92,4,214,
4-21,9:56:58,43,43,12.89,4,214,
4-21,9:56:59,44,44,12.91,4,214,
4-21,9:56:59,45,45,12.92,4,214,
4-21,9:57:0,45,45,12.95,4,214,
4-21,9:57:0,44,44,12.92,4,214,
4-21,9:57:1,44,44,12.92,4,214,
4-21,9:57:1,43,43,12.91,4,214,
4-21,9:57:2,44,44,12.93,4,214,
4-21,9:57:2,45,45,12.95,4,214,
4-21,9:57:3,44,44,12.93,4,214,
4-21,9:57:3,45,45,12.94,4,214,
4-21,9:57:4,45,45,12.96,4,214,
4-21,9:57:4,44,44,12.96,4,214,
4-21,9:57:5,46,46,13,4,214,
4-21,9:57:5,44,44,12.95,4,214,
4-21,9:57:6,44,44,12.95,4,214,
4-21,9:57:6,42,42,12.94,4,214,
4-21,9:57:7,44,44,12.96,4,214,
4-21,9:57:7,44,44,12.97,4,214,
4-21,9:57:8,45,45,12.97,4,214,
4-21,9:57:8,43,43,12.9,4,214,
4-21,9:57:9,42,42,12.9,4,214,
4-21,9:57:9,41,41,12.9,4,214,
4-21,9:57:10,43,43,12.88,4,214,
4-21,9:57:10,42,42,12.86,4,214,
4-21,9:57:11,43,43,12.88,4,214,
4-21,9:57:11,43,43,12.85,4,214,
4-21,9:57:12,44,44,12.87,4,214,
4-21,9:57:12,43,43,12.86,4,214,
4-21,9:57:13,44,44,12.85,4,214,
4-21,9:57:13,45,45,12.87,4,214,
4-21,9:57:14,46,46,12.84,4,214,
4-21,9:57:14,45,45,12.84,4,214,
4-21,9:57:15,47,47,12.85,4,214,
4-21,9:57:15,48,48,12.85,4,214,
4-21,9:57:16,49,49,12.84,4,214,
4-21,9:57:16,49,49,12.84,4,214,
4-21,9:57:17,50,50,12.84,4,214,
4-21,9:57:17,50,50,12.82,4,214,
4-21,9:57:18,51,51,12.82,4,214,
4-21,9:57:18,53,53,12.84,4,214,
4-21,9:57:19,53,53,12.82,4,214,
4-21,9:57:19,52,52,12.8,4,214,
4-21,9:57:20,53,53,12.8,4,214,
4-21,9:57:20,54,54,12.78,4,214,
4-21,9:57:21,54,54,12.77,4,214,
4-21,9:57:21,54,54,12.76,4,214,
4-21,9:57:22,55,55,12.78,4,214,
4-21,9:57:22,54,54,12.78,4,214,
4-21,9:57:23,57,57,12.81,4,214,
4-21,9:57:23,55,55,12.78,4,214,
4-21,9:57:24,56,56,12.78,4,214,
4-21,9:57:24,55,55,12.75,4,214,
4-21,9:57:25,55,55,12.78,4,214,
4-21,9:57:25,55,55,12.75,4,214,
4-21,9:57:26,56,56,12.79,4,214,
4-21,9:57:26,56,56,12.78,4,214,
4-21,9:57:27,55,55,12.77,4,214,
4-21,9:57:27,56,56,12.79,4,214,
4-21,9:57:28,57,57,12.8,4,214,
4-21,9:57:28,55,55,12.76,4,214,
4-21,9:57:29,56,56,12.78,4,214,
4-21,9:57:29,55,55,12.78,4,214,
4-21,9:57:30,54,54,12.77,4,214,
4-21,9:57:30,54,54,12.74,4,214,
4-21,9:57:31,54,54,12.77,4,214,
4-21,9:57:31,54,54,12.77,4,214,
4-21,9:57:32,54,54,12.76,4,214,
4-21,9:57:32,54,54,12.77,4,214,
4-21,9:57:33,53,53,12.76,4,214,
4-21,9:57:33,55,55,12.78,4,214,
4-21,9:57:34,54,54,12.77,4,214,
4-21,9:57:34,53,53,12.78,4,214,
4-21,9:57:35,53,53,12.78,4,214,
4-21,9:57:35,53,53,12.79,4,214,
4-21,9:57:36,54,54,12.8,4,214,
4-21,9:57:36,53,53,12.8,4,214,
4-21,9:57:37,52,52,12.76,4,214,
4-21,9:57:37,51,51,12.77,4,214,
4-21,9:57:38,51,51,12.76,4,214,
4-21,9:57:38,52,52,12.77,4,214,
4-21,9:57:39,53,53,12.8,4,214,
4-21,9:57:39,51,51,12.78,4,214,
4-21,9:57:40,51,51,12.77,4,214,
4-21,9:57:40,52,52,12.78,4,214,
4-21,9:57:41,50,50,12.73,4,214,
4-21,9:57:41,52,52,12.79,4,214,
4-21,9:57:42,51,51,12.77,4,214,
4-21,9:57:42,52,52,12.8,4,214,
4-21,9:57:43,50,50,12.76,4,214,
4-21,9:57:43,51,51,12.79,4,214,
4-21,9:57:44,50,50,12.76,4,214,
4-21,9:57:44,50,50,12.76,4,214,
4-21,9:57:45,50,50,12.76,4,214,
4-21,9:57:45,51,51,12.79,4,214,
4-21,9:57:46,51,51,12.79,4,214,
4-21,9:57:46,50,50,12.77,4,214,
4-21,9:57:47,49,49,12.78,4,214,
4-21,9:57:47,48,48,12.77,4,214,
4-21,9:57:48,49,49,12.77,4,214,
4-21,9:57:48,49,49,12.77,4,214,
4-21,9:57:49,49,49,12.77,4,214,
4-21,9:57:49,47,47,12.76,4,214,
4-21,9:57:50,48,48,12.76,4,214,
4-21,9:57:50,48,48,12.79,4,214,
4-21,9:57:51,50,50,12.78,4,214,
4-21,9:57:51,48,48,12.78,4,214,
4-21,9:57:52,49,49,12.76,4,214,
4-21,9:57:52,47,47,12.76,4,214,
4-21,9:57:53,50,50,12.77,4,214,
4-21,9:57:53,50,50,12.76,4,214,
4-21,9:57:54,50,50,12.77,4,214,
4-21,9:57:54,51,51,12.77,4,214,
4-21,9:57:55,51,51,12.76,4,214,
4-21,9:57:55,50,50,12.73,4,214,
4-21,9:57:56,49,49,12.75,4,214,
4-21,9:57:56,52,52,12.76,4,214,
4-21,9:57:57,52,52,12.79,4,214,
4-21,9:57:57,51,51,12.75,4,214,
4-21,9:57:58,51,51,12.77,4,214,
4-21,9:57:58,52,52,12.78,4,214,
4-21,9:57:59,51,51,12.77,4,214,
4-21,9:57:59,50,50,12.76,4,214,
4-21,9:58:0,50,50,12.76,4,214,
4-21,9:58:0,49,49,12.76,4,214,
4-21,9:58:1,50,50,12.75,4,214,
4-21,9:58:1,49,49,12.74,4,214,
4-21,9:58:2,50,50,12.76,4,214,
4-21,9:58:2,51,51,12.77,4,214,
4-21,9:58:3,50,50,12.76,4,214,
4-21,9:58:3,51,51,12.76,4,214,
4-21,9:58:4,49,49,12.73,4,214,
4-21,9:58:4,49,49,12.74,4,214,
4-21,9:58:5,50,50,12.75,4,214,
4-21,9:58:5,50,50,12.76,4,214,
4-21,9:58:6,50,50,12.74,4,214,
4-21,9:58:6,50,50,12.74,4,214,
4-21,9:58:7,50,50,12.76,4,214,
4-21,9:58:7,50,50,12.76,4,214,
4-21,9:58:8,49,49,12.76,4,214,
4-21,9:58:8,50,50,12.77,4,214,
4-21,9:58:9,50,50,12.76,4,214,
4-21,9:58:9,50,50,12.77,4,214,
4-21,9:58:10,50,50,12.76,4,214,
4-21,9:58:10,50,50,12.78,4,214,
4-21,9:58:11,49,49,12.74,4,214,
4-21,9:58:11,47,47,12.76,4,214,
4-21,9:58:12,49,49,12.77,4,214,
4-21,9:58:12,47,47,12.78,4,214,
4-21,9:58:13,50,50,12.78,4,214,
4-21,9:58:13,47,47,12.76,4,214,
4-21,9:58:14,48,48,12.78,4,214,
4-21,9:58:14,48,48,12.8,4,214,
4-21,9:58:15,49,49,12.79,4,214,
4-21,9:58:15,47,47,12.77,4,214,
4-21,9:58:16,46,46,12.77,4,214,
4-21,9:58:16,47,47,12.77,4,214,
4-21,9:58:17,47,47,12.78,4,214,
4-21,9:58:17,47,47,12.76,4,214,
4-21,9:58:18,46,46,12.75,4,214,
4-21,9:58:18,48,48,12.77,4,214,
4-21,9:58:19,48,48,12.78,4,214,
4-21,9:58:19,48,48,12.76,4,214,
4-21,9:58:20,49,49,12.8,4,214,
4-21,9:58:20,48,48,12.76,4,214,
4-21,9:58:21,48,48,12.77,4,214,
4-21,9:58:21,47,47,12.75,4,214,
4-21,9:58:22,49,49,12.79,4,214,
4-21,9:58:22,47,47,12.75,4,214,
4-21,9:58:23,47,47,12.78,4,214,
4-21,9:58:23,47,47,12.76,4,214,
4-21,9:58:24,47,47,12.76,4,214,
4-21,9:58:24,46,46,12.75,4,214,
4-21,9:58:25,47,47,12.77,4,214,
4-21,9:58:25,46,46,12.76,4,214,
4-21,9:58:26,47,47,12.78,4,214,
4-21,9:58:26,47,47,12.79,4,214,
4-21,9:58:27,47,47,12.76,4,214,
4-21,9:58:27,48,48,12.77,4,214,
4-21,9:58:28,48,48,12.74,4,214,
4-21,9:58:28,47,47,12.73,4,214,
4-21,9:58:29,50,50,12.74,4,214,
4-21,9:58:29,49,49,12.73,4,214,
4-21,9:58:30,49,49,12.72,4,214,
4-21,9:58:30,51,51,12.74,4,214,
4-21,9:58:31,50,50,12.73,4,214,
4-21,9:58:31,50,50,12.75,4,214,
4-21,9:58:32,50,50,12.73,4,214,
4-21,9:58:32,51,51,12.76,4,214,
4-21,9:58:33,51,51,12.76,4,214,
4-21,9:58:33,50,50,12.74,4,214,
4-21,9:58:34,50,50,12.75,4,214,
4-21,9:58:34,51,51,12.77,4,214,
4-21,9:58:35,50,50,12.76,4,214,
4-21,9:58:35,51,51,12.75,4,214,
4-21,9:58:36,49,49,12.74,4,214,
4-21,9:58:36,51,51,12.74,4,214,
4-21,9:58:37,49,49,12.71,4,214,
4-21,9:58:37,51,51,12.74,4,214,
4-21,9:58:38,51,51,12.74,4,214,
4-21,9:58:38,50,50,12.73,4,214,
4-21,9:58:39,51,51,12.73,4,214,
4-21,9:58:39,49,49,12.73,4,214,
4-21,9:58:40,47,47,12.75,4,214,
4-21,9:58:40,47,47,12.74,4,214,
4-21,9:58:41,49,49,12.75,4,214,
4-21,9:58:41,49,49,12.76,4,214,
4-21,9:58:42,49,49,12.74,4,214,
4-21,9:58:42,50,50,12.76,4,214,
4-21,9:58:43,51,51,12.77,4,214,
4-21,9:58:43,51,51,12.77,4,214,
4-21,9:58:44,50,50,12.76,4,214,
4-21,9:58:44,50,50,12.77,4,214,
4-21,9:58:45,49,49,12.76,4,214,
4-21,9:58:45,48,48,12.75,4,214,
4-21,9:58:46,47,47,12.75,4,214,
4-21,9:58:46,47,47,12.75,4,214,
4-21,9:58:47,49,49,12.79,4,214,
4-21,9:58:47,48,48,12.78,4,214,
4-21,9:58:48,47,47,12.78,4,214,
4-21,9:58:48,49,49,12.79,4,214,
4-21,9:58:49,47,47,12.78,4,214,
4-21,9:58:49,47,47,12.79,4,214,
4-21,9:58:50,48,48,12.81,4,214,
4-21,9:58:50,47,47,12.78,4,214,
4-21,9:58:51,46,46,12.78,4,214,
4-21,9:58:51,47,47,12.8,4,214,
4-21,9:58:52,45,45,12.78,4,214,
4-21,9:58:52,45,45,12.79,4,214,
4-21,9:58:53,44,44,12.78,4,214,
4-21,9:58:53,44,44,12.79,4,214,
4-21,9:58:54,43,43,12.8,4,214,
4-21,9:58:54,42,42,12.79,4,214,
4-21,9:58:55,42,42,12.79,4,214,
4-21,9:58:55,43,43,12.8,4,214,
4-21,9:58:56,42,42,12.79,4,214,
4-21,9:58:56,45,45,12.84,4,214,
4-21,9:58:57,42,42,12.85,4,214,
4-21,9:58:57,41,41,12.84,4,214,
4-21,9:58:58,42,42,12.84,4,214,
4-21,9:58:58,43,43,12.83,4,214,
4-21,9:58:59,44,44,12.86,4,214,
4-21,9:58:59,41,41,12.81,4,214,
4-21,9:59:0,43,43,12.84,4,214,
4-21,9:59:0,42,42,12.85,4,214,
4-21,9:59:1,42,42,12.86,4,214,
4-21,9:59:1,42,42,12.86,4,214,
4-21,9:59:2,41,41,12.85,4,214,
4-21,9:59:2,40,40,12.85,4,214,
4-21,9:59:3,41,41,12.87,4,214,
4-21,9:59:3,40,40,12.85,4,214,
4-21,9:59:4,41,41,12.87,4,214,
4-21,9:59:4,40,40,12.85,4,214,
4-21,9:59:5,42,42,12.85,4,214,
4-21,9:59:5,43,43,12.86,4,214,
4-21,9:59:6,47,47,12.86,4,214,
4-21,9:59:6,49,49,12.85,4,214,
4-21,9:59:7,46,46,12.81,4,214,
4-21,9:59:7,47,47,12.8,4,214,
4-21,9:59:8,48,48,12.83,4,214,
4-21,9:59:8,48,48,12.8,4,214,
4-21,9:59:9,48,48,12.8,4,214,
4-21,9:59:9,47,47,12.78,4,214,
4-21,9:59:10,47,47,12.76,4,214,
4-21,9:59:10,47,47,12.78,4,214,
4-21,9:59:11,48,48,12.76,4,214,
4-21,9:59:11,48,48,12.73,4,214,
4-21,9:59:12,48,48,12.74,4,214,
4-21,9:59:12,49,49,12.72,4,214,
4-21,9:59:13,50,50,12.72,4,214,
4-21,9:59:13,50,50,12.72,4,214,
4-21,9:59:14,50,50,12.68,4,214,
4-21,9:59:14,50,50,12.69,4,214,
4-21,9:59:15,49,49,12.72,4,214,
4-21,9:59:15,49,49,12.73,4,214,
4-21,9:59:16,49,49,12.72,4,214,
4-21,9:59:16,47,47,12.69,4,214,
4-21,9:59:17,46,46,12.56,4,214,
4-21,9:59:17,47,47,12.61,4,214,
4-21,9:59:18,46,46,12.46,4,214,
4-21,9:59:18,45,45,12.65,4,214,
4-21,9:59:19,45,45,12.71,4,214,
4-21,9:59:19,44,44,12.71,4,214,
4-21,9:59:20,45,45,12.7,4,214,
4-21,9:59:20,42,42,12.66,4,214,
4-21,9:59:21,41,41,12.69,4,214,
4-21,9:59:21,42,42,12.73,4,214,
4-21,9:59:22,39,39,12.63,4,214,
4-21,9:59:22,39,39,12.72,4,214,
4-21,9:59:23,39,39,12.72,4,214,
4-21,9:59:23,37,37,12.73,4,214,
4-21,9:59:24,36,36,12.71,4,214,
4-21,9:59:24,37,37,12.66,4,214,
4-21,9:59:25,36,36,12.72,4,214,
4-21,9:59:25,36,36,12.73,4,214,
4-21,9:59:26,36,36,12.71,4,214,
4-21,9:59:26,35,35,12.7,4,214,
4-21,9:59:27,35,35,12.74,4,214,
4-21,9:59:27,35,35,12.73,4,214,
4-21,9:59:28,33,33,12.7,4,214,
4-21,9:59:28,33,33,12.67,4,214,
4-21,9:59:29,34,34,12.68,4,214,
4-21,9:59:29,33,33,12.64,4,214,
4-21,9:59:30,35,35,12.7,4,214,
4-21,9:59:30,35,35,12.7,4,214,
4-21,9:59:31,35,35,12.69,4,214,
4-21,9:59:31,35,35,12.72,4,214,
4-21,9:59:32,35,35,12.74,4,214,
4-21,9:59:32,34,34,12.71,4,214,
4-21,9:59:33,33,33,12.73,4,214,
4-21,9:59:33,33,33,12.71,4,214,
4-21,9:59:34,32,32,12.71,4,214,
4-21,9:59:34,32,32,12.69,4,214,
4-21,9:59:35,31,31,12.69,4,214,
4-21,9:59:35,32,32,12.71,4,214,
4-21,9:59:36,30,30,12.67,4,214,
4-21,9:59:36,31,31,12.69,4,214,
4-21,9:59:37,32,32,12.66,4,214,
4-21,9:59:37,30,30,12.67,4,214,
4-21,9:59:38,31,31,12.68,4,214,
4-21,9:59:38,32,32,12.71,4,214,
4-21,9:59:39,31,31,12.69,4,214,
4-21,9:59:39,32,32,12.7,4,214,
4-21,9:59:40,32,32,12.69,4,214,
4-21,9:59:40,32,32,12.73,4,214,
4-21,9:59:41,34,34,12.7,4,214,
4-21,9:59:41,34,34,12.72,4,214,
4-21,9:59:42,33,33,12.68,4,214,
4-21,9:59:42,33,33,12.7,4,214,
4-21,9:59:43,34,34,12.71,4,214,
4-21,9:59:43,33,33,12.67,4,214,
4-21,9:59:44,33,33,12.69,4,214,
4-21,9:59:44,32,32,12.68,4,214,
4-21,9:59:45,31,31,12.67,4,214,
4-21,9:59:45,33,33,12.7,4,214,
4-21,9:59:46,34,34,12.71,4,214,
4-21,9:59:46,31,31,12.7,4,214,
4-21,9:59:47,31,31,12.66,4,214,
4-21,9:59:47,32,32,12.69,4,214,
4-21,9:59:48,31,31,12.7,4,214,
4-21,9:59:48,31,31,12.68,4,214,
4-21,9:59:49,31,31,12.67,4,214,
4-21,9:59:49,31,31,12.65,4,214,
4-21,9:59:50,33,33,12.67,4,214,
4-21,9:59:50,33,33,12.64,4,214,
4-21,9:59:51,31,31,12.65,4,214,
4-21,9:59:51,34,34,12.66,4,214,
4-21,9:59:52,34,34,12.63,4,214,
4-21,9:59:52,32,32,12.63,4,214,
4-21,9:59:53,31,31,12.61,4,214,
4-21,9:59:53,32,32,12.62,4,214,
4-21,9:59:54,31,31,12.62,4,214,
4-21,9:59:54,32,32,12.59,4,214,
4-21,9:59:55,30,30,12.64,4,214,
4-21,9:59:55,31,31,12.65,4,214,
4-21,9:59:56,31,31,12.61,4,214,
4-21,9:59:56,30,30,12.63,4,214,
4-21,9:59:57,31,31,12.64,4,214,
4-21,9:59:57,30,30,12.6,4,214,
4-21,9:59:58,32,32,12.56,4,214,
4-21,9:59:58,32,32,12.59,4,214,
4-21,9:59:59,33,33,12.58,4,214,
4-21,9:59:59,32,32,12.59,4,214,
4-21,10:0:0,34,34,12.59,4,214,
4-21,10:0:0,34,34,12.58,4,214,
4-21,10:0:1,32,32,12.63,4,214,
4-21,10:0:1,33,33,12.55,4,214,
4-21,10:0:2,33,33,12.57,4,214,
4-21,10:0:2,32,32,12.59,4,214,
4-21,10:0:3,32,32,12.58,4,214,
4-21,10:0:3,31,31,12.58,4,214,
4-21,10:0:4,32,32,12.59,4,214,
4-21,10:0:4,31,31,12.63,4,214,
4-21,10:0:5,31,31,12.59,4,214,
4-21,10:0:5,31,31,12.61,4,214,
4-21,10:0:6,33,33,12.6,4,214,
4-21,10:0:6,32,32,12.63,4,214,
4-21,10:0:7,32,32,12.6,4,214,
4-21,10:0:7,31,31,12.59,4,214,
4-21,10:0:8,33,33,12.58,4,214,
4-21,10:0:8,33,33,12.58,4,214,
4-21,10:0:9,33,33,12.61,4,214,
4-21,10:0:9,34,34,12.56,4,214,
4-21,10:0:10,32,32,12.57,4,214,
4-21,10:0:10,32,32,12.58,4,214,
4-21,10:0:11,32,32,12.57,4,214,
4-21,10:0:11,32,32,12.58,4,214,
4-21,10:0:12,31,31,12.61,4,214,
4-21,10:0:12,32,32,12.55,4,214,
4-21,10:0:13,32,32,12.57,4,214,
4-21,10:0:13,31,31,12.61,4,214,
4-21,10:0:14,33,33,12.57,4,214,
4-21,10:0:14,33,33,12.59,4,214,
4-21,10:0:15,33,33,12.6,4,214,
4-21,10:0:15,34,34,12.57,4,214,
4-21,10:0:16,33,33,12.58,4,214,
4-21,10:0:16,34,34,12.57,4,214,
4-21,10:0:17,34,34,12.58,4,214,
4-21,10:0:17,31,31,12.57,4,214,
4-21,10:0:18,31,31,12.58,4,214,
4-21,10:0:18,31,31,12.56,4,214,
4-21,10:0:19,30,30,12.6,4,214,
4-21,10:0:19,31,31,12.54,4,214,
4-21,10:0:20,32,32,12.57,4,214,
4-21,10:0:20,31,31,12.57,4,214,
4-21,10:0:21,32,32,12.56,4,214,
4-21,10:0:21,34,34,12.56,4,214,
4-21,10:0:22,33,33,12.6,4,214,
4-21,10:0:22,35,35,12.56,4,214,
4-21,10:0:23,34,34,12.57,4,214,
4-21,10:0:23,32,32,12.59,4,214,
4-21,10:0:24,33,33,12.64,4,214,
4-21,10:0:24,32,32,12.57,4,214,
4-21,10:0:25,33,33,12.6,4,214,
4-21,10:0:25,33,33,12.57,4,214,
4-21,10:0:26,33,33,12.57,4,214,
4-21,10:0:26,33,33,12.61,4,214,
4-21,10:0:27,33,33,12.59,4,214,
4-21,10:0:27,33,33,12.58,4,214,
4-21,10:0:28,33,33,12.59,4,214,
4-21,10:0:28,34,34,12.58,4,214,
4-21,10:0:29,35,35,12.58,4,214,
4-21,10:0:29,32,32,12.62,4,214,
4-21,10:0:30,34,34,12.61,4,214,
4-21,10:0:30,33,33,12.57,4,214,
4-21,10:0:31,32,32,12.62,4,214,
4-21,10:0:31,32,32,12.62,4,214,
4-21,10:0:32,33,33,12.6,4,214,
4-21,10:0:32,31,31,12.62,4,214,
4-21,10:0:33,32,32,12.65,4,214,
4-21,10:0:33,32,32,12.6,4,214,
4-21,10:0:34,31,31,12.61,4,214,
4-21,10:0:34,32,32,12.64,4,214,
4-21,10:0:35,34,34,12.59,4,214,
4-21,10:0:35,34,34,12.61,4,214,
4-21,10:0:36,31,31,12.64,4,214,
4-21,10:0:36,33,33,12.6,4,214,
4-21,10:0:37,33,33,12.62,4,214,
4-21,10:0:37,30,30,12.63,4,214,
4-21,10:0:38,32,32,12.63,4,214,
4-21,10:0:38,32,32,12.62,4,214,
4-21,10:0:39,32,32,12.64,4,214,
4-21,10:0:39,34,34,12.59,4,214,
4-21,10:0:40,34,34,12.6,4,214,
4-21,10:0:40,34,34,12.61,4,214,
4-21,10:0:41,35,35,12.59,4,214,
4-21,10:0:41,35,35,12.6,4,214,
4-21,10:0:42,33,33,12.58,4,214,
4-21,10:0:42,35,35,12.62,4,214,
4-21,10:0:43,35,35,12.61,4,214,
4-21,10:0:43,34,34,12.63,4,214,
4-21,10:0:44,34,34,12.65,4,214,
4-21,10:0:44,34,34,12.64,4,214,
4-21,10:0:45,34,34,12.62,4,214,
4-21,10:0:45,35,35,12.6,4,214,
4-21,10:0:46,35,35,12.62,4,214,
4-21,10:0:46,34,34,12.61,4,214,
4-21,10:0:47,35,35,12.62,4,214,
4-21,10:0:47,35,35,12.59,4,214,
4-21,10:0:48,33,33,12.62,4,214,
4-21,10:0:48,34,34,12.62,4,214,
4-21,10:0:49,34,34,12.62,4,214,
4-21,10:0:49,33,33,12.63,4,214,
4-21,10:0:50,33,33,12.6,4,214,
4-21,10:0:50,33,33,12.6,4,214,
4-21,10:0:51,32,32,12.63,4,214,
4-21,10:0:51,30,30,12.61,4,214,
4-21,10:0:52,33,33,12.59,4,214,
4-21,10:0:52,33,33,12.64,4,214,
4-21,10:0:53,33,33,12.51,4,214,
4-21,10:0:53,34,34,12.61,4,214,
4-21,10:0:54,33,33,12.65,4,214,
4-21,10:0:54,34,34,12.61,4,214,
4-21,10:0:55,35,35,12.61,4,214,
4-21,10:0:55,34,34,12.64,4,214,
4-21,10:0:56,35,35,12.62,4,214,
4-21,10:0:56,35,35,12.62,4,214,
4-21,10:0:57,34,34,12.67,4,214,
4-21,10:0:57,33,33,12.64,4,214,
4-21,10:0:58,33,33,12.64,4,214,
4-21,10:0:58,31,31,12.66,4,214,
4-21,10:0:59,33,33,12.64,4,214,
4-21,10:0:59,34,34,12.64,4,214,
4-21,10:1:0,32,32,12.66,4,214,
4-21,10:1:0,34,34,12.65,4,214,
4-21,10:1:1,35,35,12.64,4,214,
4-21,10:1:1,35,35,12.68,4,214,
4-21,10:1:2,34,34,12.68,4,214,
4-21,10:1:2,35,35,12.62,4,214,
4-21,10:1:3,34,34,12.68,4,214,
4-21,10:1:3,33,33,12.69,4,214,
4-21,10:1:4,34,34,12.66,4,214,
4-21,10:1:4,33,33,12.69,4,214,
4-21,10:1:5,32,32,12.68,4,214,
4-21,10:1:5,34,34,12.67,4,214,
4-21,10:1:6,32,32,12.69,4,214,
4-21,10:1:6,31,31,12.7,4,214,
4-21,10:1:7,33,33,12.72,4,214,
4-21,10:1:7,33,33,12.7,4,214,
4-21,10:1:8,33,33,12.71,4,214,
4-21,10:1:8,33,33,12.69,4,214,
4-21,10:1:9,32,32,12.75,4,214,
4-21,10:1:9,33,33,12.74,4,214,
4-21,10:1:10,33,33,12.74,4,214,
4-21,10:1:10,31,31,12.72,4,214,
4-21,10:1:11,32,32,12.53,4,214,
4-21,10:1:11,31,31,12.58,4,214,
4-21,10:1:12,30,30,12.71,4,214,
4-21,10:1:12,28,28,12.33,4,214,
4-21,10:1:13,36,36,12.71,4,214,
4-21,10:1:13,34,34,12.7,4,214,
4-21,10:1:14,37,37,12.67,4,214,
4-21,10:1:14,38,38,12.64,4,214,
4-21,10:1:15,38,38,12.64,4,214,
4-21,10:1:15,40,40,12.68,4,214,
4-21,10:1:16,39,39,12.59,4,214,
4-21,10:1:16,38,38,12.65,4,214,
4-21,10:1:17,35,35,12.69,4,214,
4-21,10:1:17,35,35,12.63,4,214,
4-21,10:1:18,36,36,12.64,4,214,
4-21,10:1:18,33,33,12.72,4,214,
4-21,10:1:19,35,35,12.68,4,214,
4-21,10:1:19,36,36,12.7,4,214,
4-21,10:1:20,35,35,12.71,4,214,
4-21,10:1:20,36,36,12.7,4,214,
4-21,10:1:21,37,37,12.68,4,214,
4-21,10:1:21,37,37,12.72,4,214,
4-21,10:1:22,37,37,12.73,4,214,
4-21,10:1:22,36,36,12.69,4,214,
4-21,10:1:23,38,38,12.69,4,214,
4-21,10:1:23,36,36,12.71,4,214,
4-21,10:1:24,38,38,12.74,4,214,
4-21,10:1:24,36,36,12.69,4,214,
4-21,10:1:25,35,35,12.69,4,214,
4-21,10:1:25,34,34,12.72,4,214,
4-21,10:1:26,35,35,12.7,4,214,
4-21,10:1:26,29,29,12.37,4,214,
4-21,10:1:27,31,31,12.64,4,214,
4-21,10:1:27,33,33,12.71,4,214,
4-21,10:1:28,33,33,12.7,4,214,
4-21,10:1:28,33,33,12.71,4,214,
4-21,10:1:29,33,33,12.73,4,214,
4-21,10:1:29,34,34,12.69,4,214,
4-21,10:1:30,34,34,12.69,4,214,
4-21,10:1:30,32,32,12.65,4,214,
4-21,10:1:31,33,33,12.71,4,214,
4-21,10:1:31,34,34,12.71,4,214,
4-21,10:1:32,33,33,12.71,4,214,
4-21,10:1:32,33,33,12.73,4,214,
4-21,10:1:33,34,34,12.72,4,214,
4-21,10:1:33,32,32,12.74,4,214,
4-21,10:1:34,29,29,12.66,4,214,
4-21,10:1:34,31,31,12.71,4,214,
4-21,10:1:35,32,32,12.69,4,214,
4-21,10:1:35,33,33,12.74,4,214,
4-21,10:1:36,30,30,12.73,4,214,
4-21,10:1:36,32,32,12.74,4,214,
4-21,10:1:37,32,32,12.71,4,214,
4-21,10:1:37,30,30,12.7,4,214,
4-21,10:1:38,32,32,12.71,4,214,
4-21,10:1:38,32,32,12.69,4,214,
4-21,10:1:39,31,31,12.74,4,214,
4-21,10:1:39,28,28,12.73,4,214,
4-21,10:1:40,29,29,12.7,4,214,
4-21,10:1:40,28,28,12.7,4,214,
4-21,10:1:41,27,27,12.76,4,214,
4-21,10:1:41,26,26,12.71,4,214,
4-21,10:1:42,28,28,12.71,4,214,
4-21,10:1:42,29,29,12.72,4,214,
4-21,10:1:43,29,29,12.73,4,214,
4-21,10:1:43,31,31,12.73,4,214,
4-21,10:1:44,31,31,12.75,4,214,
4-21,10:1:44,29,29,12.74,4,214,
4-21,10:1:45,31,31,12.72,4,214,
4-21,10:1:45,30,30,12.7,4,214,
4-21,10:1:46,29,29,12.73,4,214,
4-21,10:1:46,29,29,12.74,4,214,
4-21,10:1:47,30,30,12.76,4,214,
4-21,10:1:47,28,28,12.71,4,214,
4-21,10:1:48,29,29,12.73,4,214,
4-21,10:1:48,28,28,12.71,4,214,
4-21,10:1:49,29,29,12.71,4,214,
4-21,10:1:49,30,30,12.73,4,214,
4-21,10:1:50,25,25,12.69,4,214,
4-21,10:1:50,31,31,12.75,4,214,
4-21,10:1:51,30,30,12.72,4,214,
4-21,10:1:51,29,29,12.74,4,214,
4-21,10:1:52,30,30,12.73,4,214,
4-21,10:1:52,29,29,12.73,4,214,
4-21,10:1:53,30,30,12.76,4,214,
4-21,10:1:53,28,28,12.76,4,214,
4-21,10:1:54,28,28,12.74,4,214,
4-21,10:1:54,27,27,12.72,4,214,
4-21,10:1:55,28,28,12.73,4,214,
4-21,10:1:55,27,27,12.75,4,214,
4-21,10:1:56,27,27,12.73,4,214,
4-21,10:1:56,29,29,12.76,4,214,
4-21,10:1:57,28,28,12.75,4,214,
4-21,10:1:57,28,28,12.74,4,214,
4-21,10:1:58,28,28,12.7,4,214,
4-21,10:1:58,29,29,12.72,4,214,
4-21,10:1:59,26,26,12.74,4,214,
4-21,10:1:59,27,27,12.75,4,214,
4-21,10:2:0,27,27,12.72,4,214,
4-21,10:2:0,25,25,12.72,4,214,
4-21,10:2:1,27,27,12.75,4,214,
4-21,10:2:1,27,27,12.73,4,214,
4-21,10:2:2,27,27,12.77,4,214,
4-21,10:2:2,27,27,12.75,4,214,
4-21,10:2:3,28,28,12.77,4,214,
4-21,10:2:3,28,28,12.76,4,214,
4-21,10:2:4,26,26,12.75,4,214,
4-21,10:2:4,27,27,12.75,4,214,
4-21,10:2:5,28,28,12.72,4,214,
4-21,10:2:5,27,27,12.75,4,214,
4-21,10:2:6,26,26,12.73,4,214,
4-21,10:2:6,27,27,12.71,4,214,
4-21,10:2:7,26,26,12.71,4,214,
4-21,10:2:7,26,26,12.74,4,214,
4-21,10:2:8,27,27,12.71,4,214,
4-21,10:2:8,28,28,12.75,4,214,
4-21,10:2:9,26,26,12.74,4,214,
4-21,10:2:9,27,27,12.73,4,214,
4-21,10:2:10,27,27,12.72,4,214,
4-21,10:2:10,27,27,12.76,4,214,
4-21,10:2:11,25,25,12.72,4,214,
4-21,10:2:11,26,26,12.73,4,214,
4-21,10:2:12,25,25,12.74,4,214,
4-21,10:2:12,26,26,12.74,4,214,
4-21,10:2:13,25,25,12.72,4,214,
4-21,10:2:13,26,26,12.73,4,214,
4-21,10:2:14,26,26,12.75,4,214,
4-21,10:2:14,24,24,12.7,4,214,
4-21,10:2:15,26,26,12.72,4,214,
4-21,10:2:15,26,26,12.75,4,214,
4-21,10:2:16,27,27,12.75,4,214,
4-21,10:2:16,27,27,12.72,4,214,
4-21,10:2:17,29,29,12.76,4,214,
4-21,10:2:17,29,29,12.78,4,214,
4-21,10:2:18,27,27,12.73,4,214,
4-21,10:2:18,27,27,12.72,4,214,
4-21,10:2:19,29,29,12.76,4,214,
4-21,10:2:19,29,29,12.78,4,214,
4-21,10:2:20,29,29,12.74,4,214,
4-21,10:2:20,28,28,12.74,4,214,
4-21,10:2:21,29,29,12.76,4,214,
4-21,10:2:21,29,29,12.76,4,214,
4-21,10:2:22,29,29,12.74,4,214,
4-21,10:2:22,29,29,12.77,4,214,
4-21,10:2:23,23,23,12.41,4,214,
4-21,10:2:23,28,28,12.74,4,214,
4-21,10:2:24,29,29,12.76,4,214,
4-21,10:2:24,28,28,12.77,4,214,
4-21,10:2:25,29,29,12.76,4,214,
4-21,10:2:25,28,28,12.73,4,214,
4-21,10:2:26,28,28,12.76,4,214,
4-21,10:2:26,27,27,12.76,4,214,
4-21,10:2:27,29,29,12.74,4,214,
4-21,10:2:27,31,31,12.77,4,214,
4-21,10:2:28,30,30,12.77,4,214,
4-21,10:2:28,28,28,12.73,4,214,
4-21,10:2:29,30,30,12.79,4,214,
4-21,10:2:29,28,28,12.78,4,214,
4-21,10:2:30,30,30,12.79,4,214,
4-21,10:2:30,30,30,12.77,4,214,
4-21,10:2:31,26,26,12.71,4,214,
4-21,10:2:31,30,30,12.74,4,214,
4-21,10:2:32,29,29,12.74,4,214,
4-21,10:2:32,30,30,12.76,4,214,
4-21,10:2:33,33,33,12.77,4,214,
4-21,10:2:33,32,32,12.77,4,214,
4-21,10:2:34,31,31,12.78,4,214,
4-21,10:2:34,34,34,12.81,4,214,
4-21,10:2:35,32,32,12.8,4,214,
4-21,10:2:35,30,30,12.75,4,214,
4-21,10:2:36,32,32,12.77,4,214,
4-21,10:2:36,30,30,12.75,4,214,
4-21,10:2:37,31,31,12.75,4,214,
4-21,10:2:37,31,31,12.74,4,214,
4-21,10:2:38,32,32,12.73,4,214,
4-21,10:2:38,33,33,12.75,4,214,
4-21,10:2:39,30,30,12.75,4,214,
4-21,10:2:39,34,34,12.8,4,214,
4-21,10:2:40,33,33,12.79,4,214,
4-21,10:2:40,33,33,12.8,4,214,
4-21,10:2:41,33,33,12.78,4,214,
4-21,10:2:41,32,32,12.76,4,214,
4-21,10:2:42,30,30,12.62,4,214,
4-21,10:2:42,34,34,12.76,4,214,
4-21,10:2:43,35,35,12.75,4,214,
4-21,10:2:43,33,33,12.74,4,214,
4-21,10:2:44,29,29,12.69,4,214,
4-21,10:2:44,34,34,12.74,4,214,
4-21,10:2:45,35,35,12.78,4,214,
4-21,10:2:45,32,32,12.76,4,214,
4-21,10:2:46,33,33,12.75,4,214,
4-21,10:2:46,35,35,12.74,4,214,
4-21,10:2:47,34,34,12.74,4,214,
4-21,10:2:47,35,35,12.77,4,214,
4-21,10:2:48,35,35,12.76,4,214,
4-21,10:2:48,35,35,12.73,4,214,
4-21,10:2:49,34,34,12.74,4,214,
4-21,10:2:49,35,35,12.77,4,214,
4-21,10:2:50,34,34,12.76,4,214,
4-21,10:2:50,34,34,12.76,4,214,
4-21,10:2:51,34,34,12.78,4,214,
4-21,10:2:51,34,34,12.76,4,214,
4-21,10:2:52,34,34,12.75,4,214,
4-21,10:2:52,33,33,12.77,4,214,
4-21,10:2:53,32,32,12.74,4,214,
4-21,10:2:53,32,32,12.53,4,214,
4-21,10:2:54,34,34,12.74,4,214,
4-21,10:2:54,35,35,12.74,4,214,
4-21,10:2:55,36,36,12.75,4,214,
4-21,10:2:55,36,36,12.76,4,214,
4-21,10:2:56,34,34,12.71,4,214,
4-21,10:2:56,34,34,12.72,4,214,
4-21,10:2:57,34,34,12.71,4,214,
4-21,10:2:57,33,33,12.7,4,214,
4-21,10:2:58,34,34,12.74,4,214,
4-21,10:2:58,34,34,12.73,4,214,
4-21,10:2:59,34,34,12.66,4,214,
4-21,10:2:59,37,37,12.73,4,214,
4-21,10:3:0,35,35,12.73,4,214,
4-21,10:3:0,36,36,12.75,4,214,
4-21,10:3:1,35,35,12.76,4,214,
4-21,10:3:1,36,36,12.76,4,214,
4-21,10:3:2,34,34,12.73,4,214,
4-21,10:3:2,35,35,12.74,4,214,
4-21,10:3:3,37,37,12.76,4,214,
4-21,10:3:3,36,36,12.79,4,214,
4-21,10:3:4,34,34,12.77,4,214,
4-21,10:3:4,35,35,12.77,4,214,
4-21,10:3:5,35,35,12.75,4,214,
4-21,10:3:5,36,36,12.77,4,214,
4-21,10:3:6,36,36,12.77,4,214,
4-21,10:3:6,36,36,12.75,4,214,
4-21,10:3:7,37,37,12.74,4,214,
4-21,10:3:7,37,37,12.72,4,214,
4-21,10:3:8,37,37,12.74,4,214,
4-21,10:3:8,37,37,12.77,4,214,
4-21,10:3:9,35,35,12.67,4,214,
4-21,10:3:9,37,37,12.74,4,214,
4-21,10:3:10,29,29,12.32,4,214,
4-21,10:3:10,34,34,12.75,4,214,
4-21,10:3:11,35,35,12.77,4,214,
4-21,10:3:11,35,35,12.75,4,214,
4-21,10:3:12,31,31,12.58,4,214,
4-21,10:3:12,33,33,12.72,4,214,
4-21,10:3:13,34,34,12.72,4,214,
4-21,10:3:13,34,34,12.71,4,214,
4-21,10:3:14,29,29,12.38,4,214,
4-21,10:3:14,33,33,12.7,4,214,
4-21,10:3:15,34,34,12.74,4,214,
4-21,10:3:15,28,28,12.43,4,214,
4-21,10:3:16,33,33,12.75,4,214,
4-21,10:3:16,32,32,12.74,4,214,
4-21,10:3:17,32,32,12.77,4,214,
4-21,10:3:17,31,31,12.7,4,214,
4-21,10:3:18,31,31,12.73,4,214,
4-21,10:3:18,30,30,12.53,4,214,
4-21,10:3:19,30,30,12.65,4,214,
4-21,10:3:19,33,33,12.77,4,214,
4-21,10:3:20,28,28,12.49,4,214,
4-21,10:3:20,33,33,12.74,4,214,
4-21,10:3:21,27,27,12.4,4,214,
4-21,10:3:21,31,31,12.75,4,214,
4-21,10:3:22,31,31,12.74,4,214,
4-21,10:3:22,28,28,12.46,4,214,
4-21,10:3:23,31,31,12.73,4,214,
4-21,10:3:23,31,31,12.72,4,214,
4-21,10:3:24,30,30,12.73,4,214,
4-21,10:3:24,26,26,12.37,4,214,
4-21,10:3:25,31,31,12.72,4,214,
4-21,10:3:25,28,28,12.62,4,214,
4-21,10:3:26,27,27,12.59,4,214,
4-21,10:3:26,29,29,12.7,4,214,
4-21,10:3:27,30,30,12.74,4,214,
4-21,10:3:27,29,29,12.59,4,214,
4-21,10:3:28,27,27,12.56,4,214,
4-21,10:3:28,31,31,12.73,4,214,
4-21,10:3:29,31,31,12.73,4,214,
4-21,10:3:29,26,26,12.44,4,214,
4-21,10:3:30,29,29,12.75,4,214,
4-21,10:3:30,30,30,12.74,4,214,
4-21,10:3:31,30,30,12.72,4,214,
4-21,10:3:31,27,27,12.53,4,214,
4-21,10:3:32,28,28,12.74,4,214,
4-21,10:3:32,28,28,12.71,4,214,
4-21,10:3:33,28,28,12.66,4,214,
4-21,10:3:33,28,28,12.64,4,214,
4-21,10:3:34,31,31,12.75,4,214,
4-21,10:3:34,28,28,12.72,4,214,
4-21,10:3:35,27,27,12.66,4,214,
4-21,10:3:35,28,28,12.74,4,214,
4-21,10:3:36,27,27,12.71,4,214,
4-21,10:3:36,28,28,12.74,4,214,
4-21,10:3:37,28,28,12.71,4,214,
4-21,10:3:37,29,29,12.75,4,214,
4-21,10:3:38,26,26,12.71,4,214,
4-21,10:3:38,27,27,12.72,4,214,
4-21,10:3:39,26,26,12.63,4,214,
4-21,10:3:39,26,26,12.72,4,214,
4-21,10:3:40,24,24,12.7,4,214,
4-21,10:3:40,25,25,12.75,4,214,
4-21,10:3:41,20,20,12.41,4,214,
4-21,10:3:41,24,24,12.72,4,214,
4-21,10:3:42,25,25,12.72,4,214,
4-21,10:3:42,20,20,12.56,4,214,
4-21,10:3:43,23,23,12.59,4,214,
4-21,10:3:43,26,26,12.74,4,214,
4-21,10:3:44,27,27,12.76,4,214,
4-21,10:3:44,25,25,12.75,4,214,
4-21,10:3:45,26,26,12.73,4,214,
4-21,10:3:45,28,28,12.72,4,214,
4-21,10:3:46,27,27,12.75,4,214,
4-21,10:3:46,26,26,12.73,4,214,
4-21,10:3:47,26,26,12.7,4,214,
4-21,10:3:47,26,26,12.73,4,214,
4-21,10:3:48,27,27,12.72,4,214,
4-21,10:3:48,26,26,12.67,4,214,
4-21,10:3:49,27,27,12.55,4,214,
4-21,10:3:49,26,26,12.74,4,214,
4-21,10:3:50,28,28,12.7,4,214,
4-21,10:3:50,27,27,12.72,4,214,
4-21,10:3:51,27,27,12.68,4,214,
4-21,10:3:51,18,18,12.16,4,214,
4-21,10:3:52,24,24,12.68,4,214,
4-21,10:3:52,27,27,12.73,4,214,
4-21,10:3:53,28,28,12.75,4,214,
4-21,10:3:53,27,27,12.75,4,214,
4-21,10:3:54,27,27,12.74,4,214,
4-21,10:3:54,27,27,12.74,4,214,
4-21,10:3:55,27,27,12.74,4,214,
4-21,10:3:55,27,27,12.71,4,214,
4-21,10:3:56,28,28,12.7,4,214,
4-21,10:3:56,28,28,12.72,4,214,
4-21,10:3:57,26,26,12.72,4,214,
4-21,10:3:57,28,28,12.72,4,214,
4-21,10:3:58,27,27,12.72,4,214,
4-21,10:3:58,27,27,12.73,4,214,
4-21,10:3:59,28,28,12.74,4,214,
4-21,10:3:59,29,29,12.73,4,214,
4-21,10:4:0,29,29,12.73,4,214,
4-21,10:4:0,29,29,12.73,4,214,
4-21,10:4:1,28,28,12.67,4,214,
4-21,10:4:1,28,28,12.72,4,214,
4-21,10:4:2,27,27,12.72,4,214,
4-21,10:4:2,29,29,12.71,4,214,
4-21,10:4:3,26,26,12.7,4,214,
4-21,10:4:3,27,27,12.72,4,214,
4-21,10:4:4,28,28,12.7,4,214,
4-21,10:4:4,29,29,12.75,4,214,
4-21,10:4:5,29,29,12.71,4,214,
4-21,10:4:5,29,29,12.67,4,214,
4-21,10:4:6,29,29,12.66,4,214,
4-21,10:4:6,28,28,12.71,4,214,
4-21,10:4:7,28,28,12.7,4,214,
4-21,10:4:7,27,27,12.59,4,214,
4-21,10:4:8,28,28,12.62,4,214,
4-21,10:4:8,28,28,12.7,4,214,
4-21,10:4:9,28,28,12.71,4,214,
4-21,10:4:9,27,27,12.63,4,214,
4-21,10:4:10,30,30,12.72,4,214,
4-21,10:4:10,30,30,12.69,4,214,
4-21,10:4:11,30,30,12.69,4,214,
4-21,10:4:11,29,29,12.6,4,214,
4-21,10:4:12,30,30,12.71,4,214,
4-21,10:4:12,29,29,12.7,4,214,
4-21,10:4:13,29,29,12.69,4,214,
4-21,10:4:13,29,29,12.59,4,214,
4-21,10:4:14,29,29,12.7,4,214,
4-21,10:4:14,28,28,12.67,4,214,
4-21,10:4:15,28,28,12.68,4,214,
4-21,10:4:15,28,28,12.56,4,214,
4-21,10:4:16,29,29,12.66,4,214,
4-21,10:4:16,27,27,12.64,4,214,
4-21,10:4:17,30,30,12.7,4,214,
4-21,10:4:17,30,30,12.71,4,214,
4-21,10:4:18,28,28,12.71,4,214,
4-21,10:4:18,28,28,12.57,4,214,
4-21,10:4:19,28,28,12.7,4,214,
4-21,10:4:19,27,27,12.69,4,214,
4-21,10:4:20,28,28,12.65,4,214,
4-21,10:4:20,24,24,12.59,4,214,
4-21,10:4:21,26,26,12.69,4,214,
4-21,10:4:21,27,27,12.7,4,214,
4-21,10:4:22,27,27,12.55,4,214,
4-21,10:4:22,27,27,12.65,4,214,
4-21,10:4:23,24,24,12.52,4,214,
4-21,10:4:23,25,25,12.68,4,214,
4-21,10:4:24,27,27,12.7,4,214,
4-21,10:4:24,30,30,12.53,4,214,
4-21,10:4:25,27,27,12.7,4,214,
4-21,10:4:25,24,24,12.37,4,214,
4-21,10:4:26,25,25,12.61,4,214,
4-21,10:4:26,26,26,12.62,4,214,
4-21,10:4:27,22,22,12.51,4,214,
4-21,10:4:27,27,27,12.69,4,214,
4-21,10:4:28,23,23,12.37,4,214,
4-21,10:4:28,25,25,12.69,4,214,
4-21,10:4:29,28,28,12.7,4,214,
4-21,10:4:29,26,26,12.67,4,214,
4-21,10:4:30,28,28,12.69,4,214,
4-21,10:4:30,28,28,12.65,4,214,
4-21,10:4:31,27,27,12.69,4,214,
4-21,10:4:31,26,26,12.65,4,214,
4-21,10:4:32,26,26,12.7,4,214,
4-21,10:4:32,26,26,12.67,4,214,
4-21,10:4:33,27,27,12.69,4,214,
4-21,10:4:33,27,27,12.68,4,214,
4-21,10:4:34,30,30,12.63,4,214,
4-21,10:4:34,28,28,12.68,4,214,
4-21,10:4:35,27,27,12.67,4,214,
4-21,10:4:35,28,28,12.61,4,214,
4-21,10:4:36,26,26,12.7,4,214,
4-21,10:4:36,26,26,12.57,4,214,
4-21,10:4:37,27,27,12.7,4,214,
4-21,10:4:37,25,25,12.63,4,214,
4-21,10:4:38,25,25,12.64,4,214,
4-21,10:4:38,27,27,12.72,4,214,
4-21,10:4:39,27,27,12.71,4,214,
4-21,10:4:39,26,26,12.54,4,214,
4-21,10:4:40,27,27,12.7,4,214,
4-21,10:4:40,26,26,12.65,4,214,
4-21,10:4:41,26,26,12.66,4,214,
4-21,10:4:41,27,27,12.69,4,214,
4-21,10:4:42,26,26,12.66,4,214,
4-21,10:4:42,26,26,12.67,4,214,
4-21,10:4:43,24,24,12.62,4,214,
4-21,10:4:43,23,23,12.68,4,214,
4-21,10:4:44,26,26,12.69,4,214,
4-21,10:4:44,27,27,12.67,4,214,
4-21,10:4:45,22,22,12.48,4,214,
4-21,10:4:45,25,25,12.68,4,214,
4-21,10:4:46,24,24,12.67,4,214,
4-21,10:4:46,24,24,12.58,4,214,
4-21,10:4:47,26,26,12.7,4,214,
4-21,10:4:47,27,27,12.7,4,214,
4-21,10:4:48,25,25,12.68,4,214,
4-21,10:4:48,26,26,12.67,4,214,
4-21,10:4:49,26,26,12.64,4,214,
4-21,10:4:49,25,25,12.52,4,214,
4-21,10:4:50,25,25,12.69,4,214,
4-21,10:4:50,23,23,12.62,4,214,
4-21,10:4:51,18,18,12.17,4,214,
4-21,10:4:51,23,23,12.68,4,214,
4-21,10:4:52,25,25,12.67,4,214,
4-21,10:4:52,25,25,12.68,4,214,
4-21,10:4:53,24,24,12.57,4,214,
4-21,10:4:53,26,26,12.74,4,214,
4-21,10:4:54,25,25,12.69,4,214,
4-21,10:4:54,27,27,12.66,4,214,
4-21,10:4:55,25,25,12.7,4,214,
4-21,10:4:55,25,25,12.68,4,214,
4-21,10:4:56,23,23,12.69,4,214,
4-21,10:4:56,20,20,12.37,4,214,
4-21,10:4:57,24,24,12.63,4,214,
4-21,10:4:57,24,24,12.7,4,214,
4-21,10:4:58,22,22,12.7,4,214,
4-21,10:4:58,24,24,12.7,4,214,
4-21,10:4:59,25,25,12.71,4,214,
4-21,10:4:59,23,23,12.56,4,214,
4-21,10:5:0,25,25,12.7,4,214,
4-21,10:5:0,25,25,12.7,4,214,
4-21,10:5:1,26,26,12.65,4,214,
4-21,10:5:1,24,24,12.69,4,214,
4-21,10:5:2,25,25,12.55,4,214,
4-21,10:5:2,24,24,12.69,4,214,
4-21,10:5:3,23,23,12.63,4,214,
4-21,10:5:3,26,26,12.71,4,214,
4-21,10:5:4,24,24,12.66,4,214,
4-21,10:5:4,24,24,12.72,4,214,
4-21,10:5:5,26,26,12.7,4,214,
4-21,10:5:5,26,26,12.72,4,214,
4-21,10:5:6,26,26,12.72,4,214,
4-21,10:5:6,23,23,12.67,4,214,
4-21,10:5:7,26,26,12.67,4,214,
4-21,10:5:7,25,25,12.69,4,214,
4-21,10:5:8,23,23,12.66,4,214,
4-21,10:5:8,26,26,12.65,4,214,
4-21,10:5:9,25,25,12.68,4,214,
4-21,10:5:9,26,26,12.71,4,214,
4-21,10:5:10,24,24,12.69,4,214,
4-21,10:5:10,26,26,12.68,4,214,
4-21,10:5:11,25,25,12.72,4,214,
4-21,10:5:11,23,23,12.67,4,214,
4-21,10:5:12,24,24,12.66,4,214,
4-21,10:5:12,25,25,12.66,4,214,
4-21,10:5:13,24,24,12.67,4,214,
4-21,10:5:13,25,25,12.69,4,214,
4-21,10:5:14,25,25,12.64,4,214,
4-21,10:5:14,25,25,12.65,4,214,
4-21,10:5:15,24,24,12.66,4,214,
4-21,10:5:15,23,23,12.65,4,214,
4-21,10:5:16,23,23,12.67,4,214,
4-21,10:5:16,24,24,12.67,4,214,
4-21,10:5:17,24,24,12.64,4,214,
4-21,10:5:17,25,25,12.66,4,214,
4-21,10:5:18,24,24,12.66,4,214,
4-21,10:5:18,26,26,12.67,4,214,
4-21,10:5:19,25,25,12.65,4,214,
4-21,10:5:19,25,25,12.68,4,214,
4-21,10:5:20,25,25,12.68,4,214,
4-21,10:5:20,24,24,12.69,4,214,
4-21,10:5:21,24,24,12.72,4,214,
4-21,10:5:21,22,22,12.68,4,214,
4-21,10:5:22,23,23,12.7,4,214,
4-21,10:5:22,24,24,12.68,4,214,
4-21,10:5:23,24,24,12.66,4,214,
4-21,10:5:23,25,25,12.68,4,214,
4-21,10:5:24,25,25,12.67,4,214,
4-21,10:5:24,25,25,12.67,4,214,
4-21,10:5:25,24,24,12.67,4,214,
4-21,10:5:25,24,24,12.67,4,214,
4-21,10:5:26,24,24,12.68,4,214,
4-21,10:5:26,24,24,12.68,4,214,
4-21,10:5:27,23,23,12.67,4,214,
4-21,10:5:27,24,24,12.68,4,214,
4-21,10:5:28,25,25,12.69,4,214,
4-21,10:5:28,25,25,12.68,4,214,
4-21,10:5:29,24,24,12.68,4,214,
4-21,10:5:29,25,25,12.69,4,214,
4-21,10:5:30,25,25,12.69,4,214,
4-21,10:5:30,25,25,12.69,4,214,
4-21,10:5:31,27,27,12.7,4,214,
4-21,10:5:31,27,27,12.71,4,214,
4-21,10:5:32,27,27,12.71,4,214,
4-21,10:5:32,27,27,12.71,4,214,
4-21,10:5:33,27,27,12.71,4,214,
4-21,10:5:33,28,28,12.72,4,214,
4-21,10:5:34,27,27,12.71,4,214,
4-21,10:5:34,29,29,12.74,4,214,
4-21,10:5:35,29,29,12.73,4,214,
4-21,10:5:35,31,31,12.75,4,214,
4-21,10:5:36,29,29,12.74,4,214,
4-21,10:5:36,29,29,12.74,4,214,
4-21,10:5:37,30,30,12.74,4,214,
4-21,10:5:37,31,31,12.76,4,214,
4-21,10:5:38,31,31,12.76,4,214,
4-21,10:5:38,32,32,12.77,4,214,
4-21,10:5:39,31,31,12.76,4,214,
4-21,10:5:39,30,30,12.76,4,214,
4-21,10:5:40,34,34,12.79,4,214,
4-21,10:5:40,33,33,12.79,4,214,
4-21,10:5:41,32,32,12.78,4,214,
4-21,10:5:41,33,33,12.79,4,214,
4-21,10:5:42,32,32,12.79,4,214,
4-21,10:5:42,33,33,12.8,4,214,
4-21,10:5:43,33,33,12.79,4,214,
4-21,10:5:43,34,34,12.81,4,214,
4-21,10:5:44,32,32,12.81,4,214,
4-21,10:5:44,35,35,12.82,4,214,
4-21,10:5:45,34,34,12.81,4,214,
4-21,10:5:45,33,33,12.82,4,214,
4-21,10:5:46,33,33,12.81,4,214,
4-21,10:5:46,34,34,12.82,4,214,
4-21,10:5:47,33,33,12.82,4,214,
4-21,10:5:47,34,34,12.83,4,214,
4-21,10:5:48,34,34,12.84,4,214,
4-21,10:5:48,35,35,12.86,4,214,
4-21,10:5:49,33,33,12.84,4,214,
4-21,10:5:49,34,34,12.85,4,214,
4-21,10:5:50,32,32,12.82,4,214,
4-21,10:5:50,33,33,12.84,4,214,
4-21,10:5:51,33,33,12.85,4,214,
4-21,10:5:51,34,34,12.84,4,214,
4-21,10:5:52,33,33,12.84,4,214,
4-21,10:5:52,34,34,12.85,4,214,
4-21,10:5:53,34,34,12.85,4,214,
4-21,10:5:53,34,34,12.84,4,214,
4-21,10:5:54,34,34,12.85,4,214,
4-21,10:5:54,34,34,12.85,4,214,
4-21,10:5:55,34,34,12.85,4,214,
4-21,10:5:55,32,32,12.86,4,214,
4-21,10:5:56,34,34,12.86,4,214,
4-21,10:5:56,34,34,12.86,4,214,
4-21,10:5:57,33,33,12.87,4,214,
4-21,10:5:57,33,33,12.86,4,214,
4-21,10:5:58,35,35,12.89,4,214,
4-21,10:5:58,34,34,12.86,4,214,
4-21,10:5:59,35,35,12.87,4,214,
4-21,10:5:59,33,33,12.84,4,214,
4-21,10:6:0,33,33,12.87,4,214,
4-21,10:6:0,34,34,12.85,4,214,
4-21,10:6:1,34,34,12.88,4,214,
4-21,10:6:1,33,33,12.88,4,214,
4-21,10:6:2,34,34,12.88,4,214,
4-21,10:6:2,34,34,12.88,4,214,
4-21,10:6:3,35,35,12.9,4,214,
4-21,10:6:3,33,33,12.88,4,214,
4-21,10:6:4,34,34,12.88,4,214,
4-21,10:6:4,34,34,12.89,4,214,
4-21,10:6:5,33,33,12.88,4,214,
4-21,10:6:5,34,34,12.89,4,214,
4-21,10:6:6,33,33,12.88,4,214,
4-21,10:6:6,34,34,12.89,4,214,
4-21,10:6:7,33,33,12.89,4,214,
4-21,10:6:7,34,34,12.89,4,214,
4-21,10:6:8,34,34,12.89,4,214,
4-21,10:6:8,33,33,12.87,4,214,
4-21,10:6:9,33,33,12.89,4,214,
4-21,10:6:9,33,33,12.88,4,214,
4-21,10:6:10,33,33,12.89,4,214,
4-21,10:6:10,33,33,12.89,4,214,
4-21,10:6:11,34,34,12.9,4,214,
4-21,10:6:11,34,34,12.89,4,214,
4-21,10:6:12,33,33,12.88,4,214,
4-21,10:6:12,34,34,12.89,4,214,
4-21,10:6:13,35,35,12.9,4,214,
4-21,10:6:13,33,33,12.89,4,214,
4-21,10:6:14,35,35,12.92,4,214,
4-21,10:6:14,34,34,12.9,4,214,
4-21,10:6:15,33,33,12.88,4,214,
4-21,10:6:15,33,33,12.89,4,214,
4-21,10:6:16,34,34,12.9,4,214,
4-21,10:6:16,35,35,12.91,4,214,
4-21,10:6:17,34,34,12.91,4,214,
4-21,10:6:17,34,34,12.9,4,214,
4-21,10:6:18,35,35,12.91,4,214,
4-21,10:6:18,34,34,12.89,4,214,
4-21,10:6:19,35,35,12.91,4,214,
4-21,10:6:19,35,35,12.91,4,214,
4-21,10:6:20,35,35,12.9,4,214,
4-21,10:6:20,35,35,12.9,4,214,
4-21,10:6:21,36,36,12.89,4,214,
4-21,10:6:21,36,36,12.89,4,214,
4-21,10:6:22,36,36,12.88,4,214,
4-21,10:6:22,36,36,12.88,4,214,
4-21,10:6:23,37,37,12.89,4,214,
4-21,10:6:23,36,36,12.87,4,214,
4-21,10:6:24,37,37,12.9,4,214,
4-21,10:6:24,37,37,12.91,4,214,
4-21,10:6:25,37,37,12.89,4,214,
4-21,10:6:25,36,36,12.9,4,214,
4-21,10:6:26,36,36,12.88,4,214,
4-21,10:6:26,36,36,12.89,4,214,
4-21,10:6:27,36,36,12.89,4,214,
4-21,10:6:27,36,36,12.89,4,214,
4-21,10:6:28,36,36,12.92,4,214,
4-21,10:6:28,37,37,12.9,4,214,
4-21,10:6:29,34,34,12.89,4,214,
4-21,10:6:29,35,35,12.91,4,214,
4-21,10:6:30,34,34,12.9,4,214,
4-21,10:6:30,35,35,12.88,4,214,
4-21,10:6:31,37,37,12.93,4,214,
4-21,10:6:31,35,35,12.91,4,214,
4-21,10:6:32,34,34,12.89,4,214,
4-21,10:6:32,33,33,12.88,4,214,
4-21,10:6:33,35,35,12.9,4,214,
4-21,10:6:33,35,35,12.9,4,214,
4-21,10:6:34,35,35,12.91,4,214,
4-21,10:6:34,37,37,12.91,4,214,
4-21,10:6:35,36,36,12.89,4,214,
4-21,10:6:35,36,36,12.88,4,214,
4-21,10:6:36,35,35,12.87,4,214,
4-21,10:6:36,35,35,12.86,4,214,
4-21,10:6:37,35,35,12.87,4,214,
4-21,10:6:37,36,36,12.89,4,214,
4-21,10:6:38,36,36,12.89,4,214,
4-21,10:6:38,37,37,12.89,4,214,
4-21,10:6:39,36,36,12.88,4,214,
4-21,10:6:39,36,36,12.9,4,214,
4-21,10:6:40,36,36,12.91,4,214,
4-21,10:6:40,36,36,12.89,4,214,
4-21,10:6:41,36,36,12.91,4,214,
4-21,10:6:41,35,35,12.91,4,214,
4-21,10:6:42,36,36,12.89,4,214,
4-21,10:6:42,36,36,12.91,4,214,
4-21,10:6:43,36,36,12.91,4,214,
4-21,10:6:43,34,34,12.9,4,214,
4-21,10:6:44,35,35,12.9,4,214,
4-21,10:6:44,35,35,12.9,4,214,
4-21,10:6:45,35,35,12.9,4,214,
4-21,10:6:45,36,36,12.92,4,214,
4-21,10:6:46,34,34,12.89,4,214,
4-21,10:6:46,34,34,12.89,4,214,
4-21,10:6:47,34,34,12.9,4,214,
4-21,10:6:47,35,35,12.91,4,214,
4-21,10:6:48,34,34,12.9,4,214,
4-21,10:6:48,35,35,12.87,4,214,
4-21,10:6:49,35,35,12.91,4,214,
4-21,10:6:49,34,34,12.88,4,214,
4-21,10:6:50,36,36,12.92,4,214,
4-21,10:6:50,35,35,12.91,4,214,
4-21,10:6:51,35,35,12.9,4,214,
4-21,10:6:51,36,36,12.92,4,214,
4-21,10:6:52,36,36,12.92,4,214,
4-21,10:6:52,35,35,12.91,4,214,
4-21,10:6:53,36,36,12.9,4,214,
4-21,10:6:53,34,34,12.89,4,214,
4-21,10:6:54,36,36,12.92,4,214,
4-21,10:6:54,35,35,12.88,4,214,
4-21,10:6:55,36,36,12.91,4,214,
4-21,10:6:55,36,36,12.9,4,214,
4-21,10:6:56,37,37,12.93,4,214,
4-21,10:6:56,37,37,12.9,4,214,
4-21,10:6:57,36,36,12.9,4,214,
4-21,10:6:57,37,37,12.88,4,214,
4-21,10:6:58,37,37,12.89,4,214,
4-21,10:6:58,38,38,12.92,4,214,
4-21,10:6:59,37,37,12.89,4,214,
4-21,10:6:59,37,37,12.89,4,214,
4-21,10:7:0,37,37,12.89,4,214,
4-21,10:7:0,37,37,12.89,4,214,
4-21,10:7:1,38,38,12.9,4,214,
4-21,10:7:1,38,38,12.89,4,214,
4-21,10:7:2,37,37,12.87,4,214,
4-21,10:7:2,39,39,12.91,4,214,
4-21,10:7:3,38,38,12.88,4,214,
4-21,10:7:3,38,38,12.89,4,214,
4-21,10:7:4,39,39,12.88,4,214,
4-21,10:7:4,39,39,12.89,4,214,
4-21,10:7:5,40,40,12.9,4,214,
4-21,10:7:5,39,39,12.89,4,214,
4-21,10:7:6,39,39,12.89,4,214,
4-21,10:7:6,39,39,12.88,4,214,
4-21,10:7:7,41,41,12.91,4,214,
4-21,10:7:7,41,41,12.91,4,214,
4-21,10:7:8,39,39,12.87,4,214,
4-21,10:7:8,40,40,12.91,4,214,
4-21,10:7:9,39,39,12.85,4,214,
4-21,10:7:9,39,39,12.89,4,214,
4-21,10:7:10,39,39,12.88,4,214,
4-21,10:7:10,38,38,12.87,4,214,
4-21,10:7:11,39,39,12.89,4,214,
4-21,10:7:11,40,40,12.91,4,214,
4-21,10:7:12,40,40,12.9,4,214,
4-21,10:7:12,40,40,12.92,4,214,
4-21,10:7:13,39,39,12.9,4,214,
4-21,10:7:13,39,39,12.89,4,214,
4-21,10:7:14,41,41,12.93,4,214,
4-21,10:7:14,38,38,12.89,4,214,
4-21,10:7:15,40,40,12.91,4,214,
4-21,10:7:15,39,39,12.89,4,214,
4-21,10:7:16,39,39,12.9,4,214,
4-21,10:7:16,39,39,12.9,4,214,
4-21,10:7:17,38,38,12.88,4,214,
4-21,10:7:17,40,40,12.91,4,214,
4-21,10:7:18,38,38,12.89,4,214,
4-21,10:7:18,39,39,12.91,4,214,
4-21,10:7:19,38,38,12.88,4,214,
4-21,10:7:19,39,39,12.91,4,214,
4-21,10:7:20,40,40,12.9,4,214,
4-21,10:7:20,40,40,12.9,4,214,
4-21,10:7:21,41,41,12.92,4,214,
4-21,10:7:21,39,39,12.9,4,214,
4-21,10:7:22,39,39,12.88,4,214,
4-21,10:7:22,39,39,12.89,4,214,
4-21,10:7:23,39,39,12.89,4,214,
4-21,10:7:23,42,42,12.94,4,214,
4-21,10:7:24,38,38,12.88,4,214,
4-21,10:7:24,40,40,12.91,4,214,
4-21,10:7:25,40,40,12.91,4,214,
4-21,10:7:25,40,40,12.92,4,214,
4-21,10:7:26,39,39,12.88,4,214,
4-21,10:7:26,38,38,12.88,4,214,
4-21,10:7:27,40,40,12.92,4,214,
4-21,10:7:27,39,39,12.88,4,214,
4-21,10:7:28,41,41,12.91,4,214,
4-21,10:7:28,40,40,12.89,4,214,
4-21,10:7:29,40,40,12.89,4,214,
4-21,10:7:29,41,41,12.91,4,214,
4-21,10:7:30,41,41,12.91,4,214,
4-21,10:7:30,42,42,12.89,4,214,
4-21,10:7:31,42,42,12.9,4,214,
4-21,10:7:31,41,41,12.86,4,214,
4-21,10:7:32,43,43,12.91,4,214,
4-21,10:7:32,45,45,12.93,4,214,
4-21,10:7:33,44,44,12.9,4,214,
4-21,10:7:33,44,44,12.9,4,214,
4-21,10:7:34,44,44,12.88,4,214,
4-21,10:7:34,45,45,12.91,4,214,
4-21,10:7:35,45,45,12.9,4,214,
4-21,10:7:35,46,46,12.9,4,214,
4-21,10:7:36,46,46,12.9,4,214,
4-21,10:7:36,47,47,12.88,4,214,
4-21,10:7:37,48,48,12.88,4,214,
4-21,10:7:37,49,49,12.89,4,214,
4-21,10:7:38,49,49,12.89,4,214,
4-21,10:7:38,50,50,12.89,4,214,
4-21,10:7:39,49,49,12.89,4,214,
4-21,10:7:39,49,49,12.88,4,214,
4-21,10:7:40,48,48,12.84,4,214,
4-21,10:7:40,49,49,12.86,4,214,
4-21,10:7:41,49,49,12.86,4,214,
4-21,10:7:41,51,51,12.83,4,214,
4-21,10:7:42,50,50,12.87,4,214,
4-21,10:7:42,51,51,12.88,4,214,
4-21,10:7:43,52,52,12.86,4,214,
4-21,10:7:43,51,51,12.85,4,214,
4-21,10:7:44,52,52,12.84,4,214,
4-21,10:7:44,51,51,12.83,4,214,
4-21,10:7:45,51,51,12.83,4,214,
4-21,10:7:45,52,52,12.8,4,214,
4-21,10:7:46,53,53,12.83,4,214,
4-21,10:7:46,55,55,12.86,4,214,
4-21,10:7:47,54,54,12.83,4,214,
4-21,10:7:47,55,55,12.85,4,214,
4-21,10:7:48,54,54,12.83,4,214,
4-21,10:7:48,55,55,12.82,4,214,
4-21,10:7:49,55,55,12.82,4,214,
4-21,10:7:49,54,54,12.79,4,214,
4-21,10:7:50,56,56,12.81,4,214,
4-21,10:7:50,55,55,12.8,4,214,
4-21,10:7:51,55,55,12.85,4,214,
4-21,10:7:51,57,57,12.84,4,214,
4-21,10:7:52,56,56,12.82,4,214,
4-21,10:7:52,56,56,12.85,4,214,
4-21,10:7:53,57,57,12.84,4,214,
4-21,10:7:53,56,56,12.82,4,214,
4-21,10:7:54,56,56,12.82,4,214,
4-21,10:7:54,57,57,12.83,4,214,
4-21,10:7:55,56,56,12.8,4,214,
4-21,10:7:55,57,57,12.83,4,214,
4-21,10:7:56,57,57,12.82,4,214,
4-21,10:7:56,57,57,12.84,4,214,
4-21,10:7:57,56,56,12.81,4,214,
4-21,10:7:57,57,57,12.83,4,214,
4-21,10:7:58,57,57,12.85,4,214,
4-21,10:7:58,56,56,12.83,4,214,
4-21,10:7:59,57,57,12.84,4,214,
4-21,10:7:59,58,58,12.84,4,214,
4-21,10:8:0,56,56,12.86,4,214,
4-21,10:8:0,56,56,12.82,4,214,
4-21,10:8:1,57,57,12.84,4,214,
4-21,10:8:1,58,58,12.83,4,214,
4-21,10:8:2,57,57,12.84,4,214,
4-21,10:8:2,56,56,12.83,4,214,
4-21,10:8:3,56,56,12.81,4,214,
4-21,10:8:3,56,56,12.81,4,214,
4-21,10:8:4,57,57,12.84,4,214,
4-21,10:8:4,57,57,12.85,4,214,
4-21,10:8:5,55,55,12.81,4,214,
4-21,10:8:5,57,57,12.84,4,214,
4-21,10:8:6,56,56,12.82,4,214,
4-21,10:8:6,57,57,12.84,4,214,
4-21,10:8:7,56,56,12.81,4,214,
4-21,10:8:7,58,58,12.84,4,214,
4-21,10:8:8,56,56,12.84,4,214,
4-21,10:8:8,57,57,12.85,4,214,
4-21,10:8:9,57,57,12.84,4,214,
4-21,10:8:9,58,58,12.84,4,214,
4-21,10:8:10,56,56,12.82,4,214,
4-21,10:8:10,57,57,12.83,4,214,
4-21,10:8:11,57,57,12.81,4,214,
4-21,10:8:11,59,59,12.87,4,214,
4-21,10:8:12,58,58,12.84,4,214,
4-21,10:8:12,57,57,12.83,4,214,
4-21,10:8:13,57,57,12.83,4,214,
4-21,10:8:13,58,58,12.85,4,214,
4-21,10:8:14,58,58,12.84,4,214,
4-21,10:8:14,58,58,12.81,4,214,
4-21,10:8:15,59,59,12.84,4,214,
4-21,10:8:15,59,59,12.85,4,214,
4-21,10:8:16,59,59,12.84,4,214,
4-21,10:8:16,57,57,12.82,4,214,
4-21,10:8:17,58,58,12.81,4,214,
4-21,10:8:17,58,58,12.83,4,214,
4-21,10:8:18,57,57,12.81,4,214,
4-21,10:8:18,59,59,12.86,4,214,
4-21,10:8:19,58,58,12.82,4,214,
4-21,10:8:19,58,58,12.84,4,214,
4-21,10:8:20,58,58,12.83,4,214,
4-21,10:8:20,58,58,12.81,4,214,
4-21,10:8:21,58,58,12.83,4,214,
4-21,10:8:21,58,58,12.87,4,214,
4-21,10:8:22,58,58,12.82,4,214,
4-21,10:8:22,58,58,12.83,4,214,
4-21,10:8:23,58,58,12.82,4,214,
4-21,10:8:23,58,58,12.81,4,214,
4-21,10:8:24,58,58,12.87,4,214,
4-21,10:8:24,59,59,12.87,4,214,
4-21,10:8:25,58,58,12.85,4,214,
4-21,10:8:25,58,58,12.84,4,214,
4-21,10:8:26,58,58,12.85,4,214,
4-21,10:8:26,57,57,12.81,4,214,
4-21,10:8:27,58,58,12.81,4,214,
4-21,10:8:27,59,59,12.83,4,214,
4-21,10:8:28,59,59,12.81,4,214,
4-21,10:8:28,59,59,12.84,4,214,
4-21,10:8:29,59,59,12.83,4,214,
4-21,10:8:29,59,59,12.84,4,214,
4-21,10:8:30,59,59,12.84,4,214,
4-21,10:8:30,58,58,12.8,4,214,
4-21,10:8:31,59,59,12.8,4,214,
4-21,10:8:31,60,60,12.84,4,214,
4-21,10:8:32,60,60,12.83,4,214,
4-21,10:8:32,59,59,12.8,4,214,
4-21,10:8:33,61,61,12.85,4,214,
4-21,10:8:33,60,60,12.84,4,214,
4-21,10:8:34,61,61,12.82,4,214,
4-21,10:8:34,60,60,12.83,4,214,
4-21,10:8:35,60,60,12.79,4,214,
4-21,10:8:35,59,59,12.82,4,214,
4-21,10:8:36,60,60,12.84,4,214,
4-21,10:8:36,59,59,12.84,4,214,
4-21,10:8:37,59,59,12.84,4,214,
4-21,10:8:37,58,58,12.84,4,214,
4-21,10:8:38,58,58,12.84,4,214,
4-21,10:8:38,60,60,12.88,4,214,
4-21,10:8:39,59,59,12.84,4,214,
4-21,10:8:39,59,59,12.83,4,214,
4-21,10:8:40,58,58,12.84,4,214,
4-21,10:8:40,59,59,12.86,4,214,
4-21,10:8:41,59,59,12.83,4,214,
4-21,10:8:41,60,60,12.88,4,214,
4-21,10:8:42,59,59,12.84,4,214,
4-21,10:8:42,60,60,12.85,4,214,
4-21,10:8:43,59,59,12.88,4,214,
4-21,10:8:43,60,60,12.9,4,214,
4-21,10:8:44,59,59,12.85,4,214,
4-21,10:8:44,57,57,12.82,4,214,
4-21,10:8:45,59,59,12.89,4,214,
4-21,10:8:45,60,60,12.9,4,214,
4-21,10:8:46,59,59,12.91,4,214,
4-21,10:8:46,58,58,12.86,4,214,
4-21,10:8:47,59,59,12.88,4,214,
4-21,10:8:47,58,58,12.86,4,214,
4-21,10:8:48,56,56,12.86,4,214,
4-21,10:8:48,58,58,12.9,4,214,
4-21,10:8:49,55,55,12.85,4,214,
4-21,10:8:49,57,57,12.89,4,214,
4-21,10:8:50,57,57,12.88,4,214,
4-21,10:8:50,57,57,12.83,4,214,
4-21,10:8:51,58,58,12.85,4,214,
4-21,10:8:51,57,57,12.91,4,214,
4-21,10:8:52,58,58,12.92,4,214,
4-21,10:8:52,58,58,12.91,4,214,
4-21,10:8:53,58,58,12.9,4,214,
4-21,10:8:53,59,59,12.9,4,214,
4-21,10:8:54,58,58,12.84,4,214,
4-21,10:8:54,57,57,12.9,4,214,
4-21,10:8:55,58,58,12.84,4,214,
4-21,10:8:55,57,57,12.89,4,214,
4-21,10:8:56,57,57,12.89,4,214,
4-21,10:8:56,58,58,12.85,4,214,
4-21,10:8:57,58,58,12.88,4,214,
4-21,10:8:57,57,57,12.83,4,214,
4-21,10:8:58,58,58,12.88,4,214,
4-21,10:8:58,59,59,12.87,4,214,
4-21,10:8:59,58,58,12.86,4,214,
4-21,10:8:59,59,59,12.88,4,214,
4-21,10:9:0,58,58,12.85,4,214,
4-21,10:9:0,57,57,12.87,4,214,
4-21,10:9:1,57,57,12.83,4,214,
4-21,10:9:1,58,58,12.86,4,214,
4-21,10:9:2,59,59,12.86,4,214,
4-21,10:9:2,59,59,12.85,4,214,
4-21,10:9:3,60,60,12.9,4,214,
4-21,10:9:3,58,58,12.93,4,214,
4-21,10:9:4,58,58,12.86,4,214,
4-21,10:9:4,58,58,12.86,4,214,
4-21,10:9:5,60,60,12.88,4,214,
4-21,10:9:5,59,59,12.89,4,214,
4-21,10:9:6,59,59,12.86,4,214,
4-21,10:9:6,59,59,12.86,4,214,
4-21,10:9:7,60,60,12.9,4,214,
4-21,10:9:7,59,59,12.86,4,214,
4-21,10:9:8,58,58,12.82,4,214,
4-21,10:9:8,58,58,12.87,4,214,
4-21,10:9:9,60,60,12.91,4,214,
4-21,10:9:9,59,59,12.87,4,214,
4-21,10:9:10,58,58,12.87,4,214,
4-21,10:9:10,58,58,12.84,4,214,
4-21,10:9:11,58,58,12.87,4,214,
4-21,10:9:11,59,59,12.88,4,214,
4-21,10:9:12,60,60,12.88,4,214,
4-21,10:9:12,59,59,12.88,4,214,
4-21,10:9:13,58,58,12.86,4,214,
4-21,10:9:13,60,60,12.88,4,214,
4-21,10:9:14,58,58,12.86,4,214,
4-21,10:9:14,60,60,12.89,4,214,
4-21,10:9:15,59,59,12.85,4,214,
4-21,10:9:15,60,60,12.91,4,214,
4-21,10:9:16,59,59,12.86,4,214,
4-21,10:9:16,60,60,12.88,4,214,
4-21,10:9:17,61,61,12.89,4,214,
4-21,10:9:17,60,60,12.89,4,214,
4-21,10:9:18,59,59,12.84,4,214,
4-21,10:9:18,60,60,12.88,4,214,
4-21,10:9:19,60,60,12.89,4,214,
4-21,10:9:19,60,60,12.88,4,214,
4-21,10:9:20,61,61,12.89,4,214,
4-21,10:9:20,61,61,12.89,4,214,
4-21,10:9:21,62,62,12.9,4,214,
4-21,10:9:21,60,60,12.86,4,214,
4-21,10:9:22,61,61,12.88,4,214,
4-21,10:9:22,59,59,12.83,4,214,
4-21,10:9:23,60,60,12.85,4,214,
4-21,10:9:23,61,61,12.89,4,214,
4-21,10:9:24,60,60,12.86,4,214,
4-21,10:9:24,61,61,12.88,4,214,
4-21,10:9:25,60,60,12.85,4,214,
4-21,10:9:25,61,61,12.89,4,214,
4-21,10:9:26,59,59,12.86,4,214,
4-21,10:9:26,60,60,12.85,4,214,
4-21,10:9:27,59,59,12.85,4,214,
4-21,10:9:27,61,61,12.91,4,214,
4-21,10:9:28,60,60,12.85,4,214,
4-21,10:9:28,61,61,12.9,4,214,
4-21,10:9:29,60,60,12.84,4,214,
4-21,10:9:29,60,60,12.87,4,214,
4-21,10:9:30,60,60,12.87,4,214,
4-21,10:9:30,59,59,12.85,4,214,
4-21,10:9:31,59,59,12.85,4,214,
4-21,10:9:31,60,60,12.87,4,214,
4-21,10:9:32,60,60,12.88,4,214,
4-21,10:9:32,61,61,12.94,4,214,
4-21,10:9:33,62,62,12.96,4,214,
4-21,10:9:33,61,61,12.89,4,214,
4-21,10:9:34,60,60,12.88,4,214,
4-21,10:9:34,61,61,12.92,4,214,
4-21,10:9:35,61,61,12.88,4,214,
4-21,10:9:35,61,61,12.91,4,214,
4-21,10:9:36,61,61,12.91,4,214,
4-21,10:9:36,60,60,12.87,4,214,
4-21,10:9:37,60,60,12.88,4,214,
4-21,10:9:37,61,61,12.89,4,214,
4-21,10:9:38,60,60,12.87,4,214,
4-21,10:9:38,60,60,12.86,4,214,
4-21,10:9:39,61,61,12.92,4,214,
4-21,10:9:39,61,61,12.9,4,214,
4-21,10:9:40,60,60,12.88,4,214,
4-21,10:9:40,61,61,12.95,4,214,
4-21,10:9:41,60,60,12.87,4,214,
4-21,10:9:41,59,59,12.89,4,214,
4-21,10:9:42,59,59,12.87,4,214,
4-21,10:9:42,59,59,12.84,4,214,
4-21,10:9:43,60,60,12.92,4,214,
4-21,10:9:43,59,59,12.88,4,214,
4-21,10:9:44,59,59,12.86,4,214,
4-21,10:9:44,60,60,12.89,4,214,
4-21,10:9:45,60,60,12.92,4,214,
4-21,10:9:45,59,59,12.88,4,214,
4-21,10:9:46,60,60,12.87,4,214,
4-21,10:9:46,59,59,12.88,4,214,
4-21,10:9:47,60,60,12.86,4,214,
4-21,10:9:47,59,59,12.9,4,214,
4-21,10:9:48,60,60,12.87,4,214,
4-21,10:9:48,60,60,12.87,4,214,
4-21,10:9:49,58,58,12.85,4,214,
4-21,10:9:49,59,59,12.89,4,214,
4-21,10:9:50,59,59,12.88,4,214,
4-21,10:9:50,59,59,12.87,4,214,
4-21,10:9:51,60,60,12.92,4,214,
4-21,10:9:51,60,60,12.88,4,214,
4-21,10:9:52,58,58,12.84,4,214,
4-21,10:9:52,60,60,12.91,4,214,
4-21,10:9:53,59,59,12.87,4,214,
4-21,10:9:53,59,59,12.86,4,214,
4-21,10:9:54,61,61,12.94,4,214,
4-21,10:9:54,59,59,12.87,4,214,
4-21,10:9:55,59,59,12.84,4,214,
4-21,10:9:55,59,59,12.89,4,214,
4-21,10:9:56,60,60,12.87,4,214,
4-21,10:9:56,61,61,12.91,4,214,
4-21,10:9:57,61,61,12.9,4,214,
4-21,10:9:57,60,60,12.89,4,214,
4-21,10:9:58,59,59,12.87,4,214,
4-21,10:9:58,60,60,12.9,4,214,
4-21,10:9:59,59,59,12.85,4,214,
4-21,10:9:59,60,60,12.86,4,214,
4-21,10:10:0,59,59,12.84,4,214,
4-21,10:10:0,60,60,12.89,4,214,
4-21,10:10:1,60,60,12.88,4,214,
4-21,10:10:1,59,59,12.86,4,214,
4-21,10:10:2,60,60,12.86,4,214,
4-21,10:10:2,60,60,12.94,4,214,
4-21,10:10:3,59,59,12.83,4,214,
4-21,10:10:3,59,59,12.89,4,214,
4-21,10:10:4,58,58,12.82,4,214,
4-21,10:10:4,59,59,12.83,4,214,
4-21,10:10:5,59,59,12.86,4,214,
4-21,10:10:5,58,58,12.83,4,214,
4-21,10:10:6,59,59,12.87,4,214,
4-21,10:10:6,58,58,12.84,4,214,
4-21,10:10:7,59,59,12.84,4,214,
4-21,10:10:7,60,60,12.91,4,214,
4-21,10:10:8,58,58,12.84,4,214,
4-21,10:10:8,60,60,12.88,4,214,
4-21,10:10:9,60,60,12.88,4,214,
4-21,10:10:9,59,59,12.84,4,214,
4-21,10:10:10,59,59,12.85,4,214,
4-21,10:10:10,60,60,12.86,4,214,
4-21,10:10:11,59,59,12.88,4,214,
4-21,10:10:11,57,57,12.8,4,214,
4-21,10:10:12,59,59,12.88,4,214,
4-21,10:10:12,59,59,12.83,4,214,
4-21,10:10:13,59,59,12.88,4,214,
4-21,10:10:13,58,58,12.84,4,214,
4-21,10:10:14,61,61,12.92,4,214,
4-21,10:10:14,61,61,12.88,4,214,
4-21,10:10:15,61,61,12.88,4,214,
4-21,10:10:15,60,60,12.87,4,214,
4-21,10:10:16,60,60,12.89,4,214,
4-21,10:10:16,60,60,12.85,4,214,
4-21,10:10:17,61,61,12.87,4,214,
4-21,10:10:17,61,61,12.87,4,214,
4-21,10:10:18,61,61,12.87,4,214,
4-21,10:10:18,62,62,12.89,4,214,
4-21,10:10:19,61,61,12.9,4,214,
4-21,10:10:19,61,61,12.88,4,214,
4-21,10:10:20,61,61,12.83,4,214,
4-21,10:10:20,62,62,12.89,4,214,
4-21,10:10:21,62,62,12.93,4,214,
4-21,10:10:21,61,61,12.91,4,214,
4-21,10:10:22,61,61,12.88,4,214,
4-21,10:10:22,61,61,12.92,4,214,
4-21,10:10:23,61,61,12.88,4,214,
4-21,10:10:23,62,62,12.88,4,214,
4-21,10:10:24,61,61,12.85,4,214,
4-21,10:10:24,60,60,12.81,4,214,
4-21,10:10:25,60,60,12.91,4,214,
4-21,10:10:25,59,59,12.84,4,214,
4-21,10:10:26,59,59,12.89,4,214,
4-21,10:10:26,60,60,12.9,4,214,
4-21,10:10:27,59,59,12.83,4,214,
4-21,10:10:27,59,59,12.84,4,214,
4-21,10:10:28,60,60,12.88,4,214,
4-21,10:10:28,61,61,12.82,4,214,
4-21,10:10:29,61,61,12.89,4,214,
4-21,10:10:29,61,61,12.82,4,214,
4-21,10:10:30,62,62,12.82,4,214,
4-21,10:10:30,60,60,12.81,4,214,
4-21,10:10:31,62,62,12.83,4,214,
4-21,10:10:31,61,61,12.83,4,214,
4-21,10:10:32,62,62,12.87,4,214,
4-21,10:10:32,61,61,12.81,4,214,
4-21,10:10:33,61,61,12.8,4,214,
4-21,10:10:33,62,62,12.82,4,214,
4-21,10:10:34,62,62,12.83,4,214,
4-21,10:10:34,62,62,12.77,4,214,
4-21,10:10:35,61,61,12.76,4,214,
4-21,10:10:35,59,59,12.78,4,214,
4-21,10:10:36,61,61,12.79,4,214,
4-21,10:10:36,57,57,12.7,4,214,
4-21,10:10:37,60,60,12.76,4,214,
4-21,10:10:37,59,59,12.85,4,214,
4-21,10:10:38,60,60,12.83,4,214,
4-21,10:10:38,56,56,12.82,4,214,
4-21,10:10:39,58,58,12.81,4,214,
4-21,10:10:39,57,57,12.74,4,214,
4-21,10:10:40,57,57,12.81,4,214,
4-21,10:10:40,58,58,12.82,4,214,
4-21,10:10:41,58,58,12.75,4,214,
4-21,10:10:41,57,57,12.78,4,214,
4-21,10:10:42,57,57,12.8,4,214,
4-21,10:10:42,56,56,12.8,4,214,
4-21,10:10:43,57,57,12.81,4,214,
4-21,10:10:43,56,56,12.78,4,214,
4-21,10:10:44,55,55,12.75,4,214,
4-21,10:10:44,57,57,12.78,4,214,
4-21,10:10:45,57,57,12.73,4,214,
4-21,10:10:45,56,56,12.77,4,214,
4-21,10:10:46,55,55,12.77,4,214,
4-21,10:10:46,54,54,12.79,4,214,
4-21,10:10:47,54,54,12.8,4,214,
4-21,10:10:47,55,55,12.78,4,214,
4-21,10:10:48,54,54,12.74,4,214,
4-21,10:10:48,55,55,12.78,4,214,
4-21,10:10:49,54,54,12.76,4,214,
4-21,10:10:49,53,53,12.78,4,214,
4-21,10:10:50,54,54,12.77,4,214,
4-21,10:10:50,54,54,12.8,4,214,
4-21,10:10:51,51,51,12.78,4,214,
4-21,10:10:51,52,52,12.79,4,214,
4-21,10:10:52,51,51,12.76,4,214,
4-21,10:10:52,51,51,12.75,4,214,
4-21,10:10:53,51,51,12.77,4,214,
4-21,10:10:53,50,50,12.75,4,214,
4-21,10:10:54,52,52,12.72,4,214,
4-21,10:10:54,51,51,12.74,4,214,
4-21,10:10:55,51,51,12.76,4,214,
4-21,10:10:55,53,53,12.75,4,214,
4-21,10:10:56,51,51,12.75,4,214,
4-21,10:10:56,52,52,12.75,4,214,
4-21,10:10:57,50,50,12.71,4,214,
4-21,10:10:57,53,53,12.81,4,214,
4-21,10:10:58,53,53,12.79,4,214,
4-21,10:10:58,51,51,12.74,4,214,
4-21,10:10:59,51,51,12.75,4,214,
4-21,10:10:59,50,50,12.76,4,214,
4-21,10:11:0,52,52,12.73,4,214,
4-21,10:11:0,53,53,12.79,4,214,
4-21,10:11:1,52,52,12.76,4,214,
4-21,10:11:1,51,51,12.73,4,214,
4-21,10:11:2,51,51,12.76,4,214,
4-21,10:11:2,50,50,12.77,4,214,
4-21,10:11:3,49,49,12.73,4,214,
4-21,10:11:3,47,47,12.79,4,214,
4-21,10:11:4,49,49,12.73,4,214,
4-21,10:11:4,51,51,12.77,4,214,
4-21,10:11:5,47,47,12.73,4,214,
4-21,10:11:5,49,49,12.72,4,214,
4-21,10:11:6,49,49,12.73,4,214,
4-21,10:11:6,48,48,12.77,4,214,
4-21,10:11:7,48,48,12.74,4,214,
4-21,10:11:7,48,48,12.72,4,214,
4-21,10:11:8,46,46,12.74,4,214,
4-21,10:11:8,49,49,12.78,4,214,
4-21,10:11:9,49,49,12.74,4,214,
4-21,10:11:9,50,50,12.75,4,214,
4-21,10:11:10,47,47,12.73,4,214,
4-21,10:11:10,49,49,12.75,4,214,
4-21,10:11:11,48,48,12.75,4,214,
4-21,10:11:11,47,47,12.79,4,214,
4-21,10:11:12,46,46,12.72,4,214,
4-21,10:11:12,46,46,12.74,4,214,
4-21,10:11:13,46,46,12.72,4,214,
4-21,10:11:13,45,45,12.75,4,214,
4-21,10:11:14,45,45,12.78,4,214,
4-21,10:11:14,45,45,12.76,4,214,
4-21,10:11:15,44,44,12.73,4,214,
4-21,10:11:15,45,45,12.75,4,214,
4-21,10:11:16,46,46,12.78,4,214,
4-21,10:11:16,46,46,12.79,4,214,
4-21,10:11:17,44,44,12.78,4,214,
4-21,10:11:17,43,43,12.74,4,214,
4-21,10:11:18,45,45,12.76,4,214,
4-21,10:11:18,42,42,12.75,4,214,
4-21,10:11:19,43,43,12.71,4,214,
4-21,10:11:19,44,44,12.76,4,214,
4-21,10:11:20,42,42,12.75,4,214,
4-21,10:11:20,44,44,12.74,4,214,
4-21,10:11:21,43,43,12.75,4,214,
4-21,10:11:21,42,42,12.75,4,214,
4-21,10:11:22,43,43,12.77,4,214,
4-21,10:11:22,43,43,12.73,4,214,
4-21,10:11:23,43,43,12.72,4,214,
4-21,10:11:23,43,43,12.77,4,214,
4-21,10:11:24,44,44,12.77,4,214,
4-21,10:11:24,43,43,12.75,4,214,
4-21,10:11:25,41,41,12.74,4,214,
4-21,10:11:25,42,42,12.75,4,214,
4-21,10:11:26,42,42,12.72,4,214,
4-21,10:11:26,40,40,12.72,4,214,
4-21,10:11:27,42,42,12.75,4,214,
4-21,10:11:27,40,40,12.73,4,214,
4-21,10:11:28,40,40,12.73,4,214,
4-21,10:11:28,40,40,12.73,4,214,
4-21,10:11:29,40,40,12.71,4,214,
4-21,10:11:29,39,39,12.72,4,214,
4-21,10:11:30,40,40,12.73,4,214,
4-21,10:11:30,41,41,12.75,4,214,
4-21,10:11:31,40,40,12.74,4,214,
4-21,10:11:31,40,40,12.75,4,214,
4-21,10:11:32,37,37,12.73,4,214,
4-21,10:11:32,38,38,12.73,4,214,
4-21,10:11:33,39,39,12.72,4,214,
4-21,10:11:33,39,39,12.73,4,214,
4-21,10:11:34,39,39,12.76,4,214,
4-21,10:11:34,37,37,12.7,4,214,
4-21,10:11:35,37,37,12.72,4,214,
4-21,10:11:35,38,38,12.74,4,214,
4-21,10:11:36,37,37,12.73,4,214,
4-21,10:11:36,39,39,12.74,4,214,
4-21,10:11:37,37,37,12.75,4,214,
4-21,10:11:37,37,37,12.72,4,214,
4-21,10:11:38,37,37,12.73,4,214,
4-21,10:11:38,37,37,12.74,4,214,
4-21,10:11:39,39,39,12.73,4,214,
4-21,10:11:39,38,38,12.71,4,214,
4-21,10:11:40,37,37,12.73,4,214,
4-21,10:11:40,37,37,12.7,4,214,
4-21,10:11:41,40,40,12.74,4,214,
4-21,10:11:41,37,37,12.74,4,214,
4-21,10:11:42,38,38,12.72,4,214,
4-21,10:11:42,38,38,12.75,4,214,
4-21,10:11:43,37,37,12.74,4,214,
4-21,10:11:43,39,39,12.72,4,214,
4-21,10:11:44,39,39,12.73,4,214,
4-21,10:11:44,39,39,12.73,4,214,
4-21,10:11:45,41,41,12.74,4,214,
4-21,10:11:45,38,38,12.72,4,214,
4-21,10:11:46,39,39,12.74,4,214,
4-21,10:11:46,40,40,12.75,4,214,
4-21,10:11:47,40,40,12.77,4,214,
4-21,10:11:47,38,38,12.72,4,214,
4-21,10:11:48,40,40,12.73,4,214,
4-21,10:11:48,35,35,12.63,4,214,
4-21,10:11:49,40,40,12.74,4,214,
4-21,10:11:49,41,41,12.76,4,214,
4-21,10:11:50,39,39,12.75,4,214,
4-21,10:11:50,41,41,12.78,4,214,
4-21,10:11:51,39,39,12.74,4,214,
4-21,10:11:51,40,40,12.76,4,214,
4-21,10:11:52,40,40,12.77,4,214,
4-21,10:11:52,42,42,12.77,4,214,
4-21,10:11:53,40,40,12.76,4,214,
4-21,10:11:53,39,39,12.76,4,214,
4-21,10:11:54,39,39,12.75,4,214,
4-21,10:11:54,38,38,12.77,4,214,
4-21,10:11:55,39,39,12.73,4,214,
4-21,10:11:55,39,39,12.73,4,214,
4-21,10:11:56,39,39,12.72,4,214,
4-21,10:11:56,39,39,12.72,4,214,
4-21,10:11:57,38,38,12.73,4,214,
4-21,10:11:57,40,40,12.76,4,214,
4-21,10:11:58,39,39,12.74,4,214,
4-21,10:11:58,39,39,12.75,4,214,
4-21,10:11:59,39,39,12.72,4,214,
4-21,10:11:59,40,40,12.76,4,214,
4-21,10:12:0,40,40,12.77,4,214,
4-21,10:12:0,39,39,12.73,4,214,
4-21,10:12:1,39,39,12.74,4,214,
4-21,10:12:1,39,39,12.76,4,214,
4-21,10:12:2,41,41,12.74,4,214,
4-21,10:12:2,39,39,12.72,4,214,
4-21,10:12:3,39,39,12.72,4,214,
4-21,10:12:3,40,40,12.69,4,214,
4-21,10:12:4,39,39,12.71,4,214,
4-21,10:12:4,40,40,12.74,4,214,
4-21,10:12:5,41,41,12.74,4,214,
4-21,10:12:5,40,40,12.76,4,214,
4-21,10:12:6,39,39,12.74,4,214,
4-21,10:12:6,41,41,12.74,4,214,
4-21,10:12:7,40,40,12.76,4,214,
4-21,10:12:7,42,42,12.77,4,214,
4-21,10:12:8,39,39,12.72,4,214,
4-21,10:12:8,39,39,12.76,4,214,
4-21,10:12:9,40,40,12.74,4,214,
4-21,10:12:9,41,41,12.76,4,214,
4-21,10:12:10,39,39,12.75,4,214,
4-21,10:12:10,43,43,12.78,4,214,
4-21,10:12:11,39,39,12.73,4,214,
4-21,10:12:11,39,39,12.76,4,214,
4-21,10:12:12,42,42,12.75,4,214,
4-21,10:12:12,41,41,12.76,4,214,
4-21,10:12:13,41,41,12.76,4,214,
4-21,10:12:13,39,39,12.71,4,214,
4-21,10:12:14,41,41,12.75,4,214,
4-21,10:12:14,40,40,12.76,4,214,
4-21,10:12:15,39,39,12.72,4,214,
4-21,10:12:15,38,38,12.72,4,214,
4-21,10:12:16,38,38,12.74,4,214,
4-21,10:12:16,39,39,12.72,4,214,
4-21,10:12:17,40,40,12.75,4,214,
4-21,10:12:17,39,39,12.78,4,214,
4-21,10:12:18,36,36,12.66,4,214,
4-21,10:12:18,39,39,12.75,4,214,
4-21,10:12:19,36,36,12.72,4,214,
4-21,10:12:19,39,39,12.73,4,214,
4-21,10:12:20,40,40,12.75,4,214,
4-21,10:12:20,38,38,12.71,4,214,
4-21,10:12:21,40,40,12.74,4,214,
4-21,10:12:21,40,40,12.71,4,214,
4-21,10:12:22,40,40,12.73,4,214,
4-21,10:12:22,40,40,12.76,4,214,
4-21,10:12:23,38,38,12.71,4,214,
4-21,10:12:23,40,40,12.76,4,214,
4-21,10:12:24,39,39,12.75,4,214,
4-21,10:12:24,39,39,12.79,4,214,
4-21,10:12:25,39,39,12.77,4,214,
4-21,10:12:25,37,37,12.75,4,214,
4-21,10:12:26,39,39,12.75,4,214,
4-21,10:12:26,39,39,12.72,4,214,
4-21,10:12:27,39,39,12.72,4,214,
4-21,10:12:27,40,40,12.76,4,214,
4-21,10:12:28,41,41,12.7,4,214,
4-21,10:12:28,40,40,12.72,4,214,
4-21,10:12:29,42,42,12.73,4,214,
4-21,10:12:29,41,41,12.65,4,214,
4-21,10:12:30,44,44,12.72,4,214,
4-21,10:12:30,42,42,12.72,4,214,
4-21,10:12:31,45,45,12.76,4,214,
4-21,10:12:31,43,43,12.7,4,214,
4-21,10:12:32,43,43,12.73,4,214,
4-21,10:12:32,40,40,12.74,4,214,
4-21,10:12:33,40,40,12.73,4,214,
4-21,10:12:33,43,43,12.78,4,214,
4-21,10:12:34,41,41,12.75,4,214,
4-21,10:12:34,42,42,12.76,4,214,
4-21,10:12:35,43,43,12.76,4,214,
4-21,10:12:35,41,41,12.74,4,214,
4-21,10:12:36,42,42,12.73,4,214,
4-21,10:12:36,42,42,12.71,4,214,
4-21,10:12:37,40,40,12.7,4,214,
4-21,10:12:37,40,40,12.74,4,214,
4-21,10:12:38,37,37,12.67,4,214,
4-21,10:12:38,40,40,12.75,4,214,
4-21,10:12:39,38,38,12.71,4,214,
4-21,10:12:39,39,39,12.69,4,214,
4-21,10:12:40,42,42,12.76,4,214,
4-21,10:12:40,41,41,12.6,4,214,
4-21,10:12:41,41,41,12.57,4,214,
4-21,10:12:41,40,40,12.69,4,214,
4-21,10:12:42,38,38,12.7,4,214,
4-21,10:12:42,39,39,12.7,4,214,
4-21,10:12:43,42,42,12.73,4,214,
4-21,10:12:43,42,42,12.75,4,214,
4-21,10:12:44,40,40,12.72,4,214,
4-21,10:12:44,40,40,12.74,4,214,
4-21,10:12:45,38,38,12.69,4,214,
4-21,10:12:45,39,39,12.73,4,214,
4-21,10:12:46,39,39,12.73,4,214,
4-21,10:12:46,40,40,12.74,4,214,
4-21,10:12:47,40,40,12.75,4,214,
4-21,10:12:47,40,40,12.75,4,214,
4-21,10:12:48,39,39,12.75,4,214,
4-21,10:12:48,38,38,12.73,4,214,
4-21,10:12:49,37,37,12.73,4,214,
4-21,10:12:49,38,38,12.77,4,214,
4-21,10:12:50,35,35,12.74,4,214,
4-21,10:12:50,37,37,12.75,4,214,
4-21,10:12:51,37,37,12.75,4,214,
4-21,10:12:51,37,37,12.75,4,214,
4-21,10:12:52,39,39,12.75,4,214,
4-21,10:12:52,38,38,12.73,4,214,
4-21,10:12:53,37,37,12.75,4,214,
4-21,10:12:53,37,37,12.73,4,214,
4-21,10:12:54,37,37,12.75,4,214,
4-21,10:12:54,36,36,12.74,4,214,
4-21,10:12:55,35,35,12.73,4,214,
4-21,10:12:55,36,36,12.74,4,214,
4-21,10:12:56,35,35,12.69,4,214,
4-21,10:12:56,35,35,12.73,4,214,
4-21,10:12:57,36,36,12.76,4,214,
4-21,10:12:57,35,35,12.75,4,214,
4-21,10:12:58,35,35,12.69,4,214,
4-21,10:12:58,35,35,12.74,4,214,
4-21,10:12:59,35,35,12.75,4,214,
4-21,10:12:59,36,36,12.75,4,214,
4-21,10:13:0,35,35,12.74,4,214,
4-21,10:13:0,32,32,12.73,4,214,
4-21,10:13:1,33,33,12.72,4,214,
4-21,10:13:1,34,34,12.76,4,214,
4-21,10:13:2,31,31,12.75,4,214,
4-21,10:13:2,34,34,12.77,4,214,
4-21,10:13:3,32,32,12.73,4,214,
4-21,10:13:3,32,32,12.75,4,214,
4-21,10:13:4,33,33,12.77,4,214,
4-21,10:13:4,32,32,12.72,4,214,
4-21,10:13:5,33,33,12.75,4,214,
4-21,10:13:5,32,32,12.75,4,214,
4-21,10:13:6,31,31,12.73,4,214,
4-21,10:13:6,31,31,12.76,4,214,
4-21,10:13:7,31,31,12.76,4,214,
4-21,10:13:7,32,32,12.76,4,214,
4-21,10:13:8,31,31,12.73,4,214,
4-21,10:13:8,32,32,12.74,4,214,
4-21,10:13:9,31,31,12.75,4,214,
4-21,10:13:9,32,32,12.73,4,214,
4-21,10:13:10,32,32,12.76,4,214,
4-21,10:13:10,31,31,12.64,4,214,
4-21,10:13:11,31,31,12.76,4,214,
4-21,10:13:11,31,31,12.75,4,214,
4-21,10:13:12,30,30,12.74,4,214,
4-21,10:13:12,32,32,12.76,4,214,
4-21,10:13:13,31,31,12.77,4,214,
4-21,10:13:13,29,29,12.74,4,214,
4-21,10:13:14,31,31,12.75,4,214,
4-21,10:13:14,31,31,12.77,4,214,
4-21,10:13:15,29,29,12.76,4,214,
4-21,10:13:15,31,31,12.76,4,214,
4-21,10:13:16,31,31,12.76,4,214,
4-21,10:13:16,30,30,12.73,4,214,
4-21,10:13:17,29,29,12.76,4,214,
4-21,10:13:17,29,29,12.75,4,214,
4-21,10:13:18,28,28,12.73,4,214,
4-21,10:13:18,28,28,12.44,4,214,
4-21,10:13:19,26,26,12.67,4,214,
4-21,10:13:19,24,24,12.5,4,214,
4-21,10:13:20,23,23,12.69,4,214,
4-21,10:13:20,26,26,12.74,4,214,
4-21,10:13:21,24,24,12.77,4,214,
4-21,10:13:21,24,24,12.76,4,214,
4-21,10:13:22,26,26,12.75,4,214,
4-21,10:13:22,27,27,12.76,4,214,
4-21,10:13:23,26,26,12.76,4,214,
4-21,10:13:23,28,28,12.76,4,214,
4-21,10:13:24,24,24,12.76,4,214,
4-21,10:13:24,24,24,12.78,4,214,
4-21,10:13:25,27,27,12.78,4,214,
4-21,10:13:25,26,26,12.78,4,214,
4-21,10:13:26,20,20,12.7,4,214,
4-21,10:13:26,24,24,12.77,4,214,
4-21,10:13:27,23,23,12.78,4,214,
4-21,10:13:27,22,22,12.77,4,214,
4-21,10:13:28,27,27,12.76,4,214,
4-21,10:13:28,24,24,12.76,4,214,
4-21,10:13:29,25,25,12.78,4,214,
4-21,10:13:29,23,23,12.73,4,214,
4-21,10:13:30,22,22,12.74,4,214,
4-21,10:13:30,23,23,12.75,4,214,
4-21,10:13:31,28,28,12.79,4,214,
4-21,10:13:31,25,25,12.76,4,214,
4-21,10:13:32,24,24,12.73,4,214,
4-21,10:13:32,27,27,12.78,4,214,
4-21,10:13:33,24,24,12.76,4,214,
4-21,10:13:33,26,26,12.76,4,214,
4-21,10:13:34,25,25,12.74,4,214,
4-21,10:13:34,26,26,12.75,4,214,
4-21,10:13:35,26,26,12.75,4,214,
4-21,10:13:35,29,29,12.78,4,214,
4-21,10:13:36,27,27,12.78,4,214,
4-21,10:13:36,25,25,12.77,4,214,
4-21,10:13:37,24,24,12.77,4,214,
4-21,10:13:37,26,26,12.75,4,214,
4-21,10:13:38,26,26,12.75,4,214,
4-21,10:13:38,26,26,12.77,4,214,
4-21,10:13:39,26,26,12.73,4,214,
4-21,10:13:39,26,26,12.74,4,214,
4-21,10:13:40,27,27,12.75,4,214,
4-21,10:13:40,26,26,12.75,4,214,
4-21,10:13:41,27,27,12.75,4,214,
4-21,10:13:41,25,25,12.75,4,214,
4-21,10:13:42,27,27,12.72,4,214,
4-21,10:13:42,26,26,12.73,4,214,
4-21,10:13:43,26,26,12.74,4,214,
4-21,10:13:43,27,27,12.74,4,214,
4-21,10:13:44,27,27,12.76,4,214,
4-21,10:13:44,26,26,12.73,4,214,
4-21,10:13:45,27,27,12.75,4,214,
4-21,10:13:45,29,29,12.77,4,214,
4-21,10:13:46,28,28,12.75,4,214,
4-21,10:13:46,30,30,12.75,4,214,
4-21,10:13:47,28,28,12.59,4,214,
4-21,10:13:47,29,29,12.73,4,214,
4-21,10:13:48,30,30,12.75,4,214,
4-21,10:13:48,29,29,12.76,4,214,
4-21,10:13:49,29,29,12.76,4,214,
4-21,10:13:49,29,29,12.75,4,214,
4-21,10:13:50,30,30,12.75,4,214,
4-21,10:13:50,31,31,12.76,4,214,
4-21,10:13:51,33,33,12.75,4,214,
4-21,10:13:51,32,32,12.75,4,214,
4-21,10:13:52,32,32,12.77,4,214,
4-21,10:13:52,32,32,12.74,4,214,
4-21,10:13:53,29,29,12.74,4,214,
4-21,10:13:53,30,30,12.75,4,214,
4-21,10:13:54,31,31,12.72,4,214,
4-21,10:13:54,31,31,12.78,4,214,
4-21,10:13:55,30,30,12.76,4,214,
4-21,10:13:55,30,30,12.72,4,214,
4-21,10:13:56,33,33,12.73,4,214,
4-21,10:13:56,32,32,12.73,4,214,
4-21,10:13:57,34,34,12.73,4,214,
4-21,10:13:57,33,33,12.72,4,214,
4-21,10:13:58,32,32,12.74,4,214,
4-21,10:13:58,33,33,12.66,4,214,
4-21,10:13:59,33,33,12.74,4,214,
4-21,10:13:59,31,31,12.76,4,214,
4-21,10:14:0,39,39,12.76,4,214,
4-21,10:14:0,32,32,12.74,4,214,
4-21,10:14:1,31,31,12.75,4,214,
4-21,10:14:1,31,31,12.66,4,214,
4-21,10:14:2,34,34,12.74,4,214,
4-21,10:14:2,32,32,12.75,4,214,
4-21,10:14:3,32,32,12.76,4,214,
4-21,10:14:3,31,31,12.75,4,214,
4-21,10:14:4,31,31,12.76,4,214,
4-21,10:14:4,32,32,12.73,4,214,
4-21,10:14:5,33,33,12.75,4,214,
4-21,10:14:5,31,31,12.76,4,214,
4-21,10:14:6,32,32,12.73,4,214,
4-21,10:14:6,34,34,12.75,4,214,
4-21,10:14:7,31,31,12.75,4,214,
4-21,10:14:7,32,32,12.72,4,214,
4-21,10:14:8,33,33,12.76,4,214,
4-21,10:14:8,33,33,12.74,4,214,
4-21,10:14:9,34,34,12.74,4,214,
4-21,10:14:9,32,32,12.74,4,214,
4-21,10:14:10,33,33,12.75,4,214,
4-21,10:14:10,35,35,12.75,4,214,
4-21,10:14:11,34,34,12.75,4,214,
4-21,10:14:11,33,33,12.75,4,214,
4-21,10:14:12,35,35,12.75,4,214,
4-21,10:14:12,33,33,12.74,4,214,
4-21,10:14:13,35,35,12.76,4,214,
4-21,10:14:13,33,33,12.72,4,214,
4-21,10:14:14,35,35,12.74,4,214,
4-21,10:14:14,33,33,12.74,4,214,
4-21,10:14:15,35,35,12.74,4,214,
4-21,10:14:15,33,33,12.73,4,214,
4-21,10:14:16,34,34,12.74,4,214,
4-21,10:14:16,34,34,12.72,4,214,
4-21,10:14:17,36,36,12.76,4,214,
4-21,10:14:17,36,36,12.76,4,214,
4-21,10:14:18,36,36,12.75,4,214,
4-21,10:14:18,37,37,12.74,4,214,
4-21,10:14:19,36,36,12.75,4,214,
4-21,10:14:19,37,37,12.73,4,214,
4-21,10:14:20,36,36,12.71,4,214,
4-21,10:14:20,36,36,12.74,4,214,
4-21,10:14:21,37,37,12.71,4,214,
4-21,10:14:21,37,37,12.72,4,214,
4-21,10:14:22,38,38,12.76,4,214,
4-21,10:14:22,36,36,12.7,4,214,
4-21,10:14:23,36,36,12.73,4,214,
4-21,10:14:23,36,36,12.75,4,214,
4-21,10:14:24,37,37,12.71,4,214,
4-21,10:14:24,36,36,12.75,4,214,
4-21,10:14:25,37,37,12.77,4,214,
4-21,10:14:25,35,35,12.74,4,214,
4-21,10:14:26,37,37,12.73,4,214,
4-21,10:14:26,37,37,12.73,4,214,
4-21,10:14:27,37,37,12.77,4,214,
4-21,10:14:27,37,37,12.69,4,214,
4-21,10:14:28,38,38,12.73,4,214,
4-21,10:14:28,38,38,12.73,4,214,
4-21,10:14:29,39,39,12.74,4,214,
4-21,10:14:29,41,41,12.74,4,214,
4-21,10:14:30,41,41,12.76,4,214,
4-21,10:14:30,39,39,12.73,4,214,
4-21,10:14:31,41,41,12.73,4,214,
4-21,10:14:31,41,41,12.69,4,214,
4-21,10:14:32,41,41,12.72,4,214,
4-21,10:14:32,42,42,12.75,4,214,
4-21,10:14:33,41,41,12.64,4,214,
4-21,10:14:33,43,43,12.74,4,214,
4-21,10:14:34,41,41,12.73,4,214,
4-21,10:14:34,41,41,12.73,4,214,
4-21,10:14:35,39,39,12.62,4,214,
4-21,10:14:35,34,34,12.39,4,214,
4-21,10:14:36,37,37,12.71,4,214,
4-21,10:14:36,36,36,12.31,4,214,
4-21,10:14:37,37,37,12.68,4,214,
4-21,10:14:37,33,33,12.21,4,214,
4-21,10:14:38,37,37,12.76,4,214,
4-21,10:14:38,39,39,12.74,4,214,
4-21,10:14:39,41,41,12.75,4,214,
4-21,10:14:39,37,37,12.65,4,214,
4-21,10:14:40,39,39,12.58,4,214,
4-21,10:14:40,34,34,12.61,4,214,
4-21,10:14:41,37,37,12.74,4,214,
4-21,10:14:41,36,36,12.76,4,214,
4-21,10:14:42,35,35,12.75,4,214,
4-21,10:14:42,36,36,12.73,4,214,
4-21,10:14:43,37,37,12.76,4,214,
4-21,10:14:43,34,34,12.72,4,214,
4-21,10:14:44,37,37,12.6,4,214,
4-21,10:14:44,37,37,12.72,4,214,
4-21,10:14:45,35,35,12.75,4,214,
4-21,10:14:45,35,35,12.76,4,214,
4-21,10:14:46,34,34,12.69,4,214,
4-21,10:14:46,33,33,12.72,4,214,
4-21,10:14:47,33,33,12.77,4,214,
4-21,10:14:47,34,34,12.73,4,214,
4-21,10:14:48,34,34,12.75,4,214,
4-21,10:14:48,34,34,12.68,4,214,
4-21,10:14:49,31,31,12.74,4,214,
4-21,10:14:49,34,34,12.69,4,214,
4-21,10:14:50,34,34,12.72,4,214,
4-21,10:14:50,34,34,12.75,4,214,
4-21,10:14:51,33,33,12.72,4,214,
4-21,10:14:51,35,35,12.77,4,214,
4-21,10:14:52,32,32,12.75,4,214,
4-21,10:14:52,29,29,12.74,4,214,
4-21,10:14:53,32,32,12.73,4,214,
4-21,10:14:53,31,31,12.73,4,214,
4-21,10:14:54,32,32,12.77,4,214,
4-21,10:14:54,34,34,12.73,4,214,
4-21,10:14:55,31,31,12.72,4,214,
4-21,10:14:55,30,30,12.74,4,214,
4-21,10:14:56,32,32,12.72,4,214,
4-21,10:14:56,33,33,12.75,4,214,
4-21,10:14:57,30,30,12.75,4,214,
4-21,10:14:57,32,32,12.75,4,214,
4-21,10:14:58,30,30,12.71,4,214,
4-21,10:14:58,29,29,12.73,4,214,
4-21,10:14:59,25,25,12.62,4,214,
4-21,10:14:59,28,28,12.74,4,214,
4-21,10:15:0,30,30,12.76,4,214,
4-21,10:15:0,29,29,12.75,4,214,
4-21,10:15:1,27,27,12.66,4,214,
4-21,10:15:1,31,31,12.75,4,214,
4-21,10:15:2,29,29,12.73,4,214,
4-21,10:15:2,30,30,12.61,4,214,
4-21,10:15:3,30,30,12.73,4,214,
4-21,10:15:3,26,26,12.62,4,214,
4-21,10:15:4,28,28,12.7,4,214,
4-21,10:15:4,26,26,12.71,4,214,
4-21,10:15:5,25,25,12.71,4,214,
4-21,10:15:5,26,26,12.74,4,214,
4-21,10:15:6,27,27,12.76,4,214,
4-21,10:15:6,26,26,12.69,4,214,
4-21,10:15:7,26,26,12.72,4,214,
4-21,10:15:7,26,26,12.72,4,214,
4-21,10:15:8,28,28,12.76,4,214,
4-21,10:15:8,28,28,12.59,4,214,
4-21,10:15:9,28,28,12.74,4,214,
4-21,10:15:9,27,27,12.76,4,214,
4-21,10:15:10,26,26,12.76,4,214,
4-21,10:15:10,27,27,12.74,4,214,
4-21,10:15:11,26,26,12.59,4,214,
4-21,10:15:11,24,24,12.69,4,214,
4-21,10:15:12,24,24,12.75,4,214,
4-21,10:15:12,23,23,12.7,4,214,
4-21,10:15:13,24,24,12.7,4,214,
4-21,10:15:13,24,24,12.74,4,214,
4-21,10:15:14,24,24,12.74,4,214,
4-21,10:15:14,25,25,12.72,4,214,
4-21,10:15:15,25,25,12.74,4,214,
4-21,10:15:15,23,23,12.77,4,214,
4-21,10:15:16,20,20,12.39,4,214,
4-21,10:15:16,23,23,12.75,4,214,
4-21,10:15:17,21,21,12.64,4,214,
4-21,10:15:17,18,18,12.55,4,214,
4-21,10:15:18,21,21,12.62,4,214,
4-21,10:15:18,24,24,12.78,4,214,
4-21,10:15:19,22,22,12.67,4,214,
4-21,10:15:19,19,19,12.74,4,214,
4-21,10:15:20,24,24,12.74,4,214,
4-21,10:15:20,22,22,12.75,4,214,
4-21,10:15:21,21,21,12.75,4,214,
4-21,10:15:21,22,22,12.74,4,214,
4-21,10:15:22,20,20,12.72,4,214,
4-21,10:15:22,22,22,12.73,4,214,
4-21,10:15:23,21,21,12.75,4,214,
4-21,10:15:23,23,23,12.73,4,214,
4-21,10:15:24,22,22,12.76,4,214,
4-21,10:15:24,24,24,12.59,4,214,
4-21,10:15:25,20,20,12.74,4,214,
4-21,10:15:25,23,23,12.73,4,214,
4-21,10:15:26,22,22,12.73,4,214,
4-21,10:15:26,21,21,12.71,4,214,
4-21,10:15:27,22,22,12.74,4,214,
4-21,10:15:27,16,16,12.55,4,214,
4-21,10:15:28,21,21,12.74,4,214,
4-21,10:15:28,19,19,12.75,4,214,
4-21,10:15:29,11,11,12.43,4,214,
4-21,10:15:29,21,21,12.72,4,214,
4-21,10:15:30,20,20,12.66,4,214,
4-21,10:15:30,21,21,12.75,4,214,
4-21,10:15:31,23,23,12.76,4,214,
4-21,10:15:31,14,14,12.45,4,214,
4-21,10:15:32,23,23,12.71,4,214,
4-21,10:15:32,22,22,12.71,4,214,
4-21,10:15:33,23,23,12.73,4,214,
4-21,10:15:33,21,21,12.63,4,214,
4-21,10:15:34,16,16,12.65,4,214,
4-21,10:15:34,21,21,12.58,4,214,
4-21,10:15:35,21,21,12.74,4,214,
4-21,10:15:35,22,22,12.74,4,214,
4-21,10:15:36,22,22,12.6,4,214,
4-21,10:15:36,19,19,12.55,4,214,
4-21,10:15:37,17,17,12.46,4,214,
4-21,10:15:37,24,24,12.73,4,214,
4-21,10:15:38,23,23,12.71,4,214,
4-21,10:15:38,23,23,12.72,4,214,
4-21,10:15:39,21,21,12.7,4,214,
4-21,10:15:39,10,10,12.41,4,214,
4-21,10:15:40,20,20,12.45,4,214,
4-21,10:15:40,20,20,12.66,4,214,
4-21,10:15:41,22,22,12.72,4,214,
4-21,10:15:41,22,22,12.72,4,214,
4-21,10:15:42,20,20,12.68,4,214,
4-21,10:15:42,23,23,12.72,4,214,
4-21,10:15:43,19,19,12.41,4,214,
4-21,10:15:43,22,22,12.52,4,214,
4-21,10:15:44,23,23,12.7,4,214,
4-21,10:15:44,23,23,12.7,4,214,
4-21,10:15:45,21,21,12.64,4,214,
4-21,10:15:45,16,16,12.5,4,214,
4-21,10:15:46,21,21,12.67,4,214,
4-21,10:15:46,21,21,12.68,4,214,
4-21,10:15:47,21,21,12.67,4,214,
4-21,10:15:47,22,22,12.68,4,214,
4-21,10:15:48,19,19,12.54,4,214,
4-21,10:15:48,20,20,12.48,4,214,
4-21,10:15:49,23,23,12.69,4,214,
4-21,10:15:49,24,24,12.68,4,214,
4-21,10:15:50,22,22,12.68,4,214,
4-21,10:15:50,16,16,12.35,4,214,
4-21,10:15:51,24,24,12.55,4,214,
4-21,10:15:51,23,23,12.53,4,214,
4-21,10:15:52,24,24,12.68,4,214,
4-21,10:15:52,22,22,12.69,4,214,
4-21,10:15:53,22,22,12.67,4,214,
4-21,10:15:53,23,23,12.58,4,214,
4-21,10:15:54,20,20,12.47,4,214,
4-21,10:15:54,19,19,12.46,4,214,
4-21,10:15:55,23,23,12.65,4,214,
4-21,10:15:55,24,24,12.66,4,214,
4-21,10:15:56,23,23,12.62,4,214,
4-21,10:15:56,19,19,12.33,4,214,
4-21,10:15:57,23,23,12.64,4,214,
4-21,10:15:57,23,23,12.63,4,214,
4-21,10:15:58,23,23,12.64,4,214,
4-21,10:15:58,24,24,12.63,4,214,
4-21,10:15:59,20,20,12.47,4,214,
4-21,10:15:59,23,23,12.63,4,214,
4-21,10:16:0,17,17,12.55,4,214,
4-21,10:16:0,24,24,12.63,4,214,
4-21,10:16:1,23,23,12.62,4,214,
4-21,10:16:1,22,22,12.64,4,214,
4-21,10:16:2,22,22,12.58,4,214,
4-21,10:16:2,25,25,12.58,4,214,
4-21,10:16:3,17,17,12.53,4,214,
4-21,10:16:3,22,22,12.6,4,214,
4-21,10:16:4,22,22,12.63,4,214,
4-21,10:16:4,21,21,12.6,4,214,
4-21,10:16:5,23,23,12.58,4,214,
4-21,10:16:5,23,23,12.6,4,214,
4-21,10:16:6,22,22,12.64,4,214,
4-21,10:16:6,22,22,12.62,4,214,
4-21,10:16:7,21,21,12.59,4,214,
4-21,10:16:7,21,21,12.63,4,214,
4-21,10:16:8,21,21,12.59,4,214,
4-21,10:16:8,22,22,12.65,4,214,
4-21,10:16:9,23,23,12.62,4,214,
4-21,10:16:9,24,24,12.54,4,214,
4-21,10:16:10,24,24,12.57,4,214,
4-21,10:16:10,23,23,12.59,4,214,
4-21,10:16:11,24,24,12.6,4,214,
4-21,10:16:11,25,25,12.61,4,214,
4-21,10:16:12,21,21,12.49,4,214,
4-21,10:16:12,21,21,12.59,4,214,
4-21,10:16:13,23,23,12.59,4,214,
4-21,10:16:13,23,23,12.6,4,214,
4-21,10:16:14,26,26,12.58,4,214,
4-21,10:16:14,24,24,12.61,4,214,
4-21,10:16:15,26,26,12.38,4,214,
4-21,10:16:15,26,26,12.57,4,214,
4-21,10:16:16,25,25,12.56,4,214,
4-21,10:16:16,21,21,12.57,4,214,
4-21,10:16:17,26,26,12.55,4,214,
4-21,10:16:17,26,26,12.57,4,214,
4-21,10:16:18,25,25,12.6,4,214,
4-21,10:16:18,24,24,12.57,4,214,
4-21,10:16:19,24,24,12.59,4,214,
4-21,10:16:19,23,23,12.59,4,214,
4-21,10:16:20,22,22,12.6,4,214,
4-21,10:16:20,23,23,12.63,4,214,
4-21,10:16:21,22,22,12.61,4,214,
4-21,10:16:21,24,24,12.59,4,214,
4-21,10:16:22,25,25,12.58,4,214,
4-21,10:16:22,26,26,12.58,4,214,
4-21,10:16:23,23,23,12.58,4,214,
4-21,10:16:23,24,24,12.59,4,214,
4-21,10:16:24,23,23,12.59,4,214,
4-21,10:16:24,24,24,12.6,4,214,
4-21,10:16:25,23,23,12.6,4,214,
4-21,10:16:25,23,23,12.6,4,214,
4-21,10:16:26,23,23,12.59,4,214,
4-21,10:16:26,24,24,12.6,4,214,
4-21,10:16:27,24,24,12.61,4,214,
4-21,10:16:27,24,24,12.6,4,214,
4-21,10:16:28,24,24,12.6,4,214,
4-21,10:16:28,24,24,12.61,4,214,
4-21,10:16:29,25,25,12.62,4,214,
4-21,10:16:29,25,25,12.62,4,214,
4-21,10:16:30,25,25,12.61,4,214,
4-21,10:16:30,27,27,12.63,4,214,
4-21,10:16:31,26,26,12.63,4,214,
4-21,10:16:31,26,26,12.62,4,214,
4-21,10:16:32,27,27,12.63,4,214,
4-21,10:16:32,27,27,12.63,4,214,
4-21,10:16:33,28,28,12.64,4,214,
4-21,10:16:33,27,27,12.64,4,214,
4-21,10:16:34,30,30,12.66,4,214,
4-21,10:16:34,30,30,12.67,4,214,
4-21,10:16:35,29,29,12.66,4,214,
4-21,10:16:35,29,29,12.66,4,214,
4-21,10:16:36,30,30,12.65,4,214,
4-21,10:16:36,30,30,12.67,4,214,
4-21,10:16:37,32,32,12.69,4,214,
4-21,10:16:37,31,31,12.66,4,214,
4-21,10:16:38,31,31,12.68,4,214,
4-21,10:16:38,32,32,12.69,4,214,
4-21,10:16:39,31,31,12.69,4,214,
4-21,10:16:39,33,33,12.7,4,214,
4-21,10:16:40,32,32,12.7,4,214,
4-21,10:16:40,32,32,12.7,4,214,
4-21,10:16:41,33,33,12.72,4,214,
4-21,10:16:41,32,32,12.7,4,214,
4-21,10:16:42,33,33,12.72,4,214,
4-21,10:16:42,32,32,12.71,4,214,
4-21,10:16:43,32,32,12.72,4,214,
4-21,10:16:43,33,33,12.73,4,214,
4-21,10:16:44,32,32,12.73,4,214,
4-21,10:16:44,32,32,12.73,4,214,
4-21,10:16:45,31,31,12.75,4,214,
4-21,10:16:45,33,33,12.76,4,214,
4-21,10:16:46,31,31,12.75,4,214,
4-21,10:16:46,31,31,12.75,4,214,
4-21,10:16:47,30,30,12.74,4,214,
4-21,10:16:47,32,32,12.78,4,214,
4-21,10:16:48,32,32,12.77,4,214,
4-21,10:16:48,29,29,12.75,4,214,
4-21,10:16:49,32,32,12.77,4,214,
4-21,10:16:49,32,32,12.78,4,214,
4-21,10:16:50,31,31,12.77,4,214,
4-21,10:16:50,31,31,12.78,4,214,
4-21,10:16:51,30,30,12.76,4,214,
4-21,10:16:51,32,32,12.79,4,214,
4-21,10:16:52,33,33,12.78,4,214,
4-21,10:16:52,33,33,12.78,4,214,
4-21,10:16:53,29,29,12.76,4,214,
4-21,10:16:53,33,33,12.78,4,214,
4-21,10:16:54,33,33,12.77,4,214,
4-21,10:16:54,33,33,12.78,4,214,
4-21,10:16:55,34,34,12.79,4,214,
4-21,10:16:55,34,34,12.79,4,214,
4-21,10:16:56,33,33,12.79,4,214,
4-21,10:16:56,33,33,12.79,4,214,
4-21,10:16:57,32,32,12.78,4,214,
4-21,10:16:57,33,33,12.79,4,214,
4-21,10:16:58,33,33,12.79,4,214,
4-21,10:16:58,34,34,12.8,4,214,
4-21,10:16:59,34,34,12.81,4,214,
4-21,10:16:59,35,35,12.82,4,214,
4-21,10:17:0,35,35,12.83,4,214,
4-21,10:17:0,33,33,12.81,4,214,
4-21,10:17:1,35,35,12.83,4,214,
4-21,10:17:1,33,33,12.81,4,214,
4-21,10:17:2,34,34,12.82,4,214,
4-21,10:17:2,33,33,12.81,4,214,
4-21,10:17:3,35,35,12.84,4,214,
4-21,10:17:3,35,35,12.84,4,214,
4-21,10:17:4,34,34,12.84,4,214,
4-21,10:17:4,35,35,12.86,4,214,
4-21,10:17:5,34,34,12.84,4,214,
4-21,10:17:5,34,34,12.83,4,214,
4-21,10:17:6,35,35,12.85,4,214,
4-21,10:17:6,36,36,12.86,4,214,
4-21,10:17:7,35,35,12.85,4,214,
4-21,10:17:7,35,35,12.84,4,214,
4-21,10:17:8,36,36,12.85,4,214,
4-21,10:17:8,35,35,12.83,4,214,
4-21,10:17:9,36,36,12.84,4,214,
4-21,10:17:9,35,35,12.83,4,214,
4-21,10:17:10,36,36,12.85,4,214,
4-21,10:17:10,35,35,12.84,4,214,
4-21,10:17:11,35,35,12.86,4,214,
4-21,10:17:11,37,37,12.88,4,214,
4-21,10:17:12,36,36,12.84,4,214,
4-21,10:17:12,36,36,12.85,4,214,
4-21,10:17:13,36,36,12.86,4,214,
4-21,10:17:13,36,36,12.87,4,214,
4-21,10:17:14,36,36,12.88,4,214,
4-21,10:17:14,35,35,12.84,4,214,
4-21,10:17:15,34,34,12.85,4,214,
4-21,10:17:15,35,35,12.85,4,214,
4-21,10:17:16,35,35,12.86,4,214,
4-21,10:17:16,36,36,12.89,4,214,
4-21,10:17:17,36,36,12.88,4,214,
4-21,10:17:17,35,35,12.86,4,214,
4-21,10:17:18,34,34,12.85,4,214,
4-21,10:17:18,36,36,12.89,4,214,
4-21,10:17:19,35,35,12.86,4,214,
4-21,10:17:19,35,35,12.85,4,214,
4-21,10:17:20,36,36,12.88,4,214,
4-21,10:17:20,35,35,12.87,4,214,
4-21,10:17:21,35,35,12.85,4,214,
4-21,10:17:21,35,35,12.85,4,214,
4-21,10:17:22,35,35,12.87,4,214,
4-21,10:17:22,34,34,12.85,4,214,
4-21,10:17:23,35,35,12.85,4,214,
4-21,10:17:23,34,34,12.85,4,214,
4-21,10:17:24,35,35,12.86,4,214,
4-21,10:17:24,35,35,12.9,4,214,
4-21,10:17:25,33,33,12.88,4,214,
4-21,10:17:25,33,33,12.84,4,214,
4-21,10:17:26,34,34,12.88,4,214,
4-21,10:17:26,32,32,12.85,4,214,
4-21,10:17:27,33,33,12.88,4,214,
4-21,10:17:27,36,36,12.92,4,214,
4-21,10:17:28,34,34,12.85,4,214,
4-21,10:17:28,34,34,12.88,4,214,
4-21,10:17:29,35,35,12.9,4,214,
4-21,10:17:29,33,33,12.88,4,214,
4-21,10:17:30,32,32,12.86,4,214,
4-21,10:17:30,33,33,12.86,4,214,
4-21,10:17:31,33,33,12.87,4,214,
4-21,10:17:31,33,33,12.84,4,214,
4-21,10:17:32,34,34,12.86,4,214,
4-21,10:17:32,35,35,12.9,4,214,
4-21,10:17:33,33,33,12.84,4,214,
4-21,10:17:33,33,33,12.84,4,214,
4-21,10:17:34,33,33,12.85,4,214,
4-21,10:17:34,33,33,12.85,4,214,
4-21,10:17:35,35,35,12.86,4,214,
4-21,10:17:35,34,34,12.85,4,214,
4-21,10:17:36,35,35,12.87,4,214,
4-21,10:17:36,34,34,12.84,4,214,
4-21,10:17:37,35,35,12.86,4,214,
4-21,10:17:37,34,34,12.85,4,214,
4-21,10:17:38,35,35,12.85,4,214,
4-21,10:17:38,34,34,12.85,4,214,
4-21,10:17:39,33,33,12.84,4,214,
4-21,10:17:39,35,35,12.86,4,214,
4-21,10:17:40,34,34,12.85,4,214,
4-21,10:17:40,35,35,12.86,4,214,
4-21,10:17:41,36,36,12.86,4,214,
4-21,10:17:41,35,35,12.85,4,214,
4-21,10:17:42,35,35,12.86,4,214,
4-21,10:17:42,36,36,12.87,4,214,
4-21,10:17:43,36,36,12.86,4,214,
4-21,10:17:43,34,34,12.83,4,214,
4-21,10:17:44,35,35,12.84,4,214,
4-21,10:17:44,36,36,12.86,4,214,
4-21,10:17:45,37,37,12.88,4,214,
4-21,10:17:45,36,36,12.87,4,214,
4-21,10:17:46,35,35,12.85,4,214,
4-21,10:17:46,34,34,12.83,4,214,
4-21,10:17:47,35,35,12.84,4,214,
4-21,10:17:47,36,36,12.85,4,214,
4-21,10:17:48,36,36,12.87,4,214,
4-21,10:17:48,35,35,12.83,4,214,
4-21,10:17:49,36,36,12.84,4,214,
4-21,10:17:49,37,37,12.86,4,214,
4-21,10:17:50,39,39,12.84,4,214,
4-21,10:17:50,41,41,12.84,4,214,
4-21,10:17:51,38,38,12.82,4,214,
4-21,10:17:51,38,38,12.83,4,214,
4-21,10:17:52,41,41,12.85,4,214,
4-21,10:17:52,40,40,12.84,4,214,
4-21,10:17:53,41,41,12.86,4,214,
4-21,10:17:53,40,40,12.84,4,214,
4-21,10:17:54,40,40,12.84,4,214,
4-21,10:17:54,41,41,12.84,4,214,
4-21,10:17:55,42,42,12.85,4,214,
4-21,10:17:55,43,43,12.87,4,214,
4-21,10:17:56,42,42,12.84,4,214,
4-21,10:17:56,42,42,12.86,4,214,
4-21,10:17:57,42,42,12.85,4,214,
4-21,10:17:57,43,43,12.88,4,214,
4-21,10:17:58,44,44,12.86,4,214,
4-21,10:17:58,44,44,12.87,4,214,
4-21,10:17:59,44,44,12.85,4,214,
4-21,10:17:59,43,43,12.85,4,214,
4-21,10:18:0,42,42,12.82,4,214,
4-21,10:18:0,43,43,12.84,4,214,
4-21,10:18:1,43,43,12.85,4,214,
4-21,10:18:1,44,44,12.86,4,214,
4-21,10:18:2,45,45,12.84,4,214,
4-21,10:18:2,45,45,12.85,4,214,
4-21,10:18:3,45,45,12.84,4,214,
4-21,10:18:3,44,44,12.86,4,214,
4-21,10:18:4,44,44,12.83,4,214,
4-21,10:18:4,43,43,12.8,4,214,
4-21,10:18:5,45,45,12.88,4,214,
4-21,10:18:5,46,46,12.84,4,214,
4-21,10:18:6,45,45,12.82,4,214,
4-21,10:18:6,47,47,12.86,4,214,
4-21,10:18:7,46,46,12.84,4,214,
4-21,10:18:7,48,48,12.89,4,214,
4-21,10:18:8,47,47,12.84,4,214,
4-21,10:18:8,47,47,12.84,4,214,
4-21,10:18:9,46,46,12.84,4,214,
4-21,10:18:9,46,46,12.83,4,214,
4-21,10:18:10,43,43,12.8,4,214,
4-21,10:18:10,46,46,12.84,4,214,
4-21,10:18:11,45,45,12.84,4,214,
4-21,10:18:11,45,45,12.84,4,214,
4-21,10:18:12,46,46,12.84,4,214,
4-21,10:18:12,43,43,12.8,4,214,
4-21,10:18:13,46,46,12.84,4,214,
4-21,10:18:13,45,45,12.83,4,214,
4-21,10:18:14,44,44,12.83,4,214,
4-21,10:18:14,45,45,12.84,4,214,
4-21,10:18:15,46,46,12.89,4,214,
4-21,10:18:15,47,47,12.87,4,214,
4-21,10:18:16,46,46,12.85,4,214,
4-21,10:18:16,46,46,12.83,4,214,
4-21,10:18:17,46,46,12.85,4,214,
4-21,10:18:17,46,46,12.83,4,214,
4-21,10:18:18,45,45,12.84,4,214,
4-21,10:18:18,45,45,12.83,4,214,
4-21,10:18:19,45,45,12.84,4,214,
4-21,10:18:19,47,47,12.84,4,214,
4-21,10:18:20,46,46,12.84,4,214,
4-21,10:18:20,48,48,12.86,4,214,
4-21,10:18:21,45,45,12.79,4,214,
4-21,10:18:21,48,48,12.83,4,214,
4-21,10:18:22,45,45,12.8,4,214,
4-21,10:18:22,48,48,12.83,4,214,
4-21,10:18:23,48,48,12.8,4,214,
4-21,10:18:23,48,48,12.81,4,214,
4-21,10:18:24,47,47,12.8,4,214,
4-21,10:18:24,49,49,12.83,4,214,
4-21,10:18:25,49,49,12.82,4,214,
4-21,10:18:25,48,48,12.81,4,214,
4-21,10:18:26,50,50,12.85,4,214,
4-21,10:18:26,51,51,12.85,4,214,
4-21,10:18:27,50,50,12.83,4,214,
4-21,10:18:27,49,49,12.82,4,214,
4-21,10:18:28,51,51,12.83,4,214,
4-21,10:18:28,49,49,12.82,4,214,
4-21,10:18:29,50,50,12.81,4,214,
4-21,10:18:29,51,51,12.82,4,214,
4-21,10:18:30,51,51,12.84,4,214,
4-21,10:18:30,52,52,12.83,4,214,
4-21,10:18:31,50,50,12.84,4,214,
4-21,10:18:31,51,51,12.82,4,214,
4-21,10:18:32,50,50,12.8,4,214,
4-21,10:18:32,52,52,12.84,4,214,
4-21,10:18:33,51,51,12.81,4,214,
4-21,10:18:33,50,50,12.79,4,214,
4-21,10:18:34,51,51,12.82,4,214,
4-21,10:18:34,53,53,12.81,4,214,
4-21,10:18:35,51,51,12.8,4,214,
4-21,10:18:35,52,52,12.79,4,214,
4-21,10:18:36,51,51,12.78,4,214,
4-21,10:18:36,52,52,12.79,4,214,
4-21,10:18:37,52,52,12.79,4,214,
4-21,10:18:37,52,52,12.81,4,214,
4-21,10:18:38,53,53,12.8,4,214,
4-21,10:18:38,52,52,12.77,4,214,
4-21,10:18:39,53,53,12.81,4,214,
4-21,10:18:39,53,53,12.79,4,214,
4-21,10:18:40,54,54,12.8,4,214,
4-21,10:18:40,53,53,12.79,4,214,
4-21,10:18:41,55,55,12.8,4,214,
4-21,10:18:41,55,55,12.78,4,214,
4-21,10:18:42,55,55,12.79,4,214,
4-21,10:18:42,54,54,12.77,4,214,
4-21,10:18:43,55,55,12.78,4,214,
4-21,10:18:43,55,55,12.8,4,214,
4-21,10:18:44,55,55,12.8,4,214,
4-21,10:18:44,55,55,12.8,4,214,
4-21,10:18:45,55,55,12.78,4,214,
4-21,10:18:45,55,55,12.79,4,214,
4-21,10:18:46,55,55,12.79,4,214,
4-21,10:18:46,54,54,12.75,4,214,
4-21,10:18:47,56,56,12.81,4,214,
4-21,10:18:47,55,55,12.78,4,214,
4-21,10:18:48,55,55,12.8,4,214,
4-21,10:18:48,54,54,12.74,4,214,
4-21,10:18:49,54,54,12.77,4,214,
4-21,10:18:49,56,56,12.81,4,214,
4-21,10:18:50,57,57,12.8,4,214,
4-21,10:18:50,55,55,12.79,4,214,
4-21,10:18:51,54,54,12.76,4,214,
4-21,10:18:51,54,54,12.75,4,214,
4-21,10:18:52,55,55,12.77,4,214,
4-21,10:18:52,57,57,12.8,4,214,
4-21,10:18:53,57,57,12.82,4,214,
4-21,10:18:53,56,56,12.8,4,214,
4-21,10:18:54,55,55,12.76,4,214,
4-21,10:18:54,55,55,12.76,4,214,
4-21,10:18:55,55,55,12.77,4,214,
4-21,10:18:55,57,57,12.8,4,214,
4-21,10:18:56,57,57,12.8,4,214,
4-21,10:18:56,55,55,12.76,4,214,
4-21,10:18:57,55,55,12.75,4,214,
4-21,10:18:57,56,56,12.78,4,214,
4-21,10:18:58,57,57,12.78,4,214,
4-21,10:18:58,56,56,12.77,4,214,
4-21,10:18:59,56,56,12.77,4,214,
4-21,10:18:59,55,55,12.76,4,214,
4-21,10:19:0,55,55,12.76,4,214,
4-21,10:19:0,55,55,12.75,4,214,
4-21,10:19:1,56,56,12.75,4,214,
4-21,10:19:1,55,55,12.73,4,214,
4-21,10:19:2,57,57,12.73,4,214,
4-21,10:19:2,57,57,12.72,4,214,
4-21,10:19:3,55,55,12.71,4,214,
4-21,10:19:3,58,58,12.75,4,214,
4-21,10:19:4,58,58,12.73,4,214,
4-21,10:19:4,58,58,12.75,4,214,
4-21,10:19:5,58,58,12.75,4,214,
4-21,10:19:5,57,57,12.77,4,214,
4-21,10:19:6,58,58,12.78,4,214,
4-21,10:19:6,57,57,12.76,4,214,
4-21,10:19:7,57,57,12.76,4,214,
4-21,10:19:7,59,59,12.77,4,214,
4-21,10:19:8,58,58,12.74,4,214,
4-21,10:19:8,58,58,12.74,4,214,
4-21,10:19:9,59,59,12.76,4,214,
4-21,10:19:9,58,58,12.72,4,214,
4-21,10:19:10,59,59,12.74,4,214,
4-21,10:19:10,58,58,12.73,4,214,
4-21,10:19:11,61,61,12.81,4,214,
4-21,10:19:11,59,59,12.74,4,214,
4-21,10:19:12,59,59,12.75,4,214,
4-21,10:19:12,58,58,12.72,4,214,
4-21,10:19:13,59,59,12.75,4,214,
4-21,10:19:13,57,57,12.71,4,214,
4-21,10:19:14,58,58,12.74,4,214,
4-21,10:19:14,58,58,12.75,4,214,
4-21,10:19:15,58,58,12.74,4,214,
4-21,10:19:15,58,58,12.75,4,214,
4-21,10:19:16,58,58,12.72,4,214,
4-21,10:19:16,60,60,12.78,4,214,
4-21,10:19:17,58,58,12.73,4,214,
4-21,10:19:17,59,59,12.77,4,214,
4-21,10:19:18,60,60,12.75,4,214,
4-21,10:19:18,59,59,12.74,4,214,
4-21,10:19:19,58,58,12.71,4,214,
4-21,10:19:19,58,58,12.73,4,214,
4-21,10:19:20,58,58,12.74,4,214,
4-21,10:19:20,60,60,12.75,4,214,
4-21,10:19:21,59,59,12.74,4,214,
4-21,10:19:21,56,56,12.72,4,214,
4-21,10:19:22,61,61,12.81,4,214,
4-21,10:19:22,60,60,12.76,4,214,
4-21,10:19:23,60,60,12.79,4,214,
4-21,10:19:23,59,59,12.75,4,214,
4-21,10:19:24,59,59,12.75,4,214,
4-21,10:19:24,59,59,12.74,4,214,
4-21,10:19:25,58,58,12.72,4,214,
4-21,10:19:25,59,59,12.73,4,214,
4-21,10:19:26,57,57,12.69,4,214,
4-21,10:19:26,60,60,12.77,4,214,
4-21,10:19:27,59,59,12.74,4,214,
4-21,10:19:27,61,61,12.79,4,214,
4-21,10:19:28,60,60,12.76,4,214,
4-21,10:19:28,58,58,12.73,4,214,
4-21,10:19:29,59,59,12.73,4,214,
4-21,10:19:29,58,58,12.75,4,214,
4-21,10:19:30,58,58,12.74,4,214,
4-21,10:19:30,58,58,12.72,4,214,
4-21,10:19:31,60,60,12.78,4,214,
4-21,10:19:31,58,58,12.73,4,214,
4-21,10:19:32,58,58,12.72,4,214,
4-21,10:19:32,59,59,12.76,4,214,
4-21,10:19:33,60,60,12.76,4,214,
4-21,10:19:33,60,60,12.78,4,214,
4-21,10:19:34,58,58,12.72,4,214,
4-21,10:19:34,59,59,12.77,4,214,
4-21,10:19:35,58,58,12.74,4,214,
4-21,10:19:35,57,57,12.71,4,214,
4-21,10:19:36,57,57,12.7,4,214,
4-21,10:19:36,59,59,12.76,4,214,
4-21,10:19:37,59,59,12.73,4,214,
4-21,10:19:37,59,59,12.76,4,214,
4-21,10:19:38,59,59,12.72,4,214,
4-21,10:19:38,58,58,12.74,4,214,
4-21,10:19:39,61,61,12.78,4,214,
4-21,10:19:39,61,61,12.79,4,214,
4-21,10:19:40,59,59,12.71,4,214,
4-21,10:19:40,61,61,12.75,4,214,
4-21,10:19:41,60,60,12.74,4,214,
4-21,10:19:41,60,60,12.76,4,214,
4-21,10:19:42,60,60,12.74,4,214,
4-21,10:19:42,59,59,12.7,4,214,
4-21,10:19:43,60,60,12.7,4,214,
4-21,10:19:43,60,60,12.69,4,214,
4-21,10:19:44,61,61,12.73,4,214,
4-21,10:19:44,63,63,12.76,4,214,
4-21,10:19:45,62,62,12.7,4,214,
4-21,10:19:45,63,63,12.75,4,214,
4-21,10:19:46,62,62,12.7,4,214,
4-21,10:19:46,62,62,12.7,4,214,
4-21,10:19:47,61,61,12.7,4,214,
4-21,10:19:47,63,63,12.72,4,214,
4-21,10:19:48,63,63,12.72,4,214,
4-21,10:19:48,62,62,12.66,4,214,
4-21,10:19:49,64,64,12.74,4,214,
4-21,10:19:49,63,63,12.71,4,214,
4-21,10:19:50,62,62,12.69,4,214,
4-21,10:19:50,63,63,12.7,4,214,
4-21,10:19:51,62,62,12.68,4,214,
4-21,10:19:51,64,64,12.7,4,214,
4-21,10:19:52,64,64,12.73,4,214,
4-21,10:19:52,64,64,12.74,4,214,
4-21,10:19:53,65,65,12.72,4,214,
4-21,10:19:53,64,64,12.72,4,214,
4-21,10:19:54,63,63,12.71,4,214,
4-21,10:19:54,64,64,12.69,4,214,
4-21,10:19:55,63,63,12.71,4,214,
4-21,10:19:55,63,63,12.73,4,214,
4-21,10:19:56,64,64,12.75,4,214,
4-21,10:19:56,65,65,12.73,4,214,
4-21,10:19:57,64,64,12.71,4,214,
4-21,10:19:57,64,64,12.71,4,214,
4-21,10:19:58,64,64,12.74,4,214,
4-21,10:19:58,65,65,12.74,4,214,
4-21,10:19:59,64,64,12.73,4,214,
4-21,10:19:59,64,64,12.71,4,214,
4-21,10:20:0,64,64,12.72,4,214,
4-21,10:20:0,64,64,12.67,4,214,
4-21,10:20:1,64,64,12.69,4,214,
4-21,10:20:1,65,65,12.7,4,214,
4-21,10:20:2,65,65,12.74,4,214,
4-21,10:20:2,65,65,12.72,4,214,
4-21,10:20:3,64,64,12.68,4,214,
4-21,10:20:3,65,65,12.69,4,214,
4-21,10:20:4,66,66,12.76,4,214,
4-21,10:20:4,64,64,12.68,4,214,
4-21,10:20:5,65,65,12.69,4,214,
4-21,10:20:5,65,65,12.68,4,214,
4-21,10:20:6,64,64,12.69,4,214,
4-21,10:20:6,64,64,12.69,4,214,
4-21,10:20:7,64,64,12.67,4,214,
4-21,10:20:7,64,64,12.67,4,214,
4-21,10:20:8,64,64,12.67,4,214,
4-21,10:20:8,65,65,12.7,4,214,
4-21,10:20:9,65,65,12.69,4,214,
4-21,10:20:9,64,64,12.7,4,214,
4-21,10:20:10,64,64,12.69,4,214,
4-21,10:20:10,65,65,12.67,4,214,
4-21,10:20:11,64,64,12.71,4,214,
4-21,10:20:11,65,65,12.71,4,214,
4-21,10:20:12,65,65,12.68,4,214,
4-21,10:20:12,66,66,12.72,4,214,
4-21,10:20:13,65,65,12.69,4,214,
4-21,10:20:13,65,65,12.69,4,214,
4-21,10:20:14,65,65,12.67,4,214,
4-21,10:20:14,65,65,12.69,4,214,
4-21,10:20:15,65,65,12.74,4,214,
4-21,10:20:15,64,64,12.66,4,214,
4-21,10:20:16,64,64,12.66,4,214,
4-21,10:20:16,65,65,12.69,4,214,
4-21,10:20:17,64,64,12.64,4,214,
4-21,10:20:17,65,65,12.68,4,214,
4-21,10:20:18,65,65,12.66,4,214,
4-21,10:20:18,63,63,12.65,4,214,
4-21,10:20:19,65,65,12.64,4,214,
4-21,10:20:19,65,65,12.67,4,214,
4-21,10:20:20,65,65,12.68,4,214,
4-21,10:20:20,66,66,12.64,4,214,
4-21,10:20:21,65,65,12.66,4,214,
4-21,10:20:21,67,67,12.69,4,214,
4-21,10:20:22,67,67,12.68,4,214,
4-21,10:20:22,65,65,12.65,4,214,
4-21,10:20:23,66,66,12.6,4,214,
4-21,10:20:23,66,66,12.65,4,214,
4-21,10:20:24,66,66,12.63,4,214,
4-21,10:20:24,67,67,12.62,4,214,
4-21,10:20:25,68,68,12.65,4,214,
4-21,10:20:25,67,67,12.63,4,214,
4-21,10:20:26,68,68,12.66,4,214,
4-21,10:20:26,68,68,12.65,4,214,
4-21,10:20:27,67,67,12.64,4,214,
4-21,10:20:27,68,68,12.67,4,214,
4-21,10:20:28,68,68,12.67,4,214,
4-21,10:20:28,68,68,12.62,4,214,
4-21,10:20:29,68,68,12.68,4,214,
4-21,10:20:29,68,68,12.64,4,214,
4-21,10:20:30,68,68,12.64,4,214,
4-21,10:20:30,68,68,12.67,4,214,
4-21,10:20:31,68,68,12.62,4,214,
4-21,10:20:31,70,70,12.68,4,214,
4-21,10:20:32,70,70,12.68,4,214,
4-21,10:20:32,68,68,12.65,4,214,
4-21,10:20:33,69,69,12.64,4,214,
4-21,10:20:33,69,69,12.64,4,214,
4-21,10:20:34,68,68,12.61,4,214,
4-21,10:20:34,68,68,12.66,4,214,
4-21,10:20:35,70,70,12.69,4,214,
4-21,10:20:35,69,69,12.66,4,214,
4-21,10:20:36,70,70,12.66,4,214,
4-21,10:20:36,69,69,12.62,4,214,
4-21,10:20:37,68,68,12.63,4,214,
4-21,10:20:37,69,69,12.69,4,214,
4-21,10:20:38,69,69,12.62,4,214,
4-21,10:20:38,70,70,12.66,4,214,
4-21,10:20:39,68,68,12.6,4,214,
4-21,10:20:39,69,69,12.64,4,214,
4-21,10:20:40,68,68,12.57,4,214,
4-21,10:20:40,68,68,12.62,4,214,
4-21,10:20:41,69,69,12.63,4,214,
4-21,10:20:41,69,69,12.62,4,214,
4-21,10:20:42,69,69,12.6,4,214,
4-21,10:20:42,69,69,12.64,4,214,
4-21,10:20:43,70,70,12.71,4,214,
4-21,10:20:43,67,67,12.6,4,214,
4-21,10:20:44,69,69,12.63,4,214,
4-21,10:20:44,70,70,12.66,4,214,
4-21,10:20:45,70,70,12.65,4,214,
4-21,10:20:45,69,69,12.65,4,214,
4-21,10:20:46,70,70,12.65,4,214,
4-21,10:20:46,70,70,12.64,4,214,
4-21,10:20:47,71,71,12.71,4,214,
4-21,10:20:47,70,70,12.64,4,214,
4-21,10:20:48,70,70,12.69,4,214,
4-21,10:20:48,71,71,12.68,4,214,
4-21,10:20:49,70,70,12.66,4,214,
4-21,10:20:49,70,70,12.67,4,214,
4-21,10:20:50,71,71,12.68,4,214,
4-21,10:20:50,71,71,12.7,4,214,
4-21,10:20:51,69,69,12.64,4,214,
4-21,10:20:51,69,69,12.71,4,214,
4-21,10:20:52,70,70,12.66,4,214,
4-21,10:20:52,70,70,12.66,4,214,
4-21,10:20:53,70,70,12.67,4,214,
4-21,10:20:53,70,70,12.69,4,214,
4-21,10:20:54,70,70,12.62,4,214,
4-21,10:20:54,69,69,12.61,4,214,
4-21,10:20:55,69,69,12.65,4,214,
4-21,10:20:55,70,70,12.66,4,214,
4-21,10:20:56,69,69,12.67,4,214,
4-21,10:20:56,70,70,12.71,4,214,
4-21,10:20:57,69,69,12.68,4,214,
4-21,10:20:57,69,69,12.71,4,214,
4-21,10:20:58,67,67,12.69,4,214,
4-21,10:20:58,68,68,12.72,4,214,
4-21,10:20:59,69,69,12.75,4,214,
4-21,10:20:59,68,68,12.68,4,214,
4-21,10:21:0,65,65,12.68,4,214,
4-21,10:21:0,69,69,12.76,4,214,
4-21,10:21:1,69,69,12.73,4,214,
4-21,10:21:1,70,70,12.79,4,214,
4-21,10:21:2,65,65,12.51,4,214,
4-21,10:21:2,66,66,12.7,4,214,
4-21,10:21:3,69,69,12.77,4,214,
4-21,10:21:3,69,69,12.73,4,214,
4-21,10:21:4,71,71,12.77,4,214,
4-21,10:21:4,71,71,12.7,4,214,
4-21,10:21:5,74,74,12.84,4,214,
4-21,10:21:5,73,73,12.83,4,214,
4-21,10:21:6,73,73,12.78,4,214,
4-21,10:21:6,74,74,12.82,4,214,
4-21,10:21:7,74,74,12.83,4,214,
4-21,10:21:7,76,76,12.86,4,214,
4-21,10:21:8,76,76,12.85,4,214,
4-21,10:21:8,74,74,12.87,4,214,
4-21,10:21:9,73,73,12.82,4,214,
4-21,10:21:9,73,73,12.82,4,214,
4-21,10:21:10,75,75,12.86,4,214,
4-21,10:21:10,73,73,12.77,4,214,
4-21,10:21:11,74,74,12.84,4,214,
4-21,10:21:11,73,73,12.86,4,214,
4-21,10:21:12,73,73,12.81,4,214,
4-21,10:21:12,75,75,12.91,4,214,
4-21,10:21:13,73,73,12.84,4,214,
4-21,10:21:13,71,71,12.83,4,214,
4-21,10:21:14,70,70,12.79,4,214,
4-21,10:21:14,69,69,12.74,4,214,
4-21,10:21:15,67,67,12.7,4,214,
4-21,10:21:15,65,65,12.76,4,214,
4-21,10:21:16,65,65,12.74,4,214,
4-21,10:21:16,64,64,12.72,4,214,
4-21,10:21:17,64,64,12.74,4,214,
4-21,10:21:17,64,64,12.74,4,214,
4-21,10:21:18,64,64,12.75,4,214,
4-21,10:21:18,63,63,12.73,4,214,
4-21,10:21:19,64,64,12.76,4,214,
4-21,10:21:19,63,63,12.74,4,214,
4-21,10:21:20,64,64,12.71,4,214,
4-21,10:21:20,64,64,12.73,4,214,
4-21,10:21:21,63,63,12.72,4,214,
4-21,10:21:21,64,64,12.73,4,214,
4-21,10:21:22,65,65,12.69,4,214,
4-21,10:21:22,64,64,12.66,4,214,
4-21,10:21:23,65,65,12.69,4,214,
4-21,10:21:23,66,66,12.75,4,214,
4-21,10:21:24,64,64,12.69,4,214,
4-21,10:21:24,66,66,12.74,4,214,
4-21,10:21:25,66,66,12.73,4,214,
4-21,10:21:25,65,65,12.78,4,214,
4-21,10:21:26,66,66,12.76,4,214,
4-21,10:21:26,66,66,12.76,4,214,
4-21,10:21:27,69,69,12.84,4,214,
4-21,10:21:27,67,67,12.83,4,214,
4-21,10:21:28,66,66,12.8,4,214,
4-21,10:21:28,68,68,12.84,4,214,
4-21,10:21:29,68,68,12.79,4,214,
4-21,10:21:29,66,66,12.75,4,214,
4-21,10:21:30,67,67,12.83,4,214,
4-21,10:21:30,66,66,12.81,4,214,
4-21,10:21:31,67,67,12.81,4,214,
4-21,10:21:31,67,67,12.85,4,214,
4-21,10:21:32,66,66,12.8,4,214,
4-21,10:21:32,67,67,12.83,4,214,
4-21,10:21:33,66,66,12.85,4,214,
4-21,10:21:33,66,66,12.79,4,214,
4-21,10:21:34,66,66,12.81,4,214,
4-21,10:21:34,66,66,12.83,4,214,
4-21,10:21:35,65,65,12.81,4,214,
4-21,10:21:35,66,66,12.85,4,214,
4-21,10:21:36,67,67,12.86,4,214,
4-21,10:21:36,68,68,12.92,4,214,
4-21,10:21:37,67,67,12.9,4,214,
4-21,10:21:37,66,66,12.89,4,214,
4-21,10:21:38,65,65,12.84,4,214,
4-21,10:21:38,65,65,12.85,4,214,
4-21,10:21:39,66,66,12.92,4,214,
4-21,10:21:39,66,66,12.92,4,214,
4-21,10:21:40,64,64,12.83,4,214,
4-21,10:21:40,64,64,12.85,4,214,
4-21,10:21:41,64,64,12.86,4,214,
4-21,10:21:41,65,65,12.86,4,214,
4-21,10:21:42,64,64,12.83,4,214,
4-21,10:21:42,64,64,12.86,4,214,
4-21,10:21:43,65,65,12.84,4,214,
4-21,10:21:43,66,66,12.88,4,214,
4-21,10:21:44,67,67,12.89,4,214,
4-21,10:21:44,66,66,12.83,4,214,
4-21,10:21:45,66,66,12.79,4,214,
4-21,10:21:45,66,66,12.8,4,214,
4-21,10:21:46,67,67,12.81,4,214,
4-21,10:21:46,68,68,12.89,4,214,
4-21,10:21:47,68,68,12.81,4,214,
4-21,10:21:47,69,69,12.83,4,214,
4-21,10:21:48,69,69,12.83,4,214,
4-21,10:21:48,70,70,12.85,4,214,
4-21,10:21:49,70,70,12.83,4,214,
4-21,10:21:49,70,70,12.8,4,214,
4-21,10:21:50,69,69,12.76,4,214,
4-21,10:21:50,70,70,12.8,4,214,
4-21,10:21:51,70,70,12.79,4,214,
4-21,10:21:51,71,71,12.76,4,214,
4-21,10:21:52,70,70,12.74,4,214,
4-21,10:21:52,71,71,12.72,4,214,
4-21,10:21:53,71,71,12.76,4,214,
4-21,10:21:53,72,72,12.81,4,214,
4-21,10:21:54,70,70,12.73,4,214,
4-21,10:21:54,71,71,12.73,4,214,
4-21,10:21:55,72,72,12.76,4,214,
4-21,10:21:55,71,71,12.7,4,214,
4-21,10:21:56,73,73,12.77,4,214,
4-21,10:21:56,72,72,12.73,4,214,
4-21,10:21:57,72,72,12.75,4,214,
4-21,10:21:57,72,72,12.76,4,214,
4-21,10:21:58,72,72,12.74,4,214,
4-21,10:21:58,72,72,12.68,4,214,
4-21,10:21:59,72,72,12.72,4,214,
4-21,10:21:59,72,72,12.73,4,214,
4-21,10:22:0,71,71,12.72,4,214,
4-21,10:22:0,71,71,12.73,4,214,
4-21,10:22:1,71,71,12.7,4,214,
4-21,10:22:1,72,72,12.71,4,214,
4-21,10:22:2,73,73,12.74,4,214,
4-21,10:22:2,72,72,12.7,4,214,
4-21,10:22:3,72,72,12.68,4,214,
4-21,10:22:3,71,71,12.71,4,214,
4-21,10:22:4,72,72,12.69,4,214,
4-21,10:22:4,72,72,12.68,4,214,
4-21,10:22:5,72,72,12.68,4,214,
4-21,10:22:5,71,71,12.7,4,214,
4-21,10:22:6,70,70,12.65,4,214,
4-21,10:22:6,71,71,12.69,4,214,
4-21,10:22:7,71,71,12.71,4,214,
4-21,10:22:7,71,71,12.69,4,214,
4-21,10:22:8,72,72,12.69,4,214,
4-21,10:22:8,71,71,12.67,4,214,
4-21,10:22:9,72,72,12.73,4,214,
4-21,10:22:9,73,73,12.67,4,214,
4-21,10:22:10,71,71,12.66,4,214,
4-21,10:22:10,70,70,12.64,4,214,
4-21,10:22:11,71,71,12.68,4,214,
4-21,10:22:11,72,72,12.69,4,214,
4-21,10:22:12,72,72,12.66,4,214,
4-21,10:22:12,72,72,12.7,4,214,
4-21,10:22:13,72,72,12.67,4,214,
4-21,10:22:13,72,72,12.68,4,214,
4-21,10:22:14,71,71,12.6,4,214,
4-21,10:22:14,72,72,12.65,4,214,
4-21,10:22:15,73,73,12.62,4,214,
4-21,10:22:15,72,72,12.66,4,214,
4-21,10:22:16,72,72,12.65,4,214,
4-21,10:22:16,72,72,12.67,4,214,
4-21,10:22:17,72,72,12.65,4,214,
4-21,10:22:17,72,72,12.64,4,214,
4-21,10:22:18,71,71,12.58,4,214,
4-21,10:22:18,71,71,12.66,4,214,
4-21,10:22:19,73,73,12.6,4,214,
4-21,10:22:19,72,72,12.62,4,214,
4-21,10:22:20,73,73,12.62,4,214,
4-21,10:22:20,73,73,12.63,4,214,
4-21,10:22:21,73,73,12.62,4,214,
4-21,10:22:21,73,73,12.6,4,214,
4-21,10:22:22,72,72,12.6,4,214,
4-21,10:22:22,73,73,12.65,4,214,
4-21,10:22:23,73,73,12.61,4,214,
4-21,10:22:23,74,74,12.63,4,214,
4-21,10:22:24,73,73,12.62,4,214,
4-21,10:22:24,74,74,12.67,4,214,
4-21,10:22:25,73,73,12.65,4,214,
4-21,10:22:25,74,74,12.64,4,214,
4-21,10:22:26,75,75,12.68,4,214,
4-21,10:22:26,75,75,12.68,4,214,
4-21,10:22:27,76,76,12.68,4,214,
4-21,10:22:27,75,75,12.66,4,214,
4-21,10:22:28,74,74,12.66,4,214,
4-21,10:22:28,75,75,12.71,4,214,
4-21,10:22:29,75,75,12.64,4,214,
4-21,10:22:29,76,76,12.66,4,214,
4-21,10:22:30,76,76,12.68,4,214,
4-21,10:22:30,77,77,12.64,4,214,
4-21,10:22:31,76,76,12.72,4,214,
4-21,10:22:31,75,75,12.72,4,214,
4-21,10:22:32,76,76,12.68,4,214,
4-21,10:22:32,76,76,12.69,4,214,
4-21,10:22:33,77,77,12.72,4,214,
4-21,10:22:33,77,77,12.7,4,214,
4-21,10:22:34,77,77,12.66,4,214,
4-21,10:22:34,77,77,12.69,4,214,
4-21,10:22:35,77,77,12.7,4,214,
4-21,10:22:35,77,77,12.69,4,214,
4-21,10:22:36,77,77,12.73,4,214,
4-21,10:22:36,77,77,12.73,4,214,
4-21,10:22:37,77,77,12.7,4,214,
4-21,10:22:37,77,77,12.67,4,214,
4-21,10:22:38,77,77,12.71,4,214,
4-21,10:22:38,78,78,12.73,4,214,
4-21,10:22:39,77,77,12.68,4,214,
4-21,10:22:39,77,77,12.7,4,214,
4-21,10:22:40,77,77,12.74,4,214,
4-21,10:22:40,78,78,12.66,4,214,
4-21,10:22:41,77,77,12.7,4,214,
4-21,10:22:41,78,78,12.75,4,214,
4-21,10:22:42,76,76,12.76,4,214,
4-21,10:22:42,76,76,12.68,4,214,
4-21,10:22:43,78,78,12.68,4,214,
4-21,10:22:43,77,77,12.7,4,214,
4-21,10:22:44,76,76,12.7,4,214,
4-21,10:22:44,77,77,12.71,4,214,
4-21,10:22:45,77,77,12.7,4,214,
4-21,10:22:45,77,77,12.73,4,214,
4-21,10:22:46,77,77,12.71,4,214,
4-21,10:22:46,76,76,12.67,4,214,
4-21,10:22:47,77,77,12.68,4,214,
4-21,10:22:47,77,77,12.75,4,214,
4-21,10:22:48,77,77,12.68,4,214,
4-21,10:22:48,76,76,12.68,4,214,
4-21,10:22:49,77,77,12.74,4,214,
4-21,10:22:49,76,76,12.69,4,214,
4-21,10:22:50,75,75,12.72,4,214,
4-21,10:22:50,77,77,12.72,4,214,
4-21,10:22:51,76,76,12.69,4,214,
4-21,10:22:51,76,76,12.73,4,214,
4-21,10:22:52,76,76,12.68,4,214,
4-21,10:22:52,78,78,12.75,4,214,
4-21,10:22:53,76,76,12.73,4,214,
4-21,10:22:53,76,76,12.73,4,214,
4-21,10:22:54,76,76,12.69,4,214,
4-21,10:22:54,76,76,12.71,4,214,
4-21,10:22:55,72,72,12.61,4,214,
4-21,10:22:55,72,72,12.69,4,214,
4-21,10:22:56,75,75,12.72,4,214,
4-21,10:22:56,70,70,12.73,4,214,
4-21,10:22:57,70,70,12.74,4,214,
4-21,10:22:57,71,71,12.74,4,214,
4-21,10:22:58,72,72,12.73,4,214,
4-21,10:22:58,71,71,12.73,4,214,
4-21,10:22:59,72,72,12.72,4,214,
4-21,10:22:59,73,73,12.71,4,214,
4-21,10:23:0,75,75,12.74,4,214,
4-21,10:23:0,75,75,12.72,4,214,
4-21,10:23:1,74,74,12.68,4,214,
4-21,10:23:1,75,75,12.71,4,214,
4-21,10:23:2,75,75,12.72,4,214,
4-21,10:23:2,75,75,12.7,4,214,
4-21,10:23:3,75,75,12.72,4,214,
4-21,10:23:3,75,75,12.66,4,214,
4-21,10:23:4,75,75,12.76,4,214,
4-21,10:23:4,76,76,12.7,4,214,
4-21,10:23:5,76,76,12.76,4,214,
4-21,10:23:5,76,76,12.72,4,214,
4-21,10:23:6,76,76,12.73,4,214,
4-21,10:23:6,75,75,12.68,4,214,
4-21,10:23:7,75,75,12.71,4,214,
4-21,10:23:7,75,75,12.67,4,214,
4-21,10:23:8,75,75,12.72,4,214,
4-21,10:23:8,75,75,12.74,4,214,
4-21,10:23:9,74,74,12.68,4,214,
4-21,10:23:9,75,75,12.73,4,214,
4-21,10:23:10,74,74,12.68,4,214,
4-21,10:23:10,74,74,12.72,4,214,
4-21,10:23:11,74,74,12.69,4,214,
4-21,10:23:11,74,74,12.67,4,214,
4-21,10:23:12,73,73,12.73,4,214,
4-21,10:23:12,74,74,12.74,4,214,
4-21,10:23:13,72,72,12.72,4,214,
4-21,10:23:13,73,73,12.74,4,214,
4-21,10:23:14,72,72,12.69,4,214,
4-21,10:23:14,72,72,12.71,4,214,
4-21,10:23:15,71,71,12.66,4,214,
4-21,10:23:15,71,71,12.69,4,214,
4-21,10:23:16,71,71,12.7,4,214,
4-21,10:23:16,73,73,12.76,4,214,
4-21,10:23:17,71,71,12.71,4,214,
4-21,10:23:17,70,70,12.67,4,214,
4-21,10:23:18,67,67,12.63,4,214,
4-21,10:23:18,68,68,12.68,4,214,
4-21,10:23:19,68,68,12.67,4,214,
4-21,10:23:19,69,69,12.8,4,214,
4-21,10:23:20,68,68,12.66,4,214,
4-21,10:23:20,67,67,12.59,4,214,
4-21,10:23:21,68,68,12.7,4,214,
4-21,10:23:21,69,69,12.71,4,214,
4-21,10:23:22,68,68,12.71,4,214,
4-21,10:23:22,68,68,12.67,4,214,
4-21,10:23:23,69,69,12.68,4,214,
4-21,10:23:23,70,70,12.66,4,214,
4-21,10:23:24,70,70,12.66,4,214,
4-21,10:23:24,69,69,12.63,4,214,
4-21,10:23:25,70,70,12.62,4,214,
4-21,10:23:25,70,70,12.65,4,214,
4-21,10:23:26,70,70,12.58,4,214,
4-21,10:23:26,71,71,12.65,4,214,
4-21,10:23:27,70,70,12.65,4,214,
4-21,10:23:27,71,71,12.63,4,214,
4-21,10:23:28,70,70,12.63,4,214,
4-21,10:23:28,71,71,12.7,4,214,
4-21,10:23:29,71,71,12.64,4,214,
4-21,10:23:29,71,71,12.64,4,214,
4-21,10:23:30,70,70,12.66,4,214,
4-21,10:23:30,70,70,12.63,4,214,
4-21,10:23:31,72,72,12.64,4,214,
4-21,10:23:31,71,71,12.6,4,214,
4-21,10:23:32,71,71,12.66,4,214,
4-21,10:23:32,72,72,12.58,4,214,
4-21,10:23:33,72,72,12.66,4,214,
4-21,10:23:33,73,73,12.68,4,214,
4-21,10:23:34,72,72,12.64,4,214,
4-21,10:23:34,73,73,12.62,4,214,
4-21,10:23:35,73,73,12.67,4,214,
4-21,10:23:35,73,73,12.63,4,214,
4-21,10:23:36,74,74,12.67,4,214,
4-21,10:23:36,73,73,12.69,4,214,
4-21,10:23:37,75,75,12.68,4,214,
4-21,10:23:37,74,74,12.66,4,214,
4-21,10:23:38,75,75,12.66,4,214,
4-21,10:23:38,74,74,12.68,4,214,
4-21,10:23:39,74,74,12.67,4,214,
4-21,10:23:39,74,74,12.65,4,214,
4-21,10:23:40,74,74,12.65,4,214,
4-21,10:23:40,74,74,12.65,4,214,
4-21,10:23:41,74,74,12.63,4,214,
4-21,10:23:41,75,75,12.69,4,214,
4-21,10:23:42,75,75,12.64,4,214,
4-21,10:23:42,75,75,12.73,4,214,
4-21,10:23:43,75,75,12.66,4,214,
4-21,10:23:43,76,76,12.66,4,214,
4-21,10:23:44,75,75,12.62,4,214,
4-21,10:23:44,77,77,12.63,4,214,
4-21,10:23:45,76,76,12.72,4,214,
4-21,10:23:45,76,76,12.62,4,214,
4-21,10:23:46,77,77,12.65,4,214,
4-21,10:23:46,77,77,12.64,4,214,
4-21,10:23:47,76,76,12.58,4,214,
4-21,10:23:47,78,78,12.76,4,214,
4-21,10:23:48,77,77,12.66,4,214,
4-21,10:23:48,77,77,12.72,4,214,
4-21,10:23:49,77,77,12.62,4,214,
4-21,10:23:49,77,77,12.6,4,214,
4-21,10:23:50,77,77,12.6,4,214,
4-21,10:23:50,78,78,12.67,4,214,
4-21,10:23:51,76,76,12.66,4,214,
4-21,10:23:51,77,77,12.65,4,214,
4-21,10:23:52,77,77,12.64,4,214,
4-21,10:23:52,78,78,12.65,4,214,
4-21,10:23:53,76,76,12.64,4,214,
4-21,10:23:53,72,72,12.54,4,214,
4-21,10:23:54,74,74,12.53,4,214,
4-21,10:23:54,76,76,12.68,4,214,
4-21,10:23:55,75,75,12.56,4,214,
4-21,10:23:55,73,73,12.6,4,214,
4-21,10:23:56,76,76,12.57,4,214,
4-21,10:23:56,74,74,12.61,4,214,
4-21,10:23:57,75,75,12.65,4,214,
4-21,10:23:57,74,74,12.7,4,214,
4-21,10:23:58,76,76,12.68,4,214,
4-21,10:23:58,75,75,12.65,4,214,
4-21,10:23:59,76,76,12.68,4,214,
4-21,10:23:59,77,77,12.75,4,214,
4-21,10:24:0,76,76,12.73,4,214,
4-21,10:24:0,77,77,12.73,4,214,
4-21,10:24:1,79,79,12.74,4,214,
4-21,10:24:1,79,79,12.76,4,214,
4-21,10:24:2,78,78,12.77,4,214,
4-21,10:24:2,79,79,12.76,4,214,
4-21,10:24:3,78,78,12.75,4,214,
4-21,10:24:3,78,78,12.8,4,214,
4-21,10:24:4,78,78,12.74,4,214,
4-21,10:24:4,79,79,12.72,4,214,
4-21,10:24:5,78,78,12.72,4,214,
4-21,10:24:5,78,78,12.73,4,214,
4-21,10:24:6,79,79,12.74,4,214,
4-21,10:24:6,79,79,12.78,4,214,
4-21,10:24:7,78,78,12.72,4,214,
4-21,10:24:7,79,79,12.75,4,214,
4-21,10:24:8,80,80,12.81,4,214,
4-21,10:24:8,80,80,12.71,4,214,
4-21,10:24:9,79,79,12.8,4,214,
4-21,10:24:9,79,79,12.76,4,214,
4-21,10:24:10,80,80,12.83,4,214,
4-21,10:24:10,79,79,12.76,4,214,
4-21,10:24:11,79,79,12.81,4,214,
4-21,10:24:11,80,80,12.81,4,214,
4-21,10:24:12,80,80,12.75,4,214,
4-21,10:24:12,79,79,12.85,4,214,
4-21,10:24:13,79,79,12.74,4,214,
4-21,10:24:13,80,80,12.75,4,214,
4-21,10:24:14,80,80,12.8,4,214,
4-21,10:24:14,80,80,12.76,4,214,
4-21,10:24:15,79,79,12.84,4,214,
4-21,10:24:15,81,81,12.84,4,214,
4-21,10:24:16,80,80,12.76,4,214,
4-21,10:24:16,80,80,12.74,4,214,
4-21,10:24:17,80,80,12.85,4,214,
4-21,10:24:17,79,79,12.76,4,214,
4-21,10:24:18,80,80,12.79,4,214,
4-21,10:24:18,81,81,12.76,4,214,
4-21,10:24:19,81,81,12.73,4,214,
4-21,10:24:19,81,81,12.76,4,214,
4-21,10:24:20,80,80,12.76,4,214,
4-21,10:24:20,80,80,12.83,4,214,
4-21,10:24:21,81,81,12.74,4,214,
4-21,10:24:21,81,81,12.77,4,214,
4-21,10:24:22,80,80,12.76,4,214,
4-21,10:24:22,80,80,12.73,4,214,
4-21,10:24:23,80,80,12.79,4,214,
4-21,10:24:23,81,81,12.79,4,214,
4-21,10:24:24,80,80,12.74,4,214,
4-21,10:24:24,80,80,12.75,4,214,
4-21,10:24:25,81,81,12.76,4,214,
4-21,10:24:25,81,81,12.75,4,214,
4-21,10:24:26,81,81,12.79,4,214,
4-21,10:24:26,81,81,12.76,4,214,
4-21,10:24:27,80,80,12.73,4,214,
4-21,10:24:27,81,81,12.74,4,214,
4-21,10:24:28,81,81,12.75,4,214,
4-21,10:24:28,80,80,12.73,4,214,
4-21,10:24:29,80,80,12.78,4,214,
4-21,10:24:29,80,80,12.74,4,214,
4-21,10:24:30,79,79,12.71,4,214,
4-21,10:24:30,80,80,12.69,4,214,
4-21,10:24:31,79,79,12.71,4,214,
4-21,10:24:31,79,79,12.69,4,214,
4-21,10:24:32,80,80,12.69,4,214,
4-21,10:24:32,80,80,12.73,4,214,
4-21,10:24:33,80,80,12.68,4,214,
4-21,10:24:33,80,80,12.74,4,214,
4-21,10:24:34,80,80,12.69,4,214,
4-21,10:24:34,80,80,12.77,4,214,
4-21,10:24:35,79,79,12.74,4,214,
4-21,10:24:35,80,80,12.77,4,214,
4-21,10:24:36,79,79,12.73,4,214,
4-21,10:24:36,80,80,12.78,4,214,
4-21,10:24:37,80,80,12.74,4,214,
4-21,10:24:37,79,79,12.71,4,214,
4-21,10:24:38,79,79,12.74,4,214,
4-21,10:24:38,78,78,12.77,4,214,
4-21,10:24:39,79,79,12.77,4,214,
4-21,10:24:39,80,80,12.84,4,214,
4-21,10:24:40,80,80,12.82,4,214,
4-21,10:24:40,81,81,12.8,4,214,
4-21,10:24:41,80,80,12.84,4,214,
4-21,10:24:41,80,80,12.82,4,214,
4-21,10:24:42,80,80,12.79,4,214,
4-21,10:24:42,81,81,12.84,4,214,
4-21,10:24:43,80,80,12.78,4,214,
4-21,10:24:43,80,80,12.8,4,214,
4-21,10:24:44,80,80,12.85,4,214,
4-21,10:24:44,80,80,12.86,4,214,
4-21,10:24:45,80,80,12.9,4,214,
4-21,10:24:45,80,80,12.83,4,214,
4-21,10:24:46,80,80,12.88,4,214,
4-21,10:24:46,81,81,12.89,4,214,
4-21,10:24:47,81,81,12.89,4,214,
4-21,10:24:47,81,81,12.85,4,214,
4-21,10:24:48,81,81,12.82,4,214,
4-21,10:24:48,81,81,12.88,4,214,
4-21,10:24:49,81,81,12.87,4,214,
4-21,10:24:49,82,82,12.89,4,214,
4-21,10:24:50,82,82,12.85,4,214,
4-21,10:24:50,82,82,12.88,4,214,
4-21,10:24:51,83,83,12.89,4,214,
4-21,10:24:51,82,82,12.9,4,214,
4-21,10:24:52,82,82,12.82,4,214,
4-21,10:24:52,81,81,12.9,4,214,
4-21,10:24:53,81,81,12.84,4,214,
4-21,10:24:53,82,82,12.89,4,214,
4-21,10:24:54,82,82,12.81,4,214,
4-21,10:24:54,82,82,12.87,4,214,
4-21,10:24:55,83,83,12.84,4,214,
4-21,10:24:55,83,83,12.83,4,214,
4-21,10:24:56,83,83,12.85,4,214,
4-21,10:24:56,83,83,12.84,4,214,
4-21,10:24:57,83,83,12.84,4,214,
4-21,10:24:57,83,83,12.82,4,214,
4-21,10:24:58,83,83,12.84,4,214,
4-21,10:24:58,83,83,12.84,4,214,
4-21,10:24:59,83,83,12.86,4,214,
4-21,10:24:59,83,83,12.84,4,214,
4-21,10:25:0,83,83,12.88,4,214,
4-21,10:25:0,83,83,12.83,4,214,
4-21,10:25:1,83,83,12.84,4,214,
4-21,10:25:1,83,83,12.84,4,214,
4-21,10:25:2,83,83,12.84,4,214,
4-21,10:25:2,83,83,12.82,4,214,
4-21,10:25:3,83,83,12.82,4,214,
4-21,10:25:3,83,83,12.86,4,214,
4-21,10:25:4,83,83,12.84,4,214,
4-21,10:25:4,83,83,12.82,4,214,
4-21,10:25:5,83,83,12.84,4,214,
4-21,10:25:5,83,83,12.85,4,214,
4-21,10:25:6,83,83,12.85,4,214,
4-21,10:25:6,83,83,12.85,4,214,
4-21,10:25:7,83,83,12.87,4,214,
4-21,10:25:7,83,83,12.81,4,214,
4-21,10:25:8,84,84,12.82,4,214,
4-21,10:25:8,83,83,12.86,4,214,
4-21,10:25:9,84,84,12.87,4,214,
4-21,10:25:9,83,83,12.84,4,214,
4-21,10:25:10,83,83,12.74,4,214,
4-21,10:25:10,83,83,12.82,4,214,
4-21,10:25:11,83,83,12.83,4,214,
4-21,10:25:11,84,84,12.83,4,214,
4-21,10:25:12,83,83,12.83,4,214,
4-21,10:25:12,84,84,12.82,4,214,
4-21,10:25:13,84,84,12.85,4,214,
4-21,10:25:13,84,84,12.84,4,214,
4-21,10:25:14,84,84,12.84,4,214,
4-21,10:25:14,83,83,12.82,4,214,
4-21,10:25:15,83,83,12.86,4,214,
4-21,10:25:15,83,83,12.84,4,214,
4-21,10:25:16,83,83,12.82,4,214,
4-21,10:25:16,83,83,12.82,4,214,
4-21,10:25:17,83,83,12.83,4,214,
4-21,10:25:17,84,84,12.83,4,214,
4-21,10:25:18,83,83,12.81,4,214,
4-21,10:25:18,83,83,12.81,4,214,
4-21,10:25:19,84,84,12.84,4,214,
4-21,10:25:19,83,83,12.76,4,214,
4-21,10:25:20,83,83,12.74,4,214,
4-21,10:25:20,79,79,12.75,4,214,
4-21,10:25:21,79,79,12.78,4,214,
4-21,10:25:21,78,78,12.78,4,214,
4-21,10:25:22,80,80,12.76,4,214,
4-21,10:25:22,80,80,12.77,4,214,
4-21,10:25:23,81,81,12.79,4,214,
4-21,10:25:23,82,82,12.81,4,214,
4-21,10:25:24,83,83,12.8,4,214,
4-21,10:25:24,83,83,12.76,4,214,
4-21,10:25:25,83,83,12.81,4,214,
4-21,10:25:25,83,83,12.79,4,214,
4-21,10:25:26,83,83,12.78,4,214,
4-21,10:25:26,81,81,12.73,4,214,
4-21,10:25:27,80,80,12.66,4,214,
4-21,10:25:27,80,80,12.8,4,214,
4-21,10:25:28,83,83,12.84,4,214,
4-21,10:25:28,82,82,12.8,4,214,
4-21,10:25:29,82,82,12.9,4,214,
4-21,10:25:29,83,83,12.89,4,214,
4-21,10:25:30,83,83,12.83,4,214,
4-21,10:25:30,83,83,12.87,4,214,
4-21,10:25:31,83,83,12.87,4,214,
4-21,10:25:31,82,82,12.85,4,214,
4-21,10:25:32,82,82,12.84,4,214,
4-21,10:25:32,83,83,12.88,4,214,
4-21,10:25:33,82,82,12.85,4,214,
4-21,10:25:33,83,83,12.84,4,214,
4-21,10:25:34,82,82,12.84,4,214,
4-21,10:25:34,83,83,12.9,4,214,
4-21,10:25:35,83,83,12.93,4,214,
4-21,10:25:35,82,82,12.9,4,214,
4-21,10:25:36,81,81,12.79,4,214,
4-21,10:25:36,79,79,12.79,4,214,
4-21,10:25:37,79,79,12.77,4,214,
4-21,10:25:37,79,79,12.8,4,214,
4-21,10:25:38,79,79,12.74,4,214,
4-21,10:25:38,79,79,12.78,4,214,
4-21,10:25:39,79,79,12.83,4,214,
4-21,10:25:39,80,80,12.79,4,214,
4-21,10:25:40,79,79,12.81,4,214,
4-21,10:25:40,78,78,12.79,4,214,
4-21,10:25:41,79,79,12.77,4,214,
4-21,10:25:41,80,80,12.75,4,214,
4-21,10:25:42,80,80,12.83,4,214,
4-21,10:25:42,79,79,12.82,4,214,
4-21,10:25:43,79,79,12.77,4,214,
4-21,10:25:43,80,80,12.74,4,214,
4-21,10:25:44,80,80,12.76,4,214,
4-21,10:25:44,79,79,12.82,4,214,
4-21,10:25:45,80,80,12.82,4,214,
4-21,10:25:45,80,80,12.81,4,214,
4-21,10:25:46,81,81,12.81,4,214,
4-21,10:25:46,81,81,12.88,4,214,
4-21,10:25:47,82,82,12.89,4,214,
4-21,10:25:47,80,80,12.83,4,214,
4-21,10:25:48,80,80,12.87,4,214,
4-21,10:25:48,82,82,12.83,4,214,
4-21,10:25:49,81,81,12.86,4,214,
4-21,10:25:49,81,81,12.86,4,214,
4-21,10:25:50,81,81,12.86,4,214,
4-21,10:25:50,80,80,12.79,4,214,
4-21,10:25:51,80,80,12.88,4,214,
4-21,10:25:51,81,81,12.83,4,214,
4-21,10:25:52,81,81,12.9,4,214,
4-21,10:25:52,81,81,12.89,4,214,
4-21,10:25:53,81,81,12.86,4,214,
4-21,10:25:53,80,80,12.88,4,214,
4-21,10:25:54,80,80,12.91,4,214,
4-21,10:25:54,80,80,12.81,4,214,
4-21,10:25:55,79,79,12.86,4,214,
4-21,10:25:55,79,79,12.82,4,214,
4-21,10:25:56,80,80,12.85,4,214,
4-21,10:25:56,79,79,12.85,4,214,
4-21,10:25:57,79,79,12.85,4,214,
4-21,10:25:57,79,79,12.85,4,214,
4-21,10:25:58,80,80,12.84,4,214,
4-21,10:25:58,79,79,12.85,4,214,
4-21,10:25:59,79,79,12.83,4,214,
4-21,10:25:59,79,79,12.86,4,214,
4-21,10:26:0,80,80,12.87,4,214,
4-21,10:26:0,80,80,12.9,4,214,
4-21,10:26:1,80,80,12.87,4,214,
4-21,10:26:1,81,81,12.86,4,214,
4-21,10:26:2,80,80,12.9,4,214,
4-21,10:26:2,80,80,12.83,4,214,
4-21,10:26:3,80,80,12.85,4,214,
4-21,10:26:3,80,80,12.87,4,214,
4-21,10:26:4,81,81,12.85,4,214,
4-21,10:26:4,81,81,12.87,4,214,
4-21,10:26:5,80,80,12.85,4,214,
4-21,10:26:5,80,80,12.88,4,214,
4-21,10:26:6,81,81,12.88,4,214,
4-21,10:26:6,80,80,12.89,4,214,
4-21,10:26:7,80,80,12.9,4,214,
4-21,10:26:7,80,80,12.86,4,214,
4-21,10:26:8,80,80,12.89,4,214,
4-21,10:26:8,82,82,12.88,4,214,
4-21,10:26:9,81,81,12.89,4,214,
4-21,10:26:9,81,81,12.92,4,214,
4-21,10:26:10,81,81,12.86,4,214,
4-21,10:26:10,82,82,12.92,4,214,
4-21,10:26:11,82,82,12.87,4,214,
4-21,10:26:11,82,82,12.91,4,214,
4-21,10:26:12,82,82,12.86,4,214,
4-21,10:26:12,81,81,12.89,4,214,
4-21,10:26:13,81,81,12.9,4,214,
4-21,10:26:13,82,82,12.86,4,214,
4-21,10:26:14,82,82,12.92,4,214,
4-21,10:26:14,81,81,12.88,4,214,
4-21,10:26:15,82,82,12.91,4,214,
4-21,10:26:15,81,81,12.88,4,214,
4-21,10:26:16,80,80,12.92,4,214,
4-21,10:26:16,80,80,12.88,4,214,
4-21,10:26:17,81,81,12.84,4,214,
4-21,10:26:17,80,80,12.87,4,214,
4-21,10:26:18,81,81,12.85,4,214,
4-21,10:26:18,80,80,12.83,4,214,
4-21,10:26:19,80,80,12.87,4,214,
4-21,10:26:19,81,81,12.83,4,214,
4-21,10:26:20,81,81,12.91,4,214,
4-21,10:26:20,81,81,12.79,4,214,
4-21,10:26:21,81,81,12.76,4,214,
4-21,10:26:21,80,80,12.82,4,214,
4-21,10:26:22,80,80,12.89,4,214,
4-21,10:26:22,80,80,12.83,4,214,
4-21,10:26:23,81,81,12.88,4,214,
4-21,10:26:23,80,80,12.84,4,214,
4-21,10:26:24,80,80,12.85,4,214,
4-21,10:26:24,82,82,12.89,4,214,
4-21,10:26:25,81,81,12.89,4,214,
4-21,10:26:25,81,81,12.85,4,214,
4-21,10:26:26,81,81,12.82,4,214,
4-21,10:26:26,80,80,12.84,4,214,
4-21,10:26:27,80,80,12.84,4,214,
4-21,10:26:27,81,81,12.85,4,214,
4-21,10:26:28,81,81,12.79,4,214,
4-21,10:26:28,81,81,12.82,4,214,
4-21,10:26:29,81,81,12.8,4,214,
4-21,10:26:29,81,81,12.88,4,214,
4-21,10:26:30,80,80,12.84,4,214,
4-21,10:26:30,81,81,12.86,4,214,
4-21,10:26:31,81,81,12.74,4,214,
4-21,10:26:31,81,81,12.83,4,214,
4-21,10:26:32,81,81,12.81,4,214,
4-21,10:26:32,81,81,12.83,4,214,
4-21,10:26:33,81,81,12.87,4,214,
4-21,10:26:33,80,80,12.81,4,214,
4-21,10:26:34,80,80,12.87,4,214,
4-21,10:26:34,81,81,12.84,4,214,
4-21,10:26:35,80,80,12.83,4,214,
4-21,10:26:35,81,81,12.81,4,214,
4-21,10:26:36,80,80,12.85,4,214,
4-21,10:26:36,80,80,12.87,4,214,
4-21,10:26:37,80,80,12.8,4,214,
4-21,10:26:37,80,80,12.78,4,214,
4-21,10:26:38,81,81,12.76,4,214,
4-21,10:26:38,80,80,12.85,4,214,
4-21,10:26:39,80,80,12.86,4,214,
4-21,10:26:39,80,80,12.8,4,214,
4-21,10:26:40,81,81,12.86,4,214,
4-21,10:26:40,81,81,12.85,4,214,
4-21,10:26:41,80,80,12.79,4,214,
4-21,10:26:41,80,80,12.81,4,214,
4-21,10:26:42,81,81,12.82,4,214,
4-21,10:26:42,80,80,12.82,4,214,
4-21,10:26:43,81,81,12.85,4,214,
4-21,10:26:43,81,81,12.79,4,214,
4-21,10:26:44,81,81,12.83,4,214,
4-21,10:26:44,81,81,12.79,4,214,
4-21,10:26:45,80,80,12.77,4,214,
4-21,10:26:45,80,80,12.8,4,214,
4-21,10:26:46,81,81,12.8,4,214,
4-21,10:26:46,81,81,12.85,4,214,
4-21,10:26:47,80,80,12.77,4,214,
4-21,10:26:47,81,81,12.83,4,214,
4-21,10:26:48,81,81,12.79,4,214,
4-21,10:26:48,80,80,12.82,4,214,
4-21,10:26:49,80,80,12.82,4,214,
4-21,10:26:49,81,81,12.78,4,214,
4-21,10:26:50,81,81,12.85,4,214,
4-21,10:26:50,80,80,12.76,4,214,
4-21,10:26:51,79,79,12.81,4,214,
4-21,10:26:51,78,78,12.71,4,214,
4-21,10:26:52,78,78,12.74,4,214,
4-21,10:26:52,79,79,12.82,4,214,
4-21,10:26:53,79,79,12.82,4,214,
4-21,10:26:53,79,79,12.82,4,214,
4-21,10:26:54,81,81,12.86,4,214,
4-21,10:26:54,70,70,11.35,4,214,
4-21,10:26:55,96,96,11.41,4,214,
4-21,10:26:56,99,99,11.5,4,214,
4-21,10:26:56,96,96,11.39,4,214,
4-21,10:26:57,79,79,12.4,4,214,
4-21,10:26:57,81,81,12.78,4,214,
4-21,10:26:58,82,82,12.88,4,214,
4-21,10:26:58,82,82,12.91,4,214,
4-21,10:26:59,82,82,12.86,4,214,
4-21,10:26:59,82,82,12.93,4,214,
4-21,10:27:0,83,83,12.92,4,214,
4-21,10:27:0,83,83,13.02,4,214,
4-21,10:27:1,83,83,12.9,4,214,
4-21,10:27:1,84,84,12.9,4,214,
4-21,10:27:2,83,83,12.93,4,214,
4-21,10:27:2,84,84,13.01,4,214,
4-21,10:27:3,84,84,13.05,4,214,
4-21,10:27:3,83,83,12.96,4,214,
4-21,10:27:4,84,84,12.93,4,214,
4-21,10:27:4,83,83,12.89,4,214,
4-21,10:27:5,84,84,12.9,4,214,
4-21,10:27:5,82,82,12.91,4,214,
4-21,10:27:6,83,83,12.95,4,214,
4-21,10:27:6,82,82,12.99,4,214,
4-21,10:27:7,82,82,12.93,4,214,
4-21,10:27:7,82,82,12.91,4,214,
4-21,10:27:8,83,83,12.94,4,214,
4-21,10:27:8,82,82,12.94,4,214,
4-21,10:27:9,82,82,12.93,4,214,
4-21,10:27:9,82,82,12.83,4,214,
4-21,10:27:10,82,82,12.95,4,214,
4-21,10:27:10,82,82,12.94,4,214,
4-21,10:27:11,82,82,12.91,4,214,
4-21,10:27:11,81,81,12.93,4,214,
4-21,10:27:12,82,82,12.98,4,214,
4-21,10:27:12,82,82,12.93,4,214,
4-21,10:27:13,81,81,12.94,4,214,
4-21,10:27:13,82,82,12.95,4,214,
4-21,10:27:14,81,81,12.95,4,214,
4-21,10:27:14,80,80,12.92,4,214,
4-21,10:27:15,81,81,12.98,4,214,
4-21,10:27:15,81,81,12.93,4,214,
4-21,10:27:16,80,80,12.97,4,214,
4-21,10:27:16,81,81,12.95,4,214,
4-21,10:27:17,81,81,12.95,4,214,
4-21,10:27:17,81,81,12.95,4,214,
4-21,10:27:18,80,80,12.94,4,214,
4-21,10:27:18,81,81,12.95,4,214,
4-21,10:27:19,81,81,12.97,4,214,
4-21,10:27:19,81,81,12.96,4,214,
4-21,10:27:20,82,82,12.89,4,214,
4-21,10:27:20,82,82,12.95,4,214,
4-21,10:27:21,81,81,13,4,214,
4-21,10:27:21,81,81,12.88,4,214,
4-21,10:27:22,81,81,12.94,4,214,
4-21,10:27:22,82,82,12.96,4,214,
4-21,10:27:23,81,81,12.94,4,214,
4-21,10:27:23,81,81,12.87,4,214,
4-21,10:27:24,82,82,12.91,4,214,
4-21,10:27:24,82,82,12.92,4,214,
4-21,10:27:25,82,82,12.91,4,214,
4-21,10:27:25,80,80,12.89,4,214,
4-21,10:27:26,81,81,12.91,4,214,
4-21,10:27:26,81,81,12.91,4,214,
4-21,10:27:27,82,82,12.93,4,214,
4-21,10:27:27,81,81,12.9,4,214,
4-21,10:27:28,81,81,12.88,4,214,
4-21,10:27:28,82,82,12.93,4,214,
4-21,10:27:29,82,82,12.9,4,214,
4-21,10:27:29,81,81,12.9,4,214,
4-21,10:27:30,82,82,12.94,4,214,
4-21,10:27:30,82,82,12.94,4,214,
4-21,10:27:31,82,82,12.93,4,214,
4-21,10:27:31,82,82,12.88,4,214,
4-21,10:27:32,81,81,12.91,4,214,
4-21,10:27:32,82,82,12.92,4,214,
4-21,10:27:33,81,81,12.88,4,214,
4-21,10:27:33,81,81,12.89,4,214,
4-21,10:27:34,82,82,12.95,4,214,
4-21,10:27:34,82,82,12.9,4,214,
4-21,10:27:35,82,82,12.88,4,214,
4-21,10:27:35,82,82,12.86,4,214,
4-21,10:27:36,81,81,12.89,4,214,
4-21,10:27:36,82,82,12.94,4,214,
4-21,10:27:37,82,82,12.87,4,214,
4-21,10:27:37,81,81,12.91,4,214,
4-21,10:27:38,81,81,12.88,4,214,
4-21,10:27:38,82,82,12.86,4,214,
4-21,10:27:39,81,81,12.83,4,214,
4-21,10:27:39,82,82,12.83,4,214,
4-21,10:27:40,82,82,12.9,4,214,
4-21,10:27:40,81,81,12.88,4,214,
4-21,10:27:41,82,82,12.88,4,214,
4-21,10:27:41,80,80,12.83,4,214,
4-21,10:27:42,81,81,12.82,4,214,
4-21,10:27:42,80,80,12.82,4,214,
4-21,10:27:43,79,79,12.78,4,214,
4-21,10:27:43,79,79,12.73,4,214,
4-21,10:27:44,78,78,12.73,4,214,
4-21,10:27:44,78,78,12.71,4,214,
4-21,10:27:45,78,78,12.75,4,214,
4-21,10:27:45,77,77,12.73,4,214,
4-21,10:27:46,77,77,12.74,4,214,
4-21,10:27:46,77,77,12.72,4,214,
4-21,10:27:47,77,77,12.74,4,214,
4-21,10:27:47,77,77,12.71,4,214,
4-21,10:27:48,77,77,12.72,4,214,
4-21,10:27:48,77,77,12.73,4,214,
4-21,10:27:49,78,78,12.74,4,214,
4-21,10:27:49,77,77,12.71,4,214,
4-21,10:27:50,78,78,12.75,4,214,
4-21,10:27:50,76,76,12.78,4,214,
4-21,10:27:51,76,76,12.79,4,214,
4-21,10:27:51,77,77,12.7,4,214,
4-21,10:27:52,77,77,12.73,4,214,
4-21,10:27:52,78,78,12.69,4,214,
4-21,10:27:53,76,76,12.7,4,214,
4-21,10:27:53,76,76,12.67,4,214,
4-21,10:27:54,78,78,12.71,4,214,
4-21,10:27:54,77,77,12.74,4,214,
4-21,10:27:55,76,76,12.66,4,214,
4-21,10:27:55,76,76,12.64,4,214,
4-21,10:27:56,78,78,12.74,4,214,
4-21,10:27:56,78,78,12.75,4,214,
4-21,10:27:57,78,78,12.75,4,214,
4-21,10:27:57,78,78,12.74,4,214,
4-21,10:27:58,78,78,12.7,4,214,
4-21,10:27:58,78,78,12.76,4,214,
4-21,10:27:59,77,77,12.69,4,214,
4-21,10:27:59,77,77,12.71,4,214,
4-21,10:28:0,77,77,12.75,4,214,
4-21,10:28:0,78,78,12.72,4,214,
4-21,10:28:1,78,78,12.73,4,214,
4-21,10:28:1,78,78,12.66,4,214,
4-21,10:28:2,79,79,12.82,4,214,
4-21,10:28:2,79,79,12.81,4,214,
4-21,10:28:3,80,80,12.8,4,214,
4-21,10:28:3,79,79,12.77,4,214,
4-21,10:28:4,79,79,12.82,4,214,
4-21,10:28:4,79,79,12.8,4,214,
4-21,10:28:5,79,79,12.76,4,214,
4-21,10:28:5,77,77,12.7,4,214,
4-21,10:28:6,78,78,12.72,4,214,
4-21,10:28:6,77,77,12.72,4,214,
4-21,10:28:7,77,77,12.73,4,214,
4-21,10:28:7,76,76,12.71,4,214,
4-21,10:28:8,79,79,12.79,4,214,
4-21,10:28:8,78,78,12.77,4,214,
4-21,10:28:9,78,78,12.74,4,214,
4-21,10:28:9,77,77,12.72,4,214,
4-21,10:28:10,77,77,12.77,4,214,
4-21,10:28:10,78,78,12.85,4,214,
4-21,10:28:11,77,77,12.72,4,214,
4-21,10:28:11,77,77,12.76,4,214,
4-21,10:28:12,76,76,12.77,4,214,
4-21,10:28:12,77,77,12.74,4,214,
4-21,10:28:13,75,75,12.7,4,214,
4-21,10:28:13,75,75,12.71,4,214,
4-21,10:28:14,76,76,12.74,4,214,
4-21,10:28:14,76,76,12.72,4,214,
4-21,10:28:15,75,75,12.72,4,214,
4-21,10:28:15,76,76,12.78,4,214,
4-21,10:28:16,76,76,12.76,4,214,
4-21,10:28:16,76,76,12.76,4,214,
4-21,10:28:17,77,77,12.75,4,214,
4-21,10:28:17,74,74,12.75,4,214,
4-21,10:28:18,74,74,12.69,4,214,
4-21,10:28:18,74,74,12.79,4,214,
4-21,10:28:19,76,76,12.75,4,214,
4-21,10:28:19,75,75,12.72,4,214,
4-21,10:28:20,75,75,12.63,4,214,
4-21,10:28:20,74,74,12.69,4,214,
4-21,10:28:21,76,76,12.86,4,214,
4-21,10:28:21,75,75,12.7,4,214,
4-21,10:28:22,73,73,12.66,4,214,
4-21,10:28:22,72,72,12.57,4,214,
4-21,10:28:23,74,74,12.77,4,214,
4-21,10:28:23,74,74,12.74,4,214,
4-21,10:28:24,73,73,12.75,4,214,
4-21,10:28:24,73,73,12.73,4,214,
4-21,10:28:25,75,75,12.72,4,214,
4-21,10:28:25,73,73,12.69,4,214,
4-21,10:28:26,75,75,12.71,4,214,
4-21,10:28:26,74,74,12.73,4,214,
4-21,10:28:27,74,74,12.7,4,214,
4-21,10:28:27,73,73,12.71,4,214,
4-21,10:28:28,74,74,12.78,4,214,
4-21,10:28:28,75,75,12.76,4,214,
4-21,10:28:29,73,73,12.72,4,214,
4-21,10:28:29,75,75,12.71,4,214,
4-21,10:28:30,74,74,12.72,4,214,
4-21,10:28:30,73,73,12.65,4,214,
4-21,10:28:31,74,74,12.69,4,214,
4-21,10:28:31,73,73,12.69,4,214,
4-21,10:28:32,75,75,12.81,4,214,
4-21,10:28:32,74,74,12.7,4,214,
4-21,10:28:33,75,75,12.74,4,214,
4-21,10:28:33,74,74,12.73,4,214,
4-21,10:28:34,74,74,12.71,4,214,
4-21,10:28:34,75,75,12.7,4,214,
4-21,10:28:35,74,74,12.68,4,214,
4-21,10:28:35,74,74,12.73,4,214,
4-21,10:28:36,74,74,12.72,4,214,
4-21,10:28:36,73,73,12.73,4,214,
4-21,10:28:37,74,74,12.7,4,214,
4-21,10:28:37,74,74,12.72,4,214,
4-21,10:28:38,75,75,12.74,4,214,
4-21,10:28:38,74,74,12.81,4,214,
4-21,10:28:39,74,74,12.76,4,214,
4-21,10:28:39,76,76,12.77,4,214,
4-21,10:28:40,75,75,12.75,4,214,
4-21,10:28:40,74,74,12.67,4,214,
4-21,10:28:41,74,74,12.73,4,214,
4-21,10:28:41,74,74,12.75,4,214,
4-21,10:28:42,74,74,12.7,4,214,
4-21,10:28:42,74,74,12.78,4,214,
4-21,10:28:43,75,75,12.77,4,214,
4-21,10:28:43,74,74,12.75,4,214,
4-21,10:28:44,75,75,12.79,4,214,
4-21,10:28:44,76,76,12.72,4,214,
4-21,10:28:45,75,75,12.72,4,214,
4-21,10:28:45,75,75,12.66,4,214,
4-21,10:28:46,74,74,12.7,4,214,
4-21,10:28:46,75,75,12.7,4,214,
4-21,10:28:47,73,73,12.75,4,214,
4-21,10:28:47,73,73,12.75,4,214,
4-21,10:28:48,73,73,12.63,4,214,
4-21,10:28:48,75,75,12.7,4,214,
4-21,10:28:49,73,73,12.7,4,214,
4-21,10:28:49,73,73,12.7,4,214,
4-21,10:28:50,74,74,12.75,4,214,
4-21,10:28:50,75,75,12.81,4,214,
4-21,10:28:51,73,73,12.7,4,214,
4-21,10:28:51,73,73,12.77,4,214,
4-21,10:28:52,72,72,12.67,4,214,
4-21,10:28:52,73,73,12.69,4,214,
4-21,10:28:53,74,74,12.74,4,214,
4-21,10:28:53,75,75,12.78,4,214,
4-21,10:28:54,74,74,12.66,4,214,
4-21,10:28:54,75,75,12.76,4,214,
4-21,10:28:55,73,73,12.7,4,214,
4-21,10:28:55,73,73,12.71,4,214,
4-21,10:28:56,74,74,12.7,4,214,
4-21,10:28:56,74,74,12.59,4,214,
4-21,10:28:57,73,73,12.72,4,214,
4-21,10:28:57,73,73,12.75,4,214,
4-21,10:28:58,74,74,12.8,4,214,
4-21,10:28:58,73,73,12.72,4,214,
4-21,10:28:59,74,74,12.73,4,214,
4-21,10:28:59,72,72,12.68,4,214,
4-21,10:29:0,74,74,12.74,4,214,
4-21,10:29:0,73,73,12.73,4,214,
4-21,10:29:1,72,72,12.68,4,214,
4-21,10:29:1,73,73,12.74,4,214,
4-21,10:29:2,73,73,12.75,4,214,
4-21,10:29:2,74,74,12.76,4,214,
4-21,10:29:3,76,76,12.78,4,214,
4-21,10:29:3,74,74,12.69,4,214,
4-21,10:29:4,73,73,12.74,4,214,
4-21,10:29:4,74,74,12.8,4,214,
4-21,10:29:5,74,74,12.73,4,214,
4-21,10:29:5,76,76,12.88,4,214,
4-21,10:29:6,75,75,12.76,4,214,
4-21,10:29:6,76,76,12.82,4,214,
4-21,10:29:7,76,76,12.84,4,214,
4-21,10:29:7,75,75,12.69,4,214,
4-21,10:29:8,75,75,12.75,4,214,
4-21,10:29:8,75,75,12.7,4,214,
4-21,10:29:9,76,76,12.74,4,214,
4-21,10:29:9,76,76,12.74,4,214,
4-21,10:29:10,75,75,12.73,4,214,
4-21,10:29:10,77,77,12.79,4,214,
4-21,10:29:11,76,76,12.72,4,214,
4-21,10:29:11,77,77,12.81,4,214,
4-21,10:29:12,77,77,12.76,4,214,
4-21,10:29:12,77,77,12.75,4,214,
4-21,10:29:13,78,78,12.86,4,214,
4-21,10:29:13,75,75,12.74,4,214,
4-21,10:29:14,76,76,12.77,4,214,
4-21,10:29:14,75,75,12.78,4,214,
4-21,10:29:15,76,76,12.79,4,214,
4-21,10:29:15,76,76,12.81,4,214,
4-21,10:29:16,76,76,12.8,4,214,
4-21,10:29:16,74,74,12.74,4,214,
4-21,10:29:17,77,77,12.8,4,214,
4-21,10:29:17,76,76,12.8,4,214,
4-21,10:29:18,74,74,12.79,4,214,
4-21,10:29:18,74,74,12.71,4,214,
4-21,10:29:19,75,75,12.81,4,214,
4-21,10:29:19,76,76,12.78,4,214,
4-21,10:29:20,76,76,12.72,4,214,
4-21,10:29:20,76,76,12.79,4,214,
4-21,10:29:21,76,76,12.83,4,214,
4-21,10:29:21,76,76,12.8,4,214,
4-21,10:29:22,76,76,12.78,4,214,
4-21,10:29:22,78,78,12.76,4,214,
4-21,10:29:23,77,77,12.82,4,214,
4-21,10:29:23,75,75,12.77,4,214,
4-21,10:29:24,75,75,12.8,4,214,
4-21,10:29:24,76,76,12.85,4,214,
4-21,10:29:25,77,77,12.78,4,214,
4-21,10:29:25,77,77,12.78,4,214,
4-21,10:29:26,76,76,12.74,4,214,
4-21,10:29:26,76,76,12.87,4,214,
4-21,10:29:27,75,75,12.79,4,214,
4-21,10:29:27,76,76,12.83,4,214,
4-21,10:29:28,76,76,12.77,4,214,
4-21,10:29:28,76,76,12.82,4,214,
4-21,10:29:29,76,76,12.84,4,214,
4-21,10:29:29,77,77,12.84,4,214,
4-21,10:29:30,75,75,12.8,4,214,
4-21,10:29:30,75,75,12.82,4,214,
4-21,10:29:31,75,75,12.78,4,214,
4-21,10:29:31,76,76,12.85,4,214,
4-21,10:29:32,74,74,12.74,4,214,
4-21,10:29:32,77,77,12.81,4,214,
4-21,10:29:33,75,75,12.76,4,214,
4-21,10:29:33,77,77,12.79,4,214,
4-21,10:29:34,76,76,12.82,4,214,
4-21,10:29:34,76,76,12.79,4,214,
4-21,10:29:35,76,76,12.83,4,214,
4-21,10:29:35,74,74,12.78,4,214,
4-21,10:29:36,75,75,12.72,4,214,
4-21,10:29:36,76,76,12.77,4,214,
4-21,10:29:37,76,76,12.85,4,214,
4-21,10:29:37,76,76,12.81,4,214,
4-21,10:29:38,76,76,12.78,4,214,
4-21,10:29:38,76,76,12.87,4,214,
4-21,10:29:39,77,77,12.84,4,214,
4-21,10:29:39,77,77,12.84,4,214,
4-21,10:29:40,76,76,12.84,4,214,
4-21,10:29:40,75,75,12.76,4,214,
4-21,10:29:41,76,76,12.81,4,214,
4-21,10:29:41,77,77,12.85,4,214,
4-21,10:29:42,76,76,12.78,4,214,
4-21,10:29:42,76,76,12.82,4,214,
4-21,10:29:43,75,75,12.76,4,214,
4-21,10:29:43,76,76,12.71,4,214,
4-21,10:29:44,77,77,12.8,4,214,
4-21,10:29:44,76,76,12.85,4,214,
4-21,10:29:45,76,76,12.74,4,214,
4-21,10:29:45,76,76,12.78,4,214,
4-21,10:29:46,76,76,12.78,4,214,
4-21,10:29:46,76,76,12.75,4,214,
4-21,10:29:47,77,77,12.85,4,214,
4-21,10:29:47,77,77,12.85,4,214,
4-21,10:29:48,75,75,12.75,4,214,
4-21,10:29:48,75,75,12.79,4,214,
4-21,10:29:49,75,75,12.73,4,214,
4-21,10:29:49,75,75,12.73,4,214,
4-21,10:29:50,75,75,12.74,4,214,
4-21,10:29:50,75,75,12.71,4,214,
4-21,10:29:51,75,75,12.79,4,214,
4-21,10:29:51,75,75,12.76,4,214,
4-21,10:29:52,77,77,12.82,4,214,
4-21,10:29:52,75,75,12.7,4,214,
4-21,10:29:53,74,74,12.75,4,214,
4-21,10:29:53,76,76,12.8,4,214,
4-21,10:29:54,75,75,12.77,4,214,
4-21,10:29:54,78,78,12.79,4,214,
4-21,10:29:55,76,76,12.81,4,214,
4-21,10:29:55,77,77,12.82,4,214,
4-21,10:29:56,75,75,12.71,4,214,
4-21,10:29:56,77,77,12.69,4,214,
4-21,10:29:57,75,75,12.78,4,214,
4-21,10:29:57,75,75,12.82,4,214,
4-21,10:29:58,75,75,12.78,4,214,
4-21,10:29:58,77,77,12.78,4,214,
4-21,10:29:59,76,76,12.78,4,214,
4-21,10:29:59,74,74,12.72,4,214,
4-21,10:30:0,77,77,12.75,4,214,
4-21,10:30:0,78,78,12.82,4,214,
4-21,10:30:1,78,78,12.82,4,214,
4-21,10:30:1,78,78,12.7,4,214,
4-21,10:30:2,76,76,12.75,4,214,
4-21,10:30:2,78,78,12.85,4,214,
4-21,10:30:3,79,79,12.84,4,214,
4-21,10:30:3,78,78,12.82,4,214,
4-21,10:30:4,79,79,12.85,4,214,
4-21,10:30:4,78,78,12.83,4,214,
4-21,10:30:5,77,77,12.68,4,214,
4-21,10:30:5,79,79,12.82,4,214,
4-21,10:30:6,77,77,12.82,4,214,
4-21,10:30:6,76,76,12.73,4,214,
4-21,10:30:7,76,76,12.69,4,214,
4-21,10:30:7,75,75,12.7,4,214,
4-21,10:30:8,76,76,12.74,4,214,
4-21,10:30:8,76,76,12.74,4,214,
4-21,10:30:9,77,77,12.72,4,214,
4-21,10:30:9,77,77,12.84,4,214,
4-21,10:30:10,76,76,12.78,4,214,
4-21,10:30:10,77,77,12.78,4,214,
4-21,10:30:11,76,76,12.81,4,214,
4-21,10:30:11,76,76,12.78,4,214,
4-21,10:30:12,77,77,12.86,4,214,
4-21,10:30:12,77,77,12.83,4,214,
4-21,10:30:13,77,77,12.81,4,214,
4-21,10:30:13,77,77,12.79,4,214,
4-21,10:30:14,78,78,12.78,4,214,
4-21,10:30:14,77,77,12.86,4,214,
4-21,10:30:15,76,76,12.85,4,214,
4-21,10:30:15,75,75,12.78,4,214,
4-21,10:30:16,76,76,12.78,4,214,
4-21,10:30:16,76,76,12.81,4,214,
4-21,10:30:17,78,78,12.78,4,214,
4-21,10:30:17,76,76,12.79,4,214,
4-21,10:30:18,75,75,12.83,4,214,
4-21,10:30:18,76,76,12.82,4,214,
4-21,10:30:19,75,75,12.74,4,214,
4-21,10:30:19,75,75,12.79,4,214,
4-21,10:30:20,75,75,12.79,4,214,
4-21,10:30:20,74,74,12.69,4,214,
4-21,10:30:21,76,76,12.87,4,214,
4-21,10:30:21,77,77,12.86,4,214,
4-21,10:30:22,77,77,12.86,4,214,
4-21,10:30:22,77,77,12.84,4,214,
4-21,10:30:23,77,77,12.92,4,214,
4-21,10:30:23,78,78,12.92,4,214,
4-21,10:30:24,74,74,12.77,4,214,
4-21,10:30:24,76,76,12.79,4,214,
4-21,10:30:25,75,75,12.67,4,214,
4-21,10:30:25,78,78,12.8,4,214,
4-21,10:30:26,71,71,12.86,4,214,
4-21,10:30:26,74,74,11.43,4,214,
4-21,10:30:27,91,91,11.38,4,214,
4-21,10:30:27,85,85,11.49,4,214,
4-21,10:30:28,74,74,12.36,4,214,
4-21,10:30:28,74,74,12.8,4,214,
4-21,10:30:29,77,77,12.82,4,214,
4-21,10:30:29,77,77,12.72,4,214,
4-21,10:30:30,77,77,12.76,4,214,
4-21,10:30:30,78,78,12.85,4,214,
4-21,10:30:31,78,78,12.88,4,214,
4-21,10:30:31,78,78,12.86,4,214,
4-21,10:30:32,79,79,12.84,4,214,
4-21,10:30:32,78,78,12.95,4,214,
4-21,10:30:33,79,79,12.93,4,214,
4-21,10:30:33,79,79,12.86,4,214,
4-21,10:30:34,80,80,12.95,4,214,
4-21,10:30:34,79,79,12.9,4,214,
4-21,10:30:35,79,79,12.91,4,214,
4-21,10:30:35,79,79,12.88,4,214,
4-21,10:30:36,79,79,12.91,4,214,
4-21,10:30:36,79,79,12.9,4,214,
4-21,10:30:37,80,80,12.97,4,214,
4-21,10:30:37,79,79,12.95,4,214,
4-21,10:30:38,78,78,12.96,4,214,
4-21,10:30:38,79,79,12.92,4,214,
4-21,10:30:39,80,80,12.97,4,214,
4-21,10:30:39,79,79,12.97,4,214,
4-21,10:30:40,79,79,12.93,4,214,
4-21,10:30:40,79,79,12.8,4,214,
4-21,10:30:41,78,78,12.9,4,214,
4-21,10:30:41,78,78,12.89,4,214,
4-21,10:30:42,79,79,12.94,4,214,
4-21,10:30:42,78,78,12.77,4,214,
4-21,10:30:43,78,78,12.92,4,214,
4-21,10:30:43,78,78,12.88,4,214,
4-21,10:30:44,77,77,12.89,4,214,
4-21,10:30:44,78,78,12.88,4,214,
4-21,10:30:45,78,78,12.86,4,214,
4-21,10:30:45,78,78,12.94,4,214,
4-21,10:30:46,77,77,12.81,4,214,
4-21,10:30:46,76,76,12.69,4,214,
4-21,10:30:47,76,76,12.75,4,214,
4-21,10:30:47,78,78,12.85,4,214,
4-21,10:30:48,77,77,12.85,4,214,
4-21,10:30:48,76,76,12.88,4,214,
4-21,10:30:49,76,76,12.83,4,214,
4-21,10:30:49,77,77,12.9,4,214,
4-21,10:30:50,77,77,12.86,4,214,
4-21,10:30:50,77,77,12.92,4,214,
4-21,10:30:51,78,78,12.94,4,214,
4-21,10:30:51,78,78,12.87,4,214,
4-21,10:30:52,79,79,12.91,4,214,
4-21,10:30:52,79,79,12.88,4,214,
4-21,10:30:53,79,79,12.87,4,214,
4-21,10:30:53,79,79,12.85,4,214,
4-21,10:30:54,77,77,12.91,4,214,
4-21,10:30:54,78,78,12.92,4,214,
4-21,10:30:55,79,79,12.94,4,214,
4-21,10:30:55,78,78,12.94,4,214,
4-21,10:30:56,78,78,12.9,4,214,
4-21,10:30:56,78,78,12.93,4,214,
4-21,10:30:57,78,78,12.97,4,214,
4-21,10:30:57,78,78,12.97,4,214,
4-21,10:30:58,78,78,12.91,4,214,
4-21,10:30:58,78,78,12.85,4,214,
4-21,10:30:59,77,77,12.87,4,214,
4-21,10:30:59,76,76,12.89,4,214,
4-21,10:31:0,77,77,12.89,4,214,
4-21,10:31:0,77,77,12.92,4,214,
4-21,10:31:1,77,77,12.88,4,214,
4-21,10:31:1,77,77,12.81,4,214,
4-21,10:31:2,77,77,12.92,4,214,
4-21,10:31:2,77,77,12.91,4,214,
4-21,10:31:3,77,77,12.88,4,214,
4-21,10:31:3,77,77,12.84,4,214,
4-21,10:31:4,76,76,12.83,4,214,
4-21,10:31:4,79,79,12.82,4,214,
4-21,10:31:5,78,78,12.88,4,214,
4-21,10:31:5,78,78,12.89,4,214,
4-21,10:31:6,78,78,12.9,4,214,
4-21,10:31:6,78,78,12.9,4,214,
4-21,10:31:7,78,78,12.85,4,214,
4-21,10:31:7,77,77,12.86,4,214,
4-21,10:31:8,78,78,12.95,4,214,
4-21,10:31:8,78,78,12.9,4,214,
4-21,10:31:9,78,78,12.86,4,214,
4-21,10:31:9,78,78,12.84,4,214,
4-21,10:31:10,78,78,12.86,4,214,
4-21,10:31:10,79,79,12.87,4,214,
4-21,10:31:11,79,79,12.76,4,214,
4-21,10:31:11,79,79,12.88,4,214,
4-21,10:31:12,79,79,12.81,4,214,
4-21,10:31:12,79,79,12.82,4,214,
4-21,10:31:13,78,78,12.86,4,214,
4-21,10:31:13,78,78,12.89,4,214,
4-21,10:31:14,78,78,12.87,4,214,
4-21,10:31:14,78,78,12.84,4,214,
4-21,10:31:15,78,78,12.84,4,214,
4-21,10:31:15,79,79,12.85,4,214,
4-21,10:31:16,78,78,12.76,4,214,
4-21,10:31:16,79,79,12.87,4,214,
4-21,10:31:17,78,78,12.82,4,214,
4-21,10:31:17,79,79,12.85,4,214,
4-21,10:31:18,78,78,12.87,4,214,
4-21,10:31:18,78,78,12.8,4,214,
4-21,10:31:19,79,79,12.82,4,214,
4-21,10:31:19,78,78,12.75,4,214,
4-21,10:31:20,79,79,12.79,4,214,
4-21,10:31:20,79,79,12.86,4,214,
4-21,10:31:21,78,78,12.77,4,214,
4-21,10:31:21,78,78,12.74,4,214,
4-21,10:31:22,78,78,12.81,4,214,
4-21,10:31:22,79,79,12.86,4,214,
4-21,10:31:23,79,79,12.8,4,214,
4-21,10:31:23,78,78,12.81,4,214,
4-21,10:31:24,79,79,12.79,4,214,
4-21,10:31:24,79,79,12.84,4,214,
4-21,10:31:25,78,78,12.83,4,214,
4-21,10:31:25,79,79,12.72,4,214,
4-21,10:31:26,78,78,12.77,4,214,
4-21,10:31:26,79,79,12.81,4,214,
4-21,10:31:27,78,78,12.79,4,214,
4-21,10:31:27,78,78,12.79,4,214,
4-21,10:31:28,78,78,12.76,4,214,
4-21,10:31:28,79,79,12.82,4,214,
4-21,10:31:29,80,80,12.78,4,214,
4-21,10:31:29,79,79,12.85,4,214,
4-21,10:31:30,79,79,12.78,4,214,
4-21,10:31:30,80,80,12.9,4,214,
4-21,10:31:31,80,80,12.87,4,214,
4-21,10:31:31,79,79,12.81,4,214,
4-21,10:31:32,80,80,12.84,4,214,
4-21,10:31:32,81,81,12.86,4,214,
4-21,10:31:33,80,80,12.92,4,214,
4-21,10:31:33,80,80,12.8,4,214,
4-21,10:31:34,80,80,12.83,4,214,
4-21,10:31:34,81,81,12.87,4,214,
4-21,10:31:35,80,80,12.87,4,214,
4-21,10:31:35,79,79,12.82,4,214,
4-21,10:31:36,77,77,12.7,4,214,
4-21,10:31:36,78,78,12.73,4,214,
4-21,10:31:37,79,79,12.83,4,214,
4-21,10:31:37,79,79,12.81,4,214,
4-21,10:31:38,78,78,12.78,4,214,
4-21,10:31:38,79,79,12.88,4,214,
4-21,10:31:39,78,78,12.74,4,214,
4-21,10:31:39,79,79,12.82,4,214,
4-21,10:31:40,78,78,12.88,4,214,
4-21,10:31:40,79,79,12.77,4,214,
4-21,10:31:41,79,79,12.82,4,214,
4-21,10:31:41,78,78,12.78,4,214,
4-21,10:31:42,79,79,12.8,4,214,
4-21,10:31:42,79,79,12.82,4,214,
4-21,10:31:43,78,78,12.77,4,214,
4-21,10:31:43,79,79,12.79,4,214,
4-21,10:31:44,78,78,12.79,4,214,
4-21,10:31:44,78,78,12.78,4,214,
4-21,10:31:45,78,78,12.79,4,214,
4-21,10:31:45,79,79,12.86,4,214,
4-21,10:31:46,79,79,12.82,4,214,
4-21,10:31:46,78,78,12.79,4,214,
4-21,10:31:47,77,77,12.73,4,214,
4-21,10:31:47,78,78,12.86,4,214,
4-21,10:31:48,76,76,12.78,4,214,
4-21,10:31:48,77,77,12.81,4,214,
4-21,10:31:49,78,78,12.8,4,214,
4-21,10:31:49,78,78,12.86,4,214,
4-21,10:31:50,78,78,12.77,4,214,
4-21,10:31:50,78,78,12.77,4,214,
4-21,10:31:51,78,78,12.81,4,214,
4-21,10:31:51,78,78,12.79,4,214,
4-21,10:31:52,77,77,12.68,4,214,
4-21,10:31:52,79,79,12.8,4,214,
4-21,10:31:53,78,78,12.78,4,214,
4-21,10:31:53,78,78,12.77,4,214,
4-21,10:31:54,78,78,12.81,4,214,
4-21,10:31:54,78,78,12.79,4,214,
4-21,10:31:55,79,79,12.82,4,214,
4-21,10:31:55,77,77,12.77,4,214,
4-21,10:31:56,78,78,12.74,4,214,
4-21,10:31:56,78,78,12.79,4,214,
4-21,10:31:57,79,79,12.78,4,214,
4-21,10:31:57,80,80,12.79,4,214,
4-21,10:31:58,79,79,12.77,4,214,
4-21,10:31:58,79,79,12.76,4,214,
4-21,10:31:59,79,79,12.79,4,214,
4-21,10:31:59,79,79,12.8,4,214,
4-21,10:32:0,78,78,12.74,4,214,
4-21,10:32:0,79,79,12.81,4,214,
4-21,10:32:1,79,79,12.7,4,214,
4-21,10:32:1,78,78,12.78,4,214,
4-21,10:32:2,80,80,12.79,4,214,
4-21,10:32:2,78,78,12.79,4,214,
4-21,10:32:3,79,79,12.82,4,214,
4-21,10:32:3,79,79,12.82,4,214,
4-21,10:32:4,79,79,12.79,4,214,
4-21,10:32:4,80,80,12.81,4,214,
4-21,10:32:5,79,79,12.77,4,214,
4-21,10:32:5,80,80,12.87,4,214,
4-21,10:32:6,80,80,12.8,4,214,
4-21,10:32:6,79,79,12.8,4,214,
4-21,10:32:7,80,80,12.85,4,214,
4-21,10:32:7,80,80,12.81,4,214,
4-21,10:32:8,79,79,12.76,4,214,
4-21,10:32:8,79,79,12.78,4,214,
4-21,10:32:9,80,80,12.78,4,214,
4-21,10:32:9,79,79,12.73,4,214,
4-21,10:32:10,78,78,12.8,4,214,
4-21,10:32:10,80,80,12.73,4,214,
4-21,10:32:11,79,79,12.67,4,214,
4-21,10:32:11,77,77,12.73,4,214,
4-21,10:32:12,78,78,12.68,4,214,
4-21,10:32:12,78,78,12.71,4,214,
4-21,10:32:13,79,79,12.82,4,214,
4-21,10:32:13,78,78,12.73,4,214,
4-21,10:32:14,78,78,12.67,4,214,
4-21,10:32:14,78,78,12.73,4,214,
4-21,10:32:15,80,80,12.78,4,214,
4-21,10:32:15,80,80,12.72,4,214,
4-21,10:32:16,79,79,12.74,4,214,
4-21,10:32:16,80,80,12.77,4,214,
4-21,10:32:17,79,79,12.72,4,214,
4-21,10:32:17,80,80,12.83,4,214,
4-21,10:32:18,79,79,12.79,4,214,
4-21,10:32:18,77,77,12.63,4,214,
4-21,10:32:19,79,79,12.74,4,214,
4-21,10:32:19,79,79,12.69,4,214,
4-21,10:32:20,81,81,12.81,4,214,
4-21,10:32:20,80,80,12.78,4,214,
4-21,10:32:21,81,81,12.73,4,214,
4-21,10:32:21,81,81,12.84,4,214,
4-21,10:32:22,82,82,12.8,4,214,
4-21,10:32:22,80,80,12.79,4,214,
4-21,10:32:23,81,81,12.83,4,214,
4-21,10:32:23,81,81,12.82,4,214,
4-21,10:32:24,82,82,12.86,4,214,
4-21,10:32:24,81,81,12.79,4,214,
4-21,10:32:25,81,81,12.81,4,214,
4-21,10:32:25,81,81,12.84,4,214,
4-21,10:32:26,80,80,12.87,4,214,
4-21,10:32:26,80,80,12.85,4,214,
4-21,10:32:27,81,81,12.86,4,214,
4-21,10:32:27,81,81,12.73,4,214,
4-21,10:32:28,80,80,12.89,4,214,
4-21,10:32:28,81,81,12.82,4,214,
4-21,10:32:29,81,81,12.84,4,214,
4-21,10:32:29,80,80,12.83,4,214,
4-21,10:32:30,81,81,12.83,4,214,
4-21,10:32:30,81,81,12.84,4,214,
4-21,10:32:31,81,81,12.88,4,214,
4-21,10:32:31,81,81,12.81,4,214,
4-21,10:32:32,81,81,12.87,4,214,
4-21,10:32:32,82,82,12.92,4,214,
4-21,10:32:33,83,83,12.95,4,214,
4-21,10:32:33,83,83,12.83,4,214,
4-21,10:32:34,83,83,12.91,4,214,
4-21,10:32:34,83,83,12.87,4,214,
4-21,10:32:35,83,83,12.86,4,214,
4-21,10:32:35,83,83,12.88,4,214,
4-21,10:32:36,83,83,12.9,4,214,
4-21,10:32:36,83,83,12.88,4,214,
4-21,10:32:37,83,83,12.86,4,214,
4-21,10:32:37,83,83,12.91,4,214,
4-21,10:32:38,83,83,12.91,4,214,
4-21,10:32:38,83,83,12.92,4,214,
4-21,10:32:39,83,83,12.88,4,214,
4-21,10:32:39,82,82,12.89,4,214,
4-21,10:32:40,83,83,12.95,4,214,
4-21,10:32:40,83,83,12.89,4,214,
4-21,10:32:41,83,83,12.91,4,214,
4-21,10:32:41,83,83,12.91,4,214,
4-21,10:32:42,83,83,12.96,4,214,
4-21,10:32:42,83,83,12.95,4,214,
4-21,10:32:43,83,83,12.91,4,214,
4-21,10:32:43,83,83,12.89,4,214,
4-21,10:32:44,83,83,12.96,4,214,
4-21,10:32:44,83,83,12.9,4,214,
4-21,10:32:45,82,82,12.93,4,214,
4-21,10:32:45,83,83,12.94,4,214,
4-21,10:32:46,83,83,12.87,4,214,
4-21,10:32:46,83,83,12.89,4,214,
4-21,10:32:47,83,83,12.85,4,214,
4-21,10:32:47,82,82,12.95,4,214,
4-21,10:32:48,82,82,12.9,4,214,
4-21,10:32:48,82,82,12.92,4,214,
4-21,10:32:49,83,83,12.88,4,214,
4-21,10:32:49,81,81,12.93,4,214,
4-21,10:32:50,81,81,12.94,4,214,
4-21,10:32:50,82,82,12.96,4,214,
4-21,10:32:51,82,82,12.91,4,214,
4-21,10:32:51,82,82,12.89,4,214,
4-21,10:32:52,83,83,12.88,4,214,
4-21,10:32:52,83,83,12.87,4,214,
4-21,10:32:53,81,81,12.91,4,214,
4-21,10:32:53,82,82,12.91,4,214,
4-21,10:32:54,82,82,12.95,4,214,
4-21,10:32:54,82,82,12.97,4,214,
4-21,10:32:55,81,81,12.92,4,214,
4-21,10:32:55,82,82,12.95,4,214,
4-21,10:32:56,82,82,12.95,4,214,
4-21,10:32:56,82,82,12.93,4,214,
4-21,10:32:57,81,81,12.88,4,214,
4-21,10:32:57,83,83,12.92,4,214,
4-21,10:32:58,79,79,12.88,4,214,
4-21,10:32:58,79,79,12.85,4,214,
4-21,10:32:59,79,79,12.74,4,214,
4-21,10:32:59,80,80,12.75,4,214,
4-21,10:33:0,80,80,12.69,4,214,
4-21,10:33:0,82,82,12.86,4,214,
4-21,10:33:1,81,81,12.8,4,214,
4-21,10:33:1,82,82,12.82,4,214,
4-21,10:33:2,82,82,12.76,4,214,
4-21,10:33:2,82,82,12.81,4,214,
4-21,10:33:3,82,82,12.85,4,214,
4-21,10:33:3,83,83,12.83,4,214,
4-21,10:33:4,83,83,12.85,4,214,
4-21,10:33:4,83,83,12.76,4,214,
4-21,10:33:5,84,84,12.93,4,214,
4-21,10:33:5,84,84,12.88,4,214,
4-21,10:33:6,83,83,12.9,4,214,
4-21,10:33:6,83,83,12.88,4,214,
4-21,10:33:7,83,83,12.85,4,214,
4-21,10:33:7,82,82,12.8,4,214,
4-21,10:33:8,81,81,12.8,4,214,
4-21,10:33:8,81,81,12.8,4,214,
4-21,10:33:9,83,83,12.9,4,214,
4-21,10:33:9,82,82,12.89,4,214,
4-21,10:33:10,82,82,12.9,4,214,
4-21,10:33:10,82,82,12.92,4,214,
4-21,10:33:11,83,83,12.91,4,214,
4-21,10:33:11,82,82,12.92,4,214,
4-21,10:33:12,82,82,12.99,4,214,
4-21,10:33:12,83,83,12.87,4,214,
4-21,10:33:13,83,83,12.91,4,214,
4-21,10:33:13,82,82,12.92,4,214,
4-21,10:33:14,83,83,12.94,4,214,
4-21,10:33:14,82,82,12.91,4,214,
4-21,10:33:15,83,83,12.87,4,214,
4-21,10:33:15,82,82,12.89,4,214,
4-21,10:33:16,82,82,12.91,4,214,
4-21,10:33:16,83,83,12.89,4,214,
4-21,10:33:17,82,82,12.94,4,214,
4-21,10:33:17,82,82,12.93,4,214,
4-21,10:33:18,82,82,12.83,4,214,
4-21,10:33:18,83,83,12.89,4,214,
4-21,10:33:19,83,83,12.89,4,214,
4-21,10:33:19,82,82,12.94,4,214,
4-21,10:33:20,82,82,12.92,4,214,
4-21,10:33:20,83,83,12.95,4,214,
4-21,10:33:21,83,83,12.94,4,214,
4-21,10:33:21,82,82,12.95,4,214,
4-21,10:33:22,84,84,12.92,4,214,
4-21,10:33:22,83,83,12.96,4,214,
4-21,10:33:23,82,82,12.91,4,214,
4-21,10:33:23,82,82,12.9,4,214,
4-21,10:33:24,83,83,12.88,4,214,
4-21,10:33:24,83,83,12.89,4,214,
4-21,10:33:25,82,82,12.96,4,214,
4-21,10:33:25,83,83,12.89,4,214,
4-21,10:33:26,83,83,12.94,4,214,
4-21,10:33:26,82,82,12.98,4,214,
4-21,10:33:27,83,83,12.92,4,214,
4-21,10:33:27,82,82,12.89,4,214,
4-21,10:33:28,83,83,12.9,4,214,
4-21,10:33:28,81,81,12.89,4,214,
4-21,10:33:29,84,84,13.04,4,214,
4-21,10:33:29,84,84,13.03,4,214,
4-21,10:33:30,84,84,13.06,4,214,
4-21,10:33:30,84,84,13.07,4,214,
4-21,10:33:31,84,84,13.09,4,214,
4-21,10:33:31,84,84,13.06,4,214,
4-21,10:33:32,84,84,13.09,4,214,
4-21,10:33:32,84,84,13.11,4,214,
4-21,10:33:33,83,83,13.08,4,214,
4-21,10:33:33,83,83,13.01,4,214,
4-21,10:33:34,84,84,13,4,214,
4-21,10:33:34,84,84,13.06,4,214,
4-21,10:33:35,83,83,13.08,4,214,
4-21,10:33:35,83,83,13,4,214,
4-21,10:33:36,83,83,13.05,4,214,
4-21,10:33:36,84,84,12.99,4,214,
4-21,10:33:37,84,84,13.02,4,214,
4-21,10:33:37,84,84,12.98,4,214,
4-21,10:33:38,84,84,13.07,4,214,
4-21,10:33:38,83,83,13.01,4,214,
4-21,10:33:39,84,84,13.03,4,214,
4-21,10:33:39,83,83,12.99,4,214,
4-21,10:33:40,83,83,13.04,4,214,
4-21,10:33:40,84,84,13.03,4,214,
4-21,10:33:41,84,84,13.04,4,214,
4-21,10:33:41,85,85,13.01,4,214,
4-21,10:33:42,84,84,12.96,4,214,
4-21,10:33:42,84,84,13.02,4,214,
4-21,10:33:43,84,84,13.01,4,214,
4-21,10:33:43,83,83,12.92,4,214,
4-21,10:33:44,84,84,13.02,4,214,
4-21,10:33:44,84,84,12.97,4,214,
4-21,10:33:45,83,83,13.04,4,214,
4-21,10:33:45,83,83,12.99,4,214,
4-21,10:33:46,83,83,13,4,214,
4-21,10:33:46,83,83,13.05,4,214,
4-21,10:33:47,83,83,13,4,214,
4-21,10:33:47,83,83,13.01,4,214,
4-21,10:33:48,83,83,13.01,4,214,
4-21,10:33:48,83,83,13,4,214,
4-21,10:33:49,83,83,13.04,4,214,
4-21,10:33:49,83,83,12.96,4,214,
4-21,10:33:50,83,83,13.03,4,214,
4-21,10:33:50,83,83,12.99,4,214,
4-21,10:33:51,84,84,12.98,4,214,
4-21,10:33:51,83,83,12.99,4,214,
4-21,10:33:52,83,83,13.04,4,214,
4-21,10:33:52,84,84,13.01,4,214,
4-21,10:33:53,84,84,12.99,4,214,
4-21,10:33:53,84,84,12.98,4,214,
4-21,10:33:54,84,84,13.03,4,214,
4-21,10:33:54,84,84,12.99,4,214,
4-21,10:33:55,85,85,13.02,4,214,
4-21,10:33:55,84,84,12.99,4,214,
4-21,10:33:56,85,85,12.99,4,214,
4-21,10:33:56,84,84,12.97,4,214,
4-21,10:33:57,84,84,13.02,4,214,
4-21,10:33:57,84,84,13,4,214,
4-21,10:33:58,85,85,13.02,4,214,
4-21,10:33:58,84,84,12.95,4,214,
4-21,10:33:59,84,84,13,4,214,
4-21,10:33:59,83,83,13,4,214,
4-21,10:34:0,84,84,12.95,4,214,
4-21,10:34:0,84,84,12.95,4,214,
4-21,10:34:1,83,83,12.99,4,214,
4-21,10:34:1,85,85,12.93,4,214,
4-21,10:34:2,84,84,13.01,4,214,
4-21,10:34:2,83,83,12.93,4,214,
4-21,10:34:3,84,84,13.03,4,214,
4-21,10:34:3,84,84,12.95,4,214,
4-21,10:34:4,83,83,12.98,4,214,
4-21,10:34:4,83,83,12.93,4,214,
4-21,10:34:5,83,83,12.99,4,214,
4-21,10:34:5,83,83,12.95,4,214,
4-21,10:34:6,83,83,12.97,4,214,
4-21,10:34:6,83,83,12.91,4,214,
4-21,10:34:7,82,82,12.93,4,214,
4-21,10:34:7,83,83,12.94,4,214,
4-21,10:34:8,83,83,12.87,4,214,
4-21,10:34:8,82,82,12.91,4,214,
4-21,10:34:9,83,83,12.9,4,214,
4-21,10:34:9,83,83,12.89,4,214,
4-21,10:34:10,83,83,12.97,4,214,
4-21,10:34:10,84,84,12.87,4,214,
4-21,10:34:11,83,83,12.89,4,214,
4-21,10:34:11,83,83,12.92,4,214,
4-21,10:34:12,83,83,12.91,4,214,
4-21,10:34:12,83,83,12.82,4,214,
4-21,10:34:13,82,82,12.38,4,214,
4-21,10:34:15,99,99,11.51,4,214,
4-21,10:34:15,84,84,12.18,4,214,
4-21,10:34:16,87,87,12.18,4,214,
4-21,10:34:16,82,82,12.23,4,214,
4-21,10:34:17,96,96,11.86,4,214,
4-21,10:34:17,77,77,12.82,4,214,
4-21,10:34:18,82,82,12.8,4,214,
4-21,10:34:18,83,83,12.89,4,214,
4-21,10:34:19,83,83,12.85,4,214,
4-21,10:34:19,83,83,12.8,4,214,
4-21,10:34:20,83,83,12.75,4,214,
4-21,10:34:20,82,82,12.77,4,214,
4-21,10:34:21,83,83,12.86,4,214,
4-21,10:34:21,83,83,12.84,4,214,
4-21,10:34:22,83,83,12.83,4,214,
4-21,10:34:22,82,82,12.78,4,214,
4-21,10:34:23,82,82,12.84,4,214,
4-21,10:34:23,83,83,12.81,4,214,
4-21,10:34:24,82,82,12.84,4,214,
4-21,10:34:24,82,82,12.78,4,214,
4-21,10:34:25,82,82,12.84,4,214,
4-21,10:34:25,81,81,12.72,4,214,
4-21,10:34:26,79,79,12.88,4,214,
4-21,10:34:26,88,88,11.68,4,214,
4-21,10:34:27,97,97,11.47,4,214,
4-21,10:34:28,80,80,12.76,4,214,
4-21,10:34:28,82,82,12.73,4,214,
4-21,10:34:29,82,82,12.74,4,214,
4-21,10:34:29,80,80,12.69,4,214,
4-21,10:34:30,81,81,12.75,4,214,
4-21,10:34:30,81,81,12.71,4,214,
4-21,10:34:31,80,80,12.7,4,214,
4-21,10:34:31,81,81,12.67,4,214,
4-21,10:34:32,81,81,12.74,4,214,
4-21,10:34:32,82,82,12.67,4,214,
4-21,10:34:33,81,81,12.82,4,214,
4-21,10:34:33,81,81,12.87,4,214,
4-21,10:34:34,81,81,12.79,4,214,
4-21,10:34:34,82,82,12.86,4,214,
4-21,10:34:35,77,77,12.86,4,214,
4-21,10:34:35,71,71,12.66,4,214,
4-21,10:34:36,73,73,12.81,4,214,
4-21,10:34:36,80,80,12.87,4,214,
4-21,10:34:37,76,76,12.37,4,214,
4-21,10:34:37,78,78,12.06,4,214,
4-21,10:34:38,97,97,11.4,4,214,
4-21,10:34:39,99,99,12.14,4,214,
4-21,10:34:40,99,99,12.11,4,214,
4-21,10:34:41,76,76,12.72,4,214,
4-21,10:34:41,78,78,12.75,4,214,
4-21,10:34:42,79,79,12.72,4,214,
4-21,10:34:42,80,80,12.72,4,214,
4-21,10:34:43,81,81,12.82,4,214,
4-21,10:34:43,81,81,12.84,4,214,
4-21,10:34:44,82,82,12.84,4,214,
4-21,10:34:44,81,81,12.78,4,214,
4-21,10:34:45,80,80,12.8,4,214,
4-21,10:34:45,79,79,12.77,4,214,
4-21,10:34:46,79,79,12.79,4,214,
4-21,10:34:46,79,79,12.88,4,214,
4-21,10:34:47,79,79,12.88,4,214,
4-21,10:34:47,79,79,12.86,4,214,
4-21,10:34:48,78,78,12.76,4,214,
4-21,10:34:48,79,79,12.75,4,214,
4-21,10:34:49,79,79,12.68,4,214,
4-21,10:34:49,79,79,12.79,4,214,
4-21,10:34:50,79,79,12.92,4,214,
4-21,10:34:50,78,78,12.92,4,214,
4-21,10:34:51,78,78,12.98,4,214,
4-21,10:34:51,79,79,12.98,4,214,
4-21,10:34:52,78,78,12.94,4,214,
4-21,10:34:52,78,78,12.9,4,214,
4-21,10:34:53,79,79,12.96,4,214,
4-21,10:34:53,79,79,13.02,4,214,
4-21,10:34:54,79,79,12.98,4,214,
4-21,10:34:54,79,79,12.99,4,214,
4-21,10:34:55,79,79,12.94,4,214,
4-21,10:34:55,79,79,12.98,4,214,
4-21,10:34:56,78,78,12.96,4,214,
4-21,10:34:56,78,78,12.91,4,214,
4-21,10:34:57,77,77,12.93,4,214,
4-21,10:34:57,78,78,12.93,4,214,
4-21,10:34:58,78,78,12.95,4,214,
4-21,10:34:58,77,77,12.86,4,214,
4-21,10:34:59,78,78,12.89,4,214,
4-21,10:34:59,77,77,12.9,4,214,
4-21,10:35:0,78,78,12.93,4,214,
4-21,10:35:0,78,78,12.89,4,214,
4-21,10:35:1,79,79,12.96,4,214,
4-21,10:35:1,78,78,12.9,4,214,
4-21,10:35:2,78,78,12.93,4,214,
4-21,10:35:2,79,79,13.02,4,214,
4-21,10:35:3,78,78,12.91,4,214,
4-21,10:35:3,79,79,12.91,4,214,
4-21,10:35:4,79,79,12.84,4,214,
4-21,10:35:4,77,77,12.76,4,214,
4-21,10:35:5,78,78,12.75,4,214,
4-21,10:35:5,79,79,12.84,4,214,
4-21,10:35:6,79,79,12.78,4,214,
4-21,10:35:6,80,80,12.89,4,214,
4-21,10:35:7,81,81,12.73,4,214,
4-21,10:35:7,81,81,12.81,4,214,
4-21,10:35:8,82,82,12.76,4,214,
4-21,10:35:8,83,83,12.8,4,214,
4-21,10:35:9,83,83,12.85,4,214,
4-21,10:35:9,82,82,12.82,4,214,
4-21,10:35:10,82,82,12.89,4,214,
4-21,10:35:10,83,83,12.86,4,214,
4-21,10:35:11,82,82,12.78,4,214,
4-21,10:35:11,81,81,12.84,4,214,
4-21,10:35:12,83,83,12.87,4,214,
4-21,10:35:12,82,82,12.89,4,214,
4-21,10:35:13,83,83,12.79,4,214,
4-21,10:35:13,82,82,12.8,4,214,
4-21,10:35:14,83,83,12.8,4,214,
4-21,10:35:14,83,83,12.87,4,214,
4-21,10:35:15,82,82,12.86,4,214,
4-21,10:35:15,82,82,12.79,4,214,
4-21,10:35:16,82,82,12.79,4,214,
4-21,10:35:16,83,83,12.81,4,214,
4-21,10:35:17,82,82,12.83,4,214,
4-21,10:35:17,82,82,12.89,4,214,
4-21,10:35:18,82,82,12.8,4,214,
4-21,10:35:18,83,83,12.89,4,214,
4-21,10:35:19,83,83,12.8,4,214,
4-21,10:35:19,83,83,12.84,4,214,
4-21,10:35:20,82,82,12.78,4,214,
4-21,10:35:20,82,82,12.8,4,214,
4-21,10:35:21,82,82,12.78,4,214,
4-21,10:35:21,82,82,12.68,4,214,
4-21,10:35:22,83,83,12.82,4,214,
4-21,10:35:22,81,81,12.76,4,214,
4-21,10:35:23,83,83,12.77,4,214,
4-21,10:35:23,82,82,12.79,4,214,
4-21,10:35:24,82,82,12.74,4,214,
4-21,10:35:24,82,82,12.75,4,214,
4-21,10:35:25,83,83,12.81,4,214,
4-21,10:35:25,83,83,12.82,4,214,
4-21,10:35:26,82,82,12.77,4,214,
4-21,10:35:26,82,82,12.71,4,214,
4-21,10:35:27,83,83,12.72,4,214,
4-21,10:35:27,82,82,12.79,4,214,
4-21,10:35:28,82,82,12.73,4,214,
4-21,10:35:28,81,81,12.72,4,214,
4-21,10:35:29,82,82,12.75,4,214,
4-21,10:35:29,82,82,12.79,4,214,
4-21,10:35:30,82,82,12.7,4,214,
4-21,10:35:30,82,82,12.78,4,214,
4-21,10:35:31,83,83,12.76,4,214,
4-21,10:35:31,83,83,12.74,4,214,
4-21,10:35:32,82,82,12.74,4,214,
4-21,10:35:32,83,83,12.74,4,214,
4-21,10:35:33,84,84,12.74,4,214,
4-21,10:35:33,83,83,12.77,4,214,
4-21,10:35:34,83,83,12.81,4,214,
4-21,10:35:34,83,83,12.82,4,214,
4-21,10:35:35,83,83,12.8,4,214,
4-21,10:35:35,83,83,12.73,4,214,
4-21,10:35:36,83,83,12.74,4,214,
4-21,10:35:36,84,84,12.77,4,214,
4-21,10:35:37,84,84,12.73,4,214,
4-21,10:35:37,84,84,12.78,4,214,
4-21,10:35:38,84,84,12.7,4,214,
4-21,10:35:38,84,84,12.8,4,214,
4-21,10:35:39,84,84,12.83,4,214,
4-21,10:35:39,84,84,12.84,4,214,
4-21,10:35:40,84,84,12.73,4,214,
4-21,10:35:40,85,85,12.86,4,214,
4-21,10:35:41,84,84,12.73,4,214,
4-21,10:35:41,85,85,12.75,4,214,
4-21,10:35:42,86,86,12.72,4,214,
4-21,10:35:42,84,84,12.79,4,214,
4-21,10:35:43,86,86,12.78,4,214,
4-21,10:35:43,86,86,12.77,4,214,
4-21,10:35:44,86,86,12.8,4,214,
4-21,10:35:44,86,86,12.76,4,214,
4-21,10:35:45,86,86,12.71,4,214,
4-21,10:35:45,86,86,12.7,4,214,
4-21,10:35:46,86,86,12.83,4,214,
4-21,10:35:46,86,86,12.83,4,214,
4-21,10:35:47,86,86,12.77,4,214,
4-21,10:35:47,86,86,12.78,4,214,
4-21,10:35:48,85,85,12.83,4,214,
4-21,10:35:48,86,86,12.73,4,214,
4-21,10:35:49,86,86,12.79,4,214,
4-21,10:35:49,87,87,12.81,4,214,
4-21,10:35:50,86,86,12.78,4,214,
4-21,10:35:50,87,87,12.77,4,214,
4-21,10:35:51,86,86,12.76,4,214,
4-21,10:35:51,87,87,12.77,4,214,
4-21,10:35:52,86,86,12.79,4,214,
4-21,10:35:52,86,86,12.77,4,214,
4-21,10:35:53,86,86,12.81,4,214,
4-21,10:35:53,87,87,12.82,4,214,
4-21,10:35:54,86,86,12.78,4,214,
4-21,10:35:54,86,86,12.8,4,214,
4-21,10:35:55,86,86,12.82,4,214,
4-21,10:35:55,87,87,12.68,4,214,
4-21,10:35:56,86,86,12.81,4,214,
4-21,10:35:56,87,87,12.78,4,214,
4-21,10:35:57,86,86,12.77,4,214,
4-21,10:35:57,87,87,12.75,4,214,
4-21,10:35:58,87,87,12.73,4,214,
4-21,10:35:58,87,87,12.67,4,214,
4-21,10:35:59,87,87,12.76,4,214,
4-21,10:35:59,86,86,12.77,4,214,
4-21,10:36:0,87,87,12.75,4,214,
4-21,10:36:0,86,86,12.68,4,214,
4-21,10:36:1,87,87,12.77,4,214,
4-21,10:36:1,87,87,12.78,4,214,
4-21,10:36:2,87,87,12.85,4,214,
4-21,10:36:2,87,87,12.85,4,214,
4-21,10:36:3,88,88,12.77,4,214,
4-21,10:36:3,87,87,12.76,4,214,
4-21,10:36:4,87,87,12.77,4,214,
4-21,10:36:4,87,87,12.79,4,214,
4-21,10:36:5,87,87,12.83,4,214,
4-21,10:36:5,87,87,12.86,4,214,
4-21,10:36:6,86,86,12.85,4,214,
4-21,10:36:6,86,86,12.77,4,214,
4-21,10:36:7,86,86,12.76,4,214,
4-21,10:36:7,87,87,12.76,4,214,
4-21,10:36:8,87,87,12.8,4,214,
4-21,10:36:8,87,87,12.8,4,214,
4-21,10:36:9,87,87,12.78,4,214,
4-21,10:36:9,86,86,12.75,4,214,
4-21,10:36:10,85,85,12.77,4,214,
4-21,10:36:10,86,86,12.77,4,214,
4-21,10:36:11,85,85,12.81,4,214,
4-21,10:36:11,85,85,12.8,4,214,
4-21,10:36:12,86,86,12.76,4,214,
4-21,10:36:12,85,85,12.79,4,214,
4-21,10:36:13,86,86,12.71,4,214,
4-21,10:36:13,86,86,12.77,4,214,
4-21,10:36:14,87,87,12.82,4,214,
4-21,10:36:14,86,86,12.83,4,214,
4-21,10:36:15,85,85,12.75,4,214,
4-21,10:36:15,84,84,12.76,4,214,
4-21,10:36:16,84,84,12.71,4,214,
4-21,10:36:16,85,85,12.73,4,214,
4-21,10:36:17,85,85,12.76,4,214,
4-21,10:36:17,84,84,12.68,4,214,
4-21,10:36:18,84,84,12.65,4,214,
4-21,10:36:18,84,84,12.73,4,214,
4-21,10:36:19,84,84,12.76,4,214,
4-21,10:36:19,74,74,12.42,4,214,
4-21,10:36:20,98,98,11.87,4,214,
4-21,10:36:20,83,83,12.65,4,214,
4-21,10:36:21,83,83,12.68,4,214,
4-21,10:36:21,82,82,12.68,4,214,
4-21,10:36:22,83,83,12.77,4,214,
4-21,10:36:22,73,73,11.91,4,214,
4-21,10:36:23,82,82,12.75,4,214,
4-21,10:36:24,83,83,12.84,4,214,
4-21,10:36:24,84,84,12.92,4,214,
4-21,10:36:25,85,85,12.84,4,214,
4-21,10:36:25,84,84,12.89,4,214,
4-21,10:36:26,85,85,12.86,4,214,
4-21,10:36:26,86,86,12.92,4,214,
4-21,10:36:27,86,86,12.9,4,214,
4-21,10:36:27,85,85,12.94,4,214,
4-21,10:36:28,85,85,12.93,4,214,
4-21,10:36:28,85,85,12.91,4,214,
4-21,10:36:29,85,85,12.99,4,214,
4-21,10:36:29,86,86,12.92,4,214,
4-21,10:36:30,86,86,12.89,4,214,
4-21,10:36:30,85,85,12.88,4,214,
4-21,10:36:31,85,85,12.95,4,214,
4-21,10:36:31,85,85,12.94,4,214,
4-21,10:36:32,84,84,12.92,4,214,
4-21,10:36:32,85,85,12.87,4,214,
4-21,10:36:33,85,85,12.94,4,214,
4-21,10:36:33,86,86,12.92,4,214,
4-21,10:36:34,84,84,12.91,4,214,
4-21,10:36:34,85,85,12.92,4,214,
4-21,10:36:35,85,85,12.96,4,214,
4-21,10:36:35,86,86,12.95,4,214,
4-21,10:36:36,86,86,12.92,4,214,
4-21,10:36:36,85,85,12.97,4,214,
4-21,10:36:37,86,86,12.94,4,214,
4-21,10:36:37,85,85,12.91,4,214,
4-21,10:36:38,86,86,12.9,4,214,
4-21,10:36:38,85,85,12.92,4,214,
4-21,10:36:39,86,86,12.95,4,214,
4-21,10:36:39,85,85,12.97,4,214,
4-21,10:36:40,85,85,12.92,4,214,
4-21,10:36:40,86,86,12.97,4,214,
4-21,10:36:41,85,85,12.93,4,214,
4-21,10:36:41,85,85,12.94,4,214,
4-21,10:36:42,85,85,12.95,4,214,
4-21,10:36:42,84,84,12.94,4,214,
4-21,10:36:43,85,85,12.91,4,214,
4-21,10:36:43,86,86,12.94,4,214,
4-21,10:36:44,85,85,12.94,4,214,
4-21,10:36:44,85,85,12.95,4,214,
4-21,10:36:45,85,85,12.86,4,214,
4-21,10:36:45,85,85,12.92,4,214,
4-21,10:36:46,85,85,12.93,4,214,
4-21,10:36:46,85,85,12.88,4,214,
4-21,10:36:47,85,85,12.87,4,214,
4-21,10:36:47,85,85,12.88,4,214,
4-21,10:36:48,86,86,12.9,4,214,
4-21,10:36:48,85,85,12.93,4,214,
4-21,10:36:49,85,85,12.9,4,214,
4-21,10:36:49,86,86,12.9,4,214,
4-21,10:36:50,86,86,12.88,4,214,
4-21,10:36:50,87,87,12.93,4,214,
4-21,10:36:51,86,86,12.88,4,214,
4-21,10:36:51,86,86,12.9,4,214,
4-21,10:36:52,85,85,12.92,4,214,
4-21,10:36:52,86,86,12.9,4,214,
4-21,10:36:53,86,86,12.89,4,214,
4-21,10:36:53,86,86,12.84,4,214,
4-21,10:36:54,85,85,12.84,4,214,
4-21,10:36:54,86,86,12.92,4,214,
4-21,10:36:55,85,85,12.89,4,214,
4-21,10:36:55,86,86,12.81,4,214,
4-21,10:36:56,86,86,12.85,4,214,
4-21,10:36:56,86,86,12.85,4,214,
4-21,10:36:57,86,86,12.82,4,214,
4-21,10:36:57,86,86,12.83,4,214,
4-21,10:36:58,86,86,12.8,4,214,
4-21,10:36:58,86,86,12.83,4,214,
4-21,10:36:59,86,86,12.84,4,214,
4-21,10:36:59,86,86,12.82,4,214,
4-21,10:37:0,86,86,12.78,4,214,
4-21,10:37:0,87,87,12.82,4,214,
4-21,10:37:1,86,86,12.81,4,214,
4-21,10:37:1,86,86,12.8,4,214,
4-21,10:37:2,85,85,12.86,4,214,
4-21,10:37:2,86,86,12.87,4,214,
4-21,10:37:3,86,86,12.86,4,214,
4-21,10:37:3,86,86,12.76,4,214,
4-21,10:37:4,86,86,12.87,4,214,
4-21,10:37:4,85,85,12.8,4,214,
4-21,10:37:5,84,84,12.86,4,214,
4-21,10:37:5,85,85,12.79,4,214,
4-21,10:37:6,84,84,12.85,4,214,
4-21,10:37:6,85,85,12.86,4,214,
4-21,10:37:7,85,85,12.83,4,214,
4-21,10:37:7,85,85,12.75,4,214,
4-21,10:37:8,84,84,12.79,4,214,
4-21,10:37:8,84,84,12.81,4,214,
4-21,10:37:9,85,85,12.78,4,214,
4-21,10:37:9,84,84,12.86,4,214,
4-21,10:37:10,84,84,12.85,4,214,
4-21,10:37:10,84,84,12.81,4,214,
4-21,10:37:11,84,84,12.82,4,214,
4-21,10:37:11,83,83,12.81,4,214,
4-21,10:37:12,82,82,12.77,4,214,
4-21,10:37:12,83,83,12.77,4,214,
4-21,10:37:13,83,83,12.84,4,214,
4-21,10:37:13,83,83,12.82,4,214,
4-21,10:37:14,84,84,12.85,4,214,
4-21,10:37:14,81,81,12.83,4,214,
4-21,10:37:15,81,81,12.78,4,214,
4-21,10:37:15,81,81,12.8,4,214,
4-21,10:37:16,83,83,12.81,4,214,
4-21,10:37:16,82,82,12.8,4,214,
4-21,10:37:17,82,82,12.82,4,214,
4-21,10:37:17,81,81,12.8,4,214,
4-21,10:37:18,82,82,12.78,4,214,
4-21,10:37:18,81,81,12.77,4,214,
4-21,10:37:19,81,81,12.78,4,214,
4-21,10:37:19,80,80,12.74,4,214,
4-21,10:37:20,82,82,12.81,4,214,
4-21,10:37:20,80,80,12.75,4,214,
4-21,10:37:21,80,80,12.72,4,214,
4-21,10:37:21,80,80,12.7,4,214,
4-21,10:37:22,82,82,12.77,4,214,
4-21,10:37:22,81,81,12.88,4,214,
4-21,10:37:23,81,81,12.77,4,214,
4-21,10:37:23,82,82,12.77,4,214,
4-21,10:37:24,81,81,12.75,4,214,
4-21,10:37:24,80,80,12.76,4,214,
4-21,10:37:25,80,80,12.74,4,214,
4-21,10:37:25,80,80,12.82,4,214,
4-21,10:37:26,80,80,12.72,4,214,
4-21,10:37:26,82,82,12.82,4,214,
4-21,10:37:27,82,82,12.8,4,214,
4-21,10:37:27,81,81,12.87,4,214,
4-21,10:37:28,83,83,12.8,4,214,
4-21,10:37:28,82,82,12.89,4,214,
4-21,10:37:29,82,82,12.86,4,214,
4-21,10:37:29,82,82,12.84,4,214,
4-21,10:37:30,83,83,12.84,4,214,
4-21,10:37:30,82,82,12.89,4,214,
4-21,10:37:31,81,81,12.83,4,214,
4-21,10:37:31,81,81,12.87,4,214,
4-21,10:37:32,81,81,12.93,4,214,
4-21,10:37:32,81,81,12.87,4,214,
4-21,10:37:33,82,82,12.84,4,214,
4-21,10:37:33,81,81,12.87,4,214,
4-21,10:37:34,82,82,12.85,4,214,
4-21,10:37:34,83,83,12.92,4,214,
4-21,10:37:35,81,81,12.88,4,214,
4-21,10:37:35,79,79,12.86,4,214,
4-21,10:37:36,80,80,12.89,4,214,
4-21,10:37:36,81,81,12.91,4,214,
4-21,10:37:37,81,81,12.92,4,214,
4-21,10:37:37,82,82,12.87,4,214,
4-21,10:37:38,82,82,12.93,4,214,
4-21,10:37:38,82,82,12.89,4,214,
4-21,10:37:39,82,82,12.91,4,214,
4-21,10:37:39,81,81,12.98,4,214,
4-21,10:37:40,81,81,12.93,4,214,
4-21,10:37:40,82,82,12.95,4,214,
4-21,10:37:41,82,82,12.9,4,214,
4-21,10:37:41,82,82,12.91,4,214,
4-21,10:37:42,81,81,12.92,4,214,
4-21,10:37:42,80,80,12.88,4,214,
4-21,10:37:43,80,80,12.84,4,214,
4-21,10:37:43,81,81,12.92,4,214,
4-21,10:37:44,80,80,12.88,4,214,
4-21,10:37:44,82,82,12.89,4,214,
4-21,10:37:45,80,80,12.89,4,214,
4-21,10:37:45,81,81,12.9,4,214,
4-21,10:37:46,81,81,12.93,4,214,
4-21,10:37:46,80,80,12.95,4,214,
4-21,10:37:47,80,80,12.92,4,214,
4-21,10:37:47,80,80,12.93,4,214,
4-21,10:37:48,80,80,12.9,4,214,
4-21,10:37:48,80,80,12.99,4,214,
4-21,10:37:49,80,80,12.96,4,214,
4-21,10:37:49,80,80,12.97,4,214,
4-21,10:37:50,81,81,13.02,4,214,
4-21,10:37:50,80,80,13.02,4,214,
4-21,10:37:51,80,80,12.97,4,214,
4-21,10:37:51,80,80,12.89,4,214,
4-21,10:37:52,81,81,12.96,4,214,
4-21,10:37:52,80,80,12.91,4,214,
4-21,10:37:53,79,79,12.96,4,214,
4-21,10:37:53,79,79,12.88,4,214,
4-21,10:37:54,79,79,12.81,4,214,
4-21,10:37:54,79,79,12.99,4,214,
4-21,10:37:55,78,78,12.88,4,214,
4-21,10:37:55,79,79,12.95,4,214,
4-21,10:37:56,79,79,12.96,4,214,
4-21,10:37:56,79,79,12.86,4,214,
4-21,10:37:57,78,78,12.95,4,214,
4-21,10:37:57,77,77,12.8,4,214,
4-21,10:37:58,77,77,12.87,4,214,
4-21,10:37:58,77,77,12.87,4,214,
4-21,10:37:59,77,77,12.87,4,214,
4-21,10:37:59,77,77,12.9,4,214,
4-21,10:38:0,76,76,12.84,4,214,
4-21,10:38:0,77,77,12.86,4,214,
4-21,10:38:1,75,75,12.81,4,214,
4-21,10:38:1,75,75,12.89,4,214,
4-21,10:38:2,74,74,12.9,4,214,
4-21,10:38:2,75,75,12.92,4,214,
4-21,10:38:3,75,75,12.89,4,214,
4-21,10:38:3,77,77,12.84,4,214,
4-21,10:38:4,75,75,12.78,4,214,
4-21,10:38:4,75,75,12.9,4,214,
4-21,10:38:5,75,75,12.81,4,214,
4-21,10:38:5,75,75,12.84,4,214,
4-21,10:38:6,75,75,12.84,4,214,
4-21,10:38:6,75,75,12.9,4,214,
4-21,10:38:7,74,74,12.9,4,214,
4-21,10:38:7,75,75,12.86,4,214,
4-21,10:38:8,75,75,12.95,4,214,
4-21,10:38:8,74,74,12.92,4,214,
4-21,10:38:9,76,76,12.86,4,214,
4-21,10:38:9,75,75,12.86,4,214,
4-21,10:38:10,73,73,12.87,4,214,
4-21,10:38:10,74,74,12.88,4,214,
4-21,10:38:11,73,73,12.82,4,214,
4-21,10:38:11,73,73,12.84,4,214,
4-21,10:38:12,72,72,12.91,4,214,
4-21,10:38:12,72,72,12.89,4,214,
4-21,10:38:13,72,72,12.86,4,214,
4-21,10:38:13,71,71,12.76,4,214,
4-21,10:38:14,70,70,12.83,4,214,
4-21,10:38:14,70,70,12.78,4,214,
4-21,10:38:15,71,71,12.86,4,214,
4-21,10:38:15,70,70,12.8,4,214,
4-21,10:38:16,67,67,12.68,4,214,
4-21,10:38:16,69,69,12.81,4,214,
4-21,10:38:17,70,70,12.81,4,214,
4-21,10:38:17,70,70,12.78,4,214,
4-21,10:38:18,72,72,12.84,4,214,
4-21,10:38:18,70,70,12.74,4,214,
4-21,10:38:19,69,69,12.77,4,214,
4-21,10:38:19,72,72,12.81,4,214,
4-21,10:38:20,70,70,12.72,4,214,
4-21,10:38:20,71,71,12.81,4,214,
4-21,10:38:21,70,70,12.78,4,214,
4-21,10:38:21,67,67,12.65,4,214,
4-21,10:38:22,69,69,12.68,4,214,
4-21,10:38:22,69,69,12.77,4,214,
4-21,10:38:23,68,68,12.76,4,214,
4-21,10:38:23,66,66,12.72,4,214,
4-21,10:38:24,68,68,12.79,4,214,
4-21,10:38:24,68,68,12.72,4,214,
4-21,10:38:25,68,68,12.86,4,214,
4-21,10:38:25,66,66,12.76,4,214,
4-21,10:38:26,65,65,12.74,4,214,
4-21,10:38:26,63,63,12.69,4,214,
4-21,10:38:27,65,65,12.77,4,214,
4-21,10:38:27,67,67,12.81,4,214,
4-21,10:38:28,67,67,12.85,4,214,
4-21,10:38:28,66,66,12.77,4,214,
4-21,10:38:29,64,64,12.7,4,214,
4-21,10:38:29,67,67,12.85,4,214,
4-21,10:38:30,65,65,12.71,4,214,
4-21,10:38:30,65,65,12.72,4,214,
4-21,10:38:31,68,68,12.83,4,214,
4-21,10:38:31,64,64,12.74,4,214,
4-21,10:38:32,67,67,12.76,4,214,
4-21,10:38:32,66,66,12.71,4,214,
4-21,10:38:33,64,64,12.68,4,214,
4-21,10:38:33,66,66,12.8,4,214,
4-21,10:38:34,67,67,12.78,4,214,
4-21,10:38:34,65,65,12.79,4,214,
4-21,10:38:35,65,65,12.76,4,214,
4-21,10:38:35,64,64,12.71,4,214,
4-21,10:38:36,61,61,12.67,4,214,
4-21,10:38:36,64,64,12.76,4,214,
4-21,10:38:37,65,65,12.74,4,214,
4-21,10:38:37,61,61,12.7,4,214,
4-21,10:38:38,61,61,12.68,4,214,
4-21,10:38:38,61,61,12.73,4,214,
4-21,10:38:39,65,65,12.76,4,214,
4-21,10:38:39,64,64,12.76,4,214,
4-21,10:38:40,60,60,12.69,4,214,
4-21,10:38:40,64,64,12.72,4,214,
4-21,10:38:41,62,62,12.77,4,214,
4-21,10:38:41,60,60,12.65,4,214,
4-21,10:38:42,65,65,12.88,4,214,
4-21,10:38:42,66,66,12.8,4,214,
4-21,10:38:43,62,62,12.67,4,214,
4-21,10:38:43,61,61,12.69,4,214,
4-21,10:38:44,64,64,12.8,4,214,
4-21,10:38:44,61,61,12.78,4,214,
4-21,10:38:45,60,60,12.7,4,214,
4-21,10:38:45,63,63,12.71,4,214,
4-21,10:38:46,61,61,12.67,4,214,
4-21,10:38:46,60,60,12.64,4,214,
4-21,10:38:47,61,61,12.7,4,214,
4-21,10:38:47,66,66,12.82,4,214,
4-21,10:38:48,65,65,12.76,4,214,
4-21,10:38:48,64,64,12.75,4,214,
4-21,10:38:49,64,64,12.8,4,214,
4-21,10:38:49,59,59,12.71,4,214,
4-21,10:38:50,62,62,12.7,4,214,
4-21,10:38:50,63,63,12.74,4,214,
4-21,10:38:51,61,61,12.72,4,214,
4-21,10:38:51,61,61,12.72,4,214,
4-21,10:38:52,61,61,12.73,4,214,
4-21,10:38:52,59,59,12.72,4,214,
4-21,10:38:53,61,61,12.79,4,214,
4-21,10:38:53,62,62,12.75,4,214,
4-21,10:38:54,56,56,12.66,4,214,
4-21,10:38:54,58,58,12.72,4,214,
4-21,10:38:55,60,60,12.68,4,214,
4-21,10:38:55,60,60,12.76,4,214,
4-21,10:38:56,54,54,12.66,4,214,
4-21,10:38:56,61,61,12.73,4,214,
4-21,10:38:57,58,58,12.75,4,214,
4-21,10:38:57,61,61,12.74,4,214,
4-21,10:38:58,63,63,12.81,4,214,
4-21,10:38:58,60,60,12.73,4,214,
4-21,10:38:59,58,58,12.69,4,214,
4-21,10:38:59,57,57,12.6,4,214,
4-21,10:39:0,60,60,12.77,4,214,
4-21,10:39:0,58,58,12.68,4,214,
4-21,10:39:1,56,56,12.73,4,214,
4-21,10:39:1,56,56,12.61,4,214,
4-21,10:39:2,57,57,12.7,4,214,
4-21,10:39:2,56,56,12.67,4,214,
4-21,10:39:3,57,57,12.71,4,214,
4-21,10:39:3,58,58,12.75,4,214,
4-21,10:39:4,58,58,12.72,4,214,
4-21,10:39:4,59,59,12.77,4,214,
4-21,10:39:5,57,57,12.74,4,214,
4-21,10:39:5,57,57,12.73,4,214,
4-21,10:39:6,54,54,12.72,4,214,
4-21,10:39:6,55,55,12.73,4,214,
4-21,10:39:7,55,55,12.75,4,214,
4-21,10:39:7,55,55,12.75,4,214,
4-21,10:39:8,58,58,12.75,4,214,
4-21,10:39:8,53,53,12.65,4,214,
4-21,10:39:9,58,58,12.83,4,214,
4-21,10:39:9,52,52,12.61,4,214,
4-21,10:39:10,53,53,12.71,4,214,
4-21,10:39:10,54,54,12.68,4,214,
4-21,10:39:11,54,54,12.67,4,214,
4-21,10:39:11,60,60,12.81,4,214,
4-21,10:39:12,55,55,12.71,4,214,
4-21,10:39:12,52,52,12.72,4,214,
4-21,10:39:13,53,53,12.64,4,214,
4-21,10:39:13,52,52,12.64,4,214,
4-21,10:39:14,56,56,12.77,4,214,
4-21,10:39:14,55,55,12.73,4,214,
4-21,10:39:15,57,57,12.84,4,214,
4-21,10:39:15,56,56,12.73,4,214,
4-21,10:39:16,58,58,12.84,4,214,
4-21,10:39:16,55,55,12.69,4,214,
4-21,10:39:17,56,56,12.75,4,214,
4-21,10:39:17,56,56,12.74,4,214,
4-21,10:39:18,56,56,12.75,4,214,
4-21,10:39:18,52,52,12.7,4,214,
4-21,10:39:19,52,52,12.71,4,214,
4-21,10:39:19,60,60,12.84,4,214,
4-21,10:39:20,54,54,12.71,4,214,
4-21,10:39:20,53,53,12.72,4,214,
4-21,10:39:21,53,53,12.71,4,214,
4-21,10:39:21,55,55,12.73,4,214,
4-21,10:39:22,57,57,12.81,4,214,
4-21,10:39:22,55,55,12.73,4,214,
4-21,10:39:23,55,55,12.75,4,214,
4-21,10:39:23,52,52,12.7,4,214,
4-21,10:39:24,53,53,12.75,4,214,
4-21,10:39:24,49,49,12.67,4,214,
4-21,10:39:25,53,53,12.71,4,214,
4-21,10:39:25,51,51,12.68,4,214,
4-21,10:39:26,51,51,12.65,4,214,
4-21,10:39:26,53,53,12.68,4,214,
4-21,10:39:27,54,54,12.74,4,214,
4-21,10:39:27,50,50,12.72,4,214,
4-21,10:39:28,54,54,12.77,4,214,
4-21,10:39:28,54,54,12.75,4,214,
4-21,10:39:29,55,55,12.76,4,214,
4-21,10:39:29,48,48,12.63,4,214,
4-21,10:39:30,51,51,12.72,4,214,
4-21,10:39:30,53,53,12.75,4,214,
4-21,10:39:31,47,47,12.63,4,214,
4-21,10:39:31,50,50,12.66,4,214,
4-21,10:39:32,50,50,12.67,4,214,
4-21,10:39:32,53,53,12.7,4,214,
4-21,10:39:33,50,50,12.67,4,214,
4-21,10:39:33,49,49,12.62,4,214,
4-21,10:39:34,48,48,12.71,4,214,
4-21,10:39:34,47,47,12.68,4,214,
4-21,10:39:35,43,43,12.61,4,214,
4-21,10:39:35,52,52,12.7,4,214,
4-21,10:39:36,48,48,12.68,4,214,
4-21,10:39:36,51,51,12.76,4,214,
4-21,10:39:37,47,47,12.63,4,214,
4-21,10:39:37,50,50,12.66,4,214,
4-21,10:39:38,48,48,12.74,4,214,
4-21,10:39:38,50,50,12.74,4,214,
4-21,10:39:39,42,42,12.62,4,214,
4-21,10:39:39,51,51,12.77,4,214,
4-21,10:39:40,53,53,12.75,4,214,
4-21,10:39:40,46,46,12.61,4,214,
4-21,10:39:41,50,50,12.78,4,214,
4-21,10:39:41,52,52,12.74,4,214,
4-21,10:39:42,50,50,12.77,4,214,
4-21,10:39:42,47,47,12.69,4,214,
4-21,10:39:43,46,46,12.64,4,214,
4-21,10:39:43,49,49,12.76,4,214,
4-21,10:39:44,53,53,12.81,4,214,
4-21,10:39:44,50,50,12.76,4,214,
4-21,10:39:45,48,48,12.67,4,214,
4-21,10:39:45,50,50,12.78,4,214,
4-21,10:39:46,53,53,12.81,4,214,
4-21,10:39:46,47,47,12.67,4,214,
4-21,10:39:47,47,47,12.66,4,214,
4-21,10:39:47,48,48,12.75,4,214,
4-21,10:39:48,48,48,12.73,4,214,
4-21,10:39:48,49,49,12.71,4,214,
4-21,10:39:49,46,46,12.72,4,214,
4-21,10:39:49,48,48,12.7,4,214,
4-21,10:39:50,47,47,12.72,4,214,
4-21,10:39:50,47,47,12.75,4,214,
4-21,10:39:51,48,48,12.74,4,214,
4-21,10:39:51,46,46,12.73,4,214,
4-21,10:39:52,44,44,12.67,4,214,
4-21,10:39:52,47,47,12.72,4,214,
4-21,10:39:53,42,42,12.62,4,214,
4-21,10:39:53,48,48,12.62,4,214,
4-21,10:39:54,49,49,12.72,4,214,
4-21,10:39:54,50,50,12.72,4,214,
4-21,10:39:55,48,48,12.63,4,214,
4-21,10:39:55,48,48,12.7,4,214,
4-21,10:39:56,51,51,12.74,4,214,
4-21,10:39:56,48,48,12.69,4,214,
4-21,10:39:57,50,50,12.69,4,214,
4-21,10:39:57,49,49,12.73,4,214,
4-21,10:39:58,50,50,12.71,4,214,
4-21,10:39:58,52,52,12.74,4,214,
4-21,10:39:59,48,48,12.66,4,214,
4-21,10:39:59,51,51,12.79,4,214,
4-21,10:40:0,49,49,12.72,4,214,
4-21,10:40:0,49,49,12.69,4,214,
4-21,10:40:1,46,46,12.62,4,214,
4-21,10:40:1,45,45,12.65,4,214,
4-21,10:40:2,47,47,12.68,4,214,
4-21,10:40:2,51,51,12.77,4,214,
4-21,10:40:3,46,46,12.66,4,214,
4-21,10:40:3,47,47,12.69,4,214,
4-21,10:40:4,49,49,12.72,4,214,
4-21,10:40:4,49,49,12.75,4,214,
4-21,10:40:5,47,47,12.69,4,214,
4-21,10:40:5,43,43,12.58,4,214,
4-21,10:40:6,46,46,12.67,4,214,
4-21,10:40:6,51,51,12.75,4,214,
4-21,10:40:7,46,46,12.72,4,214,
4-21,10:40:7,46,46,12.66,4,214,
4-21,10:40:8,44,44,12.67,4,214,
4-21,10:40:8,48,48,12.68,4,214,
4-21,10:40:9,47,47,12.65,4,214,
4-21,10:40:9,44,44,12.61,4,214,
4-21,10:40:10,50,50,12.77,4,214,
4-21,10:40:10,51,51,12.74,4,214,
4-21,10:40:11,49,49,12.74,4,214,
4-21,10:40:11,50,50,12.75,4,214,
4-21,10:40:12,46,46,12.64,4,214,
4-21,10:40:12,46,46,12.68,4,214,
4-21,10:40:13,50,50,12.76,4,214,
4-21,10:40:13,51,51,12.74,4,214,
4-21,10:40:14,48,48,12.73,4,214,
4-21,10:40:14,47,47,12.71,4,214,
4-21,10:40:15,41,41,12.65,4,214,
4-21,10:40:15,46,46,12.68,4,214,
4-21,10:40:16,44,44,12.66,4,214,
4-21,10:40:16,48,48,12.73,4,214,
4-21,10:40:17,44,44,12.62,4,214,
4-21,10:40:17,47,47,12.69,4,214,
4-21,10:40:18,49,49,12.77,4,214,
4-21,10:40:18,49,49,12.73,4,214,
4-21,10:40:19,47,47,12.72,4,214,
4-21,10:40:19,49,49,12.76,4,214,
4-21,10:40:20,46,46,12.71,4,214,
4-21,10:40:20,49,49,12.73,4,214,
4-21,10:40:21,43,43,12.66,4,214,
4-21,10:40:21,43,43,12.64,4,214,
4-21,10:40:22,46,46,12.68,4,214,
4-21,10:40:22,49,49,12.74,4,214,
4-21,10:40:23,44,44,12.68,4,214,
4-21,10:40:23,43,43,12.67,4,214,
4-21,10:40:24,44,44,12.65,4,214,
4-21,10:40:24,46,46,12.71,4,214,
4-21,10:40:25,46,46,12.71,4,214,
4-21,10:40:25,42,42,12.66,4,214,
4-21,10:40:26,51,51,12.82,4,214,
4-21,10:40:26,42,42,12.65,4,214,
4-21,10:40:27,46,46,12.74,4,214,
4-21,10:40:27,44,44,12.67,4,214,
4-21,10:40:28,47,47,12.73,4,214,
4-21,10:40:28,45,45,12.71,4,214,
4-21,10:40:29,45,45,12.71,4,214,
4-21,10:40:29,46,46,12.7,4,214,
4-21,10:40:30,43,43,12.72,4,214,
4-21,10:40:30,39,39,12.6,4,214,
4-21,10:40:31,48,48,12.78,4,214,
4-21,10:40:31,40,40,12.66,4,214,
4-21,10:40:32,42,42,12.65,4,214,
4-21,10:40:32,42,42,12.64,4,214,
4-21,10:40:33,44,44,12.63,4,214,
4-21,10:40:33,46,46,12.68,4,214,
4-21,10:40:34,47,47,12.72,4,214,
4-21,10:40:34,46,46,12.71,4,214,
4-21,10:40:35,45,45,12.69,4,214,
4-21,10:40:35,43,43,12.68,4,214,
4-21,10:40:36,52,52,12.78,4,214,
4-21,10:40:36,42,42,12.71,4,214,
4-21,10:40:37,43,43,12.66,4,214,
4-21,10:40:37,51,51,12.78,4,214,
4-21,10:40:38,44,44,12.72,4,214,
4-21,10:40:38,46,46,12.72,4,214,
4-21,10:40:39,46,46,12.71,4,214,
4-21,10:40:39,45,45,12.71,4,214,
4-21,10:40:40,44,44,12.7,4,214,
4-21,10:40:40,44,44,12.69,4,214,
4-21,10:40:41,45,45,12.66,4,214,
4-21,10:40:41,43,43,12.69,4,214,
4-21,10:40:42,43,43,12.7,4,214,
4-21,10:40:42,41,41,12.69,4,214,
4-21,10:40:43,43,43,12.69,4,214,
4-21,10:40:43,43,43,12.69,4,214,
4-21,10:40:44,44,44,12.71,4,214,
4-21,10:40:44,41,41,12.65,4,214,
4-21,10:40:45,49,49,12.82,4,214,
4-21,10:40:45,44,44,12.66,4,214,
4-21,10:40:46,46,46,12.75,4,214,
4-21,10:40:46,43,43,12.69,4,214,
4-21,10:40:47,43,43,12.68,4,214,
4-21,10:40:47,46,46,12.71,4,214,
4-21,10:40:48,43,43,12.69,4,214,
4-21,10:40:48,44,44,12.69,4,214,
4-21,10:40:49,42,42,12.72,4,214,
4-21,10:40:49,44,44,12.69,4,214,
4-21,10:40:50,42,42,12.67,4,214,
4-21,10:40:50,43,43,12.66,4,214,
4-21,10:40:51,43,43,12.67,4,214,
4-21,10:40:51,43,43,12.74,4,214,
4-21,10:40:52,41,41,12.7,4,214,
4-21,10:40:52,43,43,12.72,4,214,
4-21,10:40:53,42,42,12.69,4,214,
4-21,10:40:53,40,40,12.69,4,214,
4-21,10:40:54,49,49,12.82,4,214,
4-21,10:40:54,44,44,12.68,4,214,
4-21,10:40:55,43,43,12.67,4,214,
4-21,10:40:55,48,48,12.79,4,214,
4-21,10:40:56,44,44,12.71,4,214,
4-21,10:40:56,47,47,12.78,4,214,
4-21,10:40:57,40,40,12.67,4,214,
4-21,10:40:57,40,40,12.63,4,214,
4-21,10:40:58,45,45,12.72,4,214,
4-21,10:40:58,43,43,12.7,4,214,
4-21,10:40:59,42,42,12.69,4,214,
4-21,10:40:59,40,40,12.7,4,214,
4-21,10:41:0,45,45,12.76,4,214,
4-21,10:41:0,45,45,12.76,4,214,
4-21,10:41:1,44,44,12.73,4,214,
4-21,10:41:1,43,43,12.68,4,214,
4-21,10:41:2,45,45,12.73,4,214,
4-21,10:41:2,45,45,12.7,4,214,
4-21,10:41:3,41,41,12.66,4,214,
4-21,10:41:3,46,46,12.8,4,214,
4-21,10:41:4,43,43,12.7,4,214,
4-21,10:41:4,40,40,12.68,4,214,
4-21,10:41:5,46,46,12.75,4,214,
4-21,10:41:5,44,44,12.76,4,214,
4-21,10:41:6,43,43,12.72,4,214,
4-21,10:41:6,42,42,12.73,4,214,
4-21,10:41:7,41,41,12.67,4,214,
4-21,10:41:7,38,38,12.63,4,214,
4-21,10:41:8,43,43,12.71,4,214,
4-21,10:41:8,40,40,12.64,4,214,
4-21,10:41:9,46,46,12.75,4,214,
4-21,10:41:9,46,46,12.74,4,214,
4-21,10:41:10,49,49,12.81,4,214,
4-21,10:41:10,44,44,12.73,4,214,
4-21,10:41:11,44,44,12.7,4,214,
4-21,10:41:11,45,45,12.75,4,214,
4-21,10:41:12,39,39,12.66,4,214,
4-21,10:41:12,43,43,12.72,4,214,
4-21,10:41:13,35,35,12.58,4,214,
4-21,10:41:13,40,40,12.72,4,214,
4-21,10:41:14,43,43,12.7,4,214,
4-21,10:41:14,46,46,12.81,4,214,
4-21,10:41:15,40,40,12.63,4,214,
4-21,10:41:15,39,39,12.69,4,214,
4-21,10:41:16,45,45,12.8,4,214,
4-21,10:41:16,45,45,12.78,4,214,
4-21,10:41:17,39,39,12.64,4,214,
4-21,10:41:17,44,44,12.69,4,214,
4-21,10:41:18,43,43,12.73,4,214,
4-21,10:41:18,40,40,12.7,4,214,
4-21,10:41:19,38,38,12.64,4,214,
4-21,10:41:19,40,40,12.68,4,214,
4-21,10:41:20,41,41,12.73,4,214,
4-21,10:41:20,40,40,12.71,4,214,
4-21,10:41:21,37,37,12.66,4,214,
4-21,10:41:21,44,44,12.78,4,214,
4-21,10:41:22,39,39,12.72,4,214,
4-21,10:41:22,42,42,12.72,4,214,
4-21,10:41:23,42,42,12.78,4,214,
4-21,10:41:23,41,41,12.76,4,214,
4-21,10:41:24,36,36,12.65,4,214,
4-21,10:41:24,40,40,12.75,4,214,
4-21,10:41:25,37,37,12.68,4,214,
4-21,10:41:25,41,41,12.73,4,214,
4-21,10:41:26,44,44,12.81,4,214,
4-21,10:41:26,40,40,12.76,4,214,
4-21,10:41:27,40,40,12.73,4,214,
4-21,10:41:27,40,40,12.74,4,214,
4-21,10:41:28,40,40,12.72,4,214,
4-21,10:41:28,42,42,12.75,4,214,
4-21,10:41:29,40,40,12.77,4,214,
4-21,10:41:29,41,41,12.75,4,214,
4-21,10:41:30,38,38,12.71,4,214,
4-21,10:41:30,40,40,12.75,4,214,
4-21,10:41:31,38,38,12.69,4,214,
4-21,10:41:31,41,41,12.78,4,214,
4-21,10:41:32,41,41,12.76,4,214,
4-21,10:41:32,36,36,12.71,4,214,
4-21,10:41:33,42,42,12.76,4,214,
4-21,10:41:33,37,37,12.68,4,214,
4-21,10:41:34,40,40,12.7,4,214,
4-21,10:41:34,37,37,12.71,4,214,
4-21,10:41:35,40,40,12.73,4,214,
4-21,10:41:35,41,41,12.75,4,214,
4-21,10:41:36,36,36,12.68,4,214,
4-21,10:41:36,39,39,12.72,4,214,
4-21,10:41:37,42,42,12.79,4,214,
4-21,10:41:37,37,37,12.7,4,214,
4-21,10:41:38,34,34,12.69,4,214,
4-21,10:41:38,42,42,12.81,4,214,
4-21,10:41:39,38,38,12.76,4,214,
4-21,10:41:39,35,35,12.78,4,214,
4-21,10:41:40,32,32,12.68,4,214,
4-21,10:41:40,36,36,12.76,4,214,
4-21,10:41:41,41,41,12.81,4,214,
4-21,10:41:41,37,37,12.79,4,214,
4-21,10:41:42,32,32,12.73,4,214,
4-21,10:41:42,34,34,12.77,4,214,
4-21,10:41:43,32,32,12.73,4,214,
4-21,10:41:43,39,39,12.84,4,214,
4-21,10:41:44,40,40,12.83,4,214,
4-21,10:41:44,38,38,12.85,4,214,
4-21,10:41:45,37,37,12.89,4,214,
4-21,10:41:45,34,34,12.78,4,214,
4-21,10:41:46,35,35,12.82,4,214,
4-21,10:41:46,38,38,12.86,4,214,
4-21,10:41:47,38,38,12.88,4,214,
4-21,10:41:47,37,37,12.82,4,214,
4-21,10:41:48,37,37,12.83,4,214,
4-21,10:41:48,38,38,12.88,4,214,
4-21,10:41:49,41,41,12.9,4,214,
4-21,10:41:49,43,43,12.91,4,214,
4-21,10:41:50,31,31,12.78,4,214,
4-21,10:41:50,36,36,12.8,4,214,
4-21,10:41:51,39,39,12.88,4,214,
4-21,10:41:51,39,39,12.88,4,214,
4-21,10:41:52,36,36,12.83,4,214,
4-21,10:41:52,32,32,12.8,4,214,
4-21,10:41:53,35,35,12.84,4,214,
4-21,10:41:53,36,36,12.84,4,214,
4-21,10:41:54,42,42,12.93,4,214,
4-21,10:41:54,36,36,12.82,4,214,
4-21,10:41:55,35,35,12.8,4,214,
4-21,10:41:55,32,32,12.82,4,214,
4-21,10:41:56,38,38,12.88,4,214,
4-21,10:41:56,33,33,12.82,4,214,
4-21,10:41:57,38,38,12.89,4,214,
4-21,10:41:57,36,36,12.89,4,214,
4-21,10:41:58,34,34,12.82,4,214,
4-21,10:41:58,33,33,12.79,4,214,
4-21,10:41:59,38,38,12.84,4,214,
4-21,10:41:59,34,34,12.83,4,214,
4-21,10:42:0,38,38,12.9,4,214,
4-21,10:42:0,37,37,12.87,4,214,
4-21,10:42:1,31,31,12.79,4,214,
4-21,10:42:1,32,32,12.78,4,214,
4-21,10:42:2,33,33,12.77,4,214,
4-21,10:42:2,39,39,12.84,4,214,
4-21,10:42:3,38,38,12.87,4,214,
4-21,10:42:3,34,34,12.79,4,214,
4-21,10:42:4,39,39,12.9,4,214,
4-21,10:42:4,37,37,12.84,4,214,
4-21,10:42:5,34,34,12.81,4,214,
4-21,10:42:5,38,38,12.84,4,214,
4-21,10:42:6,39,39,12.84,4,214,
4-21,10:42:6,37,37,12.84,4,214,
4-21,10:42:7,37,37,12.87,4,214,
4-21,10:42:7,33,33,12.81,4,214,
4-21,10:42:8,41,41,12.96,4,214,
4-21,10:42:8,38,38,12.83,4,214,
4-21,10:42:9,37,37,12.9,4,214,
4-21,10:42:9,36,36,12.82,4,214,
4-21,10:42:10,33,33,12.76,4,214,
4-21,10:42:10,39,39,12.88,4,214,
4-21,10:42:11,38,38,12.84,4,214,
4-21,10:42:11,41,41,12.94,4,214,
4-21,10:42:12,37,37,12.83,4,214,
4-21,10:42:12,40,40,12.86,4,214,
4-21,10:42:13,39,39,12.9,4,214,
4-21,10:42:13,37,37,12.85,4,214,
4-21,10:42:14,33,33,12.81,4,214,
4-21,10:42:14,33,33,12.82,4,214,
4-21,10:42:15,34,34,12.83,4,214,
4-21,10:42:15,34,34,12.83,4,214,
4-21,10:42:16,35,35,12.84,4,214,
4-21,10:42:16,38,38,12.95,4,214,
4-21,10:42:17,35,35,12.87,4,214,
4-21,10:42:17,34,34,12.9,4,214,
4-21,10:42:18,37,37,12.95,4,214,
4-21,10:42:18,31,31,12.89,4,214,
4-21,10:42:19,33,33,12.88,4,214,
4-21,10:42:19,35,35,12.93,4,214,
4-21,10:42:20,33,33,12.93,4,214,
4-21,10:42:20,32,32,12.94,4,214,
4-21,10:42:21,31,31,12.91,4,214,
4-21,10:42:21,33,33,12.95,4,214,
4-21,10:42:22,27,27,12.85,4,214,
4-21,10:42:22,34,34,12.97,4,214,
4-21,10:42:23,31,31,12.92,4,214,
4-21,10:42:23,31,31,12.9,4,214,
4-21,10:42:24,31,31,12.89,4,214,
4-21,10:42:24,30,30,12.84,4,214,
4-21,10:42:25,37,37,12.96,4,214,
4-21,10:42:25,32,32,12.9,4,214,
4-21,10:42:26,23,23,12.77,4,214,
4-21,10:42:26,34,34,12.9,4,214,
4-21,10:42:27,31,31,12.83,4,214,
4-21,10:42:27,32,32,12.86,4,214,
4-21,10:42:28,32,32,12.87,4,214,
4-21,10:42:28,37,37,12.91,4,214,
4-21,10:42:29,37,37,12.9,4,214,
4-21,10:42:29,35,35,12.86,4,214,
4-21,10:42:30,40,40,12.95,4,214,
4-21,10:42:30,39,39,12.97,4,214,
4-21,10:42:31,41,41,12.99,4,214,
4-21,10:42:31,40,40,12.95,4,214,
4-21,10:42:32,40,40,13,4,214,
4-21,10:42:32,38,38,12.96,4,214,
4-21,10:42:33,31,31,12.85,4,214,
4-21,10:42:33,30,30,12.81,4,214,
4-21,10:42:34,34,34,12.88,4,214,
4-21,10:42:34,22,22,12.73,4,214,
4-21,10:42:35,30,30,12.81,4,214,
4-21,10:42:35,36,36,12.89,4,214,
4-21,10:42:36,40,40,12.99,4,214,
4-21,10:42:36,20,20,12.71,4,214,
4-21,10:42:37,37,37,12.94,4,214,
4-21,10:42:37,34,34,12.85,4,214,
4-21,10:42:38,34,34,12.91,4,214,
4-21,10:42:38,27,27,12.8,4,214,
4-21,10:42:39,34,34,12.91,4,214,
4-21,10:42:39,31,31,12.9,4,214,
4-21,10:42:40,31,31,12.85,4,214,
4-21,10:42:40,36,36,12.94,4,214,
4-21,10:42:41,30,30,12.87,4,214,
4-21,10:42:41,27,27,12.88,4,214,
4-21,10:42:42,32,32,12.91,4,214,
4-21,10:42:42,37,37,12.94,4,214,
4-21,10:42:43,33,33,12.91,4,214,
4-21,10:42:43,32,32,12.87,4,214,
4-21,10:42:44,32,32,12.89,4,214,
4-21,10:42:44,35,35,12.95,4,214,
4-21,10:42:45,28,28,12.89,4,214,
4-21,10:42:45,38,38,13,4,214,
4-21,10:42:46,29,29,12.85,4,214,
4-21,10:42:46,32,32,12.89,4,214,
4-21,10:42:47,32,32,12.88,4,214,
4-21,10:42:47,32,32,12.87,4,214,
4-21,10:42:48,39,39,12.84,4,214,
4-21,10:42:48,43,43,12.88,4,214,
4-21,10:42:49,42,42,12.77,4,214,
4-21,10:42:49,46,46,12.79,4,214,
4-21,10:42:50,50,50,12.87,4,214,
4-21,10:42:50,51,51,12.83,4,214,
4-21,10:42:51,54,54,12.83,4,214,
4-21,10:42:51,59,59,13.02,4,214,
4-21,10:42:52,58,58,12.9,4,214,
4-21,10:42:52,56,56,12.92,4,214,
4-21,10:42:53,57,57,12.84,4,214,
4-21,10:42:53,56,56,12.82,4,214,
4-21,10:42:54,62,62,13.02,4,214,
4-21,10:42:54,57,57,13.1,4,214,
4-21,10:42:55,55,55,13,4,214,
4-21,10:42:55,55,55,13.01,4,214,
4-21,10:42:56,58,58,13.1,4,214,
4-21,10:42:56,58,58,13.1,4,214,
4-21,10:42:57,61,61,13.12,4,214,
4-21,10:42:57,62,62,13.12,4,214,
4-21,10:42:58,66,66,13.01,4,214,
4-21,10:42:58,65,65,13,4,214,
4-21,10:42:59,67,67,13.01,4,214,
4-21,10:42:59,68,68,13.03,4,214,
4-21,10:43:0,68,68,13.06,4,214,
4-21,10:43:0,68,68,12.99,4,214,
4-21,10:43:1,67,67,13.02,4,214,
4-21,10:43:1,67,67,12.93,4,214,
4-21,10:43:2,67,67,12.92,4,214,
4-21,10:43:2,68,68,12.99,4,214,
4-21,10:43:3,67,67,12.89,4,214,
4-21,10:43:3,68,68,13,4,214,
4-21,10:43:4,69,69,12.98,4,214,
4-21,10:43:4,70,70,13.03,4,214,
4-21,10:43:5,70,70,12.95,4,214,
4-21,10:43:5,71,71,13.03,4,214,
4-21,10:43:6,70,70,13,4,214,
4-21,10:43:6,71,71,13,4,214,
4-21,10:43:7,72,72,13.01,4,214,
4-21,10:43:7,72,72,13,4,214,
4-21,10:43:8,73,73,13,4,214,
4-21,10:43:8,73,73,12.99,4,214,
4-21,10:43:9,74,74,13.02,4,214,
4-21,10:43:9,75,75,13.01,4,214,
4-21,10:43:10,76,76,13.07,4,214,
4-21,10:43:10,76,76,13.12,4,214,
4-21,10:43:11,77,77,13.01,4,214,
4-21,10:43:11,77,77,13.05,4,214,
4-21,10:43:12,79,79,13.07,4,214,
4-21,10:43:12,80,80,13.09,4,214,
4-21,10:43:13,79,79,13.08,4,214,
4-21,10:43:13,78,78,13.06,4,214,
4-21,10:43:14,78,78,13.08,4,214,
4-21,10:43:14,79,79,13.08,4,214,
4-21,10:43:15,79,79,13.04,4,214,
4-21,10:43:15,79,79,13.08,4,214,
4-21,10:43:16,79,79,13.07,4,214,
4-21,10:43:16,80,80,13.11,4,214,
4-21,10:43:17,81,81,13.11,4,214,
4-21,10:43:17,81,81,13.13,4,214,
4-21,10:43:18,82,82,13.05,4,214,
4-21,10:43:18,82,82,13.15,4,214,
4-21,10:43:19,81,81,13.06,4,214,
4-21,10:43:19,82,82,13.18,4,214,
4-21,10:43:20,82,82,13.07,4,214,
4-21,10:43:20,82,82,13.1,4,214,
4-21,10:43:21,82,82,13.11,4,214,
4-21,10:43:21,81,81,13.04,4,214,
4-21,10:43:22,82,82,13.16,4,214,
4-21,10:43:22,82,82,13.08,4,214,
4-21,10:43:23,83,83,13.15,4,214,
4-21,10:43:23,82,82,13.07,4,214,
4-21,10:43:24,83,83,13.15,4,214,
4-21,10:43:24,83,83,13.13,4,214,
4-21,10:43:25,83,83,13.11,4,214,
4-21,10:43:25,81,81,13.06,4,214,
4-21,10:43:26,82,82,13.08,4,214,
4-21,10:43:26,82,82,13.1,4,214,
4-21,10:43:27,82,82,13.08,4,214,
4-21,10:43:27,81,81,13.12,4,214,
4-21,10:43:28,82,82,13.16,4,214,
4-21,10:43:28,82,82,13.22,4,214,
4-21,10:43:29,82,82,13.2,4,214,
4-21,10:43:29,82,82,13.12,4,214,
4-21,10:43:30,82,82,13.12,4,214,
4-21,10:43:30,83,83,13.16,4,214,
4-21,10:43:31,82,82,13.1,4,214,
4-21,10:43:31,82,82,13.14,4,214,
4-21,10:43:32,82,82,13.16,4,214,
4-21,10:43:32,82,82,13.17,4,214,
4-21,10:43:33,83,83,13.17,4,214,
4-21,10:43:33,83,83,13.18,4,214,
4-21,10:43:34,83,83,13.17,4,214,
4-21,10:43:34,83,83,13.18,4,214,
4-21,10:43:35,83,83,13.17,4,214,
4-21,10:43:35,83,83,13.11,4,214,
4-21,10:43:36,83,83,13.15,4,214,
4-21,10:43:36,83,83,13.19,4,214,
4-21,10:43:37,83,83,13.18,4,214,
4-21,10:43:37,83,83,13.12,4,214,
4-21,10:43:38,83,83,13.15,4,214,
4-21,10:43:38,83,83,13.11,4,214,
4-21,10:43:39,83,83,13.12,4,214,
4-21,10:43:39,83,83,13.2,4,214,
4-21,10:43:40,83,83,13.17,4,214,
4-21,10:43:40,83,83,13.17,4,214,
4-21,10:43:41,83,83,13.19,4,214,
4-21,10:43:41,84,84,13.14,4,214,
4-21,10:43:42,83,83,13.15,4,214,
4-21,10:43:42,83,83,13.17,4,214,
4-21,10:43:43,84,84,13.16,4,214,
4-21,10:43:43,84,84,13.15,4,214,
4-21,10:43:44,84,84,13.19,4,214,
4-21,10:43:44,84,84,13.19,4,214,
4-21,10:43:45,84,84,13.14,4,214,
4-21,10:43:45,84,84,13.18,4,214,
4-21,10:43:46,84,84,13.2,4,214,
4-21,10:43:46,84,84,13.22,4,214,
4-21,10:43:47,85,85,13.22,4,214,
4-21,10:43:47,85,85,13.19,4,214,
4-21,10:43:48,85,85,13.2,4,214,
4-21,10:43:48,85,85,13.11,4,214,
4-21,10:43:49,85,85,13.13,4,214,
4-21,10:43:49,85,85,13.16,4,214,
4-21,10:43:50,86,86,13.14,4,214,
4-21,10:43:50,85,85,13.19,4,214,
4-21,10:43:51,86,86,13.2,4,214,
4-21,10:43:51,85,85,13.21,4,214,
4-21,10:43:52,86,86,13.19,4,214,
4-21,10:43:52,85,85,13.13,4,214,
4-21,10:43:53,86,86,13.18,4,214,
4-21,10:43:53,86,86,13.17,4,214,
4-21,10:43:54,87,87,13.18,4,214,
4-21,10:43:54,86,86,13.2,4,214,
4-21,10:43:55,87,87,13.21,4,214,
4-21,10:43:55,87,87,13.16,4,214,
4-21,10:43:56,86,86,13.2,4,214,
4-21,10:43:56,87,87,13.21,4,214,
4-21,10:43:57,87,87,13.21,4,214,
4-21,10:43:57,88,88,13.24,4,214,
4-21,10:43:58,87,87,13.18,4,214,
4-21,10:43:58,87,87,13.18,4,214,
4-21,10:43:59,87,87,13.19,4,214,
4-21,10:43:59,87,87,13.2,4,214,
4-21,10:44:0,88,88,13.17,4,214,
4-21,10:44:0,87,87,13.23,4,214,
4-21,10:44:1,88,88,13.18,4,214,
4-21,10:44:1,87,87,13.2,4,214,
4-21,10:44:2,87,87,13.15,4,214,
4-21,10:44:2,87,87,13.2,4,214,
4-21,10:44:3,88,88,13.2,4,214,
4-21,10:44:3,87,87,13.21,4,214,
4-21,10:44:4,88,88,13.16,4,214,
4-21,10:44:4,87,87,13.16,4,214,
4-21,10:44:5,88,88,13.13,4,214,
4-21,10:44:5,87,87,13.18,4,214,
4-21,10:44:6,88,88,13.14,4,214,
4-21,10:44:6,88,88,13.17,4,214,
4-21,10:44:7,88,88,13.15,4,214,
4-21,10:44:7,88,88,13.16,4,214,
4-21,10:44:8,87,87,13.2,4,214,
4-21,10:44:8,88,88,13.17,4,214,
4-21,10:44:9,88,88,13.13,4,214,
4-21,10:44:9,87,87,13.14,4,214,
4-21,10:44:10,88,88,13.14,4,214,
4-21,10:44:10,88,88,13.14,4,214,
4-21,10:44:11,89,89,13.14,4,214,
4-21,10:44:11,89,89,13.17,4,214,
4-21,10:44:12,88,88,13.18,4,214,
4-21,10:44:12,88,88,13.16,4,214,
4-21,10:44:13,89,89,13.19,4,214,
4-21,10:44:13,89,89,13.16,4,214,
4-21,10:44:14,89,89,13.19,4,214,
4-21,10:44:14,89,89,13.2,4,214,
4-21,10:44:15,89,89,13.19,4,214,
4-21,10:44:15,89,89,13.19,4,214,
4-21,10:44:16,88,88,13.17,4,214,
4-21,10:44:16,88,88,13.24,4,214,
4-21,10:44:17,89,89,13.22,4,214,
4-21,10:44:17,89,89,13.21,4,214,
4-21,10:44:18,88,88,13.18,4,214,
4-21,10:44:18,88,88,13.2,4,214,
4-21,10:44:19,88,88,13.2,4,214,
4-21,10:44:19,88,88,13.16,4,214,
4-21,10:44:20,88,88,13.14,4,214,
4-21,10:44:20,88,88,13.23,4,214,
4-21,10:44:21,88,88,13.19,4,214,
4-21,10:44:21,88,88,13.2,4,214,
4-21,10:44:22,88,88,13.19,4,214,
4-21,10:44:22,88,88,13.18,4,214,
4-21,10:44:23,88,88,13.2,4,214,
4-21,10:44:23,88,88,13.18,4,214,
4-21,10:44:24,89,89,13.18,4,214,
4-21,10:44:24,88,88,13.18,4,214,
4-21,10:44:25,89,89,13.15,4,214,
4-21,10:44:25,89,89,13.17,4,214,
4-21,10:44:26,88,88,13.16,4,214,
4-21,10:44:26,89,89,13.16,4,214,
4-21,10:44:27,88,88,13.19,4,214,
4-21,10:44:27,89,89,13.17,4,214,
4-21,10:44:28,89,89,13.13,4,214,
4-21,10:44:28,88,88,13.16,4,214,
4-21,10:44:29,88,88,13.13,4,214,
4-21,10:44:29,89,89,13.11,4,214,
4-21,10:44:30,85,85,12.52,4,214,
4-21,10:44:30,87,87,12.74,4,214,
4-21,10:44:31,89,89,13.15,4,214,
4-21,10:44:31,89,89,13.14,4,214,
4-21,10:44:32,89,89,13.16,4,214,
4-21,10:44:32,89,89,13.16,4,214,
4-21,10:44:33,89,89,13.15,4,214,
4-21,10:44:33,90,90,13.19,4,214,
4-21,10:44:34,89,89,13.17,4,214,
4-21,10:44:34,89,89,13.2,4,214,
4-21,10:44:35,89,89,13.19,4,214,
4-21,10:44:35,89,89,13.21,4,214,
4-21,10:44:36,89,89,13.17,4,214,
4-21,10:44:36,90,90,13.19,4,214,
4-21,10:44:37,89,89,13.16,4,214,
4-21,10:44:37,90,90,13.13,4,214,
4-21,10:44:38,90,90,13.14,4,214,
4-21,10:44:38,89,89,13.14,4,214,
4-21,10:44:39,89,89,13.16,4,214,
4-21,10:44:39,89,89,13.18,4,214,
4-21,10:44:40,89,89,13.14,4,214,
4-21,10:44:40,89,89,13.13,4,214,
4-21,10:44:41,89,89,13.11,4,214,
4-21,10:44:41,89,89,13.1,4,214,
4-21,10:44:42,89,89,13.1,4,214,
4-21,10:44:42,89,89,13.13,4,214,
4-21,10:44:43,90,90,13.13,4,214,
4-21,10:44:43,89,89,13.14,4,214,
4-21,10:44:44,89,89,13.14,4,214,
4-21,10:44:44,90,90,13.15,4,214,
4-21,10:44:45,89,89,13.08,4,214,
4-21,10:44:45,89,89,13.11,4,214,
4-21,10:44:46,89,89,13.12,4,214,
4-21,10:44:46,89,89,13.1,4,214,
4-21,10:44:47,89,89,13.1,4,214,
4-21,10:44:47,89,89,13.14,4,214,
4-21,10:44:48,89,89,13.12,4,214,
4-21,10:44:48,89,89,13.14,4,214,
4-21,10:44:49,89,89,13.14,4,214,
4-21,10:44:49,89,89,13.1,4,214,
4-21,10:44:50,89,89,13.13,4,214,
4-21,10:44:50,89,89,13.16,4,214,
4-21,10:44:51,89,89,13.1,4,214,
4-21,10:44:51,89,89,13.12,4,214,
4-21,10:44:52,88,88,13.13,4,214,
4-21,10:44:52,89,89,13.1,4,214,
4-21,10:44:53,89,89,13.1,4,214,
4-21,10:44:53,89,89,13.07,4,214,
4-21,10:44:54,88,88,13.1,4,214,
4-21,10:44:54,88,88,13.06,4,214,
4-21,10:44:55,88,88,13.08,4,214,
4-21,10:44:55,88,88,13.07,4,214,
4-21,10:44:56,89,89,13.07,4,214,
4-21,10:44:56,88,88,13.09,4,214,
4-21,10:44:57,88,88,13.07,4,214,
4-21,10:44:57,88,88,13.08,4,214,
4-21,10:44:58,88,88,13.01,4,214,
4-21,10:44:58,88,88,13.04,4,214,
4-21,10:44:59,88,88,13.12,4,214,
4-21,10:44:59,88,88,13.05,4,214,
4-21,10:45:0,88,88,13.1,4,214,
4-21,10:45:0,87,87,13.05,4,214,
4-21,10:45:1,88,88,13.02,4,214,
4-21,10:45:1,87,87,13.04,4,214,
4-21,10:45:2,88,88,13.02,4,214,
4-21,10:45:2,88,88,13.03,4,214,
4-21,10:45:3,87,87,13.05,4,214,
4-21,10:45:3,87,87,13.03,4,214,
4-21,10:45:4,87,87,13.03,4,214,
4-21,10:45:4,87,87,13.02,4,214,
4-21,10:45:5,88,88,12.97,4,214,
4-21,10:45:5,87,87,13.02,4,214,
4-21,10:45:6,87,87,13.02,4,214,
4-21,10:45:6,87,87,12.99,4,214,
4-21,10:45:7,87,87,13.02,4,214,
4-21,10:45:7,88,88,12.96,4,214,
4-21,10:45:8,87,87,13.02,4,214,
4-21,10:45:8,87,87,13.02,4,214,
4-21,10:45:9,87,87,13.02,4,214,
4-21,10:45:9,87,87,12.98,4,214,
4-21,10:45:10,87,87,12.99,4,214,
4-21,10:45:10,88,88,12.98,4,214,
4-21,10:45:11,87,87,12.99,4,214,
4-21,10:45:11,88,88,12.96,4,214,
4-21,10:45:12,87,87,12.95,4,214,
4-21,10:45:12,87,87,12.96,4,214,
4-21,10:45:13,87,87,12.98,4,214,
4-21,10:45:13,87,87,12.96,4,214,
4-21,10:45:14,88,88,12.96,4,214,
4-21,10:45:14,88,88,12.95,4,214,
4-21,10:45:15,87,87,12.99,4,214,
4-21,10:45:15,88,88,12.91,4,214,
4-21,10:45:16,88,88,12.92,4,214,
4-21,10:45:16,88,88,12.95,4,214,
4-21,10:45:17,88,88,12.94,4,214,
4-21,10:45:17,88,88,12.92,4,214,
4-21,10:45:18,87,87,12.96,4,214,
4-21,10:45:18,87,87,12.93,4,214,
4-21,10:45:19,88,88,12.96,4,214,
4-21,10:45:19,88,88,12.93,4,214,
4-21,10:45:20,88,88,12.9,4,214,
4-21,10:45:20,88,88,12.93,4,214,
4-21,10:45:21,88,88,12.95,4,214,
4-21,10:45:21,88,88,12.92,4,214,
4-21,10:45:22,88,88,12.92,4,214,
4-21,10:45:22,88,88,12.86,4,214,
4-21,10:45:23,88,88,12.87,4,214,
4-21,10:45:23,88,88,12.91,4,214,
4-21,10:45:24,88,88,12.91,4,214,
4-21,10:45:24,88,88,12.9,4,214,
4-21,10:45:25,88,88,12.9,4,214,
4-21,10:45:25,88,88,12.93,4,214,
4-21,10:45:26,88,88,12.89,4,214,
4-21,10:45:26,88,88,12.86,4,214,
4-21,10:45:27,88,88,12.9,4,214,
4-21,10:45:27,88,88,12.92,4,214,
4-21,10:45:28,88,88,12.91,4,214,
4-21,10:45:28,88,88,12.87,4,214,
4-21,10:45:29,88,88,12.87,4,214,
4-21,10:45:29,88,88,12.93,4,214,
4-21,10:45:30,88,88,12.92,4,214,
4-21,10:45:30,88,88,12.86,4,214,
4-21,10:45:31,89,89,12.9,4,214,
4-21,10:45:31,88,88,12.86,4,214,
4-21,10:45:32,88,88,12.86,4,214,
4-21,10:45:32,88,88,12.92,4,214,
4-21,10:45:33,88,88,12.85,4,214,
4-21,10:45:33,88,88,12.87,4,214,
4-21,10:45:34,88,88,12.87,4,214,
4-21,10:45:34,88,88,12.89,4,214,
4-21,10:45:35,88,88,12.89,4,214,
4-21,10:45:35,88,88,12.9,4,214,
4-21,10:45:36,89,89,12.88,4,214,
4-21,10:45:36,88,88,12.84,4,214,
4-21,10:45:37,88,88,12.85,4,214,
4-21,10:45:37,88,88,12.89,4,214,
4-21,10:45:38,88,88,12.89,4,214,
4-21,10:45:38,88,88,12.85,4,214,
4-21,10:45:39,88,88,12.87,4,214,
4-21,10:45:39,88,88,12.88,4,214,
4-21,10:45:40,88,88,12.86,4,214,
4-21,10:45:40,89,89,12.88,4,214,
4-21,10:45:41,88,88,12.86,4,214,
4-21,10:45:41,89,89,12.89,4,214,
4-21,10:45:42,88,88,12.92,4,214,
4-21,10:45:42,89,89,12.88,4,214,
4-21,10:45:43,88,88,12.95,4,214,
4-21,10:45:43,88,88,12.9,4,214,
4-21,10:45:44,88,88,12.9,4,214,
4-21,10:45:44,88,88,12.84,4,214,
4-21,10:45:45,89,89,12.88,4,214,
4-21,10:45:45,89,89,12.87,4,214,
4-21,10:45:46,88,88,12.9,4,214,
4-21,10:45:46,89,89,12.91,4,214,
4-21,10:45:47,88,88,12.89,4,214,
4-21,10:45:47,88,88,12.91,4,214,
4-21,10:45:48,89,89,12.88,4,214,
4-21,10:45:48,89,89,12.89,4,214,
4-21,10:45:49,88,88,12.9,4,214,
4-21,10:45:49,89,89,12.93,4,214,
4-21,10:45:50,88,88,12.93,4,214,
4-21,10:45:50,89,89,12.88,4,214,
4-21,10:45:51,88,88,12.87,4,214,
4-21,10:45:51,88,88,12.85,4,214,
4-21,10:45:52,88,88,12.87,4,214,
4-21,10:45:52,89,89,12.86,4,214,
4-21,10:45:53,89,89,12.88,4,214,
4-21,10:45:53,88,88,12.89,4,214,
4-21,10:45:54,89,89,12.92,4,214,
4-21,10:45:54,89,89,12.92,4,214,
4-21,10:45:55,89,89,12.86,4,214,
4-21,10:45:55,89,89,12.88,4,214,
4-21,10:45:56,89,89,12.89,4,214,
4-21,10:45:56,89,89,12.9,4,214,
4-21,10:45:57,89,89,12.89,4,214,
4-21,10:45:57,88,88,12.91,4,214,
4-21,10:45:58,89,89,12.87,4,214,
4-21,10:45:58,89,89,12.9,4,214,
4-21,10:45:59,89,89,12.84,4,214,
4-21,10:45:59,89,89,12.92,4,214,
4-21,10:46:0,89,89,12.84,4,214,
4-21,10:46:0,88,88,12.86,4,214,
4-21,10:46:1,87,87,12.86,4,214,
4-21,10:52:47,77,77,14.86,5,215,
4-21,10:52:47,77,77,14.88,5,215,
4-21,10:52:48,77,77,14.89,5,215,
4-21,10:52:48,77,77,14.89,5,215,
4-21,10:52:49,77,77,14.89,5,215,
4-21,10:52:49,77,77,14.89,5,215,
4-21,10:52:50,77,77,14.9,5,215,
4-21,10:52:50,77,77,14.91,5,215,
4-21,10:52:51,77,77,14.9,5,215,
4-21,10:52:51,77,77,14.91,5,215,
4-21,10:52:52,77,77,14.91,5,215,
4-21,10:52:52,77,77,14.9,5,215,
4-21,10:52:53,76,76,14.92,5,215,
4-21,10:52:53,76,76,14.91,5,215,
4-21,10:52:54,76,76,14.91,5,215,
4-21,10:52:54,76,76,14.91,5,215,
4-21,10:52:55,76,76,14.92,5,215,
4-21,10:52:55,76,76,14.93,5,215,
4-21,10:52:56,76,76,14.91,5,215,
4-21,10:52:56,76,76,14.91,5,215,
4-21,10:52:57,76,76,14.91,5,215,
4-21,10:52:57,76,76,14.92,5,215,
4-21,10:52:58,76,76,14.93,5,215,
4-21,10:52:58,76,76,14.91,5,215,
4-21,10:52:59,76,76,14.93,5,215,
4-21,10:52:59,76,76,14.93,5,215,
4-21,10:53:0,76,76,14.93,5,215,
4-21,10:53:0,76,76,14.91,5,215