SensorID: 5498,
Firmware Version: 1.5.5,

mm-dd,hh:mm:ss,SmO2 Live,SmO2 Averaged,THb,Lap,Session Ct,
2-11,14:0:57,62,62,13.12,4,37,
2-11,14:0:57,62,62,13.14,4,37,
2-11,14:0:58,62,62,13.14,4,37,
2-11,14:0:58,62,62,13.12,4,37,
2-11,14:0:59,63,63,13.16,4,37,
2-11,14:0:59,63,63,13.16,4,37,
2-11,14:1:0,63,63,13.15,4,37,
2-11,14:1:0,62,62,13.11,4,37,
2-11,14:1:1,61,61,13.11,4,37,
2-11,14:1:1,63,63,13.15,4,37,
2-11,14:1:2,62,62,13.12,4,37,
2-11,14:1:2,63,63,13.16,4,37,
2-11,14:1:3,62,62,13.11,4,37,
2-11,14:1:3,62,62,13.13,4,37,
2-11,14:1:4,62,62,13.13,4,37,
2-11,14:1:4,61,61,13.12,4,37,
2-11,14:1:5,60,60,13.11,4,37,
2-11,14:1:5,62,62,13.15,4,37,
2-11,14:1:6,60,60,13.12,4,37,
2-11,14:1:6,60,60,13.15,4,37,
2-11,14:1:7,59,59,13.15,4,37,
2-11,14:1:7,59,59,13.14,4,37,
2-11,14:1:8,58,58,13.13,4,37,
2-11,14:1:8,59,59,13.15,4,37,
2-11,14:1:9,59,59,13.15,4,37,
2-11,14:1:9,59,59,13.17,4,37,
2-11,14:1:10,59,59,13.17,4,37,
2-11,14:1:10,58,58,13.14,4,37,
2-11,14:1:11,58,58,13.14,4,37,
2-11,14:1:11,59,59,13.15,4,37,
2-11,14:1:12,59,59,13.17,4,37,
2-11,14:1:12,58,58,13.14,4,37,
2-11,14:1:13,59,59,13.16,4,37,
2-11,14:1:13,58,58,13.16,4,37,
2-11,14:1:14,58,58,13.13,4,37,
2-11,14:1:14,59,59,13.17,4,37,
2-11,14:1:15,58,58,13.14,4,37,
2-11,14:1:15,58,58,13.17,4,37,
2-11,14:1:16,59,59,13.18,4,37,
2-11,14:1:16,57,57,13.15,4,37,
2-11,14:1:17,58,58,13.16,4,37,
2-11,14:1:17,57,57,13.14,4,37,
2-11,14:1:18,57,57,13.16,4,37,
2-11,14:1:18,58,58,13.16,4,37,
2-11,14:1:19,58,58,13.17,4,37,
2-11,14:1:19,57,57,13.17,4,37,
2-11,14:1:20,57,57,13.15,4,37,
2-11,14:1:20,57,57,13.18,4,37,
2-11,14:1:21,56,56,13.15,4,37,
2-11,14:1:21,57,57,13.16,4,37,
2-11,14:1:22,58,58,13.18,4,37,
2-11,14:1:22,56,56,13.15,4,37,
2-11,14:1:23,57,57,13.17,4,37,
2-11,14:1:23,57,57,13.17,4,37,
2-11,14:1:24,56,56,13.16,4,37,
2-11,14:1:24,56,56,13.16,4,37,
2-11,14:1:25,56,56,13.15,4,37,
2-11,14:1:25,56,56,13.15,4,37,
2-11,14:1:26,56,56,13.15,4,37,
2-11,14:1:26,55,55,13.15,4,37,
2-11,14:1:27,55,55,13.14,4,37,
2-11,14:1:27,55,55,13.16,4,37,
2-11,14:1:28,56,56,13.18,4,37,
2-11,14:1:28,56,56,13.16,4,37,
2-11,14:1:29,55,55,13.15,4,37,
2-11,14:1:29,55,55,13.16,4,37,
2-11,14:1:30,56,56,13.18,4,37,
2-11,14:1:30,55,55,13.15,4,37,
2-11,14:1:31,55,55,13.17,4,37,
2-11,14:1:31,54,54,13.12,4,37,
2-11,14:1:32,54,54,13.15,4,37,
2-11,14:1:32,54,54,13.16,4,37,
2-11,14:1:33,55,55,13.17,4,37,
2-11,14:1:33,54,54,13.16,4,37,
2-11,14:1:34,54,54,13.15,4,37,
2-11,14:1:34,53,53,13.15,4,37,
2-11,14:1:35,55,55,13.17,4,37,
2-11,14:1:35,54,54,13.16,4,37,
2-11,14:1:36,54,54,13.18,4,37,
2-11,14:1:36,53,53,13.15,4,37,
2-11,14:1:37,54,54,13.18,4,37,
2-11,14:1:37,53,53,13.16,4,37,
2-11,14:1:38,53,53,13.16,4,37,
2-11,14:1:38,53,53,13.16,4,37,
2-11,14:1:39,54,54,13.17,4,37,
2-11,14:1:39,53,53,13.18,4,37,
2-11,14:1:40,54,54,13.18,4,37,
2-11,14:1:40,53,53,13.15,4,37,
2-11,14:1:41,53,53,13.19,4,37,
2-11,14:1:41,52,52,13.13,4,37,
2-11,14:1:42,53,53,13.17,4,37,
2-11,14:1:42,53,53,13.17,4,37,
2-11,14:1:43,53,53,13.17,4,37,
2-11,14:1:43,53,53,13.18,4,37,
2-11,14:1:44,52,52,13.14,4,37,
2-11,14:1:44,51,51,13.14,4,37,
2-11,14:1:45,53,53,13.18,4,37,
2-11,14:1:45,53,53,13.18,4,37,
2-11,14:1:46,52,52,13.17,4,37,
2-11,14:1:46,52,52,13.17,4,37,
2-11,14:1:47,52,52,13.18,4,37,
2-11,14:1:47,51,51,13.16,4,37,
2-11,14:1:48,52,52,13.17,4,37,
2-11,14:1:48,51,51,13.17,4,37,
2-11,14:1:49,53,53,13.2,4,37,
2-11,14:1:49,52,52,13.19,4,37,
2-11,14:1:50,52,52,13.18,4,37,
2-11,14:1:50,51,51,13.16,4,37,
2-11,14:1:51,50,50,13.15,4,37,
2-11,14:1:51,50,50,13.16,4,37,
2-11,14:1:52,51,51,13.18,4,37,
2-11,14:1:52,52,52,13.2,4,37,
2-11,14:1:53,51,51,13.17,4,37,
2-11,14:1:53,52,52,13.19,4,37,
2-11,14:1:54,51,51,13.17,4,37,
2-11,14:1:54,50,50,13.16,4,37,
2-11,14:1:55,50,50,13.16,4,37,
2-11,14:1:55,50,50,13.17,4,37,
2-11,14:1:56,50,50,13.17,4,37,
2-11,14:1:56,50,50,13.17,4,37,
2-11,14:1:57,50,50,13.19,4,37,
2-11,14:1:57,50,50,13.17,4,37,
2-11,14:1:58,50,50,13.18,4,37,
2-11,14:1:58,49,49,13.16,4,37,
2-11,14:1:59,49,49,13.18,4,37,
2-11,14:1:59,49,49,13.16,4,37,
2-11,14:2:0,49,49,13.16,4,37,
2-11,14:2:0,49,49,13.18,4,37,
2-11,14:2:1,48,48,13.14,4,37,
2-11,14:2:1,49,49,13.17,4,37,
2-11,14:2:2,49,49,13.18,4,37,
2-11,14:2:2,47,47,13.15,4,37,
2-11,14:2:3,49,49,13.19,4,37,
2-11,14:2:3,49,49,13.18,4,37,
2-11,14:2:4,49,49,13.18,4,37,
2-11,14:2:4,49,49,13.17,4,37,
2-11,14:2:5,49,49,13.17,4,37,
2-11,14:2:5,48,48,13.17,4,37,
2-11,14:2:6,48,48,13.17,4,37,
2-11,14:2:6,48,48,13.16,4,37,
2-11,14:2:7,48,48,13.18,4,37,
2-11,14:2:7,49,49,13.21,4,37,
2-11,14:2:8,47,47,13.16,4,37,
2-11,14:2:8,48,48,13.18,4,37,
2-11,14:2:9,47,47,13.17,4,37,
2-11,14:2:9,47,47,13.16,4,37,
2-11,14:2:10,48,48,13.18,4,37,
2-11,14:2:10,47,47,13.16,4,37,
2-11,14:2:11,47,47,13.18,4,37,
2-11,14:2:11,47,47,13.17,4,37,
2-11,14:2:12,47,47,13.18,4,37,
2-11,14:2:12,48,48,13.2,4,37,
2-11,14:2:13,47,47,13.18,4,37,
2-11,14:2:13,48,48,13.19,4,37,
2-11,14:2:14,47,47,13.17,4,37,
2-11,14:2:14,47,47,13.19,4,37,
2-11,14:2:15,46,46,13.17,4,37,
2-11,14:2:15,46,46,13.18,4,37,
2-11,14:2:16,46,46,13.17,4,37,
2-11,14:2:16,45,45,13.17,4,37,
2-11,14:2:17,45,45,13.15,4,37,
2-11,14:2:17,46,46,13.17,4,37,
2-11,14:2:18,46,46,13.19,4,37,
2-11,14:2:18,45,45,13.16,4,37,
2-11,14:2:19,46,46,13.18,4,37,
2-11,14:2:19,45,45,13.16,4,37,
2-11,14:2:20,45,45,13.17,4,37,
2-11,14:2:20,45,45,13.16,4,37,
2-11,14:2:21,46,46,13.2,4,37,
2-11,14:2:21,45,45,13.17,4,37,
2-11,14:2:22,46,46,13.19,4,37,
2-11,14:2:22,46,46,13.18,4,37,
2-11,14:2:23,45,45,13.18,4,37,
2-11,14:2:23,44,44,13.16,4,37,
2-11,14:2:24,45,45,13.19,4,37,
2-11,14:2:24,44,44,13.18,4,37,
2-11,14:2:25,45,45,13.18,4,37,
2-11,14:2:25,44,44,13.17,4,37,
2-11,14:2:26,46,46,13.21,4,37,
2-11,14:2:26,44,44,13.18,4,37,
2-11,14:2:27,44,44,13.17,4,37,
2-11,14:2:27,44,44,13.17,4,37,
2-11,14:2:28,44,44,13.17,4,37,
2-11,14:2:28,45,45,13.19,4,37,
2-11,14:2:29,45,45,13.2,4,37,
2-11,14:2:29,46,46,13.22,4,37,
2-11,14:2:30,45,45,13.2,4,37,
2-11,14:2:30,44,44,13.19,4,37,
2-11,14:2:31,45,45,13.2,4,37,
2-11,14:2:31,44,44,13.18,4,37,
2-11,14:2:32,44,44,13.18,4,37,
2-11,14:2:32,42,42,13.16,4,37,
2-11,14:2:33,43,43,13.18,4,37,
2-11,14:2:33,44,44,13.19,4,37,
2-11,14:2:34,42,42,13.16,4,37,
2-11,14:2:34,44,44,13.21,4,37,
2-11,14:2:35,43,43,13.18,4,37,
2-11,14:2:35,43,43,13.18,4,37,
2-11,14:2:36,42,42,13.17,4,37,
2-11,14:2:36,44,44,13.21,4,37,
2-11,14:2:37,42,42,13.17,4,37,
2-11,14:2:37,43,43,13.2,4,37,
2-11,14:2:38,44,44,13.21,4,37,
2-11,14:2:38,42,42,13.19,4,37,
2-11,14:2:39,42,42,13.19,4,37,
2-11,14:2:39,41,41,13.16,4,37,
2-11,14:2:40,43,43,13.19,4,37,
2-11,14:2:40,42,42,13.18,4,37,
2-11,14:2:41,42,42,13.18,4,37,
2-11,14:2:41,42,42,13.18,4,37,
2-11,14:2:42,41,41,13.16,4,37,
2-11,14:2:42,41,41,13.17,4,37,
2-11,14:2:43,40,40,13.16,4,37,
2-11,14:2:43,41,41,13.17,4,37,
2-11,14:2:44,40,40,13.17,4,37,
2-11,14:2:44,40,40,13.16,4,37,
2-11,14:2:45,41,41,13.17,4,37,
2-11,14:2:45,42,42,13.2,4,37,
2-11,14:2:46,41,41,13.18,4,37,
2-11,14:2:46,41,41,13.18,4,37,
2-11,14:2:47,41,41,13.19,4,37,
2-11,14:2:47,41,41,13.18,4,37,
2-11,14:2:48,40,40,13.16,4,37,
2-11,14:2:48,40,40,13.18,4,37,
2-11,14:2:49,39,39,13.17,4,37,
2-11,14:2:49,40,40,13.18,4,37,
2-11,14:2:50,38,38,13.16,4,37,
2-11,14:2:50,39,39,13.17,4,37,
2-11,14:2:51,40,40,13.18,4,37,
2-11,14:2:51,40,40,13.19,4,37,
2-11,14:2:52,40,40,13.17,4,37,
2-11,14:2:52,41,41,13.2,4,37,
2-11,14:2:53,40,40,13.19,4,37,
2-11,14:2:53,40,40,13.19,4,37,
2-11,14:2:54,40,40,13.2,4,37,
2-11,14:2:54,38,38,13.17,4,37,
2-11,14:2:55,39,39,13.18,4,37,
2-11,14:2:55,40,40,13.18,4,37,
2-11,14:2:56,40,40,13.19,4,37,
2-11,14:2:56,38,38,13.17,4,37,
2-11,14:2:57,39,39,13.19,4,37,
2-11,14:2:57,38,38,13.17,4,37,
2-11,14:2:58,37,37,13.17,4,37,
2-11,14:2:58,39,39,13.19,4,37,
2-11,14:2:59,38,38,13.17,4,37,
2-11,14:2:59,38,38,13.18,4,37,
2-11,14:3:0,38,38,13.18,4,37,
2-11,14:3:0,38,38,13.18,4,37,
2-11,14:3:1,38,38,13.18,4,37,
2-11,14:3:1,38,38,13.18,4,37,
2-11,14:3:2,38,38,13.18,4,37,
2-11,14:3:2,38,38,13.18,4,37,
2-11,14:3:3,38,38,13.19,4,37,
2-11,14:3:3,38,38,13.19,4,37,
2-11,14:3:4,37,37,13.17,4,37,
2-11,14:3:4,38,38,13.2,4,37,
2-11,14:3:5,36,36,13.17,4,37,
2-11,14:3:5,37,37,13.18,4,37,
2-11,14:3:6,38,38,13.18,4,37,
2-11,14:3:6,36,36,13.16,4,37,
2-11,14:3:7,36,36,13.17,4,37,
2-11,14:3:7,37,37,13.18,4,37,
2-11,14:3:8,36,36,13.17,4,37,
2-11,14:3:8,36,36,13.18,4,37,
2-11,14:3:9,37,37,13.19,4,37,
2-11,14:3:9,36,36,13.18,4,37,
2-11,14:3:10,38,38,13.2,4,37,
2-11,14:3:10,38,38,13.2,4,37,
2-11,14:3:11,38,38,13.21,4,37,
2-11,14:3:11,37,37,13.19,4,37,
2-11,14:3:12,36,36,13.18,4,37,
2-11,14:3:12,36,36,13.18,4,37,
2-11,14:3:13,35,35,13.17,4,37,
2-11,14:3:13,37,37,13.2,4,37,
2-11,14:3:14,35,35,13.18,4,37,
2-11,14:3:14,37,37,13.2,4,37,
2-11,14:3:15,35,35,13.18,4,37,
2-11,14:3:15,37,37,13.19,4,37,
2-11,14:3:16,34,34,13.17,4,37,
2-11,14:3:16,35,35,13.19,4,37,
2-11,14:3:17,36,36,13.2,4,37,
2-11,14:3:17,37,37,13.21,4,37,
2-11,14:3:18,36,36,13.2,4,37,
2-11,14:3:18,37,37,13.2,4,37,
2-11,14:3:19,37,37,13.22,4,37,
2-11,14:3:19,35,35,13.19,4,37,
2-11,14:3:20,33,33,13.17,4,37,
2-11,14:3:20,34,34,13.18,4,37,
2-11,14:3:21,34,34,13.18,4,37,
2-11,14:3:21,35,35,13.2,4,37,
2-11,14:3:22,36,36,13.21,4,37,
2-11,14:3:22,36,36,13.2,4,37,
2-11,14:3:23,34,34,13.18,4,37,
2-11,14:3:23,36,36,13.2,4,37,
2-11,14:3:24,35,35,13.2,4,37,
2-11,14:3:24,34,34,13.18,4,37,
2-11,14:3:25,36,36,13.22,4,37,
2-11,14:3:25,34,34,13.19,4,37,
2-11,14:3:26,35,35,13.21,4,37,
2-11,14:3:26,35,35,13.21,4,37,
2-11,14:3:27,33,33,13.17,4,37,
2-11,14:3:27,31,31,13.15,4,37,
2-11,14:3:28,32,32,13.17,4,37,
2-11,14:3:28,35,35,13.2,4,37,
2-11,14:3:29,32,32,13.17,4,37,
2-11,14:3:29,34,34,13.2,4,37,
2-11,14:3:30,32,32,13.17,4,37,
2-11,14:3:30,31,31,13.16,4,37,
2-11,14:3:31,33,33,13.19,4,37,
2-11,14:3:31,34,34,13.19,4,37,
2-11,14:3:32,33,33,13.18,4,37,
2-11,14:3:32,34,34,13.2,4,37,
2-11,14:3:33,32,32,13.18,4,37,
2-11,14:3:33,34,34,13.2,4,37,
2-11,14:3:34,33,33,13.19,4,37,
2-11,14:3:34,31,31,13.17,4,37,
2-11,14:3:35,31,31,13.18,4,37,
2-11,14:3:35,31,31,13.17,4,37,
2-11,14:3:36,34,34,13.21,4,37,
2-11,14:3:36,31,31,13.17,4,37,
2-11,14:3:37,32,32,13.19,4,37,
2-11,14:3:37,30,30,13.15,4,37,
2-11,14:3:38,32,32,13.19,4,37,
2-11,14:3:38,32,32,13.19,4,37,
2-11,14:3:39,31,31,13.18,4,37,
2-11,14:3:39,30,30,13.17,4,37,
2-11,14:3:40,29,29,13.15,4,37,
2-11,14:3:40,31,31,13.19,4,37,
2-11,14:3:41,31,31,13.18,4,37,
2-11,14:3:41,30,30,13.17,4,37,
2-11,14:3:42,32,32,13.2,4,37,
2-11,14:3:42,32,32,13.2,4,37,
2-11,14:3:43,31,31,13.19,4,37,
2-11,14:3:43,32,32,13.2,4,37,
2-11,14:3:44,30,30,13.18,4,37,
2-11,14:3:44,31,31,13.19,4,37,
2-11,14:3:45,31,31,13.19,4,37,
2-11,14:3:45,29,29,13.17,4,37,
2-11,14:3:46,32,32,13.2,4,37,
2-11,14:3:46,32,32,13.21,4,37,
2-11,14:3:47,29,29,13.18,4,37,
2-11,14:3:47,33,33,13.22,4,37,
2-11,14:3:48,30,30,13.19,4,37,
2-11,14:3:48,31,31,13.2,4,37,
2-11,14:3:49,31,31,13.2,4,37,
2-11,14:3:49,31,31,13.2,4,37,
2-11,14:3:50,30,30,13.2,4,37,
2-11,14:3:50,32,32,13.22,4,37,
2-11,14:3:51,29,29,13.18,4,37,
2-11,14:3:51,31,31,13.2,4,37,
2-11,14:3:52,30,30,13.2,4,37,
2-11,14:3:52,29,29,13.2,4,37,
2-11,14:3:53,30,30,13.21,4,37,
2-11,14:3:53,31,31,13.2,4,37,
2-11,14:3:54,30,30,13.2,4,37,
2-11,14:3:54,29,29,13.19,4,37,
2-11,14:3:55,29,29,13.19,4,37,
2-11,14:3:55,32,32,13.23,4,37,
2-11,14:3:56,28,28,13.19,4,37,
2-11,14:3:56,28,28,13.18,4,37,
2-11,14:3:57,27,27,13.17,4,37,
2-11,14:3:57,29,29,13.2,4,37,
2-11,14:3:58,27,27,13.18,4,37,
2-11,14:3:58,29,29,13.21,4,37,
2-11,14:3:59,28,28,13.19,4,37,
2-11,14:3:59,30,30,13.21,4,37,
2-11,14:4:0,29,29,13.19,4,37,
2-11,14:4:0,28,28,13.2,4,37,
2-11,14:4:1,30,30,13.22,4,37,
2-11,14:4:1,30,30,13.21,4,37,
2-11,14:4:2,29,29,13.22,4,37,
2-11,14:4:2,28,28,13.2,4,37,
2-11,14:4:3,27,27,13.18,4,37,
2-11,14:4:3,30,30,13.22,4,37,
2-11,14:4:4,28,28,13.19,4,37,
2-11,14:4:4,25,25,13.17,4,37,
2-11,14:4:5,28,28,13.2,4,37,
2-11,14:4:5,30,30,13.23,4,37,
2-11,14:4:6,27,27,13.2,4,37,
2-11,14:4:6,28,28,13.2,4,37,
2-11,14:4:7,28,28,13.21,4,37,
2-11,14:4:7,26,26,13.18,4,37,
2-11,14:4:8,28,28,13.21,4,37,
2-11,14:4:8,29,29,13.22,4,37,
2-11,14:4:9,27,27,13.2,4,37,
2-11,14:4:9,27,27,13.2,4,37,
2-11,14:4:10,25,25,13.18,4,37,
2-11,14:4:10,28,28,13.21,4,37,
2-11,14:4:11,28,28,13.22,4,37,
2-11,14:4:11,26,26,13.19,4,37,
2-11,14:4:12,27,27,13.21,4,37,
2-11,14:4:12,27,27,13.21,4,37,
2-11,14:4:13,26,26,13.2,4,37,
2-11,14:4:13,27,27,13.21,4,37,
2-11,14:4:14,30,30,13.24,4,37,
2-11,14:4:14,27,27,13.21,4,37,
2-11,14:4:15,29,29,13.24,4,37,
2-11,14:4:15,26,26,13.2,4,37,
2-11,14:4:16,26,26,13.2,4,37,
2-11,14:4:16,26,26,13.21,4,37,
2-11,14:4:17,24,24,13.18,4,37,
2-11,14:4:17,24,24,13.19,4,37,
2-11,14:4:18,26,26,13.21,4,37,
2-11,14:4:18,25,25,13.2,4,37,
2-11,14:4:19,22,22,13.17,4,37,
2-11,14:4:19,27,27,13.22,4,37,
2-11,14:4:20,24,24,13.18,4,37,
2-11,14:4:20,22,22,13.17,4,37,
2-11,14:4:21,25,25,13.21,4,37,
2-11,14:4:21,26,26,13.21,4,37,
2-11,14:4:22,25,25,13.21,4,37,
2-11,14:4:22,25,25,13.2,4,37,
2-11,14:4:23,26,26,13.21,4,37,
2-11,14:4:23,24,24,13.19,4,37,
2-11,14:4:24,24,24,13.2,4,37,
2-11,14:4:24,25,25,13.2,4,37,
2-11,14:4:25,24,24,13.2,4,37,
2-11,14:4:25,24,24,13.2,4,37,
2-11,14:4:26,27,27,13.23,4,37,
2-11,14:4:26,24,24,13.21,4,37,
2-11,14:4:27,27,27,13.24,4,37,
2-11,14:4:27,22,22,13.18,4,37,
2-11,14:4:28,23,23,13.21,4,37,
2-11,14:4:28,23,23,13.2,4,37,
2-11,14:4:29,23,23,13.2,4,37,
2-11,14:4:29,23,23,13.21,4,37,
2-11,14:4:30,23,23,13.2,4,37,
2-11,14:4:30,24,24,13.2,4,37,
2-11,14:4:31,25,25,13.22,4,37,
2-11,14:4:31,22,22,13.2,4,37,
2-11,14:4:32,26,26,13.23,4,37,
2-11,14:4:32,23,23,13.21,4,37,
2-11,14:4:33,22,22,13.2,4,37,
2-11,14:4:33,25,25,13.23,4,37,
2-11,14:4:34,21,21,13.19,4,37,
2-11,14:4:34,22,22,13.2,4,37,
2-11,14:4:35,24,24,13.22,4,37,
2-11,14:4:35,22,22,13.19,4,37,
2-11,14:4:36,22,22,13.2,4,37,
2-11,14:4:36,25,25,13.22,4,37,
2-11,14:4:37,23,23,13.21,4,37,
2-11,14:4:37,24,24,13.22,4,37,
2-11,14:4:38,21,21,13.19,4,37,
2-11,14:4:38,23,23,13.22,4,37,
2-11,14:4:39,22,22,13.2,4,37,
2-11,14:4:39,21,21,13.2,4,37,
2-11,14:4:40,22,22,13.21,4,37,
2-11,14:4:40,24,24,13.22,4,37,
2-11,14:4:41,24,24,13.23,4,37,
2-11,14:4:41,22,22,13.21,4,37,
2-11,14:4:42,21,21,13.2,4,37,
2-11,14:4:42,22,22,13.22,4,37,
2-11,14:4:43,22,22,13.21,4,37,
2-11,14:4:43,22,22,13.2,4,37,
2-11,14:4:44,21,21,13.2,4,37,
2-11,14:4:44,22,22,13.21,4,37,
2-11,14:4:45,25,25,13.24,4,37,
2-11,14:4:45,22,22,13.21,4,37,
2-11,14:4:46,21,21,13.21,4,37,
2-11,14:4:46,21,21,13.21,4,37,
2-11,14:4:47,23,23,13.22,4,37,
2-11,14:4:47,19,19,13.19,4,37,
2-11,14:4:48,22,22,13.23,4,37,
2-11,14:4:48,19,19,13.2,4,37,
2-11,14:4:49,21,21,13.21,4,37,
2-11,14:4:49,20,20,13.21,4,37,
2-11,14:4:50,21,21,13.21,4,37,
2-11,14:4:50,19,19,13.2,4,37,
2-11,14:4:51,22,22,13.23,4,37,
2-11,14:4:51,27,27,13.26,4,37,
2-11,14:4:52,20,20,13.2,4,37,
2-11,14:4:52,20,20,13.22,4,37,
2-11,14:4:53,23,23,13.24,4,37,
2-11,14:4:53,21,21,13.23,4,37,
2-11,14:4:54,20,20,13.2,4,37,
2-11,14:4:54,20,20,13.21,4,37,
2-11,14:4:55,23,23,13.24,4,37,
2-11,14:4:55,20,20,13.22,4,37,
2-11,14:4:56,21,21,13.22,4,37,
2-11,14:4:56,22,22,13.24,4,37,
2-11,14:4:57,18,18,13.2,4,37,
2-11,14:4:57,20,20,13.22,4,37,
2-11,14:4:58,23,23,13.25,4,37,
2-11,14:4:58,21,21,13.23,4,37,
2-11,14:4:59,19,19,13.22,4,37,
2-11,14:4:59,19,19,13.2,4,37,
2-11,14:5:0,17,17,13.19,4,37,
2-11,14:5:0,20,20,13.22,4,37,
2-11,14:5:1,17,17,13.19,4,37,
2-11,14:5:1,22,22,13.24,4,37,
2-11,14:5:2,19,19,13.22,4,37,
2-11,14:5:2,20,20,13.22,4,37,
2-11,14:5:3,23,23,13.26,4,37,
2-11,14:5:3,19,19,13.21,4,37,
2-11,14:5:4,20,20,13.23,4,37,
2-11,14:5:4,20,20,13.22,4,37,
2-11,14:5:5,17,17,13.21,4,37,
2-11,14:5:5,19,19,13.21,4,37,
2-11,14:5:6,20,20,13.24,4,37,
2-11,14:5:6,18,18,13.21,4,37,
2-11,14:5:7,16,16,13.2,4,37,
2-11,14:5:7,17,17,13.2,4,37,
2-11,14:5:8,19,19,13.22,4,37,
2-11,14:5:8,18,18,13.22,4,37,
2-11,14:5:9,21,21,13.25,4,37,
2-11,14:5:9,16,16,13.2,4,37,
2-11,14:5:10,21,21,13.24,4,37,
2-11,14:5:10,19,19,13.23,4,37,
2-11,14:5:11,19,19,13.22,4,37,
2-11,14:5:11,17,17,13.21,4,37,
2-11,14:5:12,18,18,13.23,4,37,
2-11,14:5:12,18,18,13.22,4,37,
2-11,14:5:13,16,16,13.21,4,37,
2-11,14:5:13,16,16,13.21,4,37,
2-11,14:5:14,19,19,13.24,4,37,
2-11,14:5:14,16,16,13.2,4,37,
2-11,14:5:15,19,19,13.24,4,37,
2-11,14:5:15,16,16,13.21,4,37,
2-11,14:5:16,18,18,13.23,4,37,
2-11,14:5:16,15,15,13.21,4,37,
2-11,14:5:17,13,13,13.19,4,37,
2-11,14:5:17,17,17,13.22,4,37,
2-11,14:5:18,18,18,13.22,4,37,
2-11,14:5:18,17,17,13.22,4,37,
2-11,14:5:19,18,18,13.23,4,37,
2-11,14:5:19,22,22,13.27,4,37,
2-11,14:5:20,16,16,13.22,4,37,
2-11,14:5:20,19,19,13.24,4,37,
2-11,14:5:21,14,14,13.21,4,37,
2-11,14:5:21,16,16,13.22,4,37,
2-11,14:5:22,16,16,13.23,4,37,
2-11,14:5:22,17,17,13.23,4,37,
2-11,14:5:23,17,17,13.23,4,37,
2-11,14:5:23,16,16,13.23,4,37,
2-11,14:5:24,15,15,13.22,4,37,
2-11,14:5:24,13,13,13.21,4,37,
2-11,14:5:25,16,16,13.22,4,37,
2-11,14:5:25,15,15,13.21,4,37,
2-11,14:5:26,15,15,13.22,4,37,
2-11,14:5:26,18,18,13.25,4,37,
2-11,14:5:27,15,15,13.24,4,37,
2-11,14:5:27,13,13,13.21,4,37,
2-11,14:5:28,16,16,13.25,4,37,
2-11,14:5:28,15,15,13.24,4,37,
2-11,14:5:29,16,16,13.25,4,37,
2-11,14:5:29,14,14,13.21,4,37,
2-11,14:5:30,14,14,13.22,4,37,
2-11,14:5:30,13,13,13.22,4,37,
2-11,14:5:31,15,15,13.23,4,37,
2-11,14:5:31,14,14,13.23,4,37,
2-11,14:5:32,13,13,13.22,4,37,
2-11,14:5:32,12,12,13.21,4,37,
2-11,14:5:33,15,15,13.24,4,37,
2-11,14:5:33,12,12,13.21,4,37,
2-11,14:5:34,13,13,13.21,4,37,
2-11,14:5:34,13,13,13.22,4,37,
2-11,14:5:35,14,14,13.24,4,37,
2-11,14:5:35,13,13,13.22,4,37,
2-11,14:5:36,13,13,13.24,4,37,
2-11,14:5:36,13,13,13.23,4,37,
2-11,14:5:37,14,14,13.23,4,37,
2-11,14:5:37,11,11,13.22,4,37,
2-11,14:5:38,16,16,13.25,4,37,
2-11,14:5:38,12,12,13.22,4,37,
2-11,14:5:39,14,14,13.23,4,37,
2-11,14:5:39,11,11,13.22,4,37,
2-11,14:5:40,12,12,13.22,4,37,
2-11,14:5:40,14,14,13.24,4,37,
2-11,14:5:41,11,11,13.22,4,37,
2-11,14:5:41,14,14,13.25,4,37,
2-11,14:5:42,13,13,13.24,4,37,
2-11,14:5:42,12,12,13.23,4,37,
2-11,14:5:43,10,10,13.21,4,37,
2-11,14:5:43,14,14,13.25,4,37,
2-11,14:5:44,10,10,13.21,4,37,
2-11,14:5:44,13,13,13.24,4,37,
2-11,14:5:45,14,14,13.25,4,37,
2-11,14:5:45,11,11,13.22,4,37,
2-11,14:5:46,11,11,13.23,4,37,
2-11,14:5:46,13,13,13.25,4,37,
2-11,14:5:47,12,12,13.23,4,37,
2-11,14:5:47,12,12,13.22,4,37,
2-11,14:5:48,11,11,13.23,4,37,
2-11,14:5:48,12,12,13.23,4,37,
2-11,14:5:49,11,11,13.24,4,37,
2-11,14:5:49,12,12,13.24,4,37,
2-11,14:5:50,9,9,13.21,4,37,
2-11,14:5:50,9,9,13.22,4,37,
2-11,14:5:51,12,12,13.23,4,37,
2-11,14:5:51,12,12,13.24,4,37,
2-11,14:5:52,12,12,13.24,4,37,
2-11,14:5:52,9,9,13.21,4,37,
2-11,14:5:53,9,9,13.22,4,37,
2-11,14:5:53,10,10,13.22,4,37,
2-11,14:5:54,10,10,13.23,4,37,
2-11,14:5:54,12,12,13.24,4,37,
2-11,14:5:55,12,12,13.24,4,37,
2-11,14:5:55,10,10,13.22,4,37,
2-11,14:5:56,11,11,13.24,4,37,
2-11,14:5:56,10,10,13.22,4,37,
2-11,14:5:57,10,10,13.23,4,37,
2-11,14:5:57,10,10,13.23,4,37,
2-11,14:5:58,8,8,13.21,4,37,
2-11,14:5:58,8,8,13.2,4,37,
2-11,14:5:59,11,11,13.25,4,37,
2-11,14:5:59,11,11,13.24,4,37,
2-11,14:6:0,9,9,13.22,4,37,
2-11,14:6:0,11,11,13.24,4,37,
2-11,14:6:1,9,9,13.22,4,37,
2-11,14:6:1,10,10,13.24,4,37,
2-11,14:6:2,10,10,13.23,4,37,
2-11,14:6:2,10,10,13.24,4,37,
2-11,14:6:3,7,7,13.19,4,37,
2-11,14:6:3,5,5,13.17,4,37,
2-11,14:6:4,9,9,13.23,4,37,
2-11,14:6:4,12,12,13.23,4,37,
2-11,14:6:5,13,13,13.22,4,37,
2-11,14:6:5,16,16,13.21,4,37,
2-11,14:6:6,22,22,13.23,4,37,
2-11,14:6:6,23,23,13.21,4,37,
2-11,14:6:7,27,27,13.2,4,37,
2-11,14:6:7,31,31,13.21,4,37,
2-11,14:6:8,36,36,13.23,4,37,
2-11,14:6:8,38,38,13.22,4,37,
2-11,14:6:9,39,39,13.18,4,37,
2-11,14:6:9,45,45,13.24,4,37,
2-11,14:6:10,49,49,13.25,4,37,
2-11,14:6:10,51,51,13.25,4,37,
2-11,14:6:11,54,54,13.24,4,37,
2-11,14:6:11,57,57,13.27,4,37,
2-11,14:6:12,59,59,13.25,4,37,
2-11,14:6:12,61,61,13.25,4,37,
2-11,14:6:13,63,63,13.23,4,37,
2-11,14:6:13,64,64,13.17,4,37,
2-11,14:6:14,67,67,13.21,4,37,
2-11,14:6:14,68,68,13.22,4,37,
2-11,14:6:15,68,68,13.2,4,37,
2-11,14:6:15,69,69,13.21,4,37,
2-11,14:6:16,71,71,13.24,4,37,
2-11,14:6:16,70,70,13.19,4,37,
2-11,14:6:17,71,71,13.2,4,37,
2-11,14:6:17,72,72,13.21,4,37,
2-11,14:6:18,72,72,13.19,4,37,
2-11,14:6:18,72,72,13.19,4,37,
2-11,14:6:19,72,72,13.2,4,37,
2-11,14:6:19,73,73,13.2,4,37,
2-11,14:6:20,73,73,13.21,4,37,
2-11,14:6:20,74,74,13.26,4,37,
2-11,14:6:21,73,73,13.22,4,37,
2-11,14:6:21,73,73,13.2,4,37,
2-11,14:6:22,73,73,13.16,4,37,
2-11,14:6:22,74,74,13.19,4,37,
2-11,14:6:23,74,74,13.2,4,37,
2-11,14:6:23,75,75,13.23,4,37,
2-11,14:6:24,75,75,13.19,4,37,
2-11,14:6:24,75,75,13.18,4,37,
2-11,14:6:25,75,75,13.21,4,37,
2-11,14:6:25,76,76,13.22,4,37,
2-11,14:6:26,75,75,13.16,4,37,
2-11,14:6:26,76,76,13.19,4,37,
2-11,14:6:27,76,76,13.19,4,37,
2-11,14:6:27,76,76,13.18,4,37,
2-11,14:6:28,77,77,13.16,4,37,
2-11,14:6:28,77,77,13.18,4,37,
2-11,14:6:29,77,77,13.15,4,37,
2-11,14:6:29,77,77,13.16,4,37,
2-11,14:6:30,77,77,13.15,4,37,
2-11,14:6:30,77,77,13.19,4,37,
2-11,14:6:31,78,78,13.21,4,37,
2-11,14:6:31,77,77,13.19,4,37,
2-11,14:6:32,78,78,13.18,4,37,
2-11,14:6:32,77,77,13.17,4,37,
2-11,14:6:33,78,78,13.2,4,37,
2-11,14:6:33,78,78,13.19,4,37,
2-11,14:6:34,78,78,13.21,4,37,
2-11,14:6:34,78,78,13.19,4,37,
2-11,14:6:35,79,79,13.22,4,37,
2-11,14:6:35,78,78,13.18,4,37,
2-11,14:6:36,79,79,13.21,4,37,
2-11,14:6:36,79,79,13.23,4,37,
2-11,14:6:37,79,79,13.22,4,37,
2-11,14:6:37,79,79,13.23,4,37,
2-11,14:6:38,79,79,13.18,4,37,
2-11,14:6:38,79,79,13.2,4,37,
2-11,14:6:39,79,79,13.21,4,37,
2-11,14:6:39,79,79,13.21,4,37,
2-11,14:6:40,80,80,13.21,4,37,
2-11,14:6:40,80,80,13.19,4,37,
2-11,14:6:41,80,80,13.21,4,37,
2-11,14:6:41,80,80,13.22,4,37,
2-11,14:6:42,80,80,13.22,4,37,
2-11,14:6:42,80,80,13.22,4,37,
2-11,14:6:43,80,80,13.22,4,37,
2-11,14:6:43,80,80,13.22,4,37,
2-11,14:6:44,80,80,13.25,4,37,
2-11,14:6:44,80,80,13.18,4,37,
2-11,14:6:45,80,80,13.23,4,37,
2-11,14:6:45,80,80,13.25,4,37,
2-11,14:6:46,80,80,13.22,4,37,
2-11,14:6:46,80,80,13.21,4,37,
2-11,14:6:47,80,80,13.24,4,37,
2-11,14:6:47,81,81,13.24,4,37,
2-11,14:6:48,81,81,13.23,4,37,
2-11,14:6:48,80,80,13.2,4,37,
2-11,14:6:49,81,81,13.25,4,37,
2-11,14:6:49,81,81,13.22,4,37,
2-11,14:6:50,81,81,13.21,4,37,
2-11,14:6:50,81,81,13.24,4,37,
2-11,14:6:51,81,81,13.23,4,37,
2-11,14:6:51,81,81,13.2,4,37,
2-11,14:6:52,81,81,13.21,4,37,
2-11,14:6:52,80,80,13.19,4,37,
2-11,14:6:53,81,81,13.26,4,37,
2-11,14:6:53,81,81,13.23,4,37,
2-11,14:6:54,81,81,13.23,4,37,
2-11,14:6:54,81,81,13.23,4,37,
2-11,14:6:55,81,81,13.2,4,37,
2-11,14:6:55,81,81,13.21,4,37,
2-11,14:6:56,81,81,13.19,4,37,
2-11,14:6:56,81,81,13.23,4,37,
2-11,14:6:57,81,81,13.23,4,37,
2-11,14:6:57,81,81,13.23,4,37,
2-11,14:6:58,81,81,13.23,4,37,
2-11,14:6:58,81,81,13.19,4,37,
2-11,14:6:59,81,81,13.24,4,37,
2-11,14:6:59,81,81,13.23,4,37,
2-11,14:7:0,81,81,13.24,4,37,
2-11,14:7:0,81,81,13.21,4,37,
2-11,14:7:1,81,81,13.26,4,37,
2-11,14:7:1,81,81,13.24,4,37,
2-11,14:7:2,81,81,13.24,4,37,
2-11,14:7:2,81,81,13.23,4,37,
2-11,14:7:3,81,81,13.24,4,37,
2-11,14:7:3,81,81,13.19,4,37,
2-11,14:7:4,81,81,13.23,4,37,
2-11,14:7:4,81,81,13.2,4,37,
2-11,14:7:5,82,82,13.22,4,37,
2-11,14:7:5,81,81,13.22,4,37,
2-11,14:7:6,81,81,13.21,4,37,
2-11,14:7:6,81,81,13.2,4,37,
2-11,14:7:7,81,81,13.23,4,37,
2-11,14:7:7,81,81,13.21,4,37,
2-11,14:7:8,81,81,13.21,4,37,
2-11,14:7:8,81,81,13.22,4,37,
2-11,14:7:9,81,81,13.22,4,37,
2-11,14:7:9,81,81,13.21,4,37,
2-11,14:7:10,81,81,13.19,4,37,
2-11,14:7:10,81,81,13.24,4,37,
2-11,14:7:11,81,81,13.21,4,37,
2-11,14:7:11,81,81,13.21,4,37,
2-11,14:7:12,81,81,13.23,4,37,
2-11,14:7:12,82,82,13.23,4,37,
2-11,14:7:13,81,81,13.2,4,37,
2-11,14:7:13,81,81,13.22,4,37,
2-11,14:7:14,81,81,13.19,4,37,
2-11,14:7:14,81,81,13.22,4,37,
2-11,14:7:15,81,81,13.22,4,37,
2-11,14:7:15,81,81,13.22,4,37,
2-11,14:7:16,81,81,13.22,4,37,
2-11,14:7:16,81,81,13.22,4,37,
2-11,14:7:17,81,81,13.2,4,37,
2-11,14:7:17,81,81,13.2,4,37,
2-11,14:7:18,81,81,13.22,4,37,
2-11,14:7:18,81,81,13.19,4,37,
2-11,14:7:19,81,81,13.21,4,37,
2-11,14:7:19,81,81,13.19,4,37,
2-11,14:7:20,81,81,13.19,4,37,
2-11,14:7:20,81,81,13.21,4,37,
2-11,14:7:21,81,81,13.22,4,37,
2-11,14:7:21,81,81,13.23,4,37,
2-11,14:7:22,81,81,13.21,4,37,
2-11,14:7:22,81,81,13.2,4,37,
2-11,14:7:23,80,80,13.22,4,37,
2-11,14:7:23,81,81,13.2,4,37,
2-11,14:7:24,80,80,13.21,4,37,
2-11,14:7:24,80,80,13.19,4,37,
2-11,14:7:25,80,80,13.21,4,37,
2-11,14:7:25,80,80,13.19,4,37,
2-11,14:7:26,80,80,13.22,4,37,
2-11,14:7:26,81,81,13.23,4,37,
2-11,14:7:27,80,80,13.22,4,37,
2-11,14:7:27,80,80,13.22,4,37,
2-11,14:7:28,80,80,13.18,4,37,
2-11,14:7:28,80,80,13.21,4,37,
2-11,14:7:29,80,80,13.22,4,37,
2-11,14:7:29,80,80,13.21,4,37,
2-11,14:7:30,80,80,13.19,4,37,
2-11,14:7:30,80,80,13.18,4,37,
2-11,14:7:31,80,80,13.19,4,37,
2-11,14:7:31,79,79,13.19,4,37,
2-11,14:7:32,80,80,13.2,4,37,
2-11,14:7:32,80,80,13.2,4,37,
2-11,14:7:33,80,80,13.2,4,37,
2-11,14:7:33,80,80,13.19,4,37,
2-11,14:7:34,80,80,13.2,4,37,
2-11,14:7:34,79,79,13.17,4,37,
2-11,14:7:35,80,80,13.2,4,37,
2-11,14:7:35,79,79,13.18,4,37,
2-11,14:7:36,79,79,13.22,4,37,
2-11,14:7:36,79,79,13.17,4,37,
2-11,14:7:37,79,79,13.15,4,37,
2-11,14:7:37,79,79,13.17,4,37,
2-11,14:7:38,79,79,13.17,4,37,
2-11,14:7:38,79,79,13.17,4,37,
2-11,14:7:39,79,79,13.13,4,37,
2-11,14:7:39,79,79,13.16,4,37,
2-11,14:7:40,79,79,13.17,4,37,
2-11,14:7:40,79,79,13.13,4,37,
2-11,14:7:41,79,79,13.18,4,37,
2-11,14:7:41,79,79,13.2,4,37,
2-11,14:7:42,79,79,13.21,4,37,
2-11,14:7:42,79,79,13.16,4,37,
2-11,14:7:43,79,79,13.17,4,37,
2-11,14:7:43,78,78,13.14,4,37,
2-11,14:7:44,78,78,13.14,4,37,
2-11,14:7:44,79,79,13.19,4,37,
2-11,14:7:45,78,78,13.16,4,37,
2-11,14:7:45,78,78,13.15,4,37,
2-11,14:7:46,78,78,13.16,4,37,
2-11,14:7:46,78,78,13.15,4,37,
2-11,14:7:47,78,78,13.18,4,37,
2-11,14:7:47,78,78,13.14,4,37,
2-11,14:7:48,78,78,13.16,4,37,
2-11,14:7:48,78,78,13.16,4,37,
2-11,14:7:49,78,78,13.12,4,37,
2-11,14:7:49,78,78,13.13,4,37,
2-11,14:7:50,78,78,13.15,4,37,
2-11,14:7:50,78,78,13.15,4,37,
2-11,14:7:51,78,78,13.16,4,37,
2-11,14:7:51,77,77,13.14,4,37,
2-11,14:7:52,77,77,13.15,4,37,
2-11,14:7:52,77,77,13.17,4,37,
2-11,14:7:53,77,77,13.14,4,37,
2-11,14:7:53,77,77,13.16,4,37,
2-11,14:7:54,77,77,13.14,4,37,
2-11,14:7:54,77,77,13.14,4,37,
2-11,14:7:55,77,77,13.14,4,37,
2-11,14:7:55,77,77,13.14,4,37,
2-11,14:7:56,77,77,13.14,4,37,
2-11,14:7:56,77,77,13.14,4,37,
2-11,14:7:57,77,77,13.13,4,37,
2-11,14:7:57,76,76,13.15,4,37,
2-11,14:7:58,76,76,13.2,4,37,
2-11,14:7:58,76,76,13.16,4,37,
2-11,14:7:59,76,76,13.15,4,37,
2-11,14:7:59,76,76,13.15,4,37,
2-11,14:8:0,76,76,13.15,4,37,
2-11,14:8:0,76,76,13.15,4,37,
2-11,14:8:1,76,76,13.17,4,37,
2-11,14:8:1,76,76,13.14,4,37,
2-11,14:8:2,76,76,13.17,4,37,
2-11,14:8:2,76,76,13.15,4,37,
2-11,14:8:3,75,75,13.14,4,37,
2-11,14:8:3,75,75,13.15,4,37,
2-11,14:8:4,75,75,13.13,4,37,
2-11,14:8:4,75,75,13.14,4,37,
2-11,14:8:5,74,74,13.12,4,37,
2-11,14:8:5,74,74,13.12,4,37,
2-11,14:8:6,75,75,13.14,4,37,
2-11,14:8:6,75,75,13.17,4,37,
2-11,14:8:7,74,74,13.14,4,37,
2-11,14:8:7,75,75,13.18,4,37,
2-11,14:8:8,74,74,13.18,4,37,
2-11,14:8:8,74,74,13.14,4,37,
2-11,14:8:9,74,74,13.15,4,37,
2-11,14:8:9,74,74,13.14,4,37,
2-11,14:8:10,74,74,13.12,4,37,
2-11,14:8:10,74,74,13.13,4,37,
2-11,14:8:11,74,74,13.14,4,37,
2-11,14:8:11,74,74,13.13,4,37,
2-11,14:8:12,74,74,13.15,4,37,
2-11,14:8:12,74,74,13.13,4,37,
2-11,14:8:13,73,73,13.13,4,37,
2-11,14:8:13,73,73,13.14,4,37,
2-11,14:8:14,74,74,13.14,4,37,
2-11,14:8:14,73,73,13.11,4,37,
2-11,14:8:15,73,73,13.15,4,37,
2-11,14:8:15,73,73,13.11,4,37,
2-11,14:8:16,73,73,13.09,4,37,
2-11,14:8:16,73,73,13.14,4,37,
2-11,14:8:17,72,72,13.11,4,37,
2-11,14:8:17,73,73,13.15,4,37,
2-11,14:8:18,73,73,13.13,4,37,
2-11,14:8:18,73,73,13.11,4,37,
2-11,14:8:19,73,73,13.13,4,37,
2-11,14:8:19,73,73,13.15,4,37,
2-11,14:8:20,73,73,13.13,4,37,
2-11,14:8:20,72,72,13.11,4,37,
2-11,14:8:21,72,72,13.12,4,37,
2-11,14:8:21,72,72,13.1,4,37,
2-11,14:8:22,72,72,13.1,4,37,
2-11,14:8:22,72,72,13.11,4,37,
2-11,14:8:23,71,71,13.1,4,37,
2-11,14:8:23,72,72,13.14,4,37,
2-11,14:8:24,72,72,13.13,4,37,
2-11,14:8:24,72,72,13.13,4,37,
2-11,14:8:25,72,72,13.12,4,37,
2-11,14:8:25,71,71,13.09,4,37,
2-11,14:8:26,71,71,13.1,4,37,
2-11,14:8:26,71,71,13.09,4,37,
2-11,14:8:27,71,71,13.1,4,37,
2-11,14:8:27,72,72,13.13,4,37,
2-11,14:8:28,71,71,13.1,4,37,
2-11,14:8:28,71,71,13.1,4,37,
2-11,14:8:29,71,71,13.1,4,37,
2-11,14:8:29,71,71,13.09,4,37,
2-11,14:8:30,70,70,13.1,4,37,
2-11,14:8:30,71,71,13.11,4,37,
2-11,14:8:31,70,70,13.09,4,37,
2-11,14:8:31,71,71,13.11,4,37,
2-11,14:8:32,71,71,13.13,4,37,
2-11,14:8:32,71,71,13.1,4,37,
2-11,14:8:33,70,70,13.09,4,37,
2-11,14:8:33,71,71,13.09,4,37,
2-11,14:8:34,70,70,13.1,4,37,
2-11,14:8:34,70,70,13.11,4,37,
2-11,14:8:35,70,70,13.11,4,37,
2-11,14:8:35,70,70,13.08,4,37,
2-11,14:8:36,70,70,13.11,4,37,
2-11,14:8:36,70,70,13.11,4,37,
2-11,14:8:37,70,70,13.11,4,37,
2-11,14:8:37,70,70,13.1,4,37,
2-11,14:8:38,70,70,13.11,4,37,
2-11,14:8:38,70,70,13.12,4,37,
2-11,14:8:39,69,69,13.09,4,37,
2-11,14:8:39,69,69,13.12,4,37,
2-11,14:8:40,69,69,13.14,4,37,
2-11,14:8:40,69,69,13.1,4,37,
2-11,14:8:41,69,69,13.11,4,37,
2-11,14:8:41,69,69,13.09,4,37,
2-11,14:8:42,70,70,13.11,4,37,
2-11,14:8:42,70,70,13.12,4,37,
2-11,14:8:43,69,69,13.09,4,37,
2-11,14:8:43,69,69,13.1,4,37,
2-11,14:8:44,69,69,13.1,4,37,
2-11,14:8:44,68,68,13.06,4,37,
2-11,14:8:45,69,69,13.1,4,37,
2-11,14:8:45,69,69,13.09,4,37,
2-11,14:8:46,68,68,13.08,4,37,
2-11,14:8:46,69,69,13.09,4,37,
2-11,14:8:47,69,69,13.12,4,37,
2-11,14:8:47,69,69,13.1,4,37,
2-11,14:8:48,68,68,13.08,4,37,
2-11,14:8:48,68,68,13.09,4,37,
2-11,14:8:49,69,69,13.11,4,37,
2-11,14:8:49,68,68,13.09,4,37,
2-11,14:8:50,68,68,13.07,4,37,
2-11,14:8:50,69,69,13.1,4,37,
2-11,14:8:51,68,68,13.12,4,37,
2-11,14:8:51,68,68,13.1,4,37,
2-11,14:8:52,67,67,13.05,4,37,
2-11,14:8:52,68,68,13.09,4,37,
2-11,14:8:53,68,68,13.12,4,37,
2-11,14:8:53,68,68,13.08,4,37,
2-11,14:8:54,68,68,13.08,4,37,
2-11,14:8:54,68,68,13.09,4,37,
2-11,14:8:55,68,68,13.08,4,37,
2-11,14:8:55,68,68,13.07,4,37,
2-11,14:8:56,67,67,13.09,4,37,
2-11,14:8:56,68,68,13.1,4,37,
2-11,14:8:57,68,68,13.1,4,37,
2-11,14:8:57,67,67,13.08,4,37,
2-11,14:8:58,67,67,13.07,4,37,
2-11,14:8:58,67,67,13.08,4,37,
2-11,14:8:59,67,67,13.09,4,37,
2-11,14:8:59,68,68,13.11,4,37,
2-11,14:9:0,67,67,13.1,4,37,
2-11,14:9:0,67,67,13.1,4,37,
2-11,14:9:1,67,67,13.09,4,37,
2-11,14:9:1,66,66,13.09,4,37,
2-11,14:9:2,66,66,13.08,4,37,
2-11,14:9:2,67,67,13.1,4,37,
2-11,14:9:3,66,66,13.05,4,37,
2-11,14:9:3,66,66,13.08,4,37,
2-11,14:9:4,66,66,13.07,4,37,
2-11,14:9:4,66,66,13.08,4,37,
2-11,14:9:5,67,67,13.1,4,37,
2-11,14:9:5,66,66,13.08,4,37,
2-11,14:9:6,67,67,13.1,4,37,
2-11,14:9:6,66,66,13.09,4,37,
2-11,14:9:7,66,66,13.09,4,37,
2-11,14:9:7,66,66,13.09,4,37,
2-11,14:9:8,65,65,13.08,4,37,
2-11,14:9:8,65,65,13.06,4,37,
2-11,14:9:9,66,66,13.08,4,37,
2-11,14:9:9,66,66,13.07,4,37,
2-11,14:9:10,66,66,13.08,4,37,
2-11,14:9:10,65,65,13.05,4,37,
2-11,14:9:11,64,64,13.07,4,37,
2-11,14:9:11,64,64,13.04,4,37,
2-11,14:9:12,66,66,13.08,4,37,
2-11,14:9:12,65,65,13.07,4,37,
2-11,14:9:13,65,65,13.1,4,37,
2-11,14:9:13,64,64,13.05,4,37,
2-11,14:9:14,66,66,13.07,4,37,
2-11,14:9:14,65,65,13.07,4,37,
2-11,14:9:15,64,64,13.07,4,37,
2-11,14:9:15,66,66,13.1,4,37,
2-11,14:9:16,64,64,13.06,4,37,
2-11,14:9:16,65,65,13.1,4,37,
2-11,14:9:17,65,65,13.09,4,37,
2-11,14:9:17,64,64,13.05,4,37,
2-11,14:9:18,64,64,13.06,4,37,
2-11,14:9:18,65,65,13.09,4,37,
2-11,14:9:19,64,64,13.06,4,37,
2-11,14:9:19,63,63,13.05,4,37,
2-11,14:9:20,65,65,13.08,4,37,
2-11,14:9:20,64,64,13.06,4,37,
2-11,14:9:21,64,64,13.08,4,37,
2-11,14:9:21,64,64,13.08,4,37,
2-11,14:9:22,64,64,13.06,4,37,
2-11,14:9:22,64,64,13.08,4,37,
2-11,14:9:23,65,65,13.1,4,37,
2-11,14:9:23,64,64,13.06,4,37,
2-11,14:9:24,65,65,13.08,4,37,
2-11,14:9:24,64,64,13.07,4,37,
2-11,14:9:25,64,64,13.08,4,37,
2-11,14:9:25,64,64,13.08,4,37,
2-11,14:9:26,64,64,13.08,4,37,
2-11,14:9:26,64,64,13.1,4,37,
2-11,14:9:27,64,64,13.08,4,37,
2-11,14:9:27,64,64,13.07,4,37,
2-11,14:9:28,64,64,13.08,4,37,
2-11,14:9:28,64,64,13.08,4,37,
2-11,14:9:29,64,64,13.07,4,37,
2-11,14:9:29,64,64,13.08,4,37,
2-11,14:9:30,63,63,13.07,4,37,
2-11,14:9:30,63,63,13.06,4,37,
2-11,14:9:31,65,65,13.11,4,37,
2-11,14:9:31,64,64,13.08,4,37,
2-11,14:9:32,64,64,13.09,4,37,
2-11,14:9:32,63,63,13.09,4,37,
2-11,14:9:33,63,63,13.08,4,37,
2-11,14:9:33,64,64,13.12,4,37,
2-11,14:9:34,63,63,13.08,4,37,
2-11,14:9:34,63,63,13.07,4,37,
2-11,14:9:35,63,63,13.08,4,37,
2-11,14:9:35,63,63,13.09,4,37,
2-11,14:9:36,63,63,13.08,4,37,
2-11,14:9:36,63,63,13.06,4,37,
2-11,14:9:37,62,62,13.07,4,37,
2-11,14:9:37,62,62,13.05,4,37,
2-11,14:9:38,63,63,13.07,4,37,
2-11,14:9:38,62,62,13.05,4,37,
2-11,14:9:39,62,62,13.07,4,37,
2-11,14:9:39,63,63,13.1,4,37,
2-11,14:9:40,62,62,13.07,4,37,
2-11,14:9:40,62,62,13.09,4,37,
2-11,14:9:41,63,63,13.09,4,37,
2-11,14:9:41,62,62,13.08,4,37,
2-11,14:9:42,62,62,13.09,4,37,
2-11,14:9:42,62,62,13.08,4,37,
2-11,14:9:43,61,61,13.05,4,37,
2-11,14:9:43,62,62,13.06,4,37,
2-11,14:9:44,62,62,13.09,4,37,
2-11,14:9:44,62,62,13.1,4,37,
2-11,14:9:45,62,62,13.05,4,37,
2-11,14:9:45,61,61,13.06,4,37,
2-11,14:9:46,62,62,13.08,4,37,
2-11,14:9:46,61,61,13.06,4,37,
2-11,14:9:47,62,62,13.08,4,37,
2-11,14:9:47,62,62,13.07,4,37,
2-11,14:9:48,62,62,13.07,4,37,
2-11,14:9:48,62,62,13.09,4,37,
2-11,14:9:49,61,61,13.08,4,37,
2-11,14:9:49,62,62,13.09,4,37,
2-11,14:9:50,61,61,13.05,4,37,
2-11,14:9:50,61,61,13.08,4,37,
2-11,14:9:51,60,60,13.03,4,37,
2-11,14:9:51,62,62,13.09,4,37,
2-11,14:9:52,62,62,13.09,4,37,
2-11,14:9:52,61,61,13.04,4,37,
2-11,14:9:53,60,60,13.07,4,37,
2-11,14:9:53,60,60,13.06,4,37,
2-11,14:9:54,60,60,13.04,4,37,
2-11,14:9:54,61,61,13.07,4,37,
2-11,14:9:55,61,61,13.07,4,37,
2-11,14:9:55,60,60,13.04,4,37,
2-11,14:9:56,62,62,13.09,4,37,
2-11,14:9:56,61,61,13.05,4,37,
2-11,14:9:57,60,60,13.04,4,37,
2-11,14:9:57,61,61,13.05,4,37,
2-11,14:9:58,60,60,13.04,4,37,
2-11,14:9:58,61,61,13.07,4,37,
2-11,14:9:59,60,60,13.04,4,37,
2-11,14:9:59,61,61,13.08,4,37,
2-11,14:10:0,61,61,13.07,4,37,
2-11,14:10:0,60,60,13.07,4,37,
2-11,14:10:1,60,60,13.07,4,37,
2-11,14:10:1,60,60,13.04,4,37,
2-11,14:10:2,61,61,13.07,4,37,
2-11,14:10:2,61,61,13.07,4,37,
2-11,14:10:3,61,61,13.07,4,37,
2-11,14:10:3,61,61,13.09,4,37,
2-11,14:10:4,60,60,13.06,4,37,
2-11,14:10:4,61,61,13.08,4,37,
2-11,14:10:5,61,61,13.09,4,37,
2-11,14:10:5,60,60,13.06,4,37,
2-11,14:10:6,60,60,13.06,4,37,
2-11,14:10:6,61,61,13.07,4,37,
2-11,14:10:7,61,61,13.08,4,37,
2-11,14:10:7,61,61,13.08,4,37,
2-11,14:10:8,60,60,13.03,4,37,
2-11,14:10:8,62,62,13.09,4,37,
2-11,14:10:9,61,61,13.08,4,37,
2-11,14:10:9,61,61,13.05,4,37,
2-11,14:10:10,61,61,13.09,4,37,
2-11,14:10:10,60,60,13.04,4,37,
2-11,14:10:11,59,59,13.02,4,37,
2-11,14:10:11,61,61,13.09,4,37,
2-11,14:10:12,61,61,13.07,4,37,
2-11,14:10:12,61,61,13.07,4,37,
2-11,14:10:13,60,60,13.05,4,37,
2-11,14:10:13,61,61,13.09,4,37,
2-11,14:10:14,60,60,13.05,4,37,
2-11,14:10:14,61,61,13.09,4,37,
2-11,14:10:15,60,60,13.07,4,37,
2-11,14:10:15,60,60,13.05,4,37,
2-11,14:10:16,59,59,13.03,4,37,
2-11,14:10:16,60,60,13.07,4,37,
2-11,14:10:17,60,60,13.04,4,37,
2-11,14:10:17,60,60,13.07,4,37,
2-11,14:10:18,60,60,13.06,4,37,
2-11,14:10:18,60,60,13.07,4,37,
2-11,14:10:19,60,60,13.06,4,37,
2-11,14:10:19,60,60,13.07,4,37,
2-11,14:10:20,61,61,13.08,4,37,
2-11,14:10:20,59,59,13.03,4,37,
2-11,14:10:21,61,61,13.07,4,37,
2-11,14:10:21,61,61,13.08,4,37,
2-11,14:10:22,60,60,13.06,4,37,
2-11,14:10:22,60,60,13.05,4,37,
2-11,14:10:23,60,60,13.05,4,37,
2-11,14:10:23,59,59,13.04,4,37,
2-11,14:10:24,60,60,13.07,4,37,
2-11,14:10:24,60,60,13.07,4,37,
2-11,14:10:25,60,60,13.06,4,37,
2-11,14:10:25,61,61,13.07,4,37,
2-11,14:10:26,60,60,13.05,4,37,
2-11,14:10:26,61,61,13.08,4,37,
2-11,14:10:27,61,61,13.08,4,37,
2-11,14:10:27,61,61,13.08,4,37,
2-11,14:10:28,61,61,13.07,4,37,
2-11,14:10:28,60,60,13.05,4,37,
2-11,14:10:29,59,59,13.03,4,37,
2-11,14:10:29,60,60,13.04,4,37,
2-11,14:10:30,60,60,13.05,4,37,
2-11,14:10:30,59,59,13.04,4,37,
2-11,14:10:31,60,60,13.06,4,37,
2-11,14:10:31,60,60,13.08,4,37,
2-11,14:10:32,60,60,13.07,4,37,
2-11,14:10:32,60,60,13.05,4,37,
2-11,14:10:33,59,59,13.03,4,37,
2-11,14:10:33,60,60,13.07,4,37,
2-11,14:10:34,60,60,13.05,4,37,
2-11,14:10:34,61,61,13.08,4,37,
2-11,14:10:35,60,60,13.05,4,37,
2-11,14:10:35,60,60,13.06,4,37,
2-11,14:10:36,59,59,13.04,4,37,
2-11,14:10:36,60,60,13.04,4,37,
2-11,14:10:37,60,60,13.06,4,37,
2-11,14:10:37,61,61,13.07,4,37,
2-11,14:10:38,61,61,13.09,4,37,
2-11,14:10:38,60,60,13.07,4,37,
2-11,14:10:39,61,61,13.08,4,37,
2-11,14:10:39,59,59,13.04,4,37,
2-11,14:10:40,60,60,13.06,4,37,
2-11,14:10:40,59,59,13.04,4,37,
2-11,14:10:41,60,60,13.05,4,37,
2-11,14:10:41,60,60,13.05,4,37,
2-11,14:10:42,60,60,13.05,4,37,
2-11,14:10:42,59,59,13.04,4,37,
2-11,14:10:43,61,61,13.08,4,37,
2-11,14:10:43,61,61,13.08,4,37,
2-11,14:10:44,60,60,13.05,4,37,
2-11,14:10:44,62,62,13.09,4,37,
2-11,14:10:45,60,60,13.05,4,37,
2-11,14:10:45,60,60,13.06,4,37,
2-11,14:10:46,61,61,13.07,4,37,
2-11,14:10:46,61,61,13.09,4,37,
2-11,14:10:47,60,60,13.07,4,37,
2-11,14:10:47,60,60,13.06,4,37,
2-11,14:10:48,61,61,13.07,4,37,
2-11,14:10:48,60,60,13.05,4,37,
2-11,14:10:49,59,59,13.05,4,37,
2-11,14:10:49,59,59,13.05,4,37,
2-11,14:10:50,61,61,13.07,4,37,
2-11,14:10:50,60,60,13.07,4,37,
2-11,14:10:51,60,60,13.06,4,37,
2-11,14:10:51,59,59,13.02,4,37,
2-11,14:10:52,60,60,13.05,4,37,
2-11,14:10:52,60,60,13.07,4,37,
2-11,14:10:53,59,59,13.05,4,37,
2-11,14:10:53,59,59,13.05,4,37,
2-11,14:10:54,60,60,13.07,4,37,
2-11,14:10:54,61,61,13.07,4,37,
2-11,14:10:55,60,60,13.08,4,37,
2-11,14:10:55,61,61,13.07,4,37,
2-11,14:10:56,59,59,13.05,4,37,
2-11,14:10:56,60,60,13.06,4,37,
2-11,14:10:57,59,59,13.05,4,37,
2-11,14:10:57,59,59,13.04,4,37,
2-11,14:10:58,59,59,13.03,4,37,
2-11,14:10:58,60,60,13.06,4,37,
2-11,14:10:59,61,61,13.07,4,37,
2-11,14:10:59,60,60,13.06,4,37,
2-11,14:11:0,58,58,13.04,4,37,
2-11,14:11:0,60,60,13.05,4,37,
2-11,14:11:1,60,60,13.07,4,37,
2-11,14:11:1,60,60,13.08,4,37,
2-11,14:11:2,59,59,13.04,4,37,
2-11,14:11:2,60,60,13.06,4,37,
2-11,14:11:3,60,60,13.06,4,37,
2-11,14:11:3,59,59,13.06,4,37,
2-11,14:11:4,60,60,13.06,4,37,
2-11,14:11:4,59,59,13.05,4,37,
2-11,14:11:5,60,60,13.09,4,37,
2-11,14:11:5,59,59,13.06,4,37,
2-11,14:11:6,59,59,13.07,4,37,
2-11,14:11:6,58,58,13.03,4,37,
2-11,14:11:7,58,58,13.05,4,37,
2-11,14:11:7,58,58,13.05,4,37,
2-11,14:11:8,60,60,13.07,4,37,
2-11,14:11:8,59,59,13.05,4,37,
2-11,14:11:9,60,60,13.07,4,37,
2-11,14:11:9,60,60,13.08,4,37,
2-11,14:11:10,60,60,13.1,4,37,
2-11,14:11:10,59,59,13.07,4,37,
2-11,14:11:11,59,59,13.06,4,37,
2-11,14:11:11,59,59,13.08,4,37,
2-11,14:11:12,58,58,13.04,4,37,
2-11,14:11:12,58,58,13.04,4,37,
2-11,14:11:13,58,58,13.03,4,37,
2-11,14:11:13,58,58,13.04,4,37,
2-11,14:11:14,58,58,13.05,4,37,
2-11,14:11:14,59,59,13.08,4,37,
2-11,14:11:15,58,58,13.05,4,37,
2-11,14:11:15,60,60,13.08,4,37,
2-11,14:11:16,58,58,13.06,4,37,
2-11,14:11:16,58,58,13.06,4,37,
2-11,14:11:17,59,59,13.08,4,37,
2-11,14:11:17,60,60,13.08,4,37,
2-11,14:11:18,58,58,13.05,4,37,
2-11,14:11:18,59,59,13.06,4,37,
2-11,14:11:19,59,59,13.08,4,37,
2-11,14:11:19,59,59,13.08,4,37,
2-11,14:11:20,59,59,13.08,4,37,
2-11,14:11:20,58,58,13.05,4,37,
2-11,14:11:21,58,58,13.05,4,37,
2-11,14:11:21,60,60,13.09,4,37,
2-11,14:11:22,58,58,13.04,4,37,
2-11,14:11:22,59,59,13.06,4,37,
2-11,14:11:23,58,58,13.06,4,37,
2-11,14:11:23,59,59,13.09,4,37,
2-11,14:11:24,59,59,13.1,4,37,
2-11,14:11:24,58,58,13.06,4,37,
2-11,14:11:25,59,59,13.07,4,37,
2-11,14:11:25,58,58,13.04,4,37,
2-11,14:11:26,58,58,13.05,4,37,
2-11,14:11:26,59,59,13.08,4,37,
2-11,14:11:27,59,59,13.06,4,37,
2-11,14:11:27,59,59,13.06,4,37,
2-11,14:11:28,57,57,13.05,4,37,
2-11,14:11:28,59,59,13.06,4,37,
2-11,14:11:29,57,57,13.04,4,37,
2-11,14:11:29,59,59,13.07,4,37,
2-11,14:11:30,58,58,13.07,4,37,
2-11,14:11:30,59,59,13.09,4,37,
2-11,14:11:31,58,58,13.05,4,37,
2-11,14:11:31,59,59,13.08,4,37,
2-11,14:11:32,58,58,13.05,4,37,
2-11,14:11:32,59,59,13.09,4,37,
2-11,14:11:33,59,59,13.09,4,37,
2-11,14:11:33,57,57,13.04,4,37,
2-11,14:11:34,58,58,13.07,4,37,
2-11,14:11:34,58,58,13.08,4,37,
2-11,14:11:35,58,58,13.05,4,37,
2-11,14:11:35,59,59,13.07,4,37,
2-11,14:11:36,59,59,13.08,4,37,
2-11,14:11:36,59,59,13.08,4,37,
2-11,14:11:37,58,58,13.06,4,37,
2-11,14:11:37,59,59,13.08,4,37,
2-11,14:11:38,59,59,13.07,4,37,
2-11,14:11:38,58,58,13.09,4,37,
2-11,14:11:39,59,59,13.09,4,37,
2-11,14:11:39,59,59,13.08,4,37,
2-11,14:11:40,59,59,13.08,4,37,
2-11,14:11:40,57,57,13.05,4,37,
2-11,14:11:41,58,58,13.05,4,37,
2-11,14:11:41,58,58,13.08,4,37,
2-11,14:11:42,58,58,13.11,4,37,
2-11,14:11:42,57,57,13.05,4,37,
2-11,14:11:43,57,57,13.06,4,37,
2-11,14:11:43,57,57,13.02,4,37,
2-11,14:11:44,57,57,13.06,4,37,
2-11,14:11:44,58,58,13.09,4,37,
2-11,14:11:45,57,57,13.06,4,37,
2-11,14:11:45,58,58,13.06,4,37,
2-11,14:11:46,56,56,13.03,4,37,
2-11,14:11:46,59,59,13.08,4,37,
2-11,14:11:47,58,58,13.08,4,37,
2-11,14:11:47,57,57,13.07,4,37,
2-11,14:11:48,58,58,13.08,4,37,
2-11,14:11:48,59,59,13.09,4,37,
2-11,14:11:49,57,57,13.06,4,37,
2-11,14:11:49,57,57,13.06,4,37,
2-11,14:11:50,56,56,13.04,4,37,
2-11,14:11:50,57,57,13.08,4,37,
2-11,14:11:51,58,58,13.07,4,37,
2-11,14:11:51,58,58,13.09,4,37,
2-11,14:11:52,58,58,13.07,4,37,
2-11,14:11:52,57,57,13.07,4,37,
2-11,14:11:53,57,57,13.04,4,37,
2-11,14:11:53,58,58,13.06,4,37,
2-11,14:11:54,58,58,13.08,4,37,
2-11,14:11:54,58,58,13.06,4,37,
2-11,14:11:55,58,58,13.05,4,37,
2-11,14:11:55,56,56,13.02,4,37,
2-11,14:11:56,58,58,13.07,4,37,
2-11,14:11:56,57,57,13.05,4,37,
2-11,14:11:57,56,56,13.05,4,37,
2-11,14:11:57,57,57,13.06,4,37,
2-11,14:11:58,57,57,13.05,4,37,
2-11,14:11:58,58,58,13.09,4,37,
2-11,14:11:59,58,58,13.1,4,37,
2-11,14:11:59,58,58,13.07,4,37,
2-11,14:12:0,57,57,13.05,4,37,
2-11,14:12:0,57,57,13.04,4,37,
2-11,14:12:1,58,58,13.07,4,37,
2-11,14:12:1,57,57,13.06,4,37,
2-11,14:12:2,57,57,13.06,4,37,
2-11,14:12:2,58,58,13.09,4,37,
2-11,14:12:3,58,58,13.08,4,37,
2-11,14:12:3,59,59,13.09,4,37,
2-11,14:12:4,58,58,13.09,4,37,
2-11,14:12:4,59,59,13.08,4,37,
2-11,14:12:5,58,58,13.09,4,37,
2-11,14:12:5,57,57,13.05,4,37,
2-11,14:12:6,57,57,13.06,4,37,
2-11,14:12:6,58,58,13.07,4,37,
2-11,14:12:7,58,58,13.07,4,37,
2-11,14:12:7,59,59,13.09,4,37,
2-11,14:12:8,58,58,13.07,4,37,
2-11,14:12:8,59,59,13.09,4,37,
2-11,14:12:9,58,58,13.09,4,37,
2-11,14:12:9,59,59,13.07,4,37,
2-11,14:12:10,57,57,13.05,4,37,
2-11,14:12:10,59,59,13.08,4,37,
2-11,14:12:11,58,58,13.07,4,37,
2-11,14:12:11,56,56,13.03,4,37,
2-11,14:12:12,58,58,13.06,4,37,
2-11,14:12:12,59,59,13.07,4,37,
2-11,14:12:13,58,58,13.06,4,37,
2-11,14:12:13,60,60,13.1,4,37,
2-11,14:12:14,58,58,13.07,4,37,
2-11,14:12:14,59,59,13.09,4,37,
2-11,14:12:15,59,59,13.08,4,37,
2-11,14:12:15,59,59,13.08,4,37,
2-11,14:12:16,59,59,13.08,4,37,
2-11,14:12:16,59,59,13.06,4,37,
2-11,14:12:17,60,60,13.08,4,37,
2-11,14:12:17,59,59,13.06,4,37,
2-11,14:12:18,61,61,13.11,4,37,
2-11,14:12:18,59,59,13.07,4,37,
2-11,14:12:19,60,60,13.08,4,37,
2-11,14:12:19,59,59,13.09,4,37,
2-11,14:12:20,59,59,13.08,4,37,
2-11,14:12:20,60,60,13.07,4,37,
2-11,14:12:21,59,59,13.07,4,37,
2-11,14:12:21,60,60,13.08,4,37,
2-11,14:12:22,59,59,13.06,4,37,
2-11,14:12:22,58,58,13.06,4,37,
2-11,14:12:23,60,60,13.09,4,37,
2-11,14:12:23,59,59,13.07,4,37,
2-11,14:12:24,58,58,13.03,4,37,
2-11,14:12:24,59,59,13.05,4,37,
2-11,14:12:25,61,61,13.09,4,37,
2-11,14:12:25,59,59,13.09,4,37,
2-11,14:12:26,61,61,13.12,4,37,
2-11,14:12:26,60,60,13.09,4,37,
2-11,14:12:27,59,59,13.08,4,37,
2-11,14:12:27,60,60,13.09,4,37,
2-11,14:12:28,59,59,13.06,4,37,
2-11,14:12:28,60,60,13.08,4,37,
2-11,14:12:29,60,60,13.08,4,37,
2-11,14:12:29,59,59,13.06,4,37,
2-11,14:12:30,60,60,13.07,4,37,
2-11,14:12:30,61,61,13.1,4,37,
2-11,14:12:31,59,59,13.07,4,37,
2-11,14:12:31,60,60,13.09,4,37,
2-11,14:12:32,60,60,13.09,4,37,
2-11,14:12:32,59,59,13.04,4,37,
2-11,14:12:33,60,60,13.09,4,37,
2-11,14:12:33,60,60,13.1,4,37,
2-11,14:12:34,59,59,13.06,4,37,
2-11,14:12:34,58,58,13.05,4,37,
2-11,14:12:35,59,59,13.07,4,37,
2-11,14:12:35,60,60,13.09,4,37,
2-11,14:12:36,59,59,13.06,4,37,
2-11,14:12:36,60,60,13.09,4,37,
2-11,14:12:37,59,59,13.07,4,37,
2-11,14:12:37,59,59,13.06,4,37,
2-11,14:12:38,58,58,13.01,4,37,
2-11,14:12:38,59,59,13.05,4,37,
2-11,14:12:39,58,58,13.06,4,37,
2-11,14:12:39,60,60,13.1,4,37,
2-11,14:12:40,60,60,13.09,4,37,
2-11,14:12:40,59,59,13.05,4,37,
2-11,14:12:41,59,59,13.06,4,37,
2-11,14:12:41,61,61,13.1,4,37,
2-11,14:12:42,60,60,13.09,4,37,
2-11,14:12:42,58,58,13.05,4,37,
2-11,14:12:43,58,58,13.05,4,37,
2-11,14:12:43,60,60,13.08,4,37,
2-11,14:12:44,59,59,13.07,4,37,
2-11,14:12:44,59,59,13.07,4,37,
2-11,14:12:45,59,59,13.08,4,37,
2-11,14:12:45,60,60,13.08,4,37,
2-11,14:12:46,60,60,13.09,4,37,
2-11,14:12:46,60,60,13.08,4,37,
2-11,14:12:47,60,60,13.08,4,37,
2-11,14:12:47,60,60,13.09,4,37,
2-11,14:12:48,59,59,13.06,4,37,
2-11,14:12:48,61,61,13.08,4,37,
2-11,14:12:49,60,60,13.08,4,37,
2-11,14:12:49,59,59,13.06,4,37,
2-11,14:12:50,60,60,13.09,4,37,
2-11,14:12:50,59,59,13.07,4,37,
2-11,14:12:51,59,59,13.07,4,37,
2-11,14:12:51,60,60,13.06,4,37,
2-11,14:12:52,61,61,13.09,4,37,
2-11,14:12:52,60,60,13.08,4,37,
2-11,14:12:53,59,59,13.06,4,37,
2-11,14:12:53,60,60,13.09,4,37,
2-11,14:12:54,60,60,13.09,4,37,
2-11,14:12:54,60,60,13.08,4,37,
2-11,14:12:55,61,61,13.1,4,37,
2-11,14:12:55,60,60,13.08,4,37,
2-11,14:12:56,59,59,13.05,4,37,
2-11,14:12:56,59,59,13.06,4,37,
2-11,14:12:57,60,60,13.07,4,37,
2-11,14:12:57,60,60,13.07,4,37,
2-11,14:12:58,60,60,13.09,4,37,
2-11,14:12:58,60,60,13.08,4,37,
2-11,14:12:59,60,60,13.07,4,37,
2-11,14:12:59,60,60,13.09,4,37,
2-11,14:13:0,59,59,13.05,4,37,
2-11,14:13:0,60,60,13.09,4,37,
2-11,14:13:1,59,59,13.05,4,37,
2-11,14:13:1,60,60,13.07,4,37,
2-11,14:13:2,60,60,13.07,4,37,
2-11,14:13:2,59,59,13.07,4,37,
2-11,14:13:3,59,59,13.07,4,37,
2-11,14:13:3,60,60,13.09,4,37,
2-11,14:13:4,59,59,13.05,4,37,
2-11,14:13:4,59,59,13.08,4,37,
2-11,14:13:5,58,58,13.04,4,37,
2-11,14:13:5,60,60,13.08,4,37,
2-11,14:13:6,59,59,13.06,4,37,
2-11,14:13:6,60,60,13.08,4,37,
2-11,14:13:7,59,59,13.07,4,37,
2-11,14:13:7,60,60,13.07,4,37,
2-11,14:13:8,60,60,13.09,4,37,
2-11,14:13:8,60,60,13.07,4,37,
2-11,14:13:9,59,59,13.04,4,37,
2-11,14:13:9,60,60,13.08,4,37,
2-11,14:13:10,61,61,13.1,4,37,
2-11,14:13:10,59,59,13.06,4,37,
2-11,14:13:11,60,60,13.07,4,37,
2-11,14:13:11,60,60,13.07,4,37,
2-11,14:13:12,60,60,13.08,4,37,
2-11,14:13:12,59,59,13.06,4,37,
2-11,14:13:13,60,60,13.08,4,37,
2-11,14:13:13,60,60,13.09,4,37,
2-11,14:13:14,61,61,13.08,4,37,
2-11,14:13:14,59,59,13.06,4,37,
2-11,14:13:15,60,60,13.07,4,37,
2-11,14:13:15,61,61,13.08,4,37,
2-11,14:13:16,60,60,13.09,4,37,
2-11,14:13:16,59,59,13.08,4,37,
2-11,14:13:17,60,60,13.09,4,37,
2-11,14:13:17,59,59,13.04,4,37,
2-11,14:13:18,58,58,13.04,4,37,
2-11,14:13:18,60,60,13.06,4,37,
2-11,14:13:19,60,60,13.09,4,37,
2-11,14:13:19,60,60,13.07,4,37,
2-11,14:13:20,60,60,13.09,4,37,
2-11,14:13:20,60,60,13.07,4,37,
2-11,14:13:21,60,60,13.08,4,37,
2-11,14:13:21,61,61,13.09,4,37,
2-11,14:13:22,59,59,13.05,4,37,
2-11,14:13:22,59,59,13.06,4,37,
2-11,14:13:23,60,60,13.1,4,37,
2-11,14:13:23,59,59,13.06,4,37,
2-11,14:13:24,60,60,13.09,4,37,
2-11,14:13:24,60,60,13.09,4,37,
2-11,14:13:25,60,60,13.07,4,37,
2-11,14:13:25,59,59,13.07,4,37,
2-11,14:13:26,61,61,13.09,4,37,
2-11,14:13:26,60,60,13.09,4,37,
2-11,14:13:27,59,59,13.05,4,37,
2-11,14:13:27,60,60,13.11,4,37,
2-11,14:13:28,60,60,13.09,4,37,
2-11,14:13:28,58,58,13.04,4,37,
2-11,14:13:29,60,60,13.08,4,37,
2-11,14:13:29,59,59,13.06,4,37,
2-11,14:13:30,60,60,13.09,4,37,
2-11,14:13:30,60,60,13.08,4,37,
2-11,14:13:31,60,60,13.07,4,37,
2-11,14:13:31,60,60,13.1,4,37,
2-11,14:13:32,60,60,13.07,4,37,
2-11,14:13:32,59,59,13.07,4,37,
2-11,14:13:33,60,60,13.09,4,37,
2-11,14:13:33,59,59,13.06,4,37,
2-11,14:13:34,59,59,13.07,4,37,
2-11,14:13:34,58,58,13.04,4,37,
2-11,14:13:35,60,60,13.1,4,37,
2-11,14:13:35,59,59,13.06,4,37,
2-11,14:13:36,59,59,13.09,4,37,
2-11,14:13:36,58,58,13.05,4,37,
2-11,14:13:37,60,60,13.09,4,37,
2-11,14:13:37,60,60,13.09,4,37,
2-11,14:13:38,59,59,13.05,4,37,
2-11,14:13:38,59,59,13.05,4,37,
2-11,14:13:39,59,59,13.06,4,37,
2-11,14:13:39,59,59,13.08,4,37,
2-11,14:13:40,60,60,13.09,4,37,
2-11,14:13:40,59,59,13.08,4,37,
2-11,14:13:41,60,60,13.09,4,37,
2-11,14:13:41,59,59,13.07,4,37,
2-11,14:13:42,60,60,13.1,4,37,
2-11,14:13:42,60,60,13.09,4,37,
2-11,14:13:43,60,60,13.09,4,37,
2-11,14:13:43,60,60,13.1,4,37,
2-11,14:13:44,59,59,13.08,4,37,
2-11,14:13:44,59,59,13.08,4,37,
2-11,14:13:45,59,59,13.08,4,37,
2-11,14:13:45,60,60,13.11,4,37,
2-11,14:13:46,59,59,13.06,4,37,
2-11,14:13:46,59,59,13.09,4,37,
2-11,14:13:47,58,58,13.04,4,37,
2-11,14:13:47,59,59,13.09,4,37,
2-11,14:13:48,58,58,13.06,4,37,
2-11,14:13:48,58,58,13.05,4,37,
2-11,14:13:49,58,58,13.06,4,37,
2-11,14:13:49,59,59,13.08,4,37,
2-11,14:13:50,58,58,13.06,4,37,
2-11,14:13:50,57,57,13.05,4,37,
2-11,14:13:51,59,59,13.07,4,37,
2-11,14:13:51,60,60,13.09,4,37,
2-11,14:13:52,59,59,13.08,4,37,
2-11,14:13:52,58,58,13.05,4,37,
2-11,14:13:53,58,58,13.07,4,37,
2-11,14:13:53,59,59,13.08,4,37,
2-11,14:13:54,57,57,13.06,4,37,
2-11,14:13:54,57,57,13.03,4,37,
2-11,14:13:55,58,58,13.05,4,37,
2-11,14:13:55,59,59,13.08,4,37,
2-11,14:13:56,58,58,13.06,4,37,
2-11,14:13:56,58,58,13.06,4,37,
2-11,14:13:57,58,58,13.07,4,37,
2-11,14:13:57,59,59,13.1,4,37,
2-11,14:13:58,58,58,13.06,4,37,
2-11,14:13:58,59,59,13.09,4,37,
2-11,14:13:59,58,58,13.06,4,37,
2-11,14:13:59,59,59,13.08,4,37,
2-11,14:14:0,59,59,13.08,4,37,
2-11,14:14:0,58,58,13.05,4,37,
2-11,14:14:1,58,58,13.07,4,37,
2-11,14:14:1,59,59,13.07,4,37,
2-11,14:14:2,59,59,13.08,4,37,
2-11,14:14:2,59,59,13.09,4,37,
2-11,14:14:3,58,58,13.07,4,37,
2-11,14:14:3,57,57,13.04,4,37,
2-11,14:14:4,58,58,13.07,4,37,
2-11,14:14:4,58,58,13.07,4,37,
2-11,14:14:5,59,59,13.09,4,37,
2-11,14:14:5,58,58,13.06,4,37,
2-11,14:14:6,59,59,13.09,4,37,
2-11,14:14:6,59,59,13.08,4,37,
2-11,14:14:7,57,57,13.05,4,37,
2-11,14:14:7,57,57,13.04,4,37,
2-11,14:14:8,58,58,13.07,4,37,
2-11,14:14:8,58,58,13.09,4,37,
2-11,14:14:9,59,59,13.08,4,37,
2-11,14:14:9,58,58,13.06,4,37,
2-11,14:14:10,57,57,13.08,4,37,
2-11,14:14:10,59,59,13.09,4,37,
2-11,14:14:11,57,57,13.06,4,37,
2-11,14:14:11,57,57,13.05,4,37,
2-11,14:14:12,57,57,13.08,4,37,
2-11,14:14:12,58,58,13.09,4,37,
2-11,14:14:13,57,57,13.06,4,37,
2-11,14:14:13,58,58,13.08,4,37,
2-11,14:14:14,58,58,13.09,4,37,
2-11,14:14:14,57,57,13.05,4,37,
2-11,14:14:15,57,57,13.06,4,37,
2-11,14:14:15,58,58,13.09,4,37,
2-11,14:14:16,57,57,13.05,4,37,
2-11,14:14:16,58,58,13.08,4,37,
2-11,14:14:17,57,57,13.05,4,37,
2-11,14:14:17,58,58,13.08,4,37,
2-11,14:14:18,57,57,13.05,4,37,
2-11,14:14:18,57,57,13.07,4,37,
2-11,14:14:19,58,58,13.1,4,37,
2-11,14:14:19,57,57,13.08,4,37,
2-11,14:14:20,57,57,13.05,4,37,
2-11,14:14:20,57,57,13.08,4,37,
2-11,14:14:21,56,56,13.06,4,37,
2-11,14:14:21,59,59,13.1,4,37,
2-11,14:14:22,58,58,13.07,4,37,
2-11,14:14:22,56,56,13.04,4,37,
2-11,14:14:23,58,58,13.1,4,37,
2-11,14:14:23,57,57,13.08,4,37,
2-11,14:14:24,56,56,13.04,4,37,
2-11,14:14:24,56,56,13.05,4,37,
2-11,14:14:25,58,58,13.08,4,37,
2-11,14:14:25,58,58,13.08,4,37,
2-11,14:14:26,56,56,13.03,4,37,
2-11,14:14:26,57,57,13.05,4,37,
2-11,14:14:27,56,56,13.06,4,37,
2-11,14:14:27,57,57,13.05,4,37,
2-11,14:14:28,57,57,13.07,4,37,
2-11,14:14:28,57,57,13.06,4,37,
2-11,14:14:29,57,57,13.08,4,37,
2-11,14:14:29,57,57,13.06,4,37,
2-11,14:14:30,58,58,13.09,4,37,
2-11,14:14:30,57,57,13.06,4,37,
2-11,14:14:31,57,57,13.08,4,37,
2-11,14:14:31,57,57,13.06,4,37,
2-11,14:14:32,57,57,13.06,4,37,
2-11,14:14:32,58,58,13.09,4,37,
2-11,14:14:33,57,57,13.05,4,37,
2-11,14:14:33,57,57,13.05,4,37,
2-11,14:14:34,56,56,13.05,4,37,
2-11,14:14:34,58,58,13.1,4,37,
2-11,14:14:35,57,57,13.07,4,37,
2-11,14:14:35,57,57,13.08,4,37,
2-11,14:14:36,57,57,13.08,4,37,
2-11,14:14:36,56,56,13.03,4,37,
2-11,14:14:37,56,56,13.04,4,37,
2-11,14:14:37,57,57,13.06,4,37,
2-11,14:14:38,58,58,13.08,4,37,
2-11,14:14:38,56,56,13.01,4,37,
2-11,14:14:39,58,58,13.06,4,37,
2-11,14:14:39,58,58,13.07,4,37,
2-11,14:14:40,58,58,13.04,4,37,
2-11,14:14:40,58,58,13.08,4,37,
2-11,14:14:41,58,58,13.04,4,37,
2-11,14:14:41,58,58,13.05,4,37,
2-11,14:14:42,58,58,13.08,4,37,
2-11,14:14:42,58,58,13.05,4,37,
2-11,14:14:43,57,57,13.05,4,37,
2-11,14:14:43,59,59,13.08,4,37,
2-11,14:14:44,57,57,13.03,4,37,
2-11,14:14:44,60,60,13.09,4,37,
2-11,14:14:45,58,58,13.05,4,37,
2-11,14:14:45,57,57,13.03,4,37,
2-11,14:14:46,59,59,13.09,4,37,
2-11,14:14:46,58,58,13.07,4,37,
2-11,14:14:47,59,59,13.06,4,37,
2-11,14:14:47,58,58,13.04,4,37,
2-11,14:14:48,59,59,13.08,4,37,
2-11,14:14:48,59,59,13.07,4,37,
2-11,14:14:49,59,59,13.07,4,37,
2-11,14:14:49,59,59,13.08,4,37,
2-11,14:14:50,58,58,13.06,4,37,
2-11,14:14:50,59,59,13.05,4,37,
2-11,14:14:51,60,60,13.08,4,37,
2-11,14:14:51,59,59,13.06,4,37,
2-11,14:14:52,58,58,13.06,4,37,
2-11,14:14:52,59,59,13.05,4,37,
2-11,14:14:53,59,59,13.06,4,37,
2-11,14:14:53,59,59,13.06,4,37,
2-11,14:14:54,59,59,13.04,4,37,
2-11,14:14:54,59,59,13.07,4,37,
2-11,14:14:55,60,60,13.08,4,37,
2-11,14:14:55,59,59,13.07,4,37,
2-11,14:14:56,60,60,13.07,4,37,
2-11,14:14:56,60,60,13.06,4,37,
2-11,14:14:57,58,58,13.05,4,37,
2-11,14:14:57,59,59,13.07,4,37,
2-11,14:14:58,59,59,13.06,4,37,
2-11,14:14:58,59,59,13.06,4,37,
2-11,14:14:59,59,59,13.07,4,37,
2-11,14:14:59,59,59,13.05,4,37,
2-11,14:15:0,59,59,13.05,4,37,
2-11,14:15:0,60,60,13.08,4,37,
2-11,14:15:1,59,59,13.04,4,37,
2-11,14:15:1,60,60,13.06,4,37,
2-11,14:15:2,58,58,13.03,4,37,
2-11,14:15:2,60,60,13.09,4,37,
2-11,14:15:3,59,59,13.05,4,37,
2-11,14:15:3,59,59,13.06,4,37,
2-11,14:15:4,59,59,13.05,4,37,
2-11,14:15:4,60,60,13.06,4,37,
2-11,14:15:5,59,59,13.05,4,37,
2-11,14:15:5,59,59,13.05,4,37,
2-11,14:15:6,59,59,13.05,4,37,
2-11,14:15:6,60,60,13.09,4,37,
2-11,14:15:7,60,60,13.08,4,37,
2-11,14:15:7,58,58,13.02,4,37,
2-11,14:15:8,60,60,13.07,4,37,
2-11,14:15:8,59,59,13.05,4,37,
2-11,14:15:9,59,59,13.06,4,37,
2-11,14:15:9,60,60,13.08,4,37,
2-11,14:15:10,61,61,13.09,4,37,
2-11,14:15:10,60,60,13.09,4,37,
2-11,14:15:11,59,59,13.06,4,37,
2-11,14:15:11,59,59,13.05,4,37,
2-11,14:15:12,59,59,13.06,4,37,
2-11,14:15:12,58,58,13.02,4,37,
2-11,14:15:13,59,59,13.03,4,37,
2-11,14:15:13,59,59,13.05,4,37,
2-11,14:15:14,60,60,13.06,4,37,
2-11,14:15:14,60,60,13.06,4,37,
2-11,14:15:15,59,59,13.05,4,37,
2-11,14:15:15,59,59,13.06,4,37,
2-11,14:15:16,58,58,13.03,4,37,
2-11,14:15:16,59,59,13.04,4,37,
2-11,14:15:17,59,59,13.05,4,37,
2-11,14:15:17,60,60,13.08,4,37,
2-11,14:15:18,60,60,13.07,4,37,
2-11,14:15:18,59,59,13.08,4,37,
2-11,14:15:19,59,59,13.04,4,37,
2-11,14:15:19,59,59,13.05,4,37,
2-11,14:15:20,59,59,13.03,4,37,
2-11,14:15:20,58,58,13.03,4,37,
2-11,14:15:21,61,61,13.09,4,37,
2-11,14:15:21,59,59,13.05,4,37,
2-11,14:15:22,60,60,13.07,4,37,
2-11,14:15:22,58,58,13.04,4,37,
2-11,14:15:23,59,59,13.06,4,37,
2-11,14:15:23,60,60,13.08,4,37,
2-11,14:15:24,60,60,13.06,4,37,
2-11,14:15:24,59,59,13.06,4,37,
2-11,14:15:25,60,60,13.08,4,37,
2-11,14:15:25,59,59,13.06,4,37,
2-11,14:15:26,58,58,13.03,4,37,
2-11,14:15:26,59,59,13.07,4,37,
2-11,14:15:27,61,61,13.09,4,37,
2-11,14:15:27,59,59,13.05,4,37,
2-11,14:15:28,59,59,13.06,4,37,
2-11,14:15:28,59,59,13.06,4,37,
2-11,14:15:29,59,59,13.06,4,37,
2-11,14:15:29,58,58,13.04,4,37,
2-11,14:15:30,60,60,13.06,4,37,
2-11,14:15:30,60,60,13.07,4,37,
2-11,14:15:31,59,59,13.06,4,37,
2-11,14:15:31,58,58,13.03,4,37,
2-11,14:15:32,58,58,13.02,4,37,
2-11,14:15:32,59,59,13.05,4,37,
2-11,14:15:33,60,60,13.06,4,37,
2-11,14:15:33,60,60,13.08,4,37,
2-11,14:15:34,61,61,13.08,4,37,
2-11,14:15:34,59,59,13.05,4,37,
2-11,14:15:35,59,59,13.07,4,37,
2-11,14:15:35,57,57,13.04,4,37,
2-11,14:15:36,59,59,13.07,4,37,
2-11,14:15:36,59,59,13.07,4,37,
2-11,14:15:37,60,60,13.09,4,37,
2-11,14:15:37,59,59,13.08,4,37,
2-11,14:15:38,59,59,13.05,4,37,
2-11,14:15:38,59,59,13.05,4,37,
2-11,14:15:39,59,59,13.07,4,37,
2-11,14:15:39,61,61,13.09,4,37,
2-11,14:15:40,58,58,13.05,4,37,
2-11,14:15:40,58,58,13.04,4,37,
2-11,14:15:41,60,60,13.08,4,37,
2-11,14:15:41,59,59,13.08,4,37,
2-11,14:15:42,60,60,13.08,4,37,
2-11,14:15:42,58,58,13.05,4,37,
2-11,14:15:43,58,58,13.04,4,37,
2-11,14:15:43,58,58,13.04,4,37,
2-11,14:15:44,59,59,13.09,4,37,
2-11,14:15:44,59,59,13.06,4,37,
2-11,14:15:45,60,60,13.09,4,37,
2-11,14:15:45,59,59,13.08,4,37,
2-11,14:15:46,59,59,13.05,4,37,
2-11,14:15:46,59,59,13.07,4,37,
2-11,14:15:47,59,59,13.08,4,37,
2-11,14:15:47,60,60,13.09,4,37,
2-11,14:15:48,59,59,13.05,4,37,
2-11,14:15:48,59,59,13.05,4,37,
2-11,14:15:49,60,60,13.09,4,37,
2-11,14:15:49,60,60,13.09,4,37,
2-11,14:15:50,59,59,13.06,4,37,
2-11,14:15:50,60,60,13.07,4,37,
2-11,14:15:51,60,60,13.1,4,37,
2-11,14:15:51,59,59,13.07,4,37,
2-11,14:15:52,58,58,13.06,4,37,
2-11,14:15:52,60,60,13.08,4,37,
2-11,14:15:53,59,59,13.07,4,37,
2-11,14:15:53,59,59,13.07,4,37,
2-11,14:15:54,58,58,13.05,4,37,
2-11,14:15:54,58,58,13.05,4,37,
2-11,14:15:55,58,58,13.04,4,37,
2-11,14:15:55,59,59,13.08,4,37,
2-11,14:15:56,58,58,13.05,4,37,
2-11,14:15:56,59,59,13.07,4,37,
2-11,14:15:57,58,58,13.04,4,37,
2-11,14:15:57,58,58,13.03,4,37,
2-11,14:15:58,59,59,13.1,4,37,
2-11,14:15:58,59,59,13.06,4,37,
2-11,14:15:59,58,58,13.05,4,37,
2-11,14:15:59,59,59,13.07,4,37,
2-11,14:16:0,57,57,13.02,4,37,
2-11,14:16:0,60,60,13.08,4,37,
2-11,14:16:1,58,58,13.04,4,37,
2-11,14:16:1,59,59,13.07,4,37,
2-11,14:16:2,58,58,13.07,4,37,
2-11,14:16:2,58,58,13.06,4,37,
2-11,14:16:3,59,59,13.07,4,37,
2-11,14:16:3,58,58,13.05,4,37,
2-11,14:16:4,59,59,13.07,4,37,
2-11,14:16:4,59,59,13.08,4,37,
2-11,14:16:5,58,58,13.04,4,37,
2-11,14:16:5,59,59,13.06,4,37,
2-11,14:16:6,59,59,13.08,4,37,
2-11,14:16:6,58,58,13.04,4,37,
2-11,14:16:7,59,59,13.08,4,37,
2-11,14:16:7,59,59,13.06,4,37,
2-11,14:16:8,59,59,13.09,4,37,
2-11,14:16:8,58,58,13.04,4,37,
2-11,14:16:9,59,59,13.06,4,37,
2-11,14:16:9,59,59,13.07,4,37,
2-11,14:16:10,59,59,13.08,4,37,
2-11,14:16:10,60,60,13.09,4,37,
2-11,14:16:11,59,59,13.08,4,37,
2-11,14:16:11,59,59,13.08,4,37,
2-11,14:16:12,59,59,13.07,4,37,
2-11,14:16:12,58,58,13.05,4,37,
2-11,14:16:13,59,59,13.06,4,37,
2-11,14:16:13,58,58,13.05,4,37,
2-11,14:16:14,58,58,13.06,4,37,
2-11,14:16:14,58,58,13.06,4,37,
2-11,14:16:15,60,60,13.08,4,37,
2-11,14:16:15,59,59,13.08,4,37,
2-11,14:16:16,56,56,13.03,4,37,
2-11,14:16:16,58,58,13.05,4,37,
2-11,14:16:17,58,58,13.07,4,37,
2-11,14:16:17,57,57,13.03,4,37,
2-11,14:16:18,58,58,13.06,4,37,
2-11,14:16:18,58,58,13.05,4,37,
2-11,14:16:19,58,58,13.06,4,37,
2-11,14:16:19,59,59,13.06,4,37,
2-11,14:16:20,59,59,13.07,4,37,
2-11,14:16:20,59,59,13.1,4,37,
2-11,14:16:21,59,59,13.08,4,37,
2-11,14:16:21,58,58,13.06,4,37,
2-11,14:16:22,58,58,13.06,4,37,
2-11,14:16:22,58,58,13.08,4,37,
2-11,14:16:23,59,59,13.1,4,37,
2-11,14:16:23,56,56,13.03,4,37,
2-11,14:16:24,58,58,13.07,4,37,
2-11,14:16:24,57,57,13.04,4,37,
2-11,14:16:25,58,58,13.07,4,37,
2-11,14:16:25,57,57,13.05,4,37,
2-11,14:16:26,59,59,13.07,4,37,
2-11,14:16:26,57,57,13.04,4,37,
2-11,14:16:27,58,58,13.07,4,37,
2-11,14:16:27,59,59,13.08,4,37,
2-11,14:16:28,59,59,13.09,4,37,
2-11,14:16:28,60,60,13.09,4,37,
2-11,14:16:29,59,59,13.08,4,37,
2-11,14:16:29,60,60,13.1,4,37,
2-11,14:16:30,59,59,13.08,4,37,
2-11,14:16:30,59,59,13.08,4,37,
2-11,14:16:31,59,59,13.07,4,37,
2-11,14:16:31,58,58,13.07,4,37,
2-11,14:16:32,59,59,13.08,4,37,
2-11,14:16:32,58,58,13.08,4,37,
2-11,14:16:33,58,58,13.06,4,37,
2-11,14:16:33,58,58,13.08,4,37,
2-11,14:16:34,58,58,13.06,4,37,
2-11,14:16:34,58,58,13.08,4,37,
2-11,14:16:35,59,59,13.07,4,37,
2-11,14:16:35,58,58,13.08,4,37,
2-11,14:16:36,59,59,13.08,4,37,
2-11,14:16:36,60,60,13.08,4,37,
2-11,14:16:37,59,59,13.07,4,37,
2-11,14:16:37,58,58,13.07,4,37,
2-11,14:16:38,58,58,13.06,4,37,
2-11,14:16:38,58,58,13.06,4,37,
2-11,14:16:39,59,59,13.07,4,37,
2-11,14:16:39,59,59,13.07,4,37,
2-11,14:16:40,59,59,13.08,4,37,
2-11,14:16:40,60,60,13.09,4,37,
2-11,14:16:41,57,57,13.02,4,37,
2-11,14:16:41,56,56,12.99,4,37,
2-11,14:16:42,59,59,13.05,4,37,
2-11,14:16:42,58,58,13.03,4,37,
2-11,14:16:43,58,58,13.06,4,37,
2-11,14:16:43,59,59,13.07,4,37,
2-11,14:16:44,60,60,13.09,4,37,
2-11,14:16:44,58,58,13.07,4,37,
2-11,14:16:45,59,59,13.04,4,37,
2-11,14:16:45,60,60,13.09,4,37,
2-11,14:16:46,59,59,13.06,4,37,
2-11,14:16:46,58,58,13.05,4,37,
2-11,14:16:47,60,60,13.08,4,37,
2-11,14:16:47,59,59,13.05,4,37,
2-11,14:16:48,59,59,13.05,4,37,
2-11,14:16:48,59,59,13.06,4,37,
2-11,14:16:49,59,59,13.04,4,37,
2-11,14:16:49,59,59,13.07,4,37,
2-11,14:16:50,59,59,13.06,4,37,
2-11,14:16:50,58,58,13.05,4,37,
2-11,14:16:51,59,59,13.09,4,37,
2-11,14:16:51,60,60,13.08,4,37,
2-11,14:16:52,60,60,13.08,4,37,
2-11,14:16:52,59,59,13.05,4,37,
2-11,14:16:53,59,59,13.05,4,37,
2-11,14:16:53,59,59,13.07,4,37,
2-11,14:16:54,60,60,13.09,4,37,
2-11,14:16:54,59,59,13.07,4,37,
2-11,14:16:55,60,60,13.09,4,37,
2-11,14:16:55,60,60,13.07,4,37,
2-11,14:16:56,60,60,13.07,4,37,
2-11,14:16:56,60,60,13.07,4,37,
2-11,14:16:57,60,60,13.08,4,37,
2-11,14:16:57,59,59,13.05,4,37,
2-11,14:16:58,59,59,13.06,4,37,
2-11,14:16:58,60,60,13.07,4,37,
2-11,14:16:59,59,59,13.07,4,37,
2-11,14:16:59,59,59,13.07,4,37,
2-11,14:17:0,60,60,13.06,4,37,
2-11,14:17:0,60,60,13.07,4,37,
2-11,14:17:1,59,59,13.04,4,37,
2-11,14:17:1,59,59,13.07,4,37,
2-11,14:17:2,59,59,13.04,4,37,
2-11,14:17:2,59,59,13.06,4,37,
2-11,14:17:3,61,61,13.08,4,37,
2-11,14:17:3,60,60,13.07,4,37,
2-11,14:17:4,61,61,13.09,4,37,
2-11,14:17:4,58,58,13.03,4,37,
2-11,14:17:5,60,60,13.06,4,37,
2-11,14:17:5,59,59,13.03,4,37,
2-11,14:17:6,60,60,13.08,4,37,
2-11,14:17:6,60,60,13.09,4,37,
2-11,14:17:7,59,59,13.07,4,37,
2-11,14:17:7,60,60,13.07,4,37,
2-11,14:17:8,60,60,13.09,4,37,
2-11,14:17:8,61,61,13.09,4,37,
2-11,14:17:9,60,60,13.09,4,37,
2-11,14:17:9,60,60,13.06,4,37,
2-11,14:17:10,58,58,13.03,4,37,
2-11,14:17:10,59,59,13.05,4,37,
2-11,14:17:11,58,58,13.03,4,37,
2-11,14:17:11,59,59,13.06,4,37,
2-11,14:17:12,59,59,13.05,4,37,
2-11,14:17:12,59,59,13.05,4,37,
2-11,14:17:13,61,61,13.1,4,37,
2-11,14:17:13,60,60,13.07,4,37,
2-11,14:17:14,60,60,13.09,4,37,
2-11,14:17:14,60,60,13.08,4,37,
2-11,14:17:15,59,59,13.05,4,37,
2-11,14:17:15,60,60,13.07,4,37,
2-11,14:17:16,60,60,13.08,4,37,
2-11,14:17:16,60,60,13.07,4,37,
2-11,14:17:17,59,59,13.07,4,37,
2-11,14:17:17,59,59,13.06,4,37,
2-11,14:17:18,59,59,13.05,4,37,
2-11,14:17:18,59,59,13.05,4,37,
2-11,14:17:19,58,58,13.02,4,37,
2-11,14:17:19,59,59,13.07,4,37,
2-11,14:17:20,59,59,13.05,4,37,
2-11,14:17:20,58,58,13.05,4,37,
2-11,14:17:21,59,59,13.06,4,37,
2-11,14:17:21,59,59,13.06,4,37,
2-11,14:17:22,60,60,13.08,4,37,
2-11,14:17:22,59,59,13.08,4,37,
2-11,14:17:23,58,58,13.06,4,37,
2-11,14:17:23,59,59,13.07,4,37,
2-11,14:17:24,59,59,13.07,4,37,
2-11,14:17:24,58,58,13.03,4,37,
2-11,14:17:25,60,60,13.08,4,37,
2-11,14:17:25,60,60,13.09,4,37,
2-11,14:17:26,59,59,13.08,4,37,
2-11,14:17:26,57,57,13.02,4,37,
2-11,14:17:27,59,59,13.05,4,37,
2-11,14:17:27,59,59,13.07,4,37,
2-11,14:17:28,58,58,13.06,4,37,
2-11,14:17:28,58,58,13.05,4,37,
2-11,14:17:29,58,58,13.04,4,37,
2-11,14:17:29,60,60,13.08,4,37,
2-11,14:17:30,58,58,13.06,4,37,
2-11,14:17:30,59,59,13.08,4,37,
2-11,14:17:31,60,60,13.09,4,37,
2-11,14:17:31,58,58,13.05,4,37,
2-11,14:17:32,59,59,13.06,4,37,
2-11,14:17:32,59,59,13.07,4,37,
2-11,14:17:33,59,59,13.04,4,37,
2-11,14:17:33,59,59,13.06,4,37,
2-11,14:17:34,58,58,13.05,4,37,
2-11,14:17:34,59,59,13.05,4,37,
2-11,14:17:35,59,59,13.07,4,37,
2-11,14:17:35,58,58,13.04,4,37,
2-11,14:17:36,58,58,13.04,4,37,
2-11,14:17:36,58,58,13.03,4,37,
2-11,14:17:37,60,60,13.08,4,37,
2-11,14:17:37,58,58,13.05,4,37,
2-11,14:17:38,58,58,13.06,4,37,
2-11,14:17:38,58,58,13.04,4,37,
2-11,14:17:39,59,59,13.06,4,37,
2-11,14:17:39,60,60,13.09,4,37,
2-11,14:17:40,58,58,13.06,4,37,
2-11,14:17:40,60,60,13.07,4,37,
2-11,14:17:41,60,60,13.08,4,37,
2-11,14:17:41,59,59,13.07,4,37,
2-11,14:17:42,59,59,13.06,4,37,
2-11,14:17:42,59,59,13.07,4,37,
2-11,14:17:43,59,59,13.06,4,37,
2-11,14:17:43,59,59,13.06,4,37,
2-11,14:17:44,59,59,13.05,4,37,
2-11,14:17:44,60,60,13.09,4,37,
2-11,14:17:45,60,60,13.09,4,37,
2-11,14:17:45,59,59,13.08,4,37,
2-11,14:17:46,60,60,13.09,4,37,
2-11,14:17:46,59,59,13.04,4,37,
2-11,14:17:47,60,60,13.06,4,37,
2-11,14:17:47,59,59,13.05,4,37,
2-11,14:17:48,59,59,13.06,4,37,
2-11,14:17:48,60,60,13.07,4,37,
2-11,14:17:49,59,59,13.05,4,37,
2-11,14:17:49,58,58,13.04,4,37,
2-11,14:17:50,60,60,13.06,4,37,
2-11,14:17:50,59,59,13.06,4,37,
2-11,14:17:51,59,59,13.05,4,37,
2-11,14:17:51,59,59,13.06,4,37,
2-11,14:17:52,60,60,13.09,4,37,
2-11,14:17:52,59,59,13.06,4,37,
2-11,14:17:53,61,61,13.08,4,37,
2-11,14:17:53,59,59,13.05,4,37,
2-11,14:17:54,60,60,13.07,4,37,
2-11,14:17:54,61,61,13.08,4,37,
2-11,14:17:55,58,58,13.04,4,37,
2-11,14:17:55,60,60,13.06,4,37,
2-11,14:17:56,60,60,13.08,4,37,
2-11,14:17:56,61,61,13.08,4,37,
2-11,14:17:57,59,59,13.05,4,37,
2-11,14:17:57,59,59,13.07,4,37,
2-11,14:17:58,59,59,13.05,4,37,
2-11,14:17:58,60,60,13.05,4,37,
2-11,14:17:59,60,60,13.07,4,37,
2-11,14:17:59,59,59,13.05,4,37,
2-11,14:18:0,58,58,13.04,4,37,
2-11,14:18:0,61,61,13.08,4,37,
2-11,14:18:1,59,59,13.06,4,37,
2-11,14:18:1,61,61,13.1,4,37,
2-11,14:18:2,59,59,13.03,4,37,
2-11,14:18:2,60,60,13.06,4,37,
2-11,14:18:3,60,60,13.06,4,37,
2-11,14:18:3,59,59,13.03,4,37,
2-11,14:18:4,60,60,13.07,4,37,
2-11,14:18:4,60,60,13.06,4,37,
2-11,14:18:5,60,60,13.05,4,37,
2-11,14:18:5,59,59,13.03,4,37,
2-11,14:18:6,61,61,13.09,4,37,
2-11,14:18:6,61,61,13.08,4,37,
2-11,14:18:7,61,61,13.08,4,37,
2-11,14:18:7,61,61,13.09,4,37,
2-11,14:18:8,59,59,13.04,4,37,
2-11,14:18:8,60,60,13.06,4,37,
2-11,14:18:9,60,60,13.05,4,37,
2-11,14:18:9,61,61,13.08,4,37,
2-11,14:18:10,60,60,13.07,4,37,
2-11,14:18:10,60,60,13.08,4,37,
2-11,14:18:11,60,60,13.08,4,37,
2-11,14:18:11,60,60,13.07,4,37,
2-11,14:18:12,60,60,13.06,4,37,
2-11,14:18:12,61,61,13.08,4,37,
2-11,14:18:13,60,60,13.05,4,37,
2-11,14:18:13,59,59,13.05,4,37,
2-11,14:18:14,60,60,13.07,4,37,
2-11,14:18:14,60,60,13.09,4,37,
2-11,14:18:15,60,60,13.06,4,37,
2-11,14:18:15,59,59,13.06,4,37,
2-11,14:18:16,62,62,13.1,4,37,
2-11,14:18:16,60,60,13.07,4,37,
2-11,14:18:17,58,58,13.02,4,37,
2-11,14:18:17,59,59,13.04,4,37,
2-11,14:18:18,60,60,13.07,4,37,
2-11,14:18:18,60,60,13.07,4,37,
2-11,14:18:19,60,60,13.08,4,37,
2-11,14:18:19,60,60,13.09,4,37,
2-11,14:18:20,60,60,13.06,4,37,
2-11,14:18:20,60,60,13.07,4,37,
2-11,14:18:21,60,60,13.07,4,37,
2-11,14:18:21,59,59,13.05,4,37,
2-11,14:18:22,58,58,13.01,4,37,
2-11,14:18:22,60,60,13.08,4,37,
2-11,14:18:23,59,59,13.06,4,37,
2-11,14:18:23,58,58,13.02,4,37,
2-11,14:18:24,58,58,13.04,4,37,
2-11,14:18:24,60,60,13.06,4,37,
2-11,14:18:25,59,59,13.06,4,37,
2-11,14:18:25,58,58,13.05,4,37,
2-11,14:18:26,59,59,13.04,4,37,
2-11,14:18:26,60,60,13.07,4,37,
2-11,14:18:27,60,60,13.08,4,37,
2-11,14:18:27,59,59,13.06,4,37,
2-11,14:18:28,60,60,13.08,4,37,
2-11,14:18:28,59,59,13.06,4,37,
2-11,14:18:29,60,60,13.08,4,37,
2-11,14:18:29,61,61,13.1,4,37,
2-11,14:18:30,59,59,13.07,4,37,
2-11,14:18:30,60,60,13.08,4,37,
2-11,14:18:31,60,60,13.08,4,37,
2-11,14:18:31,59,59,13.07,4,37,
2-11,14:18:32,60,60,13.09,4,37,
2-11,14:18:32,59,59,13.07,4,37,
2-11,14:18:33,60,60,13.07,4,37,
2-11,14:18:33,60,60,13.08,4,37,
2-11,14:18:34,59,59,13.07,4,37,
2-11,14:18:34,60,60,13.07,4,37,
2-11,14:18:35,60,60,13.07,4,37,
2-11,14:18:35,59,59,13.07,4,37,
2-11,14:18:36,58,58,13.05,4,37,
2-11,14:18:36,59,59,13.05,4,37,
2-11,14:18:37,59,59,13.08,4,37,
2-11,14:18:37,59,59,13.06,4,37,
2-11,14:18:38,58,58,13.03,4,37,
2-11,14:18:38,59,59,13.07,4,37,
2-11,14:18:39,60,60,13.09,4,37,
2-11,14:18:39,58,58,13.04,4,37,
2-11,14:18:40,59,59,13.06,4,37,
2-11,14:18:40,59,59,13.08,4,37,
2-11,14:18:41,58,58,13.05,4,37,
2-11,14:18:41,59,59,13.08,4,37,
2-11,14:18:42,59,59,13.08,4,37,
2-11,14:18:42,60,60,13.09,4,37,
2-11,14:18:43,59,59,13.08,4,37,
2-11,14:18:43,59,59,13.08,4,37,
2-11,14:18:44,58,58,13.04,4,37,
2-11,14:18:44,58,58,13.05,4,37,
2-11,14:18:45,59,59,13.07,4,37,
2-11,14:18:45,59,59,13.07,4,37,
2-11,14:18:46,59,59,13.08,4,37,
2-11,14:18:46,59,59,13.08,4,37,
2-11,14:18:47,59,59,13.05,4,37,
2-11,14:18:47,59,59,13.08,4,37,
2-11,14:18:48,59,59,13.08,4,37,
2-11,14:18:48,59,59,13.07,4,37,
2-11,14:18:49,58,58,13.05,4,37,
2-11,14:18:49,63,63,13.06,4,37,
2-11,14:18:50,59,59,13.02,4,37,
2-11,14:18:50,59,59,12.53,4,37,
2-11,14:18:51,65,65,11.56,4,37,
2-11,14:18:51,62,62,11.61,4,37,
2-11,14:18:52,63,63,13.09,4,37,
2-11,14:18:52,64,64,13.13,4,37,
2-11,14:18:53,64,64,13.12,4,37,
2-11,14:18:53,64,64,13.11,4,37,
2-11,14:18:54,64,64,13.12,4,37,
2-11,14:18:54,65,65,13.1,4,37,
2-11,14:18:55,64,64,13.06,4,37,
2-11,14:18:55,62,62,13.03,4,37,
2-11,14:18:56,62,62,13.01,4,37,
2-11,14:18:56,62,62,13.01,4,37,
2-11,14:18:57,62,62,13,4,37,
2-11,14:18:57,63,63,13.03,4,37,
2-11,14:18:58,63,63,12.99,4,37,
2-11,14:18:58,64,64,13,4,37,
2-11,14:18:59,64,64,12.98,4,37,
2-11,14:18:59,65,65,13.03,4,37,
2-11,14:19:0,66,66,13.03,4,37,
2-11,14:19:0,66,66,13,4,37,
2-11,14:19:1,66,66,12.99,4,37,
2-11,14:19:1,67,67,13.01,4,37,
2-11,14:19:2,67,67,13.01,4,37,
2-11,14:19:2,68,68,13,4,37,
2-11,14:19:3,68,68,13.02,4,37,
2-11,14:19:3,68,68,13.02,4,37,
2-11,14:19:4,67,67,13,4,37,
2-11,14:19:4,68,68,13.02,4,37,
2-11,14:19:5,68,68,13.03,4,37,
2-11,14:19:5,68,68,13.01,4,37,
2-11,14:19:6,69,69,13.06,4,37,
2-11,14:19:6,68,68,13.02,4,37,
2-11,14:19:7,69,69,13.01,4,37,
2-11,14:19:7,69,69,13.06,4,37,
2-11,14:19:8,69,69,13.04,4,37,
2-11,14:19:8,69,69,13.06,4,37,
2-11,14:19:9,70,70,13.06,4,37,
2-11,14:19:9,70,70,13.04,4,37,
2-11,14:19:10,70,70,13.07,4,37,
2-11,14:19:10,70,70,13.08,4,37,
2-11,14:19:11,70,70,13.07,4,37,
2-11,14:19:11,69,69,13.07,4,37,
2-11,14:19:12,70,70,13.09,4,37,
2-11,14:19:12,70,70,13.08,4,37,
2-11,14:19:13,69,69,13.05,4,37,
2-11,14:19:13,70,70,13.08,4,37,
2-11,14:19:14,70,70,13.1,4,37,
2-11,14:19:14,69,69,13.07,4,37,
2-11,14:19:15,70,70,13.09,4,37,
2-11,14:19:15,69,69,13.07,4,37,
2-11,14:19:16,70,70,13.07,4,37,
2-11,14:19:16,70,70,13.1,4,37,
2-11,14:19:17,69,69,13.07,4,37,
2-11,14:19:17,70,70,13.08,4,37,
2-11,14:19:18,69,69,13.07,4,37,
2-11,14:19:18,70,70,13.09,4,37,
2-11,14:19:19,69,69,13.06,4,37,
2-11,14:19:19,69,69,13.07,4,37,
2-11,14:19:20,69,69,13.07,4,37,
2-11,14:19:20,69,69,13.07,4,37,
2-11,14:19:21,69,69,13.08,4,37,
2-11,14:19:21,70,70,13.09,4,37,
2-11,14:19:22,68,68,13.04,4,37,
2-11,14:19:22,69,69,13.06,4,37,
2-11,14:19:23,69,69,13.07,4,37,
2-11,14:19:23,69,69,13.11,4,37,
2-11,14:19:24,68,68,13.07,4,37,
2-11,14:19:24,69,69,13.08,4,37,
2-11,14:19:25,68,68,13.07,4,37,
2-11,14:19:25,68,68,13.06,4,37,
2-11,14:19:26,68,68,13.11,4,37,
2-11,14:19:26,68,68,13.07,4,37,
2-11,14:19:27,68,68,13.08,4,37,
2-11,14:19:27,68,68,13.08,4,37,
2-11,14:19:28,68,68,13.09,4,37,
2-11,14:19:28,68,68,13.1,4,37,
2-11,14:19:29,67,67,13.09,4,37,
2-11,14:19:29,68,68,13.06,4,37,
2-11,14:19:30,67,67,13.08,4,37,
2-11,14:19:30,67,67,13.05,4,37,
2-11,14:19:31,67,67,13.08,4,37,
2-11,14:19:31,68,68,13.08,4,37,
2-11,14:19:32,67,67,13.1,4,37,
2-11,14:19:32,68,68,13.1,4,37,
2-11,14:19:33,68,68,13.1,4,37,
2-11,14:19:33,68,68,13.1,4,37,
2-11,14:19:34,67,67,13.09,4,37,
2-11,14:19:34,66,66,13.06,4,37,
2-11,14:19:35,66,66,13.07,4,37,
2-11,14:19:35,66,66,13.08,4,37,
2-11,14:19:36,68,68,13.13,4,37,
2-11,14:19:36,67,67,13.08,4,37,
2-11,14:19:37,67,67,13.09,4,37,
2-11,14:19:37,67,67,13.1,4,37,
2-11,14:19:38,66,66,13.06,4,37,
2-11,14:19:38,66,66,13.08,4,37,
2-11,14:19:39,66,66,13.08,4,37,
2-11,14:19:39,66,66,13.09,4,37,
2-11,14:19:40,66,66,13.07,4,37,
2-11,14:19:40,66,66,13.09,4,37,
2-11,14:19:41,66,66,13.08,4,37,
2-11,14:19:41,66,66,13.1,4,37,
2-11,14:19:42,65,65,13.07,4,37,
2-11,14:19:42,66,66,13.08,4,37,
2-11,14:19:43,65,65,13.07,4,37,
2-11,14:19:43,65,65,13.08,4,37,
2-11,14:19:44,64,64,13.05,4,37,
2-11,14:19:44,65,65,13.06,4,37,
2-11,14:19:45,65,65,13.09,4,37,
2-11,14:19:45,66,66,13.1,4,37,
2-11,14:19:46,65,65,13.08,4,37,
2-11,14:19:46,65,65,13.09,4,37,
2-11,14:19:47,65,65,13.08,4,37,
2-11,14:19:47,65,65,13.09,4,37,
2-11,14:19:48,64,64,13.07,4,37,
2-11,14:19:48,65,65,13.11,4,37,
2-11,14:19:49,64,64,13.06,4,37,
2-11,14:19:49,64,64,13.06,4,37,
2-11,14:19:50,65,65,13.1,4,37,
2-11,14:19:50,65,65,13.08,4,37,
2-11,14:19:51,63,63,13.05,4,37,
2-11,14:19:51,64,64,13.1,4,37,
2-11,14:19:52,63,63,13.08,4,37,
2-11,14:19:52,63,63,13.07,4,37,
2-11,14:19:53,64,64,13.11,4,37,
2-11,14:19:53,63,63,13.07,4,37,
2-11,14:19:54,64,64,13.11,4,37,
2-11,14:19:54,63,63,13.05,4,37,
2-11,14:19:55,63,63,13.1,4,37,
2-11,14:19:55,63,63,13.1,4,37,
2-11,14:19:56,63,63,13.1,4,37,
2-11,14:19:56,63,63,13.08,4,37,
2-11,14:19:57,62,62,13.06,4,37,
2-11,14:19:57,63,63,13.07,4,37,
2-11,14:19:58,63,63,13.1,4,37,
2-11,14:19:58,63,63,13.09,4,37,
2-11,14:19:59,63,63,13.08,4,37,
2-11,14:19:59,62,62,13.08,4,37,
2-11,14:20:0,61,61,13.06,4,37,
2-11,14:20:0,62,62,13.09,4,37,
2-11,14:20:1,62,62,13.1,4,37,
2-11,14:20:1,62,62,13.09,4,37,
2-11,14:20:2,62,62,13.07,4,37,
2-11,14:20:2,62,62,13.1,4,37,
2-11,14:20:3,62,62,13.11,4,37,
2-11,14:20:3,62,62,13.09,4,37,
2-11,14:20:4,62,62,13.08,4,37,
2-11,14:20:4,62,62,13.09,4,37,
2-11,14:20:5,62,62,13.08,4,37,
2-11,14:20:5,62,62,13.09,4,37,
2-11,14:20:6,62,62,13.09,4,37,
2-11,14:20:6,61,61,13.09,4,37,
2-11,14:20:7,61,61,13.08,4,37,
2-11,14:20:7,61,61,13.07,4,37,
2-11,14:20:8,61,61,13.09,4,37,
2-11,14:20:8,62,62,13.1,4,37,
2-11,14:20:9,62,62,13.09,4,37,
2-11,14:20:9,60,60,13.06,4,37,
2-11,14:20:10,60,60,13.07,4,37,
2-11,14:20:10,61,61,13.07,4,37,
2-11,14:20:11,61,61,13.07,4,37,
2-11,14:20:11,61,61,13.09,4,37,
2-11,14:20:12,62,62,13.09,4,37,
2-11,14:20:12,61,61,13.08,4,37,
2-11,14:20:13,60,60,13.06,4,37,
2-11,14:20:13,61,61,13.07,4,37,
2-11,14:20:14,61,61,13.07,4,37,
2-11,14:20:14,61,61,13.09,4,37,
2-11,14:20:15,61,61,13.08,4,37,
2-11,14:20:15,61,61,13.07,4,37,
2-11,14:20:16,61,61,13.07,4,37,
2-11,14:20:16,61,61,13.07,4,37,
2-11,14:20:17,61,61,13.07,4,37,
2-11,14:20:17,62,62,13.1,4,37,
2-11,14:20:18,61,61,13.08,4,37,
2-11,14:20:18,61,61,13.09,4,37,
2-11,14:20:19,60,60,13.05,4,37,
2-11,14:20:19,61,61,13.08,4,37,
2-11,14:20:20,60,60,13.06,4,37,
2-11,14:20:20,59,59,13.04,4,37,
2-11,14:20:21,61,61,13.09,4,37,
2-11,14:20:21,59,59,13.04,4,37,
2-11,14:20:22,60,60,13.08,4,37,
2-11,14:20:22,59,59,13.05,4,37,
2-11,14:20:23,59,59,13.05,4,37,
2-11,14:20:23,60,60,13.06,4,37,
2-11,14:20:24,60,60,13.07,4,37,
2-11,14:20:24,60,60,13.09,4,37,
2-11,14:20:25,60,60,13.07,4,37,
2-11,14:20:25,61,61,13.08,4,37,
2-11,14:20:26,60,60,13.07,4,37,
2-11,14:20:26,60,60,13.08,4,37,
2-11,14:20:27,60,60,13.07,4,37,
2-11,14:20:27,60,60,13.07,4,37,
2-11,14:20:28,60,60,13.06,4,37,
2-11,14:20:28,60,60,13.07,4,37,
2-11,14:20:29,59,59,13.05,4,37,
2-11,14:20:29,60,60,13.05,4,37,
2-11,14:20:30,60,60,13.06,4,37,
2-11,14:20:30,60,60,13.06,4,37,
2-11,14:20:31,61,61,13.08,4,37,
2-11,14:20:31,60,60,13.07,4,37,
2-11,14:20:32,59,59,13.06,4,37,
2-11,14:20:32,60,60,13.08,4,37,
2-11,14:20:33,59,59,13.05,4,37,
2-11,14:20:33,60,60,13.08,4,37,
2-11,14:20:34,61,61,13.08,4,37,
2-11,14:20:34,58,58,13.03,4,37,
2-11,14:20:35,59,59,13.05,4,37,
2-11,14:20:35,59,59,13.04,4,37,
2-11,14:20:36,59,59,13.06,4,37,
2-11,14:20:36,60,60,13.08,4,37,
2-11,14:20:37,60,60,13.07,4,37,
2-11,14:20:37,59,59,13.06,4,37,
2-11,14:20:38,60,60,13.07,4,37,
2-11,14:20:38,59,59,13.05,4,37,
2-11,14:20:39,59,59,13.05,4,37,
2-11,14:20:39,59,59,13.05,4,37,
2-11,14:20:40,58,58,13.03,4,37,
2-11,14:20:40,60,60,13.08,4,37,
2-11,14:20:41,59,59,13.05,4,37,
2-11,14:20:41,58,58,13.04,4,37,
2-11,14:20:42,57,57,13,4,37,
2-11,14:20:42,60,60,13.08,4,37,
2-11,14:20:43,59,59,13.04,4,37,
2-11,14:20:43,58,58,13.02,4,37,
2-11,14:20:44,61,61,13.07,4,37,
2-11,14:20:44,60,60,13.1,4,37,
2-11,14:20:45,59,59,13.06,4,37,
2-11,14:20:45,60,60,13.08,4,37,
2-11,14:20:46,60,60,13.06,4,37,
2-11,14:20:46,60,60,13.06,4,37,
2-11,14:20:47,60,60,13.07,4,37,
2-11,14:20:47,59,59,13.04,4,37,
2-11,14:20:48,60,60,13.06,4,37,
2-11,14:20:48,58,58,13.02,4,37,
2-11,14:20:49,59,59,13.04,4,37,
2-11,14:20:49,61,61,13.08,4,37,
2-11,14:20:50,60,60,13.06,4,37,
2-11,14:20:50,60,60,13.08,4,37,
2-11,14:20:51,60,60,13.08,4,37,
2-11,14:20:51,60,60,13.07,4,37,
2-11,14:20:52,59,59,13.04,4,37,
2-11,14:20:52,60,60,13.06,4,37,
2-11,14:20:53,59,59,13.03,4,37,
2-11,14:20:53,59,59,13.04,4,37,
2-11,14:20:54,58,58,13.03,4,37,
2-11,14:20:54,59,59,13.03,4,37,
2-11,14:20:55,59,59,13.06,4,37,
2-11,14:20:55,59,59,13.04,4,37,
2-11,14:20:56,59,59,13.06,4,37,
2-11,14:20:56,59,59,13.04,4,37,
2-11,14:20:57,60,60,13.08,4,37,
2-11,14:20:57,59,59,13.04,4,37,
2-11,14:20:58,60,60,13.05,4,37,
2-11,14:20:58,59,59,13.05,4,37,
2-11,14:20:59,60,60,13.05,4,37,
2-11,14:20:59,60,60,13.07,4,37,
2-11,14:21:0,60,60,13.08,4,37,
2-11,14:21:0,59,59,13.06,4,37,
2-11,14:21:1,59,59,13.04,4,37,
2-11,14:21:1,59,59,13.06,4,37,
2-11,14:21:2,60,60,13.07,4,37,
2-11,14:21:2,60,60,13.07,4,37,
2-11,14:21:3,59,59,13.04,4,37,
2-11,14:21:3,60,60,13.07,4,37,
2-11,14:21:4,59,59,13.06,4,37,
2-11,14:21:4,60,60,13.08,4,37,
2-11,14:21:5,59,59,13.06,4,37,
2-11,14:21:5,60,60,13.08,4,37,
2-11,14:21:6,59,59,13.04,4,37,
2-11,14:21:6,58,58,13.02,4,37,
2-11,14:21:7,58,58,13.04,4,37,
2-11,14:21:7,59,59,13.05,4,37,
2-11,14:21:8,58,58,13.03,4,37,
2-11,14:21:8,58,58,13.04,4,37,
2-11,14:21:9,59,59,13.06,4,37,
2-11,14:21:9,58,58,13.02,4,37,
2-11,14:21:10,60,60,13.08,4,37,
2-11,14:21:10,60,60,13.07,4,37,
2-11,14:21:11,59,59,13.07,4,37,
2-11,14:21:11,59,59,13.05,4,37,
2-11,14:21:12,58,58,13.03,4,37,
2-11,14:21:12,59,59,13.05,4,37,
2-11,14:21:13,59,59,13.07,4,37,
2-11,14:21:13,58,58,13.04,4,37,
2-11,14:21:14,58,58,13.04,4,37,
2-11,14:21:14,60,60,13.08,4,37,
2-11,14:21:15,59,59,13.06,4,37,
2-11,14:21:15,59,59,13.06,4,37,
2-11,14:21:16,58,58,13.04,4,37,
2-11,14:21:16,59,59,13.06,4,37,
2-11,14:21:17,58,58,13.03,4,37,
2-11,14:21:17,58,58,13.04,4,37,
2-11,14:21:18,58,58,13.07,4,37,
2-11,14:21:18,59,59,13.07,4,37,
2-11,14:21:19,58,58,13.02,4,37,
2-11,14:21:19,60,60,13.09,4,37,
2-11,14:21:20,58,58,13.05,4,37,
2-11,14:21:20,58,58,13.07,4,37,
2-11,14:21:21,58,58,13.03,4,37,
2-11,14:21:21,58,58,13.06,4,37,
2-11,14:21:22,59,59,13.09,4,37,
2-11,14:21:22,59,59,13.09,4,37,
2-11,14:21:23,58,58,13.03,4,37,
2-11,14:21:23,59,59,13.09,4,37,
2-11,14:21:24,59,59,13.08,4,37,
2-11,14:21:24,59,59,13.08,4,37,
2-11,14:21:25,59,59,13.07,4,37,
2-11,14:21:25,60,60,13.08,4,37,
2-11,14:21:26,59,59,13.07,4,37,
2-11,14:21:26,58,58,13.07,4,37,
2-11,14:21:27,59,59,13.09,4,37,
2-11,14:21:27,57,57,13.04,4,37,
2-11,14:21:28,59,59,13.09,4,37,
2-11,14:21:28,58,58,13.07,4,37,
2-11,14:21:29,58,58,13.05,4,37,
2-11,14:21:29,58,58,13.06,4,37,
2-11,14:21:30,59,59,13.06,4,37,
2-11,14:21:30,58,58,13.07,4,37,
2-11,14:21:31,57,57,13.04,4,37,
2-11,14:21:31,58,58,13.06,4,37,
2-11,14:21:32,59,59,13.08,4,37,
2-11,14:21:32,59,59,13.08,4,37,
2-11,14:21:33,59,59,13.09,4,37,
2-11,14:21:33,58,58,13.05,4,37,
2-11,14:21:34,57,57,13.04,4,37,
2-11,14:21:34,58,58,13.07,4,37,
2-11,14:21:35,58,58,13.07,4,37,
2-11,14:21:35,58,58,13.04,4,37,
2-11,14:21:36,59,59,13.09,4,37,
2-11,14:21:36,59,59,13.07,4,37,
2-11,14:21:37,58,58,13.07,4,37,
2-11,14:21:37,58,58,13.05,4,37,
2-11,14:21:38,58,58,13.06,4,37,
2-11,14:21:38,58,58,13.08,4,37,
2-11,14:21:39,57,57,13.04,4,37,
2-11,14:21:39,58,58,13.06,4,37,
2-11,14:21:40,59,59,13.1,4,37,
2-11,14:21:40,56,56,13.03,4,37,
2-11,14:21:41,59,59,13.09,4,37,
2-11,14:21:41,58,58,13.05,4,37,
2-11,14:21:42,58,58,13.06,4,37,
2-11,14:21:42,58,58,13.07,4,37,
2-11,14:21:43,57,57,13.04,4,37,
2-11,14:21:43,58,58,13.07,4,37,
2-11,14:21:44,58,58,13.09,4,37,
2-11,14:21:44,57,57,13.06,4,37,
2-11,14:21:45,58,58,13.05,4,37,
2-11,14:21:45,58,58,13.07,4,37,
2-11,14:21:46,58,58,13.11,4,37,
2-11,14:21:46,58,58,13.08,4,37,
2-11,14:21:47,58,58,13.07,4,37,
2-11,14:21:47,58,58,13.07,4,37,
2-11,14:21:48,56,56,13.05,4,37,
2-11,14:21:48,57,57,13.03,4,37,
2-11,14:21:49,59,59,13.08,4,37,
2-11,14:21:49,58,58,13.07,4,37,
2-11,14:21:50,57,57,13.06,4,37,
2-11,14:21:50,57,57,13.07,4,37,
2-11,14:21:51,57,57,13.06,4,37,
2-11,14:21:51,56,56,13.03,4,37,
2-11,14:21:52,56,56,13.03,4,37,
2-11,14:21:52,58,58,13.09,4,37,
2-11,14:21:53,58,58,13.07,4,37,
2-11,14:21:53,58,58,13.09,4,37,
2-11,14:21:54,57,57,13.05,4,37,
2-11,14:21:54,58,58,13.08,4,37,
2-11,14:21:55,59,59,13.09,4,37,
2-11,14:21:55,57,57,13.06,4,37,
2-11,14:21:56,57,57,13.07,4,37,
2-11,14:21:56,56,56,13.04,4,37,
2-11,14:21:57,57,57,13.06,4,37,
2-11,14:21:57,57,57,13.06,4,37,
2-11,14:21:58,57,57,13.06,4,37,
2-11,14:21:58,58,58,13.08,4,37,
2-11,14:21:59,57,57,13.08,4,37,
2-11,14:21:59,59,59,13.1,4,37,
2-11,14:22:0,58,58,13.1,4,37,
2-11,14:22:0,58,58,13.08,4,37,
2-11,14:22:1,59,59,13.1,4,37,
2-11,14:22:1,56,56,13.05,4,37,
2-11,14:22:2,57,57,13.09,4,37,
2-11,14:22:2,58,58,13.09,4,37,
2-11,14:22:3,56,56,13.05,4,37,
2-11,14:22:3,55,55,13.02,4,37,
2-11,14:22:4,56,56,13.04,4,37,
2-11,14:22:4,58,58,13.08,4,37,
2-11,14:22:5,58,58,13.1,4,37,
2-11,14:22:5,57,57,13.05,4,37,
2-11,14:22:6,56,56,13.04,4,37,
2-11,14:22:6,57,57,13.05,4,37,
2-11,14:22:7,56,56,13.05,4,37,
2-11,14:22:7,58,58,13.08,4,37,
2-11,14:22:8,57,57,13.08,4,37,
2-11,14:22:8,56,56,13.06,4,37,
2-11,14:22:9,57,57,13.05,4,37,
2-11,14:22:9,57,57,13.07,4,37,
2-11,14:22:10,57,57,13.07,4,37,
2-11,14:22:10,57,57,13.08,4,37,
2-11,14:22:11,57,57,13.07,4,37,
2-11,14:22:11,57,57,13.05,4,37,
2-11,14:22:12,56,56,13.05,4,37,
2-11,14:22:12,57,57,13.08,4,37,
2-11,14:22:13,57,57,13.08,4,37,
2-11,14:22:13,55,55,13.02,4,37,
2-11,14:22:14,58,58,13.08,4,37,
2-11,14:22:14,58,58,13.09,4,37,
2-11,14:22:15,58,58,13.09,4,37,
2-11,14:22:15,58,58,13.08,4,37,
2-11,14:22:16,57,57,13.06,4,37,
2-11,14:22:16,57,57,13.08,4,37,
2-11,14:22:17,58,58,13.09,4,37,
2-11,14:22:17,58,58,13.08,4,37,
2-11,14:22:18,57,57,13.07,4,37,
2-11,14:22:18,58,58,13.08,4,37,
2-11,14:22:19,58,58,13.07,4,37,
2-11,14:22:19,57,57,13.07,4,37,
2-11,14:22:20,56,56,13.06,4,37,
2-11,14:22:20,57,57,13.06,4,37,
2-11,14:22:21,58,58,13.09,4,37,
2-11,14:22:21,58,58,13.09,4,37,
2-11,14:22:22,58,58,13.08,4,37,
2-11,14:22:22,58,58,13.08,4,37,
2-11,14:22:23,58,58,13.08,4,37,
2-11,14:22:23,58,58,13.1,4,37,
2-11,14:22:24,57,57,13.05,4,37,
2-11,14:22:24,58,58,13.07,4,37,
2-11,14:22:25,57,57,13.07,4,37,
2-11,14:22:25,59,59,13.09,4,37,
2-11,14:22:26,58,58,13.09,4,37,
2-11,14:22:26,58,58,13.09,4,37,
2-11,14:22:27,57,57,13.06,4,37,
2-11,14:22:27,58,58,13.06,4,37,
2-11,14:22:28,59,59,13.1,4,37,
2-11,14:22:28,57,57,13.04,4,37,
2-11,14:22:29,58,58,13.06,4,37,
2-11,14:22:29,58,58,13.08,4,37,
2-11,14:22:30,58,58,13.06,4,37,
2-11,14:22:30,59,59,13.08,4,37,
2-11,14:22:31,58,58,13.08,4,37,
2-11,14:22:31,59,59,13.07,4,37,
2-11,14:22:32,58,58,13.07,4,37,
2-11,14:22:32,57,57,13.04,4,37,
2-11,14:22:33,58,58,13.08,4,37,
2-11,14:22:33,59,59,13.11,4,37,
2-11,14:22:34,59,59,13.07,4,37,
2-11,14:22:34,58,58,13.06,4,37,
2-11,14:22:35,59,59,13.09,4,37,
2-11,14:22:35,58,58,13.06,4,37,
2-11,14:22:36,58,58,13.07,4,37,
2-11,14:22:36,58,58,13.06,4,37,
2-11,14:22:37,57,57,13.04,4,37,
2-11,14:22:37,57,57,13.04,4,37,
2-11,14:22:38,58,58,13.06,4,37,
2-11,14:22:38,58,58,13.07,4,37,
2-11,14:22:39,58,58,13.07,4,37,
2-11,14:22:39,58,58,13.07,4,37,
2-11,14:22:40,60,60,13.09,4,37,
2-11,14:22:40,59,59,13.08,4,37,
2-11,14:22:41,58,58,13.07,4,37,
2-11,14:22:41,58,58,13.06,4,37,
2-11,14:22:42,60,60,13.09,4,37,
2-11,14:22:42,57,57,13.04,4,37,
2-11,14:22:43,60,60,13.09,4,37,
2-11,14:22:43,58,58,13.04,4,37,
2-11,14:22:44,59,59,13.08,4,37,
2-11,14:22:44,58,58,13.04,4,37,
2-11,14:22:45,57,57,13.03,4,37,
2-11,14:22:45,58,58,13.06,4,37,
2-11,14:22:46,59,59,13.07,4,37,
2-11,14:22:46,59,59,13.09,4,37,
2-11,14:22:47,59,59,13.05,4,37,
2-11,14:22:47,59,59,13.08,4,37,
2-11,14:22:48,58,58,13.05,4,37,
2-11,14:22:48,58,58,13.05,4,37,
2-11,14:22:49,59,59,13.07,4,37,
2-11,14:22:49,58,58,13.05,4,37,
2-11,14:22:50,60,60,13.08,4,37,
2-11,14:22:50,60,60,13.09,4,37,
2-11,14:22:51,60,60,13.08,4,37,
2-11,14:22:51,58,58,13.04,4,37,
2-11,14:22:52,57,57,13.03,4,37,
2-11,14:22:52,58,58,13.06,4,37,
2-11,14:22:53,60,60,13.08,4,37,
2-11,14:22:53,59,59,13.06,4,37,
2-11,14:22:54,59,59,13.06,4,37,
2-11,14:22:54,58,58,13.02,4,37,
2-11,14:22:55,58,58,13.03,4,37,
2-11,14:22:55,58,58,13.05,4,37,
2-11,14:22:56,58,58,13.04,4,37,
2-11,14:22:56,59,59,13.08,4,37,
2-11,14:22:57,58,58,13.05,4,37,
2-11,14:22:57,58,58,13.05,4,37,
2-11,14:22:58,58,58,13.05,4,37,
2-11,14:22:58,58,58,13.03,4,37,
2-11,14:22:59,58,58,13.06,4,37,
2-11,14:22:59,59,59,13.06,4,37,
2-11,14:23:0,58,58,13.04,4,37,
2-11,14:23:0,58,58,13.06,4,37,
2-11,14:23:1,59,59,13.07,4,37,
2-11,14:23:1,58,58,13.03,4,37,
2-11,14:23:2,60,60,13.05,4,37,
2-11,14:23:2,58,58,13.02,4,37,
2-11,14:23:3,59,59,13.04,4,37,
2-11,14:23:3,59,59,13.05,4,37,
2-11,14:23:4,60,60,13.06,4,37,
2-11,14:23:4,60,60,13.06,4,37,
2-11,14:23:5,60,60,13.06,4,37,
2-11,14:23:5,60,60,13.06,4,37,
2-11,14:23:6,59,59,13.04,4,37,
2-11,14:23:6,58,58,13.01,4,37,
2-11,14:23:7,58,58,13.02,4,37,
2-11,14:23:7,60,60,13.06,4,37,
2-11,14:23:8,59,59,13.04,4,37,
2-11,14:23:8,60,60,13.06,4,37,
2-11,14:23:9,58,58,13.02,4,37,
2-11,14:23:9,58,58,13.02,4,37,
2-11,14:23:10,60,60,13.05,4,37,
2-11,14:23:10,59,59,13.04,4,37,
2-11,14:23:11,60,60,13.08,4,37,
2-11,14:23:11,59,59,13.05,4,37,
2-11,14:23:12,59,59,13.07,4,37,
2-11,14:23:12,59,59,13.04,4,37,
2-11,14:23:13,59,59,13.05,4,37,
2-11,14:23:13,60,60,13.05,4,37,
2-11,14:23:14,59,59,13.05,4,37,
2-11,14:23:14,60,60,13.05,4,37,
2-11,14:23:15,60,60,13.07,4,37,
2-11,14:23:15,58,58,13.02,4,37,
2-11,14:23:16,58,58,13.02,4,37,
2-11,14:23:16,59,59,13.05,4,37,
2-11,14:23:17,60,60,13.06,4,37,
2-11,14:23:17,59,59,13.04,4,37,
2-11,14:23:18,60,60,13.06,4,37,
2-11,14:23:18,60,60,13.06,4,37,
2-11,14:23:19,59,59,13.06,4,37,
2-11,14:23:19,59,59,13.06,4,37,
2-11,14:23:20,58,58,13.01,4,37,
2-11,14:23:20,59,59,13.06,4,37,
2-11,14:23:21,59,59,13.06,4,37,
2-11,14:23:21,59,59,13.07,4,37,
2-11,14:23:22,60,60,13.08,4,37,
2-11,14:23:22,58,58,13.02,4,37,
2-11,14:23:23,58,58,13.04,4,37,
2-11,14:23:23,59,59,13.06,4,37,
2-11,14:23:24,61,61,13.09,4,37,
2-11,14:23:24,59,59,13.04,4,37,
2-11,14:23:25,59,59,13.06,4,37,
2-11,14:23:25,59,59,13.05,4,37,
2-11,14:23:26,59,59,13.07,4,37,
2-11,14:23:26,58,58,13.04,4,37,
2-11,14:23:27,59,59,13.06,4,37,
2-11,14:23:27,58,58,13.05,4,37,
2-11,14:23:28,58,58,13.04,4,37,
2-11,14:23:28,57,57,13.03,4,37,
2-11,14:23:29,59,59,13.06,4,37,
2-11,14:23:29,57,57,13.03,4,37,
2-11,14:23:30,59,59,13.06,4,37,
2-11,14:23:30,58,58,13.06,4,37,
2-11,14:23:31,57,57,12.99,4,37,
2-11,14:23:31,57,57,13.03,4,37,
2-11,14:23:32,57,57,13.03,4,37,
2-11,14:23:32,60,60,13.08,4,37,
2-11,14:23:33,59,59,13.08,4,37,
2-11,14:23:33,58,58,13.05,4,37,
2-11,14:23:34,58,58,13.04,4,37,
2-11,14:23:34,57,57,13.01,4,37,
2-11,14:23:35,58,58,13.03,4,37,
2-11,14:23:35,59,59,13.08,4,37,
2-11,14:23:36,58,58,13.04,4,37,
2-11,14:23:36,58,58,13.03,4,37,
2-11,14:23:37,59,59,13.06,4,37,
2-11,14:23:37,59,59,13.06,4,37,
2-11,14:23:38,58,58,13.06,4,37,
2-11,14:23:38,60,60,13.08,4,37,
2-11,14:23:39,59,59,13.05,4,37,
2-11,14:23:39,57,57,13.04,4,37,
2-11,14:23:40,58,58,13.05,4,37,
2-11,14:23:40,57,57,13.06,4,37,
2-11,14:23:41,57,57,13.03,4,37,
2-11,14:23:41,59,59,13.1,4,37,
2-11,14:23:42,59,59,13.08,4,37,
2-11,14:23:42,56,56,13,4,37,
2-11,14:23:43,58,58,13.05,4,37,
2-11,14:23:43,58,58,13.04,4,37,
2-11,14:23:44,57,57,13.03,4,37,
2-11,14:23:44,59,59,13.08,4,37,
2-11,14:23:45,58,58,13.04,4,37,
2-11,14:23:45,58,58,13.04,4,37,
2-11,14:23:46,59,59,13.1,4,37,
2-11,14:23:46,58,58,13.07,4,37,
2-11,14:23:47,59,59,13.07,4,37,
2-11,14:23:47,57,57,13.04,4,37,
2-11,14:23:48,60,60,13.09,4,37,
2-11,14:23:48,57,57,13.04,4,37,
2-11,14:23:49,58,58,13.05,4,37,
2-11,14:23:49,58,58,13.05,4,37,
2-11,14:23:50,58,58,13.04,4,37,
2-11,14:23:50,57,57,13.05,4,37,
2-11,14:23:51,57,57,13.05,4,37,
2-11,14:23:51,57,57,13.04,4,37,
2-11,14:23:52,60,60,13.08,4,37,
2-11,14:23:52,57,57,13.02,4,37,
2-11,14:23:53,59,59,13.07,4,37,
2-11,14:23:53,57,57,13.04,4,37,
2-11,14:23:54,57,57,13.03,4,37,
2-11,14:23:54,59,59,13.1,4,37,
2-11,14:23:55,59,59,13.05,4,37,
2-11,14:23:55,58,58,13.06,4,37,
2-11,14:23:56,57,57,13.03,4,37,
2-11,14:23:56,59,59,13.08,4,37,
2-11,14:23:57,58,58,13.07,4,37,
2-11,14:23:57,58,58,13.02,4,37,
2-11,14:23:58,59,59,13.07,4,37,
2-11,14:23:58,58,58,13.06,4,37,
2-11,14:23:59,58,58,13.07,4,37,
2-11,14:23:59,58,58,13.08,4,37,
2-11,14:24:0,59,59,13.08,4,37,
2-11,14:24:0,59,59,13.08,4,37,
2-11,14:24:1,59,59,13.07,4,37,
2-11,14:24:1,58,58,13.05,4,37,
2-11,14:24:2,58,58,13.04,4,37,
2-11,14:24:2,61,61,13.12,4,37,
2-11,14:24:3,58,58,13.02,4,37,
2-11,14:24:3,60,60,13.08,4,37,
2-11,14:24:4,58,58,13.05,4,37,
2-11,14:24:4,58,58,13.05,4,37,
2-11,14:24:5,57,57,13.02,4,37,
2-11,14:24:5,58,58,13.04,4,37,
2-11,14:24:6,58,58,13.05,4,37,
2-11,14:24:6,58,58,13.05,4,37,
2-11,14:24:7,59,59,13.08,4,37,
2-11,14:24:7,58,58,13.05,4,37,
2-11,14:24:8,58,58,13.06,4,37,
2-11,14:24:8,58,58,13.04,4,37,
2-11,14:24:9,58,58,13.05,4,37,
2-11,14:24:9,57,57,13.03,4,37,
2-11,14:24:10,59,59,13.07,4,37,
2-11,14:24:10,58,58,13.08,4,37,
2-11,14:24:11,58,58,13.06,4,37,
2-11,14:24:11,58,58,13.05,4,37,
2-11,14:24:12,58,58,13.04,4,37,
2-11,14:24:12,59,59,13.07,4,37,
2-11,14:24:13,57,57,13.02,4,37,
2-11,14:24:13,57,57,13.04,4,37,
2-11,14:24:14,58,58,13.05,4,37,
2-11,14:24:14,59,59,13.06,4,37,
2-11,14:24:15,59,59,13.09,4,37,
2-11,14:24:15,58,58,13.04,4,37,
2-11,14:24:16,59,59,13.08,4,37,
2-11,14:24:16,58,58,13.07,4,37,
2-11,14:24:17,57,57,13.02,4,37,
2-11,14:24:17,59,59,13.06,4,37,
2-11,14:24:18,59,59,13.06,4,37,
2-11,14:24:18,58,58,13.06,4,37,
2-11,14:24:19,59,59,13.06,4,37,
2-11,14:24:19,58,58,13.06,4,37,
2-11,14:24:20,58,58,13.07,4,37,
2-11,14:24:20,57,57,13.03,4,37,
2-11,14:24:21,59,59,13.09,4,37,
2-11,14:24:21,58,58,13.05,4,37,
2-11,14:24:22,59,59,13.07,4,37,
2-11,14:24:22,58,58,13.04,4,37,
2-11,14:24:23,58,58,13.06,4,37,
2-11,14:24:23,58,58,13.06,4,37,
2-11,14:24:24,58,58,13.03,4,37,
2-11,14:24:24,58,58,13.07,4,37,
2-11,14:24:25,58,58,13.05,4,37,
2-11,14:24:25,59,59,13.09,4,37,
2-11,14:24:26,58,58,13.04,4,37,
2-11,14:24:26,58,58,13.08,4,37,
2-11,14:24:27,58,58,13.06,4,37,
2-11,14:24:27,59,59,13.08,4,37,
2-11,14:24:28,58,58,13.05,4,37,
2-11,14:24:28,58,58,13.07,4,37,
2-11,14:24:29,58,58,13.04,4,37,
2-11,14:24:29,58,58,13.06,4,37,
2-11,14:24:30,58,58,13.06,4,37,
2-11,14:24:30,58,58,13.03,4,37,
2-11,14:24:31,59,59,13.07,4,37,
2-11,14:24:31,58,58,13.05,4,37,
2-11,14:24:32,57,57,13.04,4,37,
2-11,14:24:32,57,57,13.04,4,37,
2-11,14:24:33,58,58,13.09,4,37,
2-11,14:24:33,58,58,13.06,4,37,
2-11,14:24:34,59,59,13.1,4,37,
2-11,14:24:34,58,58,13.05,4,37,
2-11,14:24:35,58,58,13.05,4,37,
2-11,14:24:35,58,58,13.05,4,37,
2-11,14:24:36,59,59,13.1,4,37,
2-11,14:24:36,58,58,13.03,4,37,
2-11,14:24:37,57,57,13.05,4,37,
2-11,14:24:37,59,59,13.09,4,37,
2-11,14:24:38,56,56,13.01,4,37,
2-11,14:24:38,57,57,13.05,4,37,
2-11,14:24:39,58,58,13.06,4,37,
2-11,14:24:39,58,58,13.07,4,37,
2-11,14:24:40,58,58,13.06,4,37,
2-11,14:24:40,58,58,13.05,4,37,
2-11,14:24:41,58,58,13.06,4,37,
2-11,14:24:41,57,57,13.04,4,37,
2-11,14:24:42,58,58,13.07,4,37,
2-11,14:24:42,58,58,13.07,4,37,
2-11,14:24:43,57,57,13.05,4,37,
2-11,14:24:43,58,58,13.07,4,37,
2-11,14:24:44,57,57,13.03,4,37,
2-11,14:24:44,58,58,13.05,4,37,
2-11,14:24:45,59,59,13.07,4,37,
2-11,14:24:45,57,57,13.04,4,37,
2-11,14:24:46,56,56,13.04,4,37,
2-11,14:24:46,59,59,13.08,4,37,
2-11,14:24:47,57,57,13.02,4,37,
2-11,14:24:47,57,57,13.06,4,37,
2-11,14:24:48,58,58,13.07,4,37,
2-11,14:24:48,58,58,13.05,4,37,
2-11,14:24:49,55,55,13.01,4,37,
2-11,14:24:49,59,59,13.09,4,37,
2-11,14:24:50,58,58,13.06,4,37,
2-11,14:24:50,58,58,13.08,4,37,
2-11,14:24:51,58,58,13.08,4,37,
2-11,14:24:51,57,57,13.06,4,37,
2-11,14:24:52,56,56,13.03,4,37,
2-11,14:24:52,56,56,13.01,4,37,
2-11,14:24:53,60,60,13.12,4,37,
2-11,14:24:53,57,57,13.08,4,37,
2-11,14:24:54,58,58,13.07,4,37,
2-11,14:24:54,59,59,13.08,4,37,
2-11,14:24:55,57,57,13.06,4,37,
2-11,14:24:55,57,57,13.05,4,37,
2-11,14:24:56,57,57,13.06,4,37,
2-11,14:24:56,56,56,13.02,4,37,
2-11,14:24:57,58,58,13.08,4,37,
2-11,14:24:57,56,56,13.05,4,37,
2-11,14:24:58,59,59,13.08,4,37,
2-11,14:24:58,57,57,13.04,4,37,
2-11,14:24:59,57,57,13.05,4,37,
2-11,14:24:59,56,56,13.04,4,37,
2-11,14:25:0,58,58,13.07,4,37,
2-11,14:25:0,57,57,13.06,4,37,
2-11,14:25:1,58,58,13.09,4,37,
2-11,14:25:1,56,56,13.03,4,37,
2-11,14:25:2,57,57,13.06,4,37,
2-11,14:25:2,56,56,13.04,4,37,
2-11,14:25:3,56,56,13.04,4,37,
2-11,14:25:3,58,58,13.07,4,37,
2-11,14:25:4,57,57,13.07,4,37,
2-11,14:25:4,55,55,13.02,4,37,
2-11,14:25:5,57,57,13.05,4,37,
2-11,14:25:5,58,58,13.07,4,37,
2-11,14:25:6,57,57,13.04,4,37,
2-11,14:25:6,56,56,13.03,4,37,
2-11,14:25:7,56,56,13,4,37,
2-11,14:25:7,56,56,13.01,4,37,
2-11,14:25:8,58,58,13.09,4,37,
2-11,14:25:8,57,57,13.04,4,37,
2-11,14:25:9,57,57,13.05,4,37,
2-11,14:25:9,57,57,13.06,4,37,
2-11,14:25:10,56,56,13.03,4,37,
2-11,14:25:10,58,58,13.08,4,37,
2-11,14:25:11,58,58,13.06,4,37,
2-11,14:25:11,58,58,13.07,4,37,
2-11,14:25:12,56,56,13.03,4,37,
2-11,14:25:12,58,58,13.05,4,37,
2-11,14:25:13,57,57,13.04,4,37,
2-11,14:25:13,58,58,13.06,4,37,
2-11,14:25:14,58,58,13.09,4,37,
2-11,14:25:14,59,59,13.1,4,37,
2-11,14:25:15,57,57,13.03,4,37,
2-11,14:25:15,59,59,13.08,4,37,
2-11,14:25:16,57,57,13.05,4,37,
2-11,14:25:16,59,59,13.09,4,37,
2-11,14:25:17,57,57,13.04,4,37,
2-11,14:25:17,58,58,13.06,4,37,
2-11,14:25:18,57,57,13.04,4,37,
2-11,14:25:18,59,59,13.07,4,37,
2-11,14:25:19,58,58,13.07,4,37,
2-11,14:25:19,59,59,13.08,4,37,
2-11,14:25:20,59,59,13.09,4,37,
2-11,14:25:20,58,58,13.08,4,37,
2-11,14:25:21,60,60,13.08,4,37,
2-11,14:25:21,59,59,13.02,4,37,
2-11,14:25:22,56,56,12.57,4,37,
2-11,14:25:22,58,58,13.05,4,37,
2-11,14:25:23,57,57,12.45,4,37,
2-11,14:25:23,60,60,12.89,4,37,
2-11,14:25:24,57,57,12.64,4,37,
2-11,14:25:24,63,63,13.07,4,37,
2-11,14:25:25,64,64,13.08,4,37,
2-11,14:25:25,64,64,13.09,4,37,
2-11,14:25:26,64,64,13.07,4,37,
2-11,14:25:26,66,66,13.14,4,37,
2-11,14:25:27,67,67,13.12,4,37,
2-11,14:25:27,67,67,13.14,4,37,
2-11,14:25:28,67,67,13.1,4,37,
2-11,14:25:28,69,69,13.15,4,37,
2-11,14:25:29,69,69,13.17,4,37,
2-11,14:25:29,69,69,13.17,4,37,
2-11,14:25:30,70,70,13.15,4,37,
2-11,14:25:30,72,72,13.23,4,37,
2-11,14:25:31,72,72,13.17,4,37,
2-11,14:25:31,72,72,13.18,4,37,
2-11,14:25:32,72,72,13.19,4,37,
2-11,14:25:32,72,72,13.21,4,37,
2-11,14:25:33,74,74,13.22,4,37,
2-11,14:25:33,74,74,13.22,4,37,
2-11,14:25:34,75,75,13.23,4,37,
2-11,14:25:34,74,74,13.23,4,37,
2-11,14:25:35,74,74,13.2,4,37,
2-11,14:25:35,75,75,13.15,4,37,
2-11,14:25:36,75,75,13.21,4,37,
2-11,14:25:36,75,75,13.21,4,37,
2-11,14:25:37,74,74,13.19,4,37,
2-11,14:25:37,75,75,13.17,4,37,
2-11,14:25:38,75,75,13.13,4,37,
2-11,14:25:38,75,75,13.16,4,37,
2-11,14:25:39,69,69,12.74,4,37,
2-11,14:25:39,74,74,13.1,4,37,
2-11,14:25:40,73,73,13.09,4,37,
2-11,14:25:40,72,72,12.9,4,37,
2-11,14:25:41,74,74,13.13,4,37,
2-11,14:25:41,70,70,12.74,4,37,
2-11,14:25:42,72,72,13.09,4,37,
2-11,14:25:42,74,74,13.15,4,37,
2-11,14:25:43,70,70,12.49,4,37,
2-11,14:25:43,74,74,13.09,4,37,
2-11,14:25:44,70,70,12.94,4,37,
2-11,14:25:44,74,74,13.1,4,37,
2-11,14:25:45,74,74,13.14,4,37,
2-11,14:25:45,70,70,12.67,4,37,
2-11,14:25:46,73,73,13.09,4,37,
2-11,14:25:46,73,73,13.11,4,37,
2-11,14:25:47,72,72,13.09,4,37,
2-11,14:25:47,74,74,13.13,4,37,
2-11,14:25:48,73,73,13.12,4,37,
2-11,14:25:48,74,74,13.21,4,37,
2-11,14:25:49,74,74,13.19,4,37,
2-11,14:25:49,74,74,13.14,4,37,
2-11,14:25:50,73,73,13.1,4,37,
2-11,14:25:50,69,69,12.74,4,37,
2-11,14:25:51,72,72,13.11,4,37,
2-11,14:25:51,72,72,12.84,4,37,
2-11,14:25:52,73,73,13.11,4,37,
2-11,14:25:52,67,67,12.75,4,37,
2-11,14:25:53,73,73,13.1,4,37,
2-11,14:25:53,71,71,13.05,4,37,
2-11,14:25:54,71,71,12.09,4,37,
2-11,14:25:54,67,67,12.66,4,37,
2-11,14:25:55,68,68,12.29,4,37,
2-11,14:25:55,70,70,12.18,4,37,
2-11,14:25:56,67,67,12.62,4,37,
2-11,14:25:56,72,72,13.1,4,37,
2-11,14:25:57,71,71,13.11,4,37,
2-11,14:25:57,71,71,13.08,4,37,
2-11,14:25:58,70,70,13.07,4,37,
2-11,14:25:58,71,71,13.11,4,37,
2-11,14:25:59,69,69,13.05,4,37,
2-11,14:25:59,69,69,13.06,4,37,
2-11,14:26:0,70,70,13.1,4,37,
2-11,14:26:0,70,70,13.09,4,37,
2-11,14:26:1,70,70,13.07,4,37,
2-11,14:26:1,69,69,13.08,4,37,
2-11,14:26:2,69,69,13.09,4,37,
2-11,14:26:2,68,68,13.07,4,37,
2-11,14:26:3,68,68,13.13,4,37,
2-11,14:26:3,67,67,13.09,4,37,
2-11,14:26:4,67,67,13.12,4,37,
2-11,14:26:4,67,67,13.1,4,37,
2-11,14:26:5,66,66,13.03,4,37,
2-11,14:26:5,64,64,12.94,4,37,
2-11,14:26:6,65,65,13.07,4,37,
2-11,14:26:6,64,64,13.04,4,37,
2-11,14:26:7,64,64,12.83,4,37,
2-11,14:26:7,63,63,13.06,4,37,
2-11,14:26:8,64,64,13.07,4,37,
2-11,14:26:8,65,65,13.11,4,37,
2-11,14:26:9,63,63,13.08,4,37,
2-11,14:26:9,62,62,13.09,4,37,
2-11,14:26:10,65,65,13.13,4,37,
2-11,14:26:10,62,62,13.07,4,37,
2-11,14:26:11,62,62,13.08,4,37,
2-11,14:26:11,61,61,13.07,4,37,
2-11,14:26:12,63,63,13.11,4,37,
2-11,14:26:12,62,62,13.07,4,37,
2-11,14:26:13,63,63,13.08,4,37,
2-11,14:26:13,62,62,13.06,4,37,
2-11,14:26:14,64,64,13.12,4,37,
2-11,14:26:14,65,65,13.11,4,37,
2-11,14:26:15,65,65,13.09,4,37,
2-11,14:26:15,64,64,13.09,4,37,
2-11,14:26:16,65,65,13.09,4,37,
2-11,14:26:16,64,64,13.05,4,37,
2-11,14:26:17,65,65,13.08,4,37,
2-11,14:26:17,65,65,13.09,4,37,
2-11,14:26:18,65,65,13.07,4,37,
2-11,14:26:18,65,65,13.08,4,37,
2-11,14:26:19,65,65,13.07,4,37,
2-11,14:26:19,65,65,13.1,4,37,
2-11,14:26:20,65,65,12.82,4,37,
2-11,14:26:20,64,64,13.05,4,37,
2-11,14:26:21,65,65,13.07,4,37,
2-11,14:26:21,64,64,13.07,4,37,
2-11,14:26:22,64,64,13.07,4,37,
2-11,14:26:22,62,62,13.05,4,37,
2-11,14:26:23,63,63,13.05,4,37,
2-11,14:26:23,62,62,13.1,4,37,
2-11,14:26:24,63,63,13.1,4,37,
2-11,14:26:24,61,61,13.06,4,37,
2-11,14:26:25,61,61,13.06,4,37,
2-11,14:26:25,60,60,13.07,4,37,
2-11,14:26:26,60,60,13.04,4,37,
2-11,14:26:26,59,59,13.05,4,37,
2-11,14:26:27,60,60,13.03,4,37,
2-11,14:26:27,59,59,13.04,4,37,
2-11,14:26:28,59,59,13.04,4,37,
2-11,14:26:28,58,58,13.02,4,37,
2-11,14:26:29,57,57,13.03,4,37,
2-11,14:26:29,56,56,13.02,4,37,
2-11,14:26:30,56,56,13.06,4,37,
2-11,14:26:30,54,54,13.03,4,37,
2-11,14:26:31,55,55,13.05,4,37,
2-11,14:26:31,53,53,13.03,4,37,
2-11,14:26:32,53,53,13.04,4,37,
2-11,14:26:32,52,52,13.04,4,37,
2-11,14:26:33,52,52,13.05,4,37,
2-11,14:26:33,51,51,13.06,4,37,
2-11,14:26:34,49,49,13.03,4,37,
2-11,14:26:34,50,50,13.04,4,37,
2-11,14:26:35,48,48,13.02,4,37,
2-11,14:26:35,47,47,13.01,4,37,
2-11,14:26:36,49,49,13.04,4,37,
2-11,14:26:36,48,48,13.04,4,37,
2-11,14:26:37,48,48,13.05,4,37,
2-11,14:26:37,47,47,13.07,4,37,
2-11,14:26:38,50,50,13.1,4,37,
2-11,14:26:38,48,48,13.06,4,37,
2-11,14:26:39,49,49,13.08,4,37,
2-11,14:26:39,50,50,13.07,4,37,
2-11,14:26:40,49,49,13.09,4,37,
2-11,14:26:40,44,44,12.8,4,37,
2-11,14:26:41,43,43,12.64,4,37,
2-11,14:26:41,53,53,13.08,4,37,
2-11,14:26:42,52,52,13.08,4,37,
2-11,14:26:42,54,54,13.09,4,37,
2-11,14:26:43,56,56,13.09,4,37,
2-11,14:26:43,56,56,13.05,4,37,
2-11,14:26:44,59,59,13.09,4,37,
2-11,14:26:44,59,59,13.11,4,37,
2-11,14:26:45,59,59,13.09,4,37,
2-11,14:26:45,61,61,13.07,4,37,
2-11,14:26:46,62,62,13.05,4,37,
2-11,14:26:46,62,62,13.06,4,37,
2-11,14:26:47,63,63,13.09,4,37,
2-11,14:26:47,63,63,13.09,4,37,
2-11,14:26:48,63,63,13.09,4,37,
2-11,14:26:48,63,63,13.12,4,37,
2-11,14:26:49,63,63,13.07,4,37,
2-11,14:26:49,63,63,13.08,4,37,
2-11,14:26:50,63,63,13.11,4,37,
2-11,14:26:50,61,61,13.09,4,37,
2-11,14:26:51,62,62,13.1,4,37,
2-11,14:26:51,62,62,13.12,4,37,
2-11,14:26:52,61,61,13.06,4,37,
2-11,14:26:52,63,63,13.11,4,37,
2-11,14:26:53,63,63,13.13,4,37,
2-11,14:26:53,63,63,13.13,4,37,
2-11,14:26:54,63,63,13.12,4,37,
2-11,14:26:54,63,63,13.11,4,37,
2-11,14:26:55,63,63,13.13,4,37,
2-11,14:26:55,62,62,13.09,4,37,
2-11,14:26:56,61,61,13.08,4,37,
2-11,14:26:56,62,62,13.14,4,37,
2-11,14:26:57,61,61,13.11,4,37,
2-11,14:26:57,61,61,13.12,4,37,
2-11,14:26:58,62,62,13.14,4,37,
2-11,14:26:58,61,61,13.12,4,37,
2-11,14:26:59,61,61,13.15,4,37,
2-11,14:26:59,61,61,13.15,4,37,
2-11,14:27:0,59,59,13.1,4,37,
2-11,14:27:0,57,57,13.11,4,37,
2-11,14:27:1,59,59,13.1,4,37,
2-11,14:27:1,57,57,13.1,4,37,
2-11,14:27:2,58,58,13.1,4,37,
2-11,14:27:2,58,58,13.09,4,37,
2-11,14:27:3,57,57,13.09,4,37,
2-11,14:27:3,58,58,13.1,4,37,
2-11,14:27:4,58,58,13.09,4,37,
2-11,14:27:4,59,59,13.09,4,37,
2-11,14:27:5,58,58,13.06,4,37,
2-11,14:27:5,59,59,13.09,4,37,
2-11,14:27:6,61,61,13.09,4,37,
2-11,14:27:6,62,62,13.07,4,37,
2-11,14:27:7,61,61,13.09,4,37,
2-11,14:27:7,62,62,13.11,4,37,
2-11,14:27:8,61,61,13.08,4,37,
2-11,14:27:8,62,62,13.1,4,37,
2-11,14:27:9,62,62,13.1,4,37,
2-11,14:27:9,63,63,13.04,4,37,
2-11,14:27:10,63,63,13.08,4,37,
2-11,14:27:10,64,64,13.11,4,37,
2-11,14:27:11,64,64,13.05,4,37,
2-11,14:27:11,65,65,13.09,4,37,
2-11,14:27:12,64,64,13.11,4,37,
2-11,14:27:12,64,64,13.05,4,37,
2-11,14:27:13,65,65,13.08,4,37,
2-11,14:27:13,64,64,13.12,4,37,
2-11,14:27:14,64,64,13.04,4,37,
2-11,14:27:14,64,64,13.06,4,37,
2-11,14:27:15,64,64,13.12,4,37,
2-11,14:27:15,62,62,13.03,4,37,
2-11,14:27:16,63,63,13.03,4,37,
2-11,14:27:16,61,61,13.04,4,37,
2-11,14:27:17,60,60,13,4,37,
2-11,14:27:17,61,61,13.02,4,37,
2-11,14:27:18,61,61,13.08,4,37,
2-11,14:27:18,62,62,13.07,4,37,
2-11,14:27:19,60,60,13.03,4,37,
2-11,14:27:19,60,60,13.06,4,37,
2-11,14:27:20,60,60,13.02,4,37,
2-11,14:27:20,59,59,13.03,4,37,
2-11,14:27:21,59,59,13.09,4,37,
2-11,14:27:21,58,58,13.09,4,37,
2-11,14:27:22,58,58,13.03,4,37,
2-11,14:27:22,57,57,13.02,4,37,
2-11,14:27:23,57,57,13.02,4,37,
2-11,14:27:23,57,57,13.02,4,37,
2-11,14:27:24,57,57,13.06,4,37,
2-11,14:27:24,56,56,13.05,4,37,
2-11,14:27:25,58,58,13.04,4,37,
2-11,14:27:25,57,57,13.06,4,37,
2-11,14:27:26,57,57,13.07,4,37,
2-11,14:27:26,57,57,13.03,4,37,
2-11,14:27:27,56,56,13.01,4,37,
2-11,14:27:27,57,57,13.05,4,37,
2-11,14:27:28,57,57,13,4,37,
2-11,14:27:28,57,57,13.03,4,37,
2-11,14:27:29,57,57,13.06,4,37,
2-11,14:27:29,57,57,13.01,4,37,
2-11,14:27:30,58,58,13.04,4,37,
2-11,14:27:30,57,57,13.06,4,37,
2-11,14:27:31,57,57,13.05,4,37,
2-11,14:27:31,58,58,13.04,4,37,
2-11,14:27:32,57,57,13.05,4,37,
2-11,14:27:32,56,56,13.06,4,37,
2-11,14:27:33,57,57,13,4,37,
2-11,14:27:33,57,57,13.01,4,37,
2-11,14:27:34,57,57,13.04,4,37,
2-11,14:27:34,56,56,13.02,4,37,
2-11,14:27:35,56,56,13.05,4,37,
2-11,14:27:35,56,56,13.06,4,37,
2-11,14:27:36,53,53,13.01,4,37,
2-11,14:27:36,53,53,13.05,4,37,
2-11,14:27:37,52,52,13.08,4,37,
2-11,14:27:37,51,51,13.06,4,37,
2-11,14:27:38,51,51,13.05,4,37,
2-11,14:27:38,48,48,13.04,4,37,
2-11,14:27:39,49,49,13.07,4,37,
2-11,14:27:39,47,47,13.03,4,37,
2-11,14:27:40,50,50,13.08,4,37,
2-11,14:27:40,49,49,13.05,4,37,
2-11,14:27:41,48,48,13.04,4,37,
2-11,14:27:41,48,48,13.06,4,37,
2-11,14:27:42,49,49,13.05,4,37,
2-11,14:27:42,48,48,13.05,4,37,
2-11,14:27:43,48,48,13.04,4,37,
2-11,14:27:43,48,48,13.05,4,37,
2-11,14:27:44,48,48,13.03,4,37,
2-11,14:27:44,48,48,13.04,4,37,
2-11,14:27:45,48,48,13.04,4,37,
2-11,14:27:45,49,49,13.06,4,37,
2-11,14:27:46,48,48,13.02,4,37,
2-11,14:27:46,49,49,13.02,4,37,
2-11,14:27:47,51,51,13.06,4,37,
2-11,14:27:47,51,51,13.05,4,37,
2-11,14:27:48,51,51,13.06,4,37,
2-11,14:27:48,50,50,13.06,4,37,
2-11,14:27:49,52,52,13.07,4,37,
2-11,14:27:49,51,51,13.04,4,37,
2-11,14:27:50,51,51,13.07,4,37,
2-11,14:27:50,51,51,13.04,4,37,
2-11,14:27:51,51,51,13.05,4,37,
2-11,14:27:51,53,53,13.13,4,37,
2-11,14:27:52,49,49,13.1,4,37,
2-11,14:27:52,51,51,13.12,4,37,
2-11,14:27:53,49,49,13.08,4,37,
2-11,14:27:53,50,50,13.07,4,37,
2-11,14:27:54,48,48,13.06,4,37,
2-11,14:27:54,50,50,13.09,4,37,
2-11,14:27:55,49,49,13.08,4,37,
2-11,14:27:55,50,50,13.09,4,37,
2-11,14:27:56,50,50,13.09,4,37,
2-11,14:27:56,48,48,13.08,4,37,
2-11,14:27:57,49,49,13.09,4,37,
2-11,14:27:57,48,48,13.08,4,37,
2-11,14:27:58,49,49,13.09,4,37,
2-11,14:27:58,50,50,13.11,4,37,
2-11,14:27:59,50,50,13.13,4,37,
2-11,14:27:59,49,49,13.1,4,37,
2-11,14:28:0,48,48,13.09,4,37,
2-11,14:28:0,49,49,13.11,4,37,
2-11,14:28:1,50,50,13.11,4,37,
2-11,14:28:1,48,48,13.1,4,37,
2-11,14:28:2,48,48,13.1,4,37,
2-11,14:28:2,49,49,13.09,4,37,
2-11,14:28:3,51,51,13.15,4,37,
2-11,14:28:3,49,49,13.11,4,37,
2-11,14:28:4,46,46,13.07,4,37,
2-11,14:28:4,49,49,13.11,4,37,
2-11,14:28:5,48,48,13.09,4,37,
2-11,14:28:5,49,49,13.11,4,37,
2-11,14:28:6,48,48,13.09,4,37,
2-11,14:28:6,48,48,13.09,4,37,
2-11,14:28:7,48,48,13.09,4,37,
2-11,14:28:7,48,48,13.09,4,37,
2-11,14:28:8,49,49,13.12,4,37,
2-11,14:28:8,49,49,13.13,4,37,
2-11,14:28:9,50,50,13.1,4,37,
2-11,14:28:9,49,49,13.08,4,37,
2-11,14:28:10,52,52,13.11,4,37,
2-11,14:28:10,51,51,13.11,4,37,
2-11,14:28:11,52,52,13.12,4,37,
2-11,14:28:11,52,52,13.12,4,37,
2-11,14:28:12,51,51,13.09,4,37,
2-11,14:28:12,52,52,13.1,4,37,
2-11,14:28:13,51,51,13.08,4,37,
2-11,14:28:13,53,53,13.09,4,37,
2-11,14:28:14,53,53,13.1,4,37,
2-11,14:28:14,53,53,13.1,4,37,
2-11,14:28:15,52,52,13.1,4,37,
2-11,14:28:15,52,52,13.1,4,37,
2-11,14:28:16,51,51,13.11,4,37,
2-11,14:28:16,49,49,13.09,4,37,
2-11,14:28:17,51,51,13.14,4,37,
2-11,14:28:17,50,50,13.11,4,37,
2-11,14:28:18,50,50,13.09,4,37,
2-11,14:28:18,50,50,13.11,4,37,
2-11,14:28:19,49,49,13.09,4,37,
2-11,14:28:19,50,50,13.12,4,37,
2-11,14:28:20,48,48,12.9,4,37,
2-11,14:28:20,51,51,13.07,4,37,
2-11,14:28:21,50,50,13.06,4,37,
2-11,14:28:21,52,52,13.12,4,37,
2-11,14:28:22,51,51,13.1,4,37,
2-11,14:28:22,51,51,13.1,4,37,
2-11,14:28:23,52,52,13.11,4,37,
2-11,14:28:23,51,51,13.1,4,37,
2-11,14:28:24,52,52,13.12,4,37,
2-11,14:28:24,52,52,13.12,4,37,
2-11,14:28:25,52,52,13.12,4,37,
2-11,14:28:25,54,54,13.15,4,37,
2-11,14:28:26,52,52,13.1,4,37,
2-11,14:28:26,53,53,13.09,4,37,
2-11,14:28:27,53,53,13.12,4,37,
2-11,14:28:27,53,53,13.11,4,37,
2-11,14:28:28,53,53,13.13,4,37,
2-11,14:28:28,53,53,13.1,4,37,
2-11,14:28:29,53,53,13.12,4,37,
2-11,14:28:29,52,52,13.09,4,37,
2-11,14:28:30,53,53,13.13,4,37,
2-11,14:28:30,53,53,13.13,4,37,
2-11,14:28:31,52,52,13.11,4,37,
2-11,14:28:31,53,53,13.12,4,37,
2-11,14:28:32,53,53,13.09,4,37,
2-11,14:28:32,52,52,13.1,4,37,
2-11,14:28:33,52,52,13.1,4,37,
2-11,14:28:33,52,52,13.12,4,37,
2-11,14:28:34,52,52,13.12,4,37,
2-11,14:28:34,52,52,13.15,4,37,
2-11,14:28:35,53,53,13.14,4,37,
2-11,14:28:35,53,53,13.14,4,37,
2-11,14:28:36,55,55,13.18,4,37,
2-11,14:28:36,54,54,13.17,4,37,
2-11,14:28:37,54,54,13.18,4,37,
2-11,14:28:37,52,52,13.13,4,37,
2-11,14:28:38,53,53,13.15,4,37,
2-11,14:28:38,53,53,13.18,4,37,
2-11,14:28:39,52,52,13.12,4,37,
2-11,14:28:39,52,52,13.15,4,37,
2-11,14:28:40,52,52,13.15,4,37,
2-11,14:28:40,52,52,13.14,4,37,
2-11,14:28:41,53,53,13.15,4,37,
2-11,14:28:41,53,53,13.17,4,37,
2-11,14:28:42,52,52,13.14,4,37,
2-11,14:28:42,51,51,13.14,4,37,
2-11,14:28:43,51,51,13.13,4,37,
2-11,14:28:43,54,54,13.21,4,37,
2-11,14:28:44,52,52,13.17,4,37,
2-11,14:28:44,51,51,13.15,4,37,
2-11,14:28:45,52,52,13.18,4,37,
2-11,14:28:45,52,52,13.19,4,37,
2-11,14:28:46,51,51,13.16,4,37,
2-11,14:28:46,50,50,13.14,4,37,
2-11,14:28:47,50,50,13.14,4,37,
2-11,14:28:47,51,51,13.17,4,37,
2-11,14:28:48,52,52,13.18,4,37,
2-11,14:28:48,50,50,13.15,4,37,
2-11,14:28:49,51,51,13.17,4,37,
2-11,14:28:49,51,51,13.16,4,37,
2-11,14:28:50,50,50,13.18,4,37,
2-11,14:28:50,50,50,13.18,4,37,
2-11,14:28:51,50,50,13.17,4,37,
2-11,14:28:51,50,50,13.18,4,37,
2-11,14:28:52,48,48,13.11,4,37,
2-11,14:28:52,49,49,13.17,4,37,
2-11,14:28:53,49,49,13.18,4,37,
2-11,14:28:53,49,49,13.17,4,37,
2-11,14:28:54,48,48,13.15,4,37,
2-11,14:28:54,48,48,13.16,4,37,
2-11,14:28:55,47,47,13.14,4,37,
2-11,14:28:55,49,49,13.17,4,37,
2-11,14:28:56,49,49,13.18,4,37,
2-11,14:28:56,49,49,13.18,4,37,
2-11,14:28:57,46,46,13.13,4,37,
2-11,14:28:57,48,48,13.16,4,37,
2-11,14:28:58,48,48,13.17,4,37,
2-11,14:28:58,46,46,13.14,4,37,
2-11,14:28:59,47,47,13.15,4,37,
2-11,14:28:59,48,48,13.19,4,37,
2-11,14:29:0,46,46,13.14,4,37,
2-11,14:29:0,46,46,13.13,4,37,
2-11,14:29:1,46,46,13.14,4,37,
2-11,14:29:1,49,49,13.2,4,37,
2-11,14:29:2,46,46,13.15,4,37,
2-11,14:29:2,47,47,13.17,4,37,
2-11,14:29:3,47,47,13.16,4,37,
2-11,14:29:3,46,46,13.14,4,37,
2-11,14:29:4,47,47,13.12,4,37,
2-11,14:29:4,47,47,13.1,4,37,
2-11,14:29:5,48,48,13.1,4,37,
2-11,14:29:5,46,46,13.11,4,37,
2-11,14:29:6,46,46,13.09,4,37,
2-11,14:29:6,47,47,13.09,4,37,
2-11,14:29:7,46,46,13.1,4,37,
2-11,14:29:7,47,47,13.05,4,37,
2-11,14:29:8,48,48,13.09,4,37,
2-11,14:29:8,49,49,13.04,4,37,
2-11,14:29:9,49,49,13.09,4,37,
2-11,14:29:9,48,48,13.07,4,37,
2-11,14:29:10,50,50,13.06,4,37,
2-11,14:29:10,49,49,13.1,4,37,
2-11,14:29:11,51,51,13.06,4,37,
2-11,14:29:11,53,53,13.08,4,37,
2-11,14:29:12,51,51,13.07,4,37,
2-11,14:29:12,52,52,13.03,4,37,
2-11,14:29:13,52,52,13.08,4,37,
2-11,14:29:13,54,54,13.03,4,37,
2-11,14:29:14,55,55,13.09,4,37,
2-11,14:29:14,54,54,13.07,4,37,
2-11,14:29:15,55,55,13.04,4,37,
2-11,14:29:15,55,55,13.09,4,37,
2-11,14:29:16,56,56,13.03,4,37,
2-11,14:29:16,57,57,13.08,4,37,
2-11,14:29:17,56,56,13.07,4,37,
2-11,14:29:17,56,56,13.02,4,37,
2-11,14:29:18,56,56,13.08,4,37,
2-11,14:29:18,55,55,13,4,37,
2-11,14:29:19,57,57,13.09,4,37,
2-11,14:29:19,56,56,13.08,4,37,
2-11,14:29:20,56,56,13.02,4,37,
2-11,14:29:20,54,54,13.05,4,37,
2-11,14:29:21,54,54,12.99,4,37,
2-11,14:29:21,55,55,13.06,4,37,
2-11,14:29:22,51,51,13,4,37,
2-11,14:29:22,53,53,13.01,4,37,
2-11,14:29:23,53,53,13.06,4,37,
2-11,14:29:23,50,50,12.98,4,37,
2-11,14:29:24,52,52,13.03,4,37,
2-11,14:29:24,50,50,13.03,4,37,
2-11,14:29:25,48,48,12.98,4,37,
2-11,14:29:25,50,50,13.05,4,37,
2-11,14:29:26,48,48,13.05,4,37,
2-11,14:29:26,47,47,13.01,4,37,
2-11,14:29:27,44,44,13,4,37,
2-11,14:29:27,44,44,12.97,4,37,
2-11,14:29:28,45,45,13.04,4,37,
2-11,14:29:28,42,42,12.99,4,37,
2-11,14:29:29,44,44,13.01,4,37,
2-11,14:29:29,42,42,13.01,4,37,
2-11,14:29:30,41,41,12.97,4,37,
2-11,14:29:30,41,41,13.02,4,37,
2-11,14:29:31,40,40,12.97,4,37,
2-11,14:29:31,40,40,12.99,4,37,
2-11,14:29:32,38,38,13,4,37,
2-11,14:29:32,39,39,12.97,4,37,
2-11,14:29:33,39,39,13.01,4,37,
2-11,14:29:33,39,39,12.98,4,37,
2-11,14:29:34,41,41,13,4,37,
2-11,14:29:34,40,40,13,4,37,
2-11,14:29:35,41,41,12.98,4,37,
2-11,14:29:35,41,41,13.03,4,37,
2-11,14:29:36,41,41,12.99,4,37,
2-11,14:29:36,43,43,12.99,4,37,
2-11,14:29:37,41,41,13,4,37,
2-11,14:29:37,45,45,12.95,4,37,
2-11,14:29:38,45,45,13.02,4,37,
2-11,14:29:38,44,44,12.98,4,37,
2-11,14:29:39,47,47,12.96,4,37,
2-11,14:29:39,38,38,12.47,4,37,
2-11,14:29:40,48,48,12.9,4,37,
2-11,14:29:40,48,48,12.93,4,37,
2-11,14:29:41,47,47,12.96,4,37,
2-11,14:29:41,47,47,12.94,4,37,
2-11,14:29:42,48,48,12.98,4,37,
2-11,14:29:42,47,47,12.96,4,37,
2-11,14:29:43,48,48,12.95,4,37,
2-11,14:29:43,47,47,12.97,4,37,
2-11,14:29:44,47,47,12.93,4,37,
2-11,14:29:44,48,48,12.99,4,37,
2-11,14:29:45,48,48,12.97,4,37,
2-11,14:29:45,47,47,12.93,4,37,
2-11,14:29:46,47,47,12.97,4,37,
2-11,14:29:46,46,46,12.93,4,37,
2-11,14:29:47,46,46,13,4,37,
2-11,14:29:47,45,45,12.96,4,37,
2-11,14:29:48,44,44,12.96,4,37,
2-11,14:29:48,44,44,12.97,4,37,
2-11,14:29:49,44,44,12.97,4,37,
2-11,14:29:49,43,43,13.01,4,37,
2-11,14:29:50,41,41,12.98,4,37,
2-11,14:29:50,42,42,12.96,4,37,
2-11,14:29:51,39,39,13,4,37,
2-11,14:29:51,40,40,12.96,4,37,
2-11,14:29:52,39,39,13,4,37,
2-11,14:29:52,35,35,12.94,4,37,
2-11,14:29:53,38,38,12.95,4,37,
2-11,14:29:53,37,37,12.99,4,37,
2-11,14:29:54,36,36,12.95,4,37,
2-11,14:29:54,37,37,13.01,4,37,
2-11,14:29:55,35,35,12.97,4,37,
2-11,14:29:55,36,36,12.97,4,37,
2-11,14:29:56,35,35,13.01,4,37,
2-11,14:29:56,36,36,12.97,4,37,
2-11,14:29:57,35,35,13.02,4,37,
2-11,14:29:57,34,34,12.96,4,37,
2-11,14:29:58,35,35,12.99,4,37,
2-11,14:29:58,34,34,13,4,37,
2-11,14:29:59,35,35,12.97,4,37,
2-11,14:29:59,33,33,13.01,4,37,
2-11,14:30:0,35,35,12.96,4,37,
2-11,14:30:0,36,36,13.01,4,37,
2-11,14:30:1,34,34,12.99,4,37,
2-11,14:30:1,35,35,12.96,4,37,
2-11,14:30:2,34,34,13.02,4,37,
2-11,14:30:2,35,35,12.95,4,37,
2-11,14:30:3,35,35,13,4,37,
2-11,14:30:3,33,33,12.9,4,37,
2-11,14:30:4,35,35,12.96,4,37,
2-11,14:30:4,32,32,12.96,4,37,
2-11,14:30:5,35,35,13,4,37,
2-11,14:30:5,35,35,12.99,4,37,
2-11,14:30:6,33,33,13.03,4,37,
2-11,14:30:6,35,35,12.99,4,37,
2-11,14:30:7,32,32,13,4,37,
2-11,14:30:7,34,34,13,4,37,
2-11,14:30:8,34,34,13,4,37,
2-11,14:30:8,33,33,12.99,4,37,
2-11,14:30:9,34,34,12.99,4,37,
2-11,14:30:9,33,33,13.01,4,37,
2-11,14:30:10,33,33,12.97,4,37,
2-11,14:30:10,33,33,13.01,4,37,
2-11,14:30:11,33,33,12.97,4,37,
2-11,14:30:11,34,34,13.04,4,37,
2-11,14:30:12,34,34,12.98,4,37,
2-11,14:30:12,33,33,13.04,4,37,
2-11,14:30:13,33,33,12.98,4,37,
2-11,14:30:13,30,30,13.02,4,37,
2-11,14:30:14,32,32,12.98,4,37,
2-11,14:30:14,30,30,13.01,4,37,
2-11,14:30:15,31,31,12.99,4,37,
2-11,14:30:15,31,31,13.04,4,37,
2-11,14:30:16,30,30,13.01,4,37,
2-11,14:30:16,32,32,13.04,4,37,
2-11,14:30:17,29,29,13.02,4,37,
2-11,14:30:17,30,30,13.01,4,37,
2-11,14:30:18,30,30,13.03,4,37,
2-11,14:30:18,28,28,12.99,4,37,
2-11,14:30:19,30,30,13.04,4,37,
2-11,14:30:19,28,28,12.98,4,37,
2-11,14:30:20,29,29,13.05,4,37,
2-11,14:30:20,28,28,12.98,4,37,
2-11,14:30:21,28,28,13.02,4,37,
2-11,14:30:21,30,30,13,4,37,
2-11,14:30:22,29,29,13.04,4,37,
2-11,14:30:22,29,29,13.01,4,37,
2-11,14:30:23,29,29,13.04,4,37,
2-11,14:30:23,28,28,13.01,4,37,
2-11,14:30:24,29,29,13.01,4,37,
2-11,14:30:24,28,28,13.02,4,37,
2-11,14:30:25,28,28,12.99,4,37,
2-11,14:30:25,29,29,13.03,4,37,
2-11,14:30:26,30,30,13,4,37,
2-11,14:30:26,30,30,13.06,4,37,
2-11,14:30:27,31,31,12.99,4,37,
2-11,14:30:27,30,30,13.04,4,37,
2-11,14:30:28,33,33,13.02,4,37,
2-11,14:30:28,32,32,13.05,4,37,
2-11,14:30:29,31,31,13,4,37,
2-11,14:30:29,33,33,13.05,4,37,
2-11,14:30:30,34,34,13.03,4,37,
2-11,14:30:30,34,34,13.01,4,37,
2-11,14:30:31,33,33,13.03,4,37,
2-11,14:30:31,34,34,13.03,4,37,
2-11,14:30:32,35,35,13.06,4,37,
2-11,14:30:32,34,34,13.02,4,37,
2-11,14:30:33,35,35,13.07,4,37,
2-11,14:30:33,35,35,13,4,37,
2-11,14:30:34,35,35,13.03,4,37,
2-11,14:30:34,35,35,12.99,4,37,
2-11,14:30:35,38,38,13.08,4,37,
2-11,14:30:35,36,36,13.03,4,37,
2-11,14:30:36,35,35,12.99,4,37,
2-11,14:30:36,35,35,13.02,4,37,
2-11,14:30:37,36,36,13.02,4,37,
2-11,14:30:37,37,37,13.05,4,37,
2-11,14:30:38,37,37,13.01,4,37,
2-11,14:30:38,37,37,13.04,4,37,
2-11,14:30:39,39,39,13,4,37,
2-11,14:30:39,39,39,13.03,4,37,
2-11,14:30:40,40,40,13.02,4,37,
2-11,14:30:40,37,37,12.78,4,37,
2-11,14:30:41,41,41,13.02,4,37,
2-11,14:30:41,42,42,13.01,4,37,
2-11,14:30:42,43,43,13.06,4,37,
2-11,14:30:42,43,43,13.01,4,37,
2-11,14:30:43,40,40,12.99,4,37,
2-11,14:30:43,43,43,13.01,4,37,
2-11,14:30:44,42,42,13.02,4,37,
2-11,14:30:44,41,41,13.02,4,37,
2-11,14:30:45,41,41,12.97,4,37,
2-11,14:30:45,36,36,12.78,4,37,
2-11,14:30:46,43,43,13.01,4,37,
2-11,14:30:46,40,40,13.01,4,37,
2-11,14:30:47,41,41,13.01,4,37,
2-11,14:30:47,41,41,13.03,4,37,
2-11,14:30:48,39,39,13.01,4,37,
2-11,14:30:48,41,41,13,4,37,
2-11,14:30:49,40,40,13.03,4,37,
2-11,14:30:49,39,39,12.99,4,37,
2-11,14:30:50,40,40,13.02,4,37,
2-11,14:30:50,39,39,13.03,4,37,
2-11,14:30:51,38,38,13.01,4,37,
2-11,14:30:51,37,37,13.02,4,37,
2-11,14:30:52,38,38,13,4,37,
2-11,14:30:52,35,35,13.01,4,37,
2-11,14:30:53,36,36,13,4,37,
2-11,14:30:53,36,36,13.02,4,37,
2-11,14:30:54,36,36,13.01,4,37,
2-11,14:30:54,36,36,13.01,4,37,
2-11,14:30:55,35,35,13.03,4,37,
2-11,14:30:55,34,34,13,4,37,
2-11,14:30:56,29,29,12.79,4,37,
2-11,14:30:56,34,34,13,4,37,
2-11,14:30:57,33,33,12.93,4,37,
2-11,14:30:57,36,36,13.03,4,37,
2-11,14:30:58,35,35,13.03,4,37,
2-11,14:30:58,36,36,13.05,4,37,
2-11,14:30:59,36,36,13,4,37,
2-11,14:30:59,37,37,13.03,4,37,
2-11,14:31:0,40,40,13.06,4,37,
2-11,14:31:0,39,39,13.06,4,37,
2-11,14:31:1,41,41,13.07,4,37,
2-11,14:31:1,41,41,13.04,4,37,
2-11,14:31:2,41,41,13.08,4,37,
2-11,14:31:2,43,43,13.03,4,37,
2-11,14:31:3,42,42,13.02,4,37,
2-11,14:31:3,41,41,13.01,4,37,
2-11,14:31:4,43,43,13.01,4,37,
2-11,14:31:4,44,44,13,4,37,
2-11,14:31:5,45,45,13.06,4,37,
2-11,14:31:5,46,46,13.01,4,37,
2-11,14:31:6,46,46,13.01,4,37,
2-11,14:31:6,46,46,13.04,4,37,
2-11,14:31:7,47,47,12.98,4,37,
2-11,14:31:7,48,48,13.02,4,37,
2-11,14:31:8,48,48,13.02,4,37,
2-11,14:31:8,49,49,12.99,4,37,
2-11,14:31:9,49,49,13.01,4,37,
2-11,14:31:9,50,50,13.01,4,37,
2-11,14:31:10,49,49,13.01,4,37,
2-11,14:31:10,50,50,13.04,4,37,
2-11,14:31:11,52,52,13.09,4,37,
2-11,14:31:11,48,48,13,4,37,
2-11,14:31:12,49,49,13.04,4,37,
2-11,14:31:12,47,47,12.99,4,37,
2-11,14:31:13,48,48,13.01,4,37,
2-11,14:31:13,48,48,13.02,4,37,
2-11,14:31:14,46,46,13,4,37,
2-11,14:31:14,46,46,13.03,4,37,
2-11,14:31:15,44,44,13.02,4,37,
2-11,14:31:15,43,43,12.97,4,37,
2-11,14:31:16,43,43,13.01,4,37,
2-11,14:31:16,42,42,13,4,37,
2-11,14:31:17,42,42,13.01,4,37,
2-11,14:31:17,43,43,13.05,4,37,
2-11,14:31:18,43,43,13.02,4,37,
2-11,14:31:18,44,44,13.05,4,37,
2-11,14:31:19,42,42,13.03,4,37,
2-11,14:31:19,43,43,13.01,4,37,
2-11,14:31:20,42,42,13.01,4,37,
2-11,14:31:20,44,44,13.04,4,37,
2-11,14:31:21,40,40,12.99,4,37,
2-11,14:31:21,40,40,13.03,4,37,
2-11,14:31:22,39,39,12.98,4,37,
2-11,14:31:22,42,42,13.02,4,37,
2-11,14:31:23,40,40,13.02,4,37,
2-11,14:31:23,40,40,13,4,37,
2-11,14:31:24,40,40,12.99,4,37,
2-11,14:31:24,38,38,12.98,4,37,
2-11,14:31:25,42,42,13.02,4,37,
2-11,14:31:25,42,42,13.04,4,37,
2-11,14:31:26,42,42,13.02,4,37,
2-11,14:31:26,41,41,12.99,4,37,
2-11,14:31:27,46,46,13.11,4,37,
2-11,14:31:27,41,41,12.99,4,37,
2-11,14:31:28,40,40,13,4,37,
2-11,14:31:28,41,41,13.04,4,37,
2-11,14:31:29,40,40,13.02,4,37,
2-11,14:31:29,41,41,13.05,4,37,
2-11,14:31:30,40,40,13.03,4,37,
2-11,14:31:30,39,39,13.01,4,37,
2-11,14:31:31,40,40,13.04,4,37,
2-11,14:31:31,40,40,13,4,37,
2-11,14:31:32,35,35,12.73,4,37,
2-11,14:31:32,39,39,13.03,4,37,
2-11,14:31:33,39,39,13.02,4,37,
2-11,14:31:33,40,40,13.04,4,37,
2-11,14:31:34,40,40,13.05,4,37,
2-11,14:31:34,40,40,13.02,4,37,
2-11,14:31:35,42,42,13.09,4,37,
2-11,14:31:35,40,40,13.02,4,37,
2-11,14:31:36,40,40,12.92,4,37,
2-11,14:31:36,39,39,12.98,4,37,
2-11,14:31:37,41,41,13.01,4,37,
2-11,14:31:37,39,39,13,4,37,
2-11,14:31:38,41,41,13.05,4,37,
2-11,14:31:38,41,41,13.03,4,37,
2-11,14:31:39,37,37,13.01,4,37,
2-11,14:31:39,40,40,13.01,4,37,
2-11,14:31:40,41,41,13.02,4,37,
2-11,14:31:40,40,40,13.04,4,37,
2-11,14:31:41,40,40,13.01,4,37,
2-11,14:31:41,41,41,13.05,4,37,
2-11,14:31:42,41,41,13.03,4,37,
2-11,14:31:42,41,41,13.01,4,37,
2-11,14:31:43,41,41,13.05,4,37,
2-11,14:31:43,41,41,13,4,37,
2-11,14:31:44,40,40,13,4,37,
2-11,14:31:44,40,40,13,4,37,
2-11,14:31:45,40,40,12.99,4,37,
2-11,14:31:45,40,40,13.02,4,37,
2-11,14:31:46,41,41,13.04,4,37,
2-11,14:31:46,43,43,13.04,4,37,
2-11,14:31:47,42,42,13.04,4,37,
2-11,14:31:47,40,40,12.98,4,37,
2-11,14:31:48,43,43,13.02,4,37,
2-11,14:31:48,43,43,13.04,4,37,
2-11,14:31:49,41,41,12.99,4,37,
2-11,14:31:49,41,41,13.02,4,37,
2-11,14:31:50,41,41,13.02,4,37,
2-11,14:31:50,40,40,13.01,4,37,
2-11,14:31:51,42,42,13.06,4,37,
2-11,14:31:51,41,41,13.02,4,37,
2-11,14:31:52,40,40,13.01,4,37,
2-11,14:31:52,41,41,13.05,4,37,
2-11,14:31:53,38,38,12.99,4,37,
2-11,14:31:53,39,39,13.02,4,37,
2-11,14:31:54,40,40,13.06,4,37,
2-11,14:31:54,38,38,13.01,4,37,
2-11,14:31:55,40,40,13.04,4,37,
2-11,14:31:55,37,37,13.02,4,37,
2-11,14:31:56,38,38,13.01,4,37,
2-11,14:31:56,36,36,13.02,4,37,
2-11,14:31:57,38,38,13,4,37,
2-11,14:31:57,35,35,12.98,4,37,
2-11,14:31:58,37,37,13.04,4,37,
2-11,14:31:58,36,36,13,4,37,
2-11,14:31:59,37,37,13.04,4,37,
2-11,14:31:59,36,36,13.01,4,37,
2-11,14:32:0,37,37,13,4,37,
2-11,14:32:0,36,36,13.03,4,37,
2-11,14:32:1,36,36,13,4,37,
2-11,14:32:1,35,35,12.92,4,37,
2-11,14:32:2,37,37,13.04,4,37,
2-11,14:32:2,37,37,13.01,4,37,
2-11,14:32:3,37,37,13.05,4,37,
2-11,14:32:3,38,38,12.99,4,37,
2-11,14:32:4,39,39,13.03,4,37,
2-11,14:32:4,39,39,13.01,4,37,
2-11,14:32:5,40,40,13.03,4,37,
2-11,14:32:5,38,38,13.03,4,37,
2-11,14:32:6,39,39,13,4,37,
2-11,14:32:6,42,42,13.08,4,37,
2-11,14:32:7,38,38,13,4,37,
2-11,14:32:7,38,38,12.99,4,37,
2-11,14:32:8,37,37,13,4,37,
2-11,14:32:8,37,37,13,4,37,
2-11,14:32:9,36,36,13.05,4,37,
2-11,14:32:9,36,36,13,4,37,
2-11,14:32:10,36,36,13.03,4,37,
2-11,14:32:10,36,36,13.04,4,37,
2-11,14:32:11,35,35,13.03,4,37,
2-11,14:32:11,35,35,13.06,4,37,
2-11,14:32:12,34,34,13.01,4,37,
2-11,14:32:12,34,34,13.05,4,37,
2-11,14:32:13,35,35,13.03,4,37,
2-11,14:32:13,33,33,13.05,4,37,
2-11,14:32:14,34,34,13.04,4,37,
2-11,14:32:14,34,34,13.03,4,37,
2-11,14:32:15,33,33,13.07,4,37,
2-11,14:32:15,32,32,13.02,4,37,
2-11,14:32:16,34,34,13.06,4,37,
2-11,14:32:16,33,33,13.02,4,37,
2-11,14:32:17,33,33,13.03,4,37,
2-11,14:32:17,34,34,13.06,4,37,
2-11,14:32:18,33,33,13.02,4,37,
2-11,14:32:18,32,32,13.02,4,37,
2-11,14:32:19,35,35,13.04,4,37,
2-11,14:32:19,34,34,13.04,4,37,
2-11,14:32:20,35,35,13.05,4,37,
2-11,14:32:20,35,35,13.04,4,37,
2-11,14:32:21,35,35,13.07,4,37,
2-11,14:32:21,35,35,13.01,4,37,
2-11,14:32:22,36,36,13.05,4,37,
2-11,14:32:22,39,39,13.07,4,37,
2-11,14:32:23,36,36,13.03,4,37,
2-11,14:32:23,38,38,13.1,4,37,
2-11,14:32:24,38,38,13.04,4,37,
2-11,14:32:24,37,37,13.05,4,37,
2-11,14:32:25,37,37,13.04,4,37,
2-11,14:32:25,39,39,13.05,4,37,
2-11,14:32:26,39,39,13.09,4,37,
2-11,14:32:26,38,38,13.04,4,37,
2-11,14:32:27,38,38,13.05,4,37,
2-11,14:32:27,38,38,13.06,4,37,
2-11,14:32:28,38,38,13.04,4,37,
2-11,14:32:28,38,38,13.07,4,37,
2-11,14:32:29,39,39,13.05,4,37,
2-11,14:32:29,40,40,13.07,4,37,
2-11,14:32:30,39,39,13.09,4,37,
2-11,14:32:30,40,40,13.05,4,37,
2-11,14:32:31,41,41,13.07,4,37,
2-11,14:32:31,40,40,13.05,4,37,
2-11,14:32:32,41,41,13.06,4,37,
2-11,14:32:32,40,40,13.05,4,37,
2-11,14:32:33,40,40,13.04,4,37,
2-11,14:32:33,40,40,13.01,4,37,
2-11,14:32:34,40,40,13.05,4,37,
2-11,14:32:34,41,41,13.03,4,37,
2-11,14:32:35,43,43,13.08,4,37,
2-11,14:32:35,43,43,13.08,4,37,
2-11,14:32:36,42,42,13.04,4,37,
2-11,14:32:36,42,42,13.07,4,37,
2-11,14:32:37,44,44,13.06,4,37,
2-11,14:32:37,42,42,13.03,4,37,
2-11,14:32:38,44,44,13.06,4,37,
2-11,14:32:38,42,42,13.03,4,37,
2-11,14:32:39,44,44,13.07,4,37,
2-11,14:32:39,44,44,13.06,4,37,
2-11,14:32:40,43,43,13.03,4,37,
2-11,14:32:40,40,40,12.9,4,37,
2-11,14:32:41,42,42,13.06,4,37,
2-11,14:32:41,41,41,12.94,4,37,
2-11,14:32:42,42,42,13.05,4,37,
2-11,14:32:42,42,42,13.05,4,37,
2-11,14:32:43,42,42,13.03,4,37,
2-11,14:32:43,43,43,13.04,4,37,
2-11,14:32:44,41,41,12.97,4,37,
2-11,14:32:44,41,41,13.04,4,37,
2-11,14:32:45,41,41,13.04,4,37,
2-11,14:32:45,37,37,12.85,4,37,
2-11,14:32:46,38,38,13,4,37,
2-11,14:32:46,41,41,13.05,4,37,
2-11,14:32:47,38,38,12.97,4,37,
2-11,14:32:47,41,41,13.03,4,37,
2-11,14:32:48,41,41,13.05,4,37,
2-11,14:32:48,41,41,13.02,4,37,
2-11,14:32:49,40,40,13.04,4,37,
2-11,14:32:49,40,40,13.05,4,37,
2-11,14:32:50,41,41,13.05,4,37,
2-11,14:32:50,40,40,13.06,4,37,
2-11,14:32:51,41,41,13.11,4,37,
2-11,14:32:51,40,40,13.1,4,37,
2-11,14:32:52,41,41,13.09,4,37,
2-11,14:32:52,40,40,13.1,4,37,
2-11,14:32:53,41,41,13.08,4,37,
2-11,14:32:53,39,39,13.02,4,37,
2-11,14:32:54,38,38,12.98,4,37,
2-11,14:32:54,40,40,13.03,4,37,
2-11,14:32:55,41,41,13.06,4,37,
2-11,14:32:55,41,41,13.06,4,37,
2-11,14:32:56,41,41,13.03,4,37,
2-11,14:32:56,40,40,13.03,4,37,
2-11,14:32:57,40,40,13.02,4,37,
2-11,14:32:57,44,44,13.06,4,37,
2-11,14:32:58,44,44,13.07,4,37,
2-11,14:32:58,45,45,13.06,4,37,
2-11,14:32:59,42,42,12.89,4,37,
2-11,14:32:59,43,43,13.01,4,37,
2-11,14:33:0,45,45,13.04,4,37,
2-11,14:33:0,45,45,13.04,4,37,
2-11,14:33:1,43,43,13.06,4,37,
2-11,14:33:1,45,45,13.04,4,37,
2-11,14:33:2,46,46,13.06,4,37,
2-11,14:33:2,44,44,12.93,4,37,
2-11,14:33:3,44,44,12.98,4,37,
2-11,14:33:3,44,44,12.87,4,37,
2-11,14:33:4,45,45,13.04,4,37,
2-11,14:33:4,45,45,13.05,4,37,
2-11,14:33:5,47,47,13.08,4,37,
2-11,14:33:5,47,47,13.03,4,37,
2-11,14:33:6,47,47,13.01,4,37,
2-11,14:33:6,48,48,13.06,4,37,
2-11,14:33:7,49,49,13.02,4,37,
2-11,14:33:7,50,50,13.04,4,37,
2-11,14:33:8,48,48,13.01,4,37,
2-11,14:33:8,49,49,13.02,4,37,
2-11,14:33:9,49,49,13.03,4,37,
2-11,14:33:9,48,48,13.06,4,37,
2-11,14:33:10,48,48,13.02,4,37,
2-11,14:33:10,47,47,12.98,4,37,
2-11,14:33:11,45,45,12.97,4,37,
2-11,14:33:11,46,46,13,4,37,
2-11,14:33:12,40,40,12.73,4,37,
2-11,14:33:12,44,44,13.03,4,37,
2-11,14:33:13,44,44,13.03,4,37,
2-11,14:33:13,45,45,13.06,4,37,
2-11,14:33:14,44,44,13.04,4,37,
2-11,14:33:14,45,45,13.02,4,37,
2-11,14:33:15,45,45,13.05,4,37,
2-11,14:33:15,45,45,13.02,4,37,
2-11,14:33:16,43,43,12.94,4,37,
2-11,14:33:16,42,42,12.98,4,37,
2-11,14:33:17,43,43,13,4,37,
2-11,14:33:17,44,44,13.03,4,37,
2-11,14:33:18,41,41,13.02,4,37,
2-11,14:33:18,42,42,13.04,4,37,
2-11,14:33:19,43,43,13.07,4,37,
2-11,14:33:19,42,42,13.03,4,37,
2-11,14:33:20,42,42,12.99,4,37,
2-11,14:33:20,43,43,13.04,4,37,
2-11,14:33:21,44,44,13,4,37,
2-11,14:33:21,44,44,13.01,4,37,
2-11,14:33:22,43,43,13.03,4,37,
2-11,14:33:22,44,44,13,4,37,
2-11,14:33:23,43,43,13.02,4,37,
2-11,14:33:23,44,44,13.04,4,37,
2-11,14:33:24,42,42,13,4,37,
2-11,14:33:24,41,41,13.04,4,37,
2-11,14:33:25,42,42,13.01,4,37,
2-11,14:33:25,42,42,12.99,4,37,
2-11,14:33:26,41,41,13.02,4,37,
2-11,14:33:26,43,43,13,4,37,
2-11,14:33:27,42,42,13.03,4,37,
2-11,14:33:27,41,41,13,4,37,
2-11,14:33:28,41,41,13,4,37,
2-11,14:33:28,41,41,13.03,4,37,
2-11,14:33:29,40,40,12.99,4,37,
2-11,14:33:29,39,39,12.98,4,37,
2-11,14:33:30,40,40,13.02,4,37,
2-11,14:33:30,41,41,13,4,37,
2-11,14:33:31,41,41,13.03,4,37,
2-11,14:33:31,40,40,12.99,4,37,
2-11,14:33:32,43,43,13.02,4,37,
2-11,14:33:32,43,43,13.03,4,37,
2-11,14:33:33,41,41,12.98,4,37,
2-11,14:33:33,43,43,13.05,4,37,
2-11,14:33:34,42,42,13,4,37,
2-11,14:33:34,42,42,12.99,4,37,
2-11,14:33:35,42,42,13.03,4,37,
2-11,14:33:35,41,41,12.98,4,37,
2-11,14:33:36,45,45,13.07,4,37,
2-11,14:33:36,41,41,12.99,4,37,
2-11,14:33:37,43,43,12.98,4,37,
2-11,14:33:37,45,45,13.04,4,37,
2-11,14:33:38,43,43,12.96,4,37,
2-11,14:33:38,45,45,13,4,37,
2-11,14:33:39,44,44,13.02,4,37,
2-11,14:33:39,43,43,12.96,4,37,
2-11,14:33:40,44,44,13,4,37,
2-11,14:33:40,43,43,13.01,4,37,
2-11,14:33:41,43,43,12.99,4,37,
2-11,14:33:41,43,43,13.01,4,37,
2-11,14:33:42,40,40,12.97,4,37,
2-11,14:33:42,41,41,12.97,4,37,
2-11,14:33:43,42,42,13.01,4,37,
2-11,14:33:43,41,41,12.97,4,37,
2-11,14:33:44,41,41,13,4,37,
2-11,14:33:44,40,40,13.01,4,37,
2-11,14:33:45,39,39,12.96,4,37,
2-11,14:33:45,41,41,13.02,4,37,
2-11,14:33:46,37,37,12.98,4,37,
2-11,14:33:46,39,39,13,4,37,
2-11,14:33:47,39,39,13.01,4,37,
2-11,14:33:47,39,39,13,4,37,
2-11,14:33:48,39,39,12.97,4,37,
2-11,14:33:48,39,39,12.99,4,37,
2-11,14:33:49,40,40,12.99,4,37,
2-11,14:33:49,41,41,12.96,4,37,
2-11,14:33:50,41,41,13.01,4,37,
2-11,14:33:50,41,41,12.97,4,37,
2-11,14:33:51,41,41,12.98,4,37,
2-11,14:33:51,41,41,13.01,4,37,
2-11,14:33:52,40,40,12.98,4,37,
2-11,14:33:52,41,41,12.98,4,37,
2-11,14:33:53,40,40,13.02,4,37,
2-11,14:33:53,40,40,12.96,4,37,
2-11,14:33:54,41,41,12.99,4,37,
2-11,14:33:54,38,38,12.98,4,37,
2-11,14:33:55,39,39,12.96,4,37,
2-11,14:33:55,40,40,12.98,4,37,
2-11,14:33:56,39,39,12.99,4,37,
2-11,14:33:56,40,40,12.98,4,37,
2-11,14:33:57,40,40,13,4,37,
2-11,14:33:57,39,39,12.97,4,37,
2-11,14:33:58,40,40,12.98,4,37,
2-11,14:33:58,40,40,13.02,4,37,
2-11,14:33:59,39,39,12.95,4,37,
2-11,14:33:59,40,40,12.94,4,37,
2-11,14:34:0,40,40,13.01,4,37,
2-11,14:34:0,40,40,12.97,4,37,
2-11,14:34:1,41,41,12.97,4,37,
2-11,14:34:1,40,40,12.9,4,37,
2-11,14:34:2,41,41,12.97,4,37,
2-11,14:34:2,43,43,12.96,4,37,
2-11,14:34:3,41,41,13,4,37,
2-11,14:34:3,41,41,12.97,4,37,
2-11,14:34:4,42,42,12.95,4,37,
2-11,14:34:4,42,42,12.99,4,37,
2-11,14:34:5,42,42,12.94,4,37,
2-11,14:34:5,43,43,12.97,4,37,
2-11,14:34:6,45,45,13.04,4,37,
2-11,14:34:6,42,42,12.96,4,37,
2-11,14:34:7,42,42,12.97,4,37,
2-11,14:34:7,39,39,12.91,4,37,
2-11,14:34:8,42,42,12.96,4,37,
2-11,14:34:8,36,36,12.64,4,37,
2-11,14:34:9,41,41,12.98,4,37,
2-11,14:34:9,42,42,12.96,4,37,
2-11,14:34:10,44,44,13,4,37,
2-11,14:34:10,43,43,12.99,4,37,
2-11,14:34:11,44,44,12.96,4,37,
2-11,14:34:11,44,44,13,4,37,
2-11,14:34:12,43,43,12.96,4,37,
2-11,14:34:12,41,41,12.94,4,37,
2-11,14:34:13,42,42,12.99,4,37,
2-11,14:34:13,41,41,12.96,4,37,
2-11,14:34:14,35,35,12.62,4,37,
2-11,14:34:14,37,37,12.86,4,37,
2-11,14:34:15,40,40,12.93,4,37,
2-11,14:34:15,40,40,12.98,4,37,
2-11,14:34:16,39,39,12.98,4,37,
2-11,14:34:16,39,39,12.94,4,37,
2-11,14:34:17,39,39,12.98,4,37,
2-11,14:34:17,42,42,12.99,4,37,
2-11,14:34:18,40,40,12.95,4,37,
2-11,14:34:18,38,38,13,4,37,
2-11,14:34:19,37,37,12.93,4,37,
2-11,14:34:19,38,38,12.97,4,37,
2-11,14:34:20,35,35,12.98,4,37,
2-11,14:34:20,37,37,12.95,4,37,
2-11,14:34:21,36,36,12.94,4,37,
2-11,14:34:21,35,35,12.97,4,37,
2-11,14:34:22,36,36,12.97,4,37,
2-11,14:34:22,35,35,13.01,4,37,
2-11,14:34:23,34,34,12.98,4,37,
2-11,14:34:23,36,36,12.97,4,37,
2-11,14:34:24,36,36,13.01,4,37,
2-11,14:34:24,36,36,12.97,4,37,
2-11,14:34:25,37,37,12.96,4,37,
2-11,14:34:25,37,37,13.02,4,37,
2-11,14:34:26,36,36,12.96,4,37,
2-11,14:34:26,36,36,12.98,4,37,
2-11,14:34:27,35,35,13,4,37,
2-11,14:34:27,35,35,12.97,4,37,
2-11,14:34:28,35,35,13.02,4,37,
2-11,14:34:28,33,33,12.95,4,37,
2-11,14:34:29,36,36,12.99,4,37,
2-11,14:34:29,34,34,12.98,4,37,
2-11,14:34:30,36,36,12.97,4,37,
2-11,14:34:30,36,36,13.02,4,37,
2-11,14:34:31,30,30,12.89,4,37,
2-11,14:34:31,37,37,12.99,4,37,
2-11,14:34:32,37,37,13,4,37,
2-11,14:34:32,37,37,12.98,4,37,
2-11,14:34:33,37,37,13.01,4,37,
2-11,14:34:33,37,37,12.97,4,37,
2-11,14:34:34,36,36,12.87,4,37,
2-11,14:34:34,38,38,12.99,4,37,
2-11,14:34:35,39,39,12.98,4,37,
2-11,14:34:35,28,28,12.57,4,37,
2-11,14:34:36,39,39,12.96,4,37,
2-11,14:34:36,41,41,13,4,37,
2-11,14:34:37,39,39,13.01,4,37,
2-11,14:34:37,40,40,12.98,4,37,
2-11,14:34:38,39,39,12.98,4,37,
2-11,14:34:38,41,41,13,4,37,
2-11,14:34:39,40,40,13.04,4,37,
2-11,14:34:39,39,39,12.96,4,37,
2-11,14:34:40,37,37,12.95,4,37,
2-11,14:34:40,38,38,12.99,4,37,
2-11,14:34:41,34,34,12.85,4,37,
2-11,14:34:41,38,38,13,4,37,
2-11,14:34:42,35,35,12.91,4,37,
2-11,14:34:42,38,38,13.01,4,37,
2-11,14:34:43,38,38,13.05,4,37,
2-11,14:34:43,37,37,13.03,4,37,
2-11,14:34:44,36,36,13.02,4,37,
2-11,14:34:44,34,34,13.04,4,37,
2-11,14:34:45,33,33,13.02,4,37,
2-11,14:34:45,35,35,13.07,4,37,
2-11,14:34:46,29,29,12.84,4,37,
2-11,14:34:46,31,31,13.05,4,37,
2-11,14:34:47,34,34,13.08,4,37,
2-11,14:34:47,32,32,13.06,4,37,
2-11,14:34:48,32,32,13.05,4,37,
2-11,14:34:48,32,32,13.07,4,37,
2-11,14:34:49,30,30,13.04,4,37,
2-11,14:34:49,31,31,13.05,4,37,
2-11,14:34:50,32,32,13.07,4,37,
2-11,14:34:50,30,30,13.06,4,37,
2-11,14:34:51,30,30,13.07,4,37,
2-11,14:34:51,29,29,13.07,4,37,
2-11,14:34:52,31,31,13.09,4,37,
2-11,14:34:52,30,30,13.08,4,37,
2-11,14:34:53,28,28,13.07,4,37,
2-11,14:34:53,30,30,13.09,4,37,
2-11,14:34:54,29,29,13.08,4,37,
2-11,14:34:54,29,29,13.08,4,37,
2-11,14:34:55,29,29,13.08,4,37,
2-11,14:34:55,30,30,13.1,4,37,
2-11,14:34:56,30,30,13.09,4,37,
2-11,14:34:56,29,29,13.08,4,37,
2-11,14:34:57,30,30,13.07,4,37,
2-11,14:34:57,32,32,13.07,4,37,
2-11,14:34:58,33,33,13.08,4,37,
2-11,14:34:58,31,31,13.06,4,37,
2-11,14:34:59,32,32,13.07,4,37,
2-11,14:34:59,31,31,13.1,4,37,
2-11,14:35:0,29,29,13.09,4,37,
2-11,14:35:0,32,32,13.12,4,37,
2-11,14:35:1,35,35,13.12,4,37,
2-11,14:35:1,32,32,13.1,4,37,
2-11,14:35:2,33,33,13.12,4,37,
2-11,14:35:2,34,34,13.12,4,37,
2-11,14:35:3,35,35,13.12,4,37,
2-11,14:35:3,34,34,13.12,4,37,
2-11,14:35:4,34,34,13.11,4,37,
2-11,14:35:4,33,33,13.1,4,37,
2-11,14:35:5,33,33,13.1,4,37,
2-11,14:35:5,34,34,13.11,4,37,
2-11,14:35:6,35,35,13.14,4,37,
2-11,14:35:6,35,35,13.15,4,37,
2-11,14:35:7,36,36,13.15,4,37,
2-11,14:35:7,35,35,13.14,4,37,
2-11,14:35:8,35,35,13.14,4,37,
2-11,14:35:8,34,34,13.13,4,37,
2-11,14:35:9,34,34,13.13,4,37,
2-11,14:35:9,33,33,13.13,4,37,
2-11,14:35:10,35,35,13.14,4,37,
2-11,14:35:10,34,34,13.13,4,37,
2-11,14:35:11,35,35,13.15,4,37,
2-11,14:35:11,34,34,13.13,4,37,
2-11,14:35:12,34,34,13.14,4,37,
2-11,14:35:12,34,34,13.14,4,37,
2-11,14:35:13,33,33,13.14,4,37,
2-11,14:35:13,35,35,13.16,4,37,
2-11,14:35:14,34,34,13.15,4,37,
2-11,14:35:14,34,34,13.15,4,37,
2-11,14:35:15,35,35,13.17,4,37,
2-11,14:35:15,34,34,13.15,4,37,
2-11,14:35:16,36,36,13.18,4,37,
2-11,14:35:16,34,34,13.17,4,37,
2-11,14:35:17,35,35,13.17,4,37,
2-11,14:35:17,34,34,13.15,4,37,
2-11,14:35:18,36,36,13.18,4,37,
2-11,14:35:18,34,34,13.17,4,37,
2-11,14:35:19,35,35,13.18,4,37,
2-11,14:35:19,34,34,13.16,4,37,
2-11,14:35:20,34,34,13.15,4,37,
2-11,14:35:20,37,37,13.2,4,37,
2-11,14:35:21,33,33,13.13,4,37,
2-11,14:35:21,35,35,13.17,4,37,
2-11,14:35:22,35,35,13.17,4,37,
2-11,14:35:22,33,33,13.14,4,37,
2-11,14:35:23,35,35,13.18,4,37,
2-11,14:35:23,35,35,13.16,4,37,
2-11,14:35:24,36,36,13.17,4,37,
2-11,14:35:24,33,33,13.14,4,37,
2-11,14:35:25,35,35,13.17,4,37,
2-11,14:35:25,37,37,13.19,4,37,
2-11,14:35:26,36,36,13.18,4,37,
2-11,14:35:26,35,35,13.16,4,37,
2-11,14:35:27,36,36,13.18,4,37,
2-11,14:35:27,36,36,13.18,4,37,
2-11,14:35:28,35,35,13.15,4,37,
2-11,14:35:28,36,36,13.17,4,37,
2-11,14:35:29,35,35,13.17,4,37,
2-11,14:35:29,35,35,13.15,4,37,
2-11,14:35:30,35,35,13.16,4,37,
2-11,14:35:30,36,36,13.19,4,37,
2-11,14:35:31,36,36,13.18,4,37,
2-11,14:35:31,35,35,13.18,4,37,
2-11,14:35:32,36,36,13.18,4,37,
2-11,14:35:32,35,35,13.18,4,37,
2-11,14:35:33,34,34,13.16,4,37,
2-11,14:35:33,35,35,13.18,4,37,
2-11,14:35:34,34,34,13.16,4,37,
2-11,14:35:34,36,36,13.2,4,37,
2-11,14:35:35,35,35,13.18,4,37,
2-11,14:35:35,36,36,13.2,4,37,
2-11,14:35:36,39,39,13.22,4,37,
2-11,14:35:36,36,36,13.2,4,37,
2-11,14:35:37,36,36,13.2,4,37,
2-11,14:35:37,36,36,13.2,4,37,
2-11,14:35:38,37,37,13.21,4,37,
2-11,14:35:38,36,36,13.19,4,37,
2-11,14:35:39,34,34,13.17,4,37,
2-11,14:35:39,34,34,13.18,4,37,
2-11,14:35:40,32,32,13.13,4,37,
2-11,14:35:40,36,36,13.2,4,37,
2-11,14:35:41,36,36,13.19,4,37,
2-11,14:35:41,34,34,13.17,4,37,
2-11,14:35:42,35,35,13.18,4,37,
2-11,14:35:42,37,37,13.2,4,37,
2-11,14:35:43,34,34,13.17,4,37,
2-11,14:35:43,35,35,13.19,4,37,
2-11,14:35:44,36,36,13.19,4,37,
2-11,14:35:44,37,37,13.2,4,37,
2-11,14:35:45,37,37,13.2,4,37,
2-11,14:35:45,36,36,13.19,4,37,
2-11,14:35:46,36,36,13.18,4,37,
2-11,14:35:46,36,36,13.17,4,37,
2-11,14:35:47,38,38,13.22,4,37,
2-11,14:35:47,38,38,13.21,4,37,
2-11,14:35:48,38,38,13.21,4,37,
2-11,14:35:48,38,38,13.2,4,37,
2-11,14:35:49,36,36,13.18,4,37,
2-11,14:35:49,36,36,13.17,4,37,
2-11,14:35:50,37,37,13.19,4,37,
2-11,14:35:50,39,39,13.2,4,37,
2-11,14:35:51,40,40,13.23,4,37,
2-11,14:35:51,37,37,13.18,4,37,
2-11,14:35:52,38,38,13.2,4,37,
2-11,14:35:52,37,37,13.17,4,37,
2-11,14:35:53,37,37,13.18,4,37,
2-11,14:35:53,38,38,13.18,4,37,
2-11,14:35:54,37,37,13.18,4,37,
2-11,14:35:54,40,40,13.21,4,37,
2-11,14:35:55,37,37,13.17,4,37,
2-11,14:35:55,38,38,13.2,4,37,
2-11,14:35:56,37,37,13.18,4,37,
2-11,14:35:56,40,40,13.22,4,37,
2-11,14:35:57,37,37,13.18,4,37,
2-11,14:35:57,37,37,13.17,4,37,
2-11,14:35:58,36,36,13.16,4,37,
2-11,14:35:58,42,42,13.24,4,37,
2-11,14:35:59,40,40,13.2,4,37,
2-11,14:35:59,39,39,13.19,4,37,
2-11,14:36:0,38,38,13.17,4,37,
2-11,14:36:0,38,38,13.18,4,37,
2-11,14:36:1,38,38,13.18,4,37,
2-11,14:36:1,37,37,13.17,4,37,
2-11,14:36:2,40,40,13.21,4,37,
2-11,14:36:2,40,40,13.2,4,37,
2-11,14:36:3,39,39,13.2,4,37,
2-11,14:36:3,38,38,13.17,4,37,
2-11,14:36:4,39,39,13.19,4,37,
2-11,14:36:4,39,39,13.19,4,37,
2-11,14:36:5,40,40,13.2,4,37,
2-11,14:36:5,39,39,13.18,4,37,
2-11,14:36:6,39,39,13.18,4,37,
2-11,14:36:6,42,42,13.23,4,37,
2-11,14:36:7,39,39,13.19,4,37,
2-11,14:36:7,39,39,13.18,4,37,
2-11,14:36:8,38,38,13.17,4,37,
2-11,14:36:8,40,40,13.2,4,37,
2-11,14:36:9,40,40,13.19,4,37,
2-11,14:36:9,39,39,13.18,4,37,
2-11,14:36:10,40,40,13.18,4,37,
2-11,14:36:10,39,39,13.17,4,37,
2-11,14:36:11,40,40,13.2,4,37,
2-11,14:36:11,41,41,13.19,4,37,
2-11,14:36:12,40,40,13.19,4,37,
2-11,14:36:12,40,40,13.19,4,37,
2-11,14:36:13,44,44,13.23,4,37,
2-11,14:36:13,39,39,13.17,4,37,
2-11,14:36:14,41,41,13.2,4,37,
2-11,14:36:14,41,41,13.19,4,37,
2-11,14:36:15,42,42,13.2,4,37,
2-11,14:36:15,42,42,13.21,4,37,
2-11,14:36:16,41,41,13.18,4,37,
2-11,14:36:16,43,43,13.23,4,37,
2-11,14:36:17,40,40,13.17,4,37,
2-11,14:36:17,41,41,13.17,4,37,
2-11,14:36:18,43,43,13.21,4,37,
2-11,14:36:18,41,41,13.18,4,37,
2-11,14:36:19,40,40,13.17,4,37,
2-11,14:36:19,43,43,13.22,4,37,
2-11,14:36:20,41,41,13.18,4,37,
2-11,14:36:20,45,45,13.23,4,37,
2-11,14:36:21,44,44,13.22,4,37,
2-11,14:36:21,43,43,13.21,4,37,
2-11,14:36:22,43,43,13.21,4,37,
2-11,14:36:22,42,42,13.19,4,37,
2-11,14:36:23,44,44,13.21,4,37,
2-11,14:36:23,45,45,13.23,4,37,
2-11,14:36:24,43,43,13.21,4,37,
2-11,14:36:24,41,41,13.17,4,37,
2-11,14:36:25,44,44,13.21,4,37,
2-11,14:36:25,43,43,13.19,4,37,
2-11,14:36:26,44,44,13.21,4,37,
2-11,14:36:26,44,44,13.22,4,37,
2-11,14:36:27,44,44,13.22,4,37,
2-11,14:36:27,44,44,13.22,4,37,
2-11,14:36:28,44,44,13.23,4,37,
2-11,14:36:28,43,43,13.21,4,37,
2-11,14:36:29,44,44,13.22,4,37,
2-11,14:36:29,44,44,13.22,4,37,
2-11,14:36:30,43,43,13.2,4,37,
2-11,14:36:30,41,41,13.17,4,37,
2-11,14:36:31,44,44,13.23,4,37,
2-11,14:36:31,42,42,13.2,4,37,
2-11,14:36:32,41,41,13.16,4,37,
2-11,14:36:32,41,41,13.17,4,37,
2-11,14:36:33,43,43,13.2,4,37,
2-11,14:36:33,42,42,13.2,4,37,
2-11,14:36:34,42,42,13.19,4,37,
2-11,14:36:34,41,41,13.17,4,37,
2-11,14:36:35,42,42,13.19,4,37,
2-11,14:36:35,42,42,13.19,4,37,
2-11,14:36:36,41,41,13.18,4,37,
2-11,14:36:36,44,44,13.23,4,37,
2-11,14:36:37,44,44,13.24,4,37,
2-11,14:36:37,44,44,13.24,4,37,
2-11,14:36:38,42,42,13.21,4,37,
2-11,14:36:38,42,42,13.21,4,37,
2-11,14:36:39,42,42,13.22,4,37,
2-11,14:36:39,42,42,13.22,4,37,
2-11,14:36:40,43,43,13.21,4,37,
2-11,14:36:40,41,41,13.19,4,37,
2-11,14:36:41,42,42,13.2,4,37,
2-11,14:36:41,44,44,13.24,4,37,
2-11,14:36:42,42,42,13.2,4,37,
2-11,14:36:42,42,42,13.21,4,37,
2-11,14:36:43,44,44,13.23,4,37,
2-11,14:36:43,42,42,13.21,4,37,
2-11,14:36:44,43,43,13.21,4,37,
2-11,14:36:44,43,43,13.22,4,37,
2-11,14:36:45,43,43,13.23,4,37,
2-11,14:36:45,43,43,13.22,4,37,
2-11,14:36:46,44,44,13.24,4,37,
2-11,14:36:46,41,41,13.2,4,37,
2-11,14:36:47,46,46,13.26,4,37,
2-11,14:36:47,41,41,13.19,4,37,
2-11,14:36:48,41,41,13.2,4,37,
2-11,14:36:48,43,43,13.22,4,37,
2-11,14:36:49,42,42,13.21,4,37,
2-11,14:36:49,44,44,13.23,4,37,
2-11,14:36:50,42,42,13.2,4,37,
2-11,14:36:50,44,44,13.25,4,37,
2-11,14:36:51,44,44,13.25,4,37,
2-11,14:36:51,44,44,13.22,4,37,
2-11,14:36:52,44,44,13.23,4,37,
2-11,14:36:52,43,43,13.21,4,37,
2-11,14:36:53,44,44,13.23,4,37,
2-11,14:36:53,43,43,13.23,4,37,
2-11,14:36:54,43,43,13.22,4,37,
2-11,14:36:54,44,44,13.22,4,37,
2-11,14:36:55,41,41,13.19,4,37,
2-11,14:36:55,44,44,13.24,4,37,
2-11,14:36:56,42,42,13.2,4,37,
2-11,14:36:56,47,47,13.26,4,37,
2-11,14:36:57,45,45,13.23,4,37,
2-11,14:36:57,43,43,13.21,4,37,
2-11,14:36:58,45,45,13.24,4,37,
2-11,14:36:58,41,41,13.19,4,37,
2-11,14:36:59,44,44,13.23,4,37,
2-11,14:36:59,45,45,13.23,4,37,
2-11,14:37:0,46,46,13.25,4,37,
2-11,14:37:0,43,43,13.21,4,37,
2-11,14:37:1,42,42,13.19,4,37,
2-11,14:37:1,46,46,13.26,4,37,
2-11,14:37:2,45,45,13.23,4,37,
2-11,14:37:2,44,44,13.23,4,37,
2-11,14:37:3,45,45,13.22,4,37,
2-11,14:37:3,47,47,13.26,4,37,
2-11,14:37:4,44,44,13.22,4,37,
2-11,14:37:4,42,42,13.2,4,37,
2-11,14:37:5,46,46,13.27,4,37,
2-11,14:37:5,45,45,13.24,4,37,
2-11,14:37:6,42,42,13.18,4,37,
2-11,14:37:6,47,47,13.26,4,37,
2-11,14:37:7,44,44,13.23,4,37,
2-11,14:37:7,44,44,13.22,4,37,
2-11,14:37:8,43,43,13.21,4,37,
2-11,14:37:8,46,46,13.25,4,37,
2-11,14:37:9,49,49,13.3,4,37,
2-11,14:37:9,47,47,13.25,4,37,
2-11,14:37:10,45,45,13.24,4,37,
2-11,14:37:10,45,45,13.23,4,37,
2-11,14:37:11,44,44,13.23,4,37,
2-11,14:37:11,43,43,13.22,4,37,
2-11,14:37:12,44,44,13.24,4,37,
2-11,14:37:12,43,43,13.21,4,37,
2-11,14:37:13,46,46,13.25,4,37,
2-11,14:37:13,47,47,13.26,4,37,
2-11,14:37:14,45,45,13.23,4,37,
2-11,14:37:14,44,44,13.22,4,37,
2-11,14:37:15,46,46,13.25,4,37,
2-11,14:37:15,44,44,13.22,4,37,
2-11,14:37:16,43,43,13.2,4,37,
2-11,14:37:16,44,44,13.22,4,37,
2-11,14:37:17,47,47,13.25,4,37,
2-11,14:37:17,45,45,13.22,4,37,
2-11,14:37:18,44,44,13.21,4,37,
2-11,14:37:18,44,44,13.22,4,37,
2-11,14:37:19,45,45,13.22,4,37,
2-11,14:37:19,47,47,13.27,4,37,
2-11,14:37:20,45,45,13.22,4,37,
2-11,14:37:20,42,42,13.18,4,37,
2-11,14:37:21,45,45,13.24,4,37,
2-11,14:37:21,44,44,13.23,4,37,
2-11,14:37:22,44,44,13.22,4,37,
2-11,14:37:22,47,47,13.26,4,37,
2-11,14:37:23,43,43,13.21,4,37,
2-11,14:37:23,44,44,13.19,4,37,
2-11,14:37:24,46,46,13.24,4,37,
2-11,14:37:24,47,47,13.26,4,37,
2-11,14:37:25,44,44,13.21,4,37,
2-11,14:37:25,45,45,13.23,4,37,
2-11,14:37:26,45,45,13.23,4,37,
2-11,14:37:26,43,43,13.21,4,37,
2-11,14:37:27,45,45,13.23,4,37,
2-11,14:37:27,48,48,13.26,4,37,
2-11,14:37:28,46,46,13.25,4,37,
2-11,14:37:28,45,45,13.23,4,37,
2-11,14:37:29,43,43,13.2,4,37,
2-11,14:37:29,46,46,13.24,4,37,
2-11,14:37:30,46,46,13.24,4,37,
2-11,14:37:30,45,45,13.23,4,37,
2-11,14:37:31,46,46,13.25,4,37,
2-11,14:37:31,46,46,13.24,4,37,
2-11,14:37:32,44,44,13.22,4,37,
2-11,14:37:32,44,44,13.21,4,37,
2-11,14:37:33,46,46,13.25,4,37,
2-11,14:37:33,46,46,13.24,4,37,
2-11,14:37:34,43,43,13.21,4,37,
2-11,14:37:34,44,44,13.22,4,37,
2-11,14:37:35,46,46,13.25,4,37,
2-11,14:37:35,47,47,13.26,4,37,
2-11,14:37:36,45,45,13.24,4,37,
2-11,14:37:36,46,46,13.24,4,37,
2-11,14:37:37,45,45,13.23,4,37,
2-11,14:37:37,45,45,13.23,4,37,
2-11,14:37:38,46,46,13.24,4,37,
2-11,14:37:38,44,44,13.22,4,37,
2-11,14:37:39,45,45,13.21,4,37,
2-11,14:37:39,45,45,13.23,4,37,
2-11,14:37:40,45,45,13.21,4,37,
2-11,14:37:40,44,44,13.2,4,37,
2-11,14:37:41,46,46,13.24,4,37,
2-11,14:37:41,46,46,13.24,4,37,
2-11,14:37:42,45,45,13.23,4,37,
2-11,14:37:42,48,48,13.26,4,37,
2-11,14:37:43,48,48,13.25,4,37,
2-11,14:37:43,45,45,13.23,4,37,
2-11,14:37:44,45,45,13.23,4,37,
2-11,14:37:44,47,47,13.26,4,37,
2-11,14:37:45,43,43,13.2,4,37,
2-11,14:37:45,44,44,13.21,4,37,
2-11,14:37:46,45,45,13.22,4,37,
2-11,14:37:46,46,46,13.25,4,37,
2-11,14:37:47,45,45,13.2,4,37,
2-11,14:37:47,48,48,13.26,4,37,
2-11,14:37:48,48,48,13.25,4,37,
2-11,14:37:48,46,46,13.23,4,37,
2-11,14:37:49,48,48,13.27,4,37,
2-11,14:37:49,46,46,13.23,4,37,
2-11,14:37:50,46,46,13.23,4,37,
2-11,14:37:50,47,47,13.25,4,37,
2-11,14:37:51,48,48,13.26,4,37,
2-11,14:37:51,46,46,13.22,4,37,
2-11,14:37:52,45,45,13.21,4,37,
2-11,14:37:52,46,46,13.22,4,37,
2-11,14:37:53,47,47,13.23,4,37,
2-11,14:37:53,48,48,13.24,4,37,
2-11,14:37:54,49,49,13.27,4,37,
2-11,14:37:54,46,46,13.21,4,37,
2-11,14:37:55,48,48,13.23,4,37,
2-11,14:37:55,45,45,13.19,4,37,
2-11,14:37:56,49,49,13.26,4,37,
2-11,14:37:56,48,48,13.23,4,37,
2-11,14:37:57,47,47,13.22,4,37,
2-11,14:37:57,46,46,13.19,4,37,
2-11,14:37:58,48,48,13.25,4,37,
2-11,14:37:58,48,48,13.23,4,37,
2-11,14:37:59,49,49,13.26,4,37,
2-11,14:37:59,50,50,13.27,4,37,
2-11,14:38:0,49,49,13.24,4,37,
2-11,14:38:0,50,50,13.26,4,37,
2-11,14:38:1,49,49,13.22,4,37,
2-11,14:38:1,50,50,13.24,4,37,
2-11,14:38:2,50,50,13.25,4,37,
2-11,14:38:2,49,49,13.22,4,37,
2-11,14:38:3,49,49,13.23,4,37,
2-11,14:38:3,50,50,13.24,4,37,
2-11,14:38:4,49,49,13.23,4,37,
2-11,14:38:4,49,49,13.23,4,37,
2-11,14:38:5,51,51,13.25,4,37,
2-11,14:38:5,49,49,13.23,4,37,
2-11,14:38:6,49,49,13.22,4,37,
2-11,14:38:6,51,51,13.25,4,37,
2-11,14:38:7,52,52,13.27,4,37,
2-11,14:38:7,49,49,13.21,4,37,
2-11,14:38:8,50,50,13.24,4,37,
2-11,14:38:8,51,51,13.26,4,37,
2-11,14:38:9,49,49,13.21,4,37,
2-11,14:38:9,50,50,13.2,4,37,
2-11,14:38:10,50,50,13.21,4,37,
2-11,14:38:10,49,49,13.2,4,37,
2-11,14:38:11,50,50,13.21,4,37,
2-11,14:38:11,50,50,13.2,4,37,
2-11,14:38:12,52,52,13.24,4,37,
2-11,14:38:12,51,51,13.22,4,37,
2-11,14:38:13,49,49,13.19,4,37,
2-11,14:38:13,51,51,13.24,4,37,
2-11,14:38:14,50,50,13.19,4,37,
2-11,14:38:14,50,50,13.19,4,37,
2-11,14:38:15,48,48,13.16,4,37,
2-11,14:38:15,53,53,13.23,4,37,
2-11,14:38:16,52,52,13.24,4,37,
2-11,14:38:16,51,51,13.21,4,37,
2-11,14:38:17,51,51,13.21,4,37,
2-11,14:38:17,49,49,13.17,4,37,
2-11,14:38:18,50,50,13.18,4,37,
2-11,14:38:18,51,51,13.21,4,37,
2-11,14:38:19,52,52,13.21,4,37,
2-11,14:38:19,52,52,13.2,4,37,
2-11,14:38:20,53,53,13.23,4,37,
2-11,14:38:20,52,52,13.22,4,37,
2-11,14:38:21,52,52,13.23,4,37,
2-11,14:38:21,53,53,13.23,4,37,
2-11,14:38:22,53,53,13.24,4,37,
2-11,14:38:22,52,52,13.21,4,37,
2-11,14:38:23,52,52,13.2,4,37,
2-11,14:38:23,52,52,13.21,4,37,
2-11,14:38:24,51,51,13.19,4,37,
2-11,14:38:24,51,51,13.18,4,37,
2-11,14:38:25,52,52,13.2,4,37,
2-11,14:38:25,51,51,13.18,4,37,
2-11,14:38:26,52,52,13.21,4,37,
2-11,14:38:26,51,51,13.19,4,37,
2-11,14:38:27,53,53,13.23,4,37,
2-11,14:38:27,51,51,13.2,4,37,
2-11,14:38:28,51,51,13.2,4,37,
2-11,14:38:28,50,50,13.19,4,37,
2-11,14:38:29,51,51,13.21,4,37,
2-11,14:38:29,52,52,13.21,4,37,
2-11,14:38:30,52,52,13.18,4,37,
2-11,14:38:30,53,53,13.23,4,37,
2-11,14:38:31,49,49,13.17,4,37,
2-11,14:38:31,50,50,13.17,4,37,
2-11,14:38:32,53,53,13.24,4,37,
2-11,14:38:32,53,53,13.23,4,37,
2-11,14:38:33,50,50,13.18,4,37,
2-11,14:38:33,51,51,13.2,4,37,
2-11,14:38:34,52,52,13.23,4,37,
2-11,14:38:34,52,52,13.2,4,37,
2-11,14:38:35,49,49,13.16,4,37,
2-11,14:38:35,54,54,13.25,4,37,
2-11,14:38:36,52,52,13.21,4,37,
2-11,14:38:36,52,52,13.19,4,37,
2-11,14:38:37,50,50,13.18,4,37,
2-11,14:38:37,51,51,13.2,4,37,
2-11,14:38:38,53,53,13.23,4,37,
2-11,14:38:38,52,52,13.22,4,37,
2-11,14:38:39,50,50,13.18,4,37,
2-11,14:38:39,54,54,13.26,4,37,
2-11,14:38:40,52,52,13.22,4,37,
2-11,14:38:40,51,51,13.19,4,37,
2-11,14:38:41,53,53,13.24,4,37,
2-11,14:38:41,52,52,13.21,4,37,
2-11,14:38:42,51,51,13.19,4,37,
2-11,14:38:42,52,52,13.21,4,37,
2-11,14:38:43,52,52,13.22,4,37,
2-11,14:38:43,51,51,13.19,4,37,
2-11,14:38:44,51,51,13.2,4,37,
2-11,14:38:44,51,51,13.2,4,37,
2-11,14:38:45,51,51,13.2,4,37,
2-11,14:38:45,53,53,13.22,4,37,
2-11,14:38:46,51,51,13.2,4,37,
2-11,14:38:46,51,51,13.21,4,37,
2-11,14:38:47,51,51,13.21,4,37,
2-11,14:38:47,50,50,13.18,4,37,
2-11,14:38:48,52,52,13.21,4,37,
2-11,14:38:48,51,51,13.21,4,37,
2-11,14:38:49,49,49,13.16,4,37,
2-11,14:38:49,53,53,13.24,4,37,
2-11,14:38:50,50,50,13.18,4,37,
2-11,14:38:50,52,52,13.22,4,37,
2-11,14:38:51,53,53,13.24,4,37,
2-11,14:38:51,52,52,13.2,4,37,
2-11,14:38:52,54,54,13.25,4,37,
2-11,14:38:52,54,54,13.24,4,37,
2-11,14:38:53,53,53,13.23,4,37,
2-11,14:38:53,51,51,13.19,4,37,
2-11,14:38:54,50,50,13.17,4,37,
2-11,14:38:54,50,50,13.17,4,37,
2-11,14:38:55,49,49,13.12,4,37,
2-11,14:38:55,51,51,13.19,4,37,
2-11,14:38:56,52,52,13.19,4,37,
2-11,14:38:56,53,53,13.23,4,37,
2-11,14:38:57,52,52,13.2,4,37,
2-11,14:38:57,51,51,13.19,4,37,
2-11,14:38:58,52,52,13.2,4,37,
2-11,14:38:58,53,53,13.23,4,37,
2-11,14:38:59,50,50,13.17,4,37,
2-11,14:38:59,51,51,13.17,4,37,
2-11,14:39:0,49,49,13.17,4,37,
2-11,14:39:0,52,52,13.21,4,37,
2-11,14:39:1,52,52,13.21,4,37,
2-11,14:39:1,51,51,13.18,4,37,
2-11,14:39:2,51,51,13.19,4,37,
2-11,14:39:2,50,50,13.17,4,37,
2-11,14:39:3,52,52,13.22,4,37,
2-11,14:39:3,50,50,13.18,4,37,
2-11,14:39:4,51,51,13.18,4,37,
2-11,14:39:4,54,54,13.24,4,37,
2-11,14:39:5,51,51,13.17,4,37,
2-11,14:39:5,52,52,13.21,4,37,
2-11,14:39:6,48,48,13.14,4,37,
2-11,14:39:6,52,52,13.21,4,37,
2-11,14:39:7,52,52,13.21,4,37,
2-11,14:39:7,51,51,13.19,4,37,
2-11,14:39:8,53,53,13.2,4,37,
2-11,14:39:8,51,51,13.2,4,37,
2-11,14:39:9,52,52,13.2,4,37,
2-11,14:39:9,51,51,13.17,4,37,
2-11,14:39:10,51,51,13.18,4,37,
2-11,14:39:10,51,51,13.18,4,37,
2-11,14:39:11,52,52,13.19,4,37,
2-11,14:39:11,51,51,13.18,4,37,
2-11,14:39:12,52,52,13.21,4,37,
2-11,14:39:12,53,53,13.22,4,37,
2-11,14:39:13,50,50,13.16,4,37,
2-11,14:39:13,51,51,13.17,4,37,
2-11,14:39:14,51,51,13.19,4,37,
2-11,14:39:14,52,52,13.2,4,37,
2-11,14:39:15,52,52,13.2,4,37,
2-11,14:39:15,53,53,13.21,4,37,
2-11,14:39:16,49,49,13.16,4,37,
2-11,14:39:16,52,52,13.2,4,37,
2-11,14:39:17,54,54,13.24,4,37,
2-11,14:39:17,50,50,13.16,4,37,
2-11,14:39:18,51,51,13.16,4,37,
2-11,14:39:18,52,52,13.19,4,37,
2-11,14:39:19,48,48,12.91,4,37,
2-11,14:39:19,42,42,12.49,4,37,
2-11,14:39:20,54,54,13.14,4,37,
2-11,14:39:20,53,53,13.15,4,37,
2-11,14:39:21,55,55,13.18,4,37,
2-11,14:39:21,54,54,13.17,4,37,
2-11,14:39:22,55,55,13.17,4,37,
2-11,14:39:22,55,55,13.16,4,37,
2-11,14:39:23,56,56,13.19,4,37,
2-11,14:39:23,55,55,13.17,4,37,
2-11,14:39:24,56,56,13.19,4,37,
2-11,14:39:24,55,55,13.13,4,37,
2-11,14:39:25,57,57,13.17,4,37,
2-11,14:39:25,57,57,13.17,4,37,
2-11,14:39:26,55,55,13.11,4,37,
2-11,14:39:26,58,58,13.18,4,37,
2-11,14:39:27,57,57,13.16,4,37,
2-11,14:39:27,58,58,13.21,4,37,
2-11,14:39:28,56,56,13.15,4,37,
2-11,14:39:28,58,58,13.18,4,37,
2-11,14:39:29,58,58,13.17,4,37,
2-11,14:39:29,59,59,13.22,4,37,
2-11,14:39:30,58,58,13.15,4,37,
2-11,14:39:30,57,57,13.14,4,37,
2-11,14:39:31,58,58,13.16,4,37,
2-11,14:39:31,58,58,13.15,4,37,
2-11,14:39:32,59,59,13.17,4,37,
2-11,14:39:32,59,59,13.19,4,37,
2-11,14:39:33,59,59,13.17,4,37,
2-11,14:39:33,59,59,13.17,4,37,
2-11,14:39:34,58,58,13.14,4,37,
2-11,14:39:34,59,59,13.17,4,37,
2-11,14:39:35,59,59,13.14,4,37,
2-11,14:39:35,58,58,13.16,4,37,
2-11,14:39:36,59,59,13.18,4,37,
2-11,14:39:36,59,59,13.19,4,37,
2-11,14:39:37,60,60,13.2,4,37,
2-11,14:39:37,58,58,13.15,4,37,
2-11,14:39:38,59,59,13.18,4,37,
2-11,14:39:38,59,59,13.17,4,37,
2-11,14:39:39,58,58,13.18,4,37,
2-11,14:39:39,59,59,13.18,4,37,
2-11,14:39:40,58,58,13.17,4,37,
2-11,14:39:40,57,57,13.14,4,37,
2-11,14:39:41,60,60,13.19,4,37,
2-11,14:39:41,57,57,13.15,4,37,
2-11,14:39:42,58,58,13.18,4,37,
2-11,14:39:42,58,58,13.19,4,37,
2-11,14:39:43,58,58,13.18,4,37,
2-11,14:39:43,58,58,13.16,4,37,
2-11,14:39:44,57,57,13.17,4,37,
2-11,14:39:44,56,56,13.16,4,37,
2-11,14:39:45,51,51,12.93,4,37,
2-11,14:39:45,57,57,13.2,4,37,
2-11,14:39:46,58,58,13.16,4,37,
2-11,14:39:46,57,57,13.17,4,37,
2-11,14:39:47,57,57,13.14,4,37,
2-11,14:39:47,58,58,13.16,4,37,
2-11,14:39:48,52,52,12.85,4,37,
2-11,14:39:48,57,57,13.14,4,37,
2-11,14:39:49,59,59,13.18,4,37,
2-11,14:39:49,59,59,13.2,4,37,
2-11,14:39:50,60,60,13.22,4,37,
2-11,14:39:50,59,59,13.2,4,37,
2-11,14:39:51,60,60,13.21,4,37,
2-11,14:39:51,59,59,13.2,4,37,
2-11,14:39:52,59,59,13.17,4,37,
2-11,14:39:52,58,58,13.14,4,37,
2-11,14:39:53,58,58,13.14,4,37,
2-11,14:39:53,61,61,13.19,4,37,
2-11,14:39:54,60,60,13.13,4,37,
2-11,14:39:54,60,60,13.13,4,37,
2-11,14:39:55,60,60,13.13,4,37,
2-11,14:39:55,62,62,13.2,4,37,
2-11,14:39:56,60,60,13.09,4,37,
2-11,14:39:56,59,59,13.09,4,37,
2-11,14:39:57,58,58,13.1,4,37,
2-11,14:39:57,62,62,13.13,4,37,
2-11,14:39:58,60,60,13.12,4,37,
2-11,14:39:58,61,61,13.1,4,37,
2-11,14:39:59,61,61,13.11,4,37,
2-11,14:39:59,59,59,13.13,4,37,
2-11,14:40:0,60,60,13.09,4,37,
2-11,14:40:0,59,59,13.12,4,37,
2-11,14:40:1,57,57,13.08,4,37,
2-11,14:40:1,59,59,13.09,4,37,
2-11,14:40:2,58,58,13.13,4,37,
2-11,14:40:2,57,57,13.08,4,37,
2-11,14:40:3,59,59,13.09,4,37,
2-11,14:40:3,57,57,13.12,4,37,
2-11,14:40:4,55,55,13.06,4,37,
2-11,14:40:4,55,55,13.08,4,37,
2-11,14:40:5,53,53,13.07,4,37,
2-11,14:40:5,54,54,13.08,4,37,
2-11,14:40:6,53,53,13.08,4,37,
2-11,14:40:6,51,51,13.07,4,37,
2-11,14:40:7,53,53,13.1,4,37,
2-11,14:40:7,51,51,13.1,4,37,
2-11,14:40:8,50,50,13.02,4,37,
2-11,14:40:8,51,51,13.08,4,37,
2-11,14:40:9,49,49,13.06,4,37,
2-11,14:40:9,50,50,13.05,4,37,
2-11,14:40:10,50,50,13.08,4,37,
2-11,14:40:10,50,50,13.07,4,37,
2-11,14:40:11,49,49,13.02,4,37,
2-11,14:40:11,48,48,12.83,4,37,
2-11,14:40:12,50,50,12.99,4,37,
2-11,14:40:12,51,51,13.06,4,37,
2-11,14:40:13,52,52,13.07,4,37,
2-11,14:40:13,53,53,13.06,4,37,
2-11,14:40:14,55,55,13.12,4,37,
2-11,14:40:14,52,52,13.05,4,37,
2-11,14:40:15,54,54,13.04,4,37,
2-11,14:40:15,53,53,13.06,4,37,
2-11,14:40:16,55,55,13.04,4,37,
2-11,14:40:16,55,55,13.05,4,37,
2-11,14:40:17,53,53,13.05,4,37,
2-11,14:40:17,52,52,13.01,4,37,
2-11,14:40:18,53,53,13.05,4,37,
2-11,14:40:18,55,55,13.1,4,37,
2-11,14:40:19,52,52,13.03,4,37,
2-11,14:40:19,52,52,13.07,4,37,
2-11,14:40:20,51,51,13.06,4,37,
2-11,14:40:20,51,51,13.03,4,37,
2-11,14:40:21,51,51,13.05,4,37,
2-11,14:40:21,51,51,13.03,4,37,
2-11,14:40:22,51,51,13.04,4,37,
2-11,14:40:22,49,49,13.03,4,37,
2-11,14:40:23,48,48,12.98,4,37,
2-11,14:40:23,51,51,13.06,4,37,
2-11,14:40:24,50,50,13.05,4,37,
2-11,14:40:24,49,49,13.03,4,37,
2-11,14:40:25,49,49,13.08,4,37,
2-11,14:40:25,49,49,13.07,4,37,
2-11,14:40:26,47,47,13.02,4,37,
2-11,14:40:26,48,48,13.06,4,37,
2-11,14:40:27,46,46,13.03,4,37,
2-11,14:40:27,46,46,13.06,4,37,
2-11,14:40:28,46,46,13.07,4,37,
2-11,14:40:28,44,44,13,4,37,
2-11,14:40:29,45,45,13.04,4,37,
2-11,14:40:29,45,45,13.04,4,37,
2-11,14:40:30,43,43,13,4,37,
2-11,14:40:30,45,45,13.05,4,37,
2-11,14:40:31,46,46,13.03,4,37,
2-11,14:40:31,45,45,13.04,4,37,
2-11,14:40:32,45,45,13.04,4,37,
2-11,14:40:32,45,45,13.02,4,37,
2-11,14:40:33,46,46,13.06,4,37,
2-11,14:40:33,44,44,13.03,4,37,
2-11,14:40:34,44,44,13.01,4,37,
2-11,14:40:34,44,44,13.03,4,37,
2-11,14:40:35,43,43,13.01,4,37,
2-11,14:40:35,43,43,13.05,4,37,
2-11,14:40:36,43,43,13.03,4,37,
2-11,14:40:36,42,42,13.01,4,37,
2-11,14:40:37,43,43,13.06,4,37,
2-11,14:40:37,42,42,13.04,4,37,
2-11,14:40:38,42,42,13.01,4,37,
2-11,14:40:38,41,41,13.05,4,37,
2-11,14:40:39,40,40,13,4,37,
2-11,14:40:39,42,42,13.04,4,37,
2-11,14:40:40,40,40,13.03,4,37,
2-11,14:40:40,41,41,13.04,4,37,
2-11,14:40:41,36,36,12.96,4,37,
2-11,14:40:41,42,42,13.05,4,37,
2-11,14:40:42,40,40,13,4,37,
2-11,14:40:42,41,41,13.05,4,37,
2-11,14:40:43,37,37,12.95,4,37,
2-11,14:40:43,42,42,13.02,4,37,
2-11,14:40:44,38,38,12.93,4,37,
2-11,14:40:44,41,41,13.03,4,37,
2-11,14:40:45,42,42,13.04,4,37,
2-11,14:40:45,42,42,13.07,4,37,
2-11,14:40:46,41,41,13,4,37,
2-11,14:40:46,43,43,13.05,4,37,
2-11,14:40:47,44,44,13.06,4,37,
2-11,14:40:47,43,43,13.02,4,37,
2-11,14:40:48,45,45,13.08,4,37,
2-11,14:40:48,44,44,13,4,37,
2-11,14:40:49,43,43,13.02,4,37,
2-11,14:40:49,42,42,12.99,4,37,
2-11,14:40:50,43,43,13.01,4,37,
2-11,14:40:50,44,44,13.04,4,37,
2-11,14:40:51,43,43,13,4,37,
2-11,14:40:51,44,44,13.02,4,37,
2-11,14:40:52,43,43,13.03,4,37,
2-11,14:40:52,43,43,13.02,4,37,
2-11,14:40:53,44,44,13.05,4,37,
2-11,14:40:53,45,45,13.06,4,37,
2-11,14:40:54,43,43,13.03,4,37,
2-11,14:40:54,43,43,13.04,4,37,
2-11,14:40:55,42,42,13.04,4,37,
2-11,14:40:55,40,40,13.01,4,37,
2-11,14:40:56,39,39,13.03,4,37,
2-11,14:40:56,41,41,13.06,4,37,
2-11,14:40:57,39,39,13.04,4,37,
2-11,14:40:57,38,38,13.05,4,37,
2-11,14:40:58,39,39,13.03,4,37,
2-11,14:40:58,36,36,13.01,4,37,
2-11,14:40:59,37,37,13.05,4,37,
2-11,14:40:59,36,36,13.01,4,37,
2-11,14:41:0,37,37,13.06,4,37,
2-11,14:41:0,35,35,13.02,4,37,
2-11,14:41:1,34,34,13.03,4,37,
2-11,14:41:1,35,35,13.06,4,37,
2-11,14:41:2,34,34,13.03,4,37,
2-11,14:41:2,35,35,13.07,4,37,
2-11,14:41:3,34,34,13.04,4,37,
2-11,14:41:3,33,33,13.03,4,37,
2-11,14:41:4,35,35,13.04,4,37,
2-11,14:41:4,35,35,13.06,4,37,
2-11,14:41:5,35,35,13.07,4,37,
2-11,14:41:5,33,33,13.03,4,37,
2-11,14:41:6,34,34,13.04,4,37,
2-11,14:41:6,34,34,13.01,4,37,
2-11,14:41:7,35,35,13.04,4,37,
2-11,14:41:7,36,36,13.08,4,37,
2-11,14:41:8,34,34,13.03,4,37,
2-11,14:41:8,36,36,13.07,4,37,
2-11,14:41:9,37,37,13.06,4,37,
2-11,14:41:9,35,35,13.04,4,37,
2-11,14:41:10,37,37,13.07,4,37,
2-11,14:41:10,35,35,13.03,4,37,
2-11,14:41:11,37,37,13.08,4,37,
2-11,14:41:11,35,35,13.03,4,37,
2-11,14:41:12,36,36,13.07,4,37,
2-11,14:41:12,38,38,13.08,4,37,
2-11,14:41:13,35,35,13.02,4,37,
2-11,14:41:13,35,35,12.94,4,37,
2-11,14:41:14,38,38,13.06,4,37,
2-11,14:41:14,38,38,13.08,4,37,
2-11,14:41:15,39,39,13.07,4,37,
2-11,14:41:15,38,38,13.07,4,37,
2-11,14:41:16,38,38,13.08,4,37,
2-11,14:41:16,37,37,13.06,4,37,
2-11,14:41:17,37,37,13.06,4,37,
2-11,14:41:17,37,37,13.06,4,37,
2-11,14:41:18,38,38,13.08,4,37,
2-11,14:41:18,38,38,13.1,4,37,
2-11,14:41:19,37,37,13.07,4,37,
2-11,14:41:19,39,39,13.08,4,37,
2-11,14:41:20,39,39,13.09,4,37,
2-11,14:41:20,36,36,13.05,4,37,
2-11,14:41:21,39,39,13.1,4,37,
2-11,14:41:21,38,38,13.08,4,37,
2-11,14:41:22,38,38,13.08,4,37,
2-11,14:41:22,39,39,13.09,4,37,
2-11,14:41:23,38,38,13.05,4,37,
2-11,14:41:23,40,40,13.1,4,37,
2-11,14:41:24,37,37,13.05,4,37,
2-11,14:41:24,39,39,13.08,4,37,
2-11,14:41:25,38,38,13.09,4,37,
2-11,14:41:25,38,38,13.07,4,37,
2-11,14:41:26,39,39,13.09,4,37,
2-11,14:41:26,37,37,13.07,4,37,
2-11,14:41:27,38,38,13.08,4,37,
2-11,14:41:27,38,38,13.1,4,37,
2-11,14:41:28,39,39,13.08,4,37,
2-11,14:41:28,38,38,13.08,4,37,
2-11,14:41:29,38,38,13.06,4,37,
2-11,14:41:29,39,39,13.08,4,37,
2-11,14:41:30,39,39,13.09,4,37,
2-11,14:41:30,38,38,13.05,4,37,
2-11,14:41:31,39,39,13.08,4,37,
2-11,14:41:31,39,39,13.09,4,37,
2-11,14:41:32,37,37,13.05,4,37,
2-11,14:41:32,37,37,13.06,4,37,
2-11,14:41:33,37,37,13.08,4,37,
2-11,14:41:33,37,37,13.05,4,37,
2-11,14:41:34,37,37,13.07,4,37,
2-11,14:41:34,39,39,13.08,4,37,
2-11,14:41:35,38,38,13.07,4,37,
2-11,14:41:35,38,38,13.1,4,37,
2-11,14:41:36,37,37,13.06,4,37,
2-11,14:41:36,37,37,13.07,4,37,
2-11,14:41:37,38,38,13.08,4,37,
2-11,14:41:37,38,38,13.08,4,37,
2-11,14:41:38,37,37,13.02,4,37,
2-11,14:41:38,41,41,13.1,4,37,
2-11,14:41:39,40,40,13.09,4,37,
2-11,14:41:39,40,40,13.09,4,37,
2-11,14:41:40,41,41,13.09,4,37,
2-11,14:41:40,40,40,13.06,4,37,
2-11,14:41:41,39,39,13,4,37,
2-11,14:41:41,42,42,13.08,4,37,
2-11,14:41:42,43,43,13.11,4,37,
2-11,14:41:42,43,43,13.09,4,37,
2-11,14:41:43,41,41,13.07,4,37,
2-11,14:41:43,42,42,13.09,4,37,
2-11,14:41:44,42,42,13.07,4,37,
2-11,14:41:44,42,42,13.09,4,37,
2-11,14:41:45,42,42,13.09,4,37,
2-11,14:41:45,42,42,13.09,4,37,
2-11,14:41:46,42,42,13.09,4,37,
2-11,14:41:46,42,42,13.09,4,37,
2-11,14:41:47,41,41,13.09,4,37,
2-11,14:41:47,42,42,13.07,4,37,
2-11,14:41:48,40,40,13.08,4,37,
2-11,14:41:48,41,41,13.13,4,37,
2-11,14:41:49,39,39,13.08,4,37,
2-11,14:41:49,39,39,13.02,4,37,
2-11,14:41:50,40,40,13.09,4,37,
2-11,14:41:50,39,39,13.08,4,37,
2-11,14:41:51,42,42,13.13,4,37,
2-11,14:41:51,40,40,13.07,4,37,
2-11,14:41:52,39,39,13.04,4,37,
2-11,14:41:52,42,42,13.11,4,37,
2-11,14:41:53,40,40,13.05,4,37,
2-11,14:41:53,40,40,13.09,4,37,
2-11,14:41:54,40,40,13.08,4,37,
2-11,14:41:54,42,42,13.08,4,37,
2-11,14:41:55,44,44,13.13,4,37,
2-11,14:41:55,41,41,13.05,4,37,
2-11,14:41:56,42,42,13.05,4,37,
2-11,14:41:56,43,43,13.09,4,37,
2-11,14:41:57,45,45,13.04,4,37,
2-11,14:41:57,47,47,13.08,4,37,
2-11,14:41:58,46,46,13.08,4,37,
2-11,14:41:58,46,46,13.06,4,37,
2-11,14:41:59,46,46,13.02,4,37,
2-11,14:41:59,46,46,13.05,4,37,
2-11,14:42:0,47,47,13.05,4,37,
2-11,14:42:0,49,49,13.07,4,37,
2-11,14:42:1,47,47,13.06,4,37,
2-11,14:42:1,47,47,13.02,4,37,
2-11,14:42:2,39,39,12.26,4,37,
2-11,14:42:2,47,47,12.95,4,37,
2-11,14:42:3,49,49,13.04,4,37,
2-11,14:42:3,48,48,13.02,4,37,
2-11,14:42:4,48,48,13.08,4,37,
2-11,14:42:4,47,47,13.03,4,37,
2-11,14:42:5,49,49,13.04,4,37,
2-11,14:42:5,48,48,13.05,4,37,
2-11,14:42:6,47,47,13.01,4,37,
2-11,14:42:6,49,49,13.06,4,37,
2-11,14:42:7,47,47,13.05,4,37,
2-11,14:42:7,47,47,13.02,4,37,
2-11,14:42:8,47,47,13.05,4,37,
2-11,14:42:8,44,44,13.02,4,37,
2-11,14:42:9,46,46,13.04,4,37,
2-11,14:42:9,45,45,13.03,4,37,
2-11,14:42:10,44,44,13.03,4,37,
2-11,14:42:10,44,44,13,4,37,
2-11,14:42:11,45,45,13.03,4,37,
2-11,14:42:11,44,44,13.02,4,37,
2-11,14:42:12,43,43,12.99,4,37,
2-11,14:42:12,43,43,13.01,4,37,
2-11,14:42:13,43,43,13.05,4,37,
2-11,14:42:13,43,43,13,4,37,
2-11,14:42:14,44,44,13.01,4,37,
2-11,14:42:14,41,41,13.02,4,37,
2-11,14:42:15,43,43,13.01,4,37,
2-11,14:42:15,43,43,13.01,4,37,
2-11,14:42:16,44,44,13.07,4,37,
2-11,14:42:16,42,42,13.01,4,37,
2-11,14:42:17,42,42,12.99,4,37,
2-11,14:42:17,42,42,13.03,4,37,
2-11,14:42:18,42,42,13.03,4,37,
2-11,14:42:18,43,43,13.04,4,37,
2-11,14:42:19,42,42,13.02,4,37,
2-11,14:42:19,44,44,13.05,4,37,
2-11,14:42:20,42,42,13.01,4,37,
2-11,14:42:20,41,41,13,4,37,
2-11,14:42:21,43,43,13.03,4,37,
2-11,14:42:21,41,41,12.99,4,37,
2-11,14:42:22,42,42,13.03,4,37,
2-11,14:42:22,41,41,13.03,4,37,
2-11,14:42:23,42,42,13.02,4,37,
2-11,14:42:23,41,41,13.02,4,37,
2-11,14:42:24,40,40,13.03,4,37,
2-11,14:42:24,40,40,12.98,4,37,
2-11,14:42:25,39,39,13,4,37,
2-11,14:42:25,40,40,13.03,4,37,
2-11,14:42:26,38,38,12.99,4,37,
2-11,14:42:26,40,40,13.03,4,37,
2-11,14:42:27,41,41,13.06,4,37,
2-11,14:42:27,39,39,12.98,4,37,
2-11,14:42:28,36,36,12.97,4,37,
2-11,14:42:28,39,39,13.02,4,37,
2-11,14:42:29,38,38,12.99,4,37,
2-11,14:42:29,39,39,13.02,4,37,
2-11,14:42:30,38,38,13,4,37,
2-11,14:42:30,40,40,12.99,4,37,
2-11,14:42:31,41,41,13.04,4,37,
2-11,14:42:31,39,39,13.01,4,37,
2-11,14:42:32,39,39,13.01,4,37,
2-11,14:42:32,39,39,13.01,4,37,
2-11,14:42:33,39,39,13.01,4,37,
2-11,14:42:33,38,38,12.98,4,37,
2-11,14:42:34,42,42,13.04,4,37,
2-11,14:42:34,39,39,12.98,4,37,
2-11,14:42:35,37,37,12.95,4,37,
2-11,14:42:35,39,39,12.96,4,37,
2-11,14:42:36,37,37,12.99,4,37,
2-11,14:42:36,39,39,12.96,4,37,
2-11,14:42:37,41,41,13,4,37,
2-11,14:42:37,39,39,13,4,37,
2-11,14:42:38,41,41,12.95,4,37,
2-11,14:42:38,41,41,12.98,4,37,
2-11,14:42:39,41,41,12.99,4,37,
2-11,14:42:39,40,40,12.93,4,37,
2-11,14:42:40,41,41,12.96,4,37,
2-11,14:42:40,41,41,12.97,4,37,
2-11,14:42:41,42,42,12.98,4,37,
2-11,14:42:41,42,42,12.96,4,37,
2-11,14:42:42,40,40,12.99,4,37,
2-11,14:42:42,40,40,12.94,4,37,
2-11,14:42:43,41,41,12.97,4,37,
2-11,14:42:43,40,40,13,4,37,
2-11,14:42:44,40,40,12.95,4,37,
2-11,14:42:44,38,38,12.95,4,37,
2-11,14:42:45,38,38,13.01,4,37,
2-11,14:42:45,39,39,12.97,4,37,
2-11,14:42:46,39,39,12.97,4,37,
2-11,14:42:46,39,39,13.01,4,37,
2-11,14:42:47,38,38,12.96,4,37,
2-11,14:42:47,39,39,12.97,4,37,
2-11,14:42:48,34,34,12.93,4,37,
2-11,14:42:48,38,38,12.97,4,37,
2-11,14:42:49,36,36,12.93,4,37,
2-11,14:42:49,37,37,13,4,37,
2-11,14:42:50,37,37,12.96,4,37,
2-11,14:42:50,38,38,12.96,4,37,
2-11,14:42:51,39,39,13.02,4,37,
2-11,14:42:51,38,38,12.95,4,37,
2-11,14:42:52,39,39,12.96,4,37,
2-11,14:42:52,39,39,12.99,4,37,
2-11,14:42:53,41,41,12.95,4,37,
2-11,14:42:53,40,40,12.99,4,37,
2-11,14:42:54,39,39,12.94,4,37,
2-11,14:42:54,39,39,12.98,4,37,
2-11,14:42:55,38,38,12.98,4,37,
2-11,14:42:55,38,38,12.92,4,37,
2-11,14:42:56,39,39,12.99,4,37,
2-11,14:42:56,38,38,12.99,4,37,
2-11,14:42:57,34,34,12.93,4,37,
2-11,14:42:57,35,35,12.98,4,37,
2-11,14:42:58,34,34,12.93,4,37,
2-11,14:42:58,35,35,12.98,4,37,
2-11,14:42:59,35,35,13,4,37,
2-11,14:42:59,34,34,12.98,4,37,
2-11,14:43:0,32,32,12.98,4,37,
2-11,14:43:0,33,33,12.96,4,37,
2-11,14:43:1,33,33,12.99,4,37,
2-11,14:43:1,32,32,12.96,4,37,
2-11,14:43:2,31,31,12.96,4,37,
2-11,14:43:2,32,32,13,4,37,
2-11,14:43:3,31,31,12.96,4,37,
2-11,14:43:3,31,31,12.99,4,37,
2-11,14:43:4,30,30,12.95,4,37,
2-11,14:43:4,30,30,12.98,4,37,
2-11,14:43:5,31,31,12.99,4,37,
2-11,14:43:5,31,31,12.94,4,37,
2-11,14:43:6,35,35,13.06,4,37,
2-11,14:43:6,33,33,12.95,4,37,
2-11,14:43:7,32,32,12.97,4,37,
2-11,14:43:7,33,33,12.98,4,37,
2-11,14:43:8,32,32,12.94,4,37,
2-11,14:43:8,30,30,12.99,4,37,
2-11,14:43:9,33,33,12.96,4,37,
2-11,14:43:9,32,32,12.96,4,37,
2-11,14:43:10,33,33,12.99,4,37,
2-11,14:43:10,33,33,12.95,4,37,
2-11,14:43:11,33,33,13,4,37,
2-11,14:43:11,33,33,12.95,4,37,
2-11,14:43:12,35,35,13,4,37,
2-11,14:43:12,35,35,12.99,4,37,
2-11,14:43:13,33,33,12.95,4,37,
2-11,14:43:13,35,35,13.01,4,37,
2-11,14:43:14,35,35,12.96,4,37,
2-11,14:43:14,36,36,12.98,4,37,
2-11,14:43:15,36,36,12.98,4,37,
2-11,14:43:15,37,37,12.96,4,37,
2-11,14:43:16,39,39,13.05,4,37,
2-11,14:43:16,38,38,12.95,4,37,
2-11,14:43:17,39,39,12.99,4,37,
2-11,14:43:17,39,39,13,4,37,
2-11,14:43:18,38,38,12.94,4,37,
2-11,14:43:18,43,43,13.06,4,37,
2-11,14:43:19,40,40,12.97,4,37,
2-11,14:43:19,40,40,12.95,4,37,
2-11,14:43:20,42,42,13.05,4,37,
2-11,14:43:20,41,41,12.98,4,37,
2-11,14:43:21,40,40,13.01,4,37,
2-11,14:43:21,42,42,12.99,4,37,
2-11,14:43:22,42,42,12.93,4,37,
2-11,14:43:22,42,42,13.02,4,37,
2-11,14:43:23,41,41,12.98,4,37,
2-11,14:43:23,40,40,12.97,4,37,
2-11,14:43:24,41,41,12.97,4,37,
2-11,14:43:24,42,42,12.96,4,37,
2-11,14:43:25,42,42,13,4,37,
2-11,14:43:25,43,43,12.98,4,37,
2-11,14:43:26,43,43,12.97,4,37,
2-11,14:43:26,44,44,13.05,4,37,
2-11,14:43:27,42,42,12.96,4,37,
2-11,14:43:27,43,43,12.98,4,37,
2-11,14:43:28,44,44,13.01,4,37,
2-11,14:43:28,43,43,12.98,4,37,
2-11,14:43:29,43,43,12.99,4,37,
2-11,14:43:29,43,43,12.98,4,37,
2-11,14:43:30,43,43,13,4,37,
2-11,14:43:30,42,42,13.01,4,37,
2-11,14:43:31,42,42,12.97,4,37,
2-11,14:43:31,42,42,12.98,4,37,
2-11,14:43:32,42,42,13.01,4,37,
2-11,14:43:32,43,43,12.99,4,37,
2-11,14:43:33,43,43,13,4,37,
2-11,14:43:33,44,44,12.99,4,37,
2-11,14:43:34,43,43,12.91,4,37,
2-11,14:43:34,42,42,13.01,4,37,
2-11,14:43:35,43,43,12.98,4,37,
2-11,14:43:35,43,43,13.01,4,37,
2-11,14:43:36,43,43,13.02,4,37,
2-11,14:43:36,44,44,12.99,4,37,
2-11,14:43:37,45,45,13.04,4,37,
2-11,14:43:37,47,47,13.01,4,37,
2-11,14:43:38,44,44,13,4,37,
2-11,14:43:38,46,46,13.05,4,37,
2-11,14:43:39,45,45,13.01,4,37,
2-11,14:43:39,43,43,12.99,4,37,
2-11,14:43:40,47,47,13.06,4,37,
2-11,14:43:40,45,45,12.97,4,37,
2-11,14:43:41,46,46,13.03,4,37,
2-11,14:43:41,45,45,12.98,4,37,
2-11,14:43:42,45,45,12.99,4,37,
2-11,14:43:42,45,45,13.03,4,37,
2-11,14:43:43,45,45,12.98,4,37,
2-11,14:43:43,45,45,12.99,4,37,
2-11,14:43:44,43,43,13.01,4,37,
2-11,14:43:44,45,45,13,4,37,
2-11,14:43:45,46,46,12.99,4,37,
2-11,14:43:45,43,43,12.97,4,37,
2-11,14:43:46,46,46,13.01,4,37,
2-11,14:43:46,46,46,13.03,4,37,
2-11,14:43:47,45,45,13.01,4,37,
2-11,14:43:47,43,43,12.99,4,37,
2-11,14:43:48,44,44,12.97,4,37,
2-11,14:43:48,45,45,12.97,4,37,
2-11,14:43:49,45,45,13,4,37,
2-11,14:43:49,45,45,13,4,37,
2-11,14:43:50,44,44,12.98,4,37,
2-11,14:43:50,43,43,13.02,4,37,
2-11,14:43:51,44,44,12.97,4,37,
2-11,14:43:51,43,43,12.97,4,37,
2-11,14:43:52,43,43,12.79,4,37,
2-11,14:43:52,44,44,12.97,4,37,
2-11,14:43:53,47,47,12.97,4,37,
2-11,14:43:53,45,45,12.96,4,37,
2-11,14:43:54,45,45,12.99,4,37,
2-11,14:43:54,47,47,12.95,4,37,
2-11,14:43:55,47,47,12.98,4,37,
2-11,14:43:55,47,47,12.99,4,37,
2-11,14:43:56,49,49,12.98,4,37,
2-11,14:43:56,48,48,12.94,4,37,
2-11,14:43:57,47,47,12.97,4,37,
2-11,14:43:57,48,48,12.95,4,37,
2-11,14:43:58,49,49,12.87,4,37,
2-11,14:43:58,47,47,12.99,4,37,
2-11,14:43:59,50,50,12.97,4,37,
2-11,14:43:59,50,50,12.93,4,37,
2-11,14:44:0,48,48,12.99,4,37,
2-11,14:44:0,50,50,12.95,4,37,
2-11,14:44:1,49,49,12.92,4,37,
2-11,14:44:1,49,49,13.03,4,37,
2-11,14:44:2,49,49,12.92,4,37,
2-11,14:44:2,50,50,12.79,4,37,
2-11,14:44:3,49,49,12.99,4,37,
2-11,14:44:3,49,49,12.92,4,37,
2-11,14:44:4,49,49,12.92,4,37,
2-11,14:44:4,50,50,13.01,4,37,
2-11,14:44:5,51,51,12.94,4,37,
2-11,14:44:5,51,51,12.94,4,37,
2-11,14:44:6,48,48,12.97,4,37,
2-11,14:44:6,50,50,12.94,4,37,
2-11,14:44:7,49,49,12.75,4,37,
2-11,14:44:7,45,45,12.63,4,37,
2-11,14:44:8,49,49,12.91,4,37,
2-11,14:44:8,45,45,12.48,4,37,
2-11,14:44:9,49,49,12.97,4,37,
2-11,14:44:9,50,50,12.9,4,37,
2-11,14:44:10,50,50,12.95,4,37,
2-11,14:44:10,49,49,12.94,4,37,
2-11,14:44:11,50,50,12.91,4,37,
2-11,14:44:11,49,49,12.9,4,37,
2-11,14:44:12,48,48,12.96,4,37,
2-11,14:44:12,47,47,12.91,4,37,
2-11,14:44:13,48,48,12.92,4,37,
2-11,14:44:13,45,45,12.94,4,37,
2-11,14:44:14,47,47,12.92,4,37,
2-11,14:44:14,46,46,12.9,4,37,
2-11,14:44:15,48,48,13,4,37,
2-11,14:44:15,47,47,12.93,4,37,
2-11,14:44:16,45,45,12.89,4,37,
2-11,14:44:16,46,46,12.96,4,37,
2-11,14:44:17,45,45,12.89,4,37,
2-11,14:44:17,44,44,12.87,4,37,
2-11,14:44:18,44,44,12.93,4,37,
2-11,14:44:18,44,44,12.88,4,37,
2-11,14:44:19,44,44,12.62,4,37,
2-11,14:44:19,42,42,12.75,4,37,
2-11,14:44:20,45,45,12.84,4,37,
2-11,14:44:20,45,45,12.91,4,37,
2-11,14:44:21,45,45,12.95,4,37,
2-11,14:44:21,47,47,12.88,4,37,
2-11,14:44:22,47,47,12.84,4,37,
2-11,14:44:22,47,47,12.87,4,37,
2-11,14:44:23,46,46,12.89,4,37,
2-11,14:44:23,46,46,12.91,4,37,
2-11,14:44:24,43,43,12.91,4,37,
2-11,14:44:24,45,45,12.88,4,37,
2-11,14:44:25,45,45,12.89,4,37,
2-11,14:44:25,42,42,12.93,4,37,
2-11,14:44:26,43,43,12.88,4,37,
2-11,14:44:26,42,42,12.88,4,37,
2-11,14:44:27,42,42,12.94,4,37,
2-11,14:44:27,43,43,12.9,4,37,
2-11,14:44:28,42,42,12.89,4,37,
2-11,14:44:28,41,41,12.94,4,37,
2-11,14:44:29,40,40,12.9,4,37,
2-11,14:44:29,43,43,12.9,4,37,
2-11,14:44:30,42,42,12.94,4,37,
2-11,14:44:30,42,42,12.89,4,37,
2-11,14:44:31,40,40,12.87,4,37,
2-11,14:44:31,43,43,12.98,4,37,
2-11,14:44:32,41,41,12.86,4,37,
2-11,14:44:32,42,42,12.87,4,37,
2-11,14:44:33,42,42,12.96,4,37,
2-11,14:44:33,40,40,12.87,4,37,
2-11,14:44:34,42,42,12.89,4,37,
2-11,14:44:34,42,42,12.9,4,37,
2-11,14:44:35,40,40,12.9,4,37,
2-11,14:44:35,42,42,12.88,4,37,
2-11,14:44:36,43,43,12.91,4,37,
2-11,14:44:36,41,41,12.93,4,37,
2-11,14:44:37,42,42,12.87,4,37,
2-11,14:44:37,42,42,12.89,4,37,
2-11,14:44:38,40,40,12.9,4,37,
2-11,14:44:38,42,42,12.86,4,37,
2-11,14:44:39,42,42,12.85,4,37,
2-11,14:44:39,40,40,12.9,4,37,
2-11,14:44:40,42,42,12.85,4,37,
2-11,14:44:40,43,43,12.89,4,37,
2-11,14:44:41,41,41,12.93,4,37,
2-11,14:44:41,42,42,12.88,4,37,
2-11,14:44:42,40,40,12.9,4,37,
2-11,14:44:42,40,40,12.9,4,37,
2-11,14:44:43,42,42,12.86,4,37,
2-11,14:44:43,42,42,12.88,4,37,
2-11,14:44:44,40,40,12.91,4,37,
2-11,14:44:44,41,41,12.87,4,37,
2-11,14:44:45,40,40,12.85,4,37,
2-11,14:44:45,39,39,12.91,4,37,
2-11,14:44:46,42,42,12.88,4,37,
2-11,14:44:46,42,42,12.86,4,37,
2-11,14:44:47,39,39,12.9,4,37,
2-11,14:44:47,41,41,12.86,4,37,
2-11,14:44:48,42,42,12.85,4,37,
2-11,14:44:48,40,40,12.92,4,37,
2-11,14:44:49,41,41,12.87,4,37,
2-11,14:44:49,41,41,12.86,4,37,
2-11,14:44:50,40,40,12.92,4,37,
2-11,14:44:50,41,41,12.87,4,37,
2-11,14:44:51,41,41,12.85,4,37,
2-11,14:44:51,40,40,12.91,4,37,
2-11,14:44:52,39,39,12.89,4,37,
2-11,14:44:52,41,41,12.86,4,37,
2-11,14:44:53,35,35,12.63,4,37,
2-11,14:44:53,41,41,12.89,4,37,
2-11,14:44:54,42,42,12.87,4,37,
2-11,14:44:54,43,43,12.89,4,37,
2-11,14:44:55,41,41,12.87,4,37,
2-11,14:44:55,42,42,12.87,4,37,
2-11,14:44:56,42,42,12.86,4,37,
2-11,14:44:56,42,42,12.94,4,37,
2-11,14:44:57,42,42,12.88,4,37,
2-11,14:44:57,42,42,12.88,4,37,
2-11,14:44:58,42,42,12.95,4,37,
2-11,14:44:58,41,41,12.92,4,37,
2-11,14:44:59,43,43,12.88,4,37,
2-11,14:44:59,39,39,12.72,4,37,
2-11,14:45:0,42,42,12.89,4,37,
2-11,14:45:0,44,44,12.88,4,37,
2-11,14:45:1,43,43,12.86,4,37,
2-11,14:45:1,42,42,12.89,4,37,
2-11,14:45:2,41,41,12.85,4,37,
2-11,14:45:2,41,41,12.86,4,37,
2-11,14:45:3,39,39,12.9,4,37,
2-11,14:45:3,41,41,12.85,4,37,
2-11,14:45:4,40,40,12.84,4,37,
2-11,14:45:4,39,39,12.91,4,37,
2-11,14:45:5,38,38,12.86,4,37,
2-11,14:45:5,40,40,12.86,4,37,
2-11,14:45:6,39,39,12.93,4,37,
2-11,14:45:6,39,39,12.9,4,37,
2-11,14:45:7,39,39,12.89,4,37,
2-11,14:45:7,39,39,12.91,4,37,
2-11,14:45:8,39,39,12.87,4,37,
2-11,14:45:8,39,39,12.85,4,37,
2-11,14:45:9,37,37,12.91,4,37,
2-11,14:45:9,35,35,12.86,4,37,
2-11,14:45:10,38,38,12.88,4,37,
2-11,14:45:10,37,37,12.89,4,37,
2-11,14:45:11,37,37,12.88,4,37,
2-11,14:45:11,38,38,12.88,4,37,
2-11,14:45:12,39,39,12.93,4,37,
2-11,14:45:12,38,38,12.9,4,37,
2-11,14:45:13,37,37,12.88,4,37,
2-11,14:45:13,36,36,12.92,4,37,
2-11,14:45:14,39,39,12.92,4,37,
2-11,14:45:14,38,38,12.88,4,37,
2-11,14:45:15,39,39,12.91,4,37,
2-11,14:45:15,39,39,12.89,4,37,
2-11,14:45:16,39,39,12.84,4,37,
2-11,14:45:16,38,38,12.9,4,37,
2-11,14:45:17,35,35,12.91,4,37,
2-11,14:45:17,36,36,12.87,4,37,
2-11,14:45:18,35,35,12.87,4,37,
2-11,14:45:18,34,34,12.9,4,37,
2-11,14:45:19,34,34,12.86,4,37,
2-11,14:45:19,35,35,12.89,4,37,
2-11,14:45:20,34,34,12.91,4,37,
2-11,14:45:20,35,35,12.86,4,37,
2-11,14:45:21,35,35,12.87,4,37,
2-11,14:45:21,33,33,12.91,4,37,
2-11,14:45:22,34,34,12.89,4,37,
2-11,14:45:22,34,34,12.91,4,37,
2-11,14:45:23,32,32,12.92,4,37,
2-11,14:45:23,32,32,12.87,4,37,
2-11,14:45:24,34,34,12.91,4,37,
2-11,14:45:24,32,32,12.9,4,37,
2-11,14:45:25,33,33,12.9,4,37,
2-11,14:45:25,33,33,12.95,4,37,
2-11,14:45:26,31,31,12.89,4,37,
2-11,14:45:26,32,32,12.9,4,37,
2-11,14:45:27,31,31,12.9,4,37,
2-11,14:45:27,30,30,12.96,4,37,
2-11,14:45:28,28,28,12.95,4,37,
2-11,14:45:28,29,29,12.96,4,37,
2-11,14:45:29,28,28,12.95,4,37,
2-11,14:45:29,27,27,12.97,4,37,
2-11,14:45:30,26,26,12.96,4,37,
2-11,14:45:30,26,26,12.99,4,37,
2-11,14:45:31,25,25,12.98,4,37,
2-11,14:45:31,25,25,12.99,4,37,
2-11,14:45:32,24,24,12.99,4,37,
2-11,14:45:32,25,25,12.99,4,37,
2-11,14:45:33,23,23,12.98,4,37,
2-11,14:45:33,24,24,12.99,4,37,
2-11,14:45:34,24,24,12.97,4,37,
2-11,14:45:34,25,25,12.99,4,37,
2-11,14:45:35,23,23,13.03,4,37,
2-11,14:45:35,20,20,13.01,4,37,
2-11,14:45:36,21,21,13.02,4,37,
2-11,14:45:36,21,21,13,4,37,
2-11,14:45:37,21,21,13.02,4,37,
2-11,14:45:37,23,23,13.02,4,37,
2-11,14:45:38,22,22,13.03,4,37,
2-11,14:45:38,23,23,13.04,4,37,
2-11,14:45:39,24,24,13.05,4,37,
2-11,14:45:39,23,23,13.03,4,37,
2-11,14:45:40,22,22,13.02,4,37,
2-11,14:45:40,22,22,13.01,4,37,
2-11,14:45:41,25,25,13.03,4,37,
2-11,14:45:41,25,25,13.03,4,37,
2-11,14:45:42,27,27,13.04,4,37,
2-11,14:45:42,27,27,13.04,4,37,
2-11,14:45:43,26,26,13.02,4,37,
2-11,14:45:43,28,28,13.03,4,37,
2-11,14:45:44,27,27,13.01,4,37,
2-11,14:45:44,29,29,13.02,4,37,
2-11,14:45:45,31,31,13.04,4,37,
2-11,14:45:45,31,31,13.03,4,37,
2-11,14:45:46,31,31,13.02,4,37,
2-11,14:45:46,31,31,13,4,37,
2-11,14:45:47,32,32,13,4,37,
2-11,14:45:47,31,31,12.99,4,37,
2-11,14:45:48,31,31,12.98,4,37,
2-11,14:45:48,31,31,12.98,4,37,
2-11,14:45:49,33,33,13.01,4,37,
2-11,14:45:49,32,32,13,4,37,
2-11,14:45:50,32,32,12.99,4,37,
2-11,14:45:50,33,33,12.99,4,37,
2-11,14:45:51,35,35,13.01,4,37,
2-11,14:45:51,35,35,13,4,37,
2-11,14:45:52,34,34,13,4,37,
2-11,14:45:52,35,35,13.01,4,37,
2-11,14:45:53,33,33,12.98,4,37,
2-11,14:45:53,34,34,12.99,4,37,
2-11,14:45:54,35,35,13,4,37,
2-11,14:45:54,34,34,12.98,4,37,
2-11,14:45:55,34,34,13.03,4,37,
2-11,14:45:55,36,36,13.06,4,37,
2-11,14:45:56,35,35,13.04,4,37,
2-11,14:45:56,36,36,13.04,4,37,
2-11,14:45:57,35,35,13.02,4,37,
2-11,14:45:57,36,36,13.02,4,37,
2-11,14:45:58,35,35,13,4,37,
2-11,14:45:58,36,36,13.01,4,37,
2-11,14:45:59,36,36,13,4,37,
2-11,14:45:59,37,37,13.01,4,37,
2-11,14:46:0,38,38,13.02,4,37,
2-11,14:46:0,34,34,12.97,4,37,
2-11,14:46:1,37,37,13,4,37,
2-11,14:46:1,38,38,13.01,4,37,
2-11,14:46:2,38,38,13.02,4,37,
2-11,14:46:2,37,37,12.99,4,37,
2-11,14:46:3,39,39,13.02,4,37,
2-11,14:46:3,38,38,13,4,37,
2-11,14:46:4,39,39,13,4,37,
2-11,14:46:4,39,39,13,4,37,
2-11,14:46:5,40,40,13.01,4,37,
2-11,14:46:5,41,41,13.03,4,37,
2-11,14:46:6,41,41,13.01,4,37,
2-11,14:46:6,42,42,13.03,4,37,
2-11,14:46:7,41,41,13.01,4,37,
2-11,14:46:7,41,41,12.99,4,37,
2-11,14:46:8,42,42,13.01,4,37,
2-11,14:46:8,42,42,13,4,37,
2-11,14:46:9,43,43,13.01,4,37,
2-11,14:46:9,42,42,13.01,4,37,
2-11,14:46:10,43,43,13.01,4,37,
2-11,14:46:10,42,42,13,4,37,
2-11,14:46:11,42,42,13,4,37,
2-11,14:46:11,43,43,13.01,4,37,
2-11,14:46:12,43,43,13.01,4,37,
2-11,14:46:12,42,42,13.01,4,37,
2-11,14:46:13,42,42,13,4,37,
2-11,14:46:13,42,42,12.99,4,37,
2-11,14:46:14,42,42,13,4,37,
2-11,14:46:14,42,42,12.99,4,37,
2-11,14:46:15,42,42,12.99,4,37,
2-11,14:46:15,42,42,13,4,37,
2-11,14:46:16,42,42,13,4,37,
2-11,14:46:16,42,42,13,4,37,
2-11,14:46:17,41,41,12.98,4,37,
2-11,14:46:17,42,42,13,4,37,
2-11,14:46:18,42,42,13.01,4,37,
2-11,14:46:18,41,41,12.99,4,37,
2-11,14:46:19,42,42,13.01,4,37,
2-11,14:46:19,41,41,13,4,37,
2-11,14:46:20,42,42,13.01,4,37,
2-11,14:46:20,42,42,13.02,4,37,
2-11,14:46:21,41,41,13.01,4,37,
2-11,14:46:21,41,41,13.02,4,37,
2-11,14:46:22,41,41,13.01,4,37,
2-11,14:46:22,40,40,12.99,4,37,
2-11,14:46:23,41,41,13.01,4,37,
2-11,14:46:23,41,41,12.99,4,37,
2-11,14:46:24,42,42,13.02,4,37,
2-11,14:46:24,42,42,13.01,4,37,
2-11,14:46:25,42,42,13,4,37,
2-11,14:46:25,41,41,13,4,37,
2-11,14:46:26,42,42,13.02,4,37,
2-11,14:46:26,43,43,12.96,4,37,
2-11,14:46:27,43,43,12.97,4,37,
2-11,14:46:27,43,43,12.97,4,37,
2-11,14:46:28,44,44,13,4,37,
2-11,14:46:28,44,44,12.99,4,37,
2-11,14:46:29,43,43,12.97,4,37,
2-11,14:46:29,44,44,12.99,4,37,
2-11,14:46:30,44,44,12.98,4,37,
2-11,14:46:30,43,43,12.98,4,37,
2-11,14:46:31,44,44,13,4,37,
2-11,14:46:31,43,43,12.98,4,37,
2-11,14:46:32,43,43,12.97,4,37,
2-11,14:46:32,43,43,12.99,4,37,
2-11,14:46:33,43,43,12.98,4,37,
2-11,14:46:33,43,43,12.99,4,37,
2-11,14:46:34,43,43,12.99,4,37,
2-11,14:46:34,45,45,13.03,4,37,
2-11,14:46:35,43,43,12.99,4,37,
2-11,14:46:35,44,44,12.99,4,37,
2-11,14:46:36,43,43,13.01,4,37,
2-11,14:46:36,44,44,13.01,4,37,
2-11,14:46:37,43,43,12.99,4,37,
2-11,14:46:37,43,43,12.98,4,37,
2-11,14:46:38,44,44,13.02,4,37,
2-11,14:46:38,43,43,12.97,4,37,
2-11,14:46:39,43,43,12.99,4,37,
2-11,14:46:39,44,44,13,4,37,
2-11,14:46:40,45,45,13.01,4,37,
2-11,14:46:40,45,45,13.03,4,37,
2-11,14:46:41,44,44,12.98,4,37,
2-11,14:46:41,45,45,13.02,4,37,
2-11,14:46:42,45,45,13,4,37,
2-11,14:46:42,45,45,13.01,4,37,
2-11,14:46:43,45,45,13.01,4,37,
2-11,14:46:43,45,45,13,4,37,
2-11,14:46:44,46,46,13.01,4,37,
2-11,14:46:44,46,46,13.02,4,37,
2-11,14:46:45,45,45,12.98,4,37,
2-11,14:46:45,45,45,12.98,4,37,
2-11,14:46:46,46,46,13.01,4,37,
2-11,14:46:46,46,46,12.99,4,37,
2-11,14:46:47,45,45,12.99,4,37,
2-11,14:46:47,46,46,12.99,4,37,
2-11,14:46:48,48,48,13.04,4,37,
2-11,14:46:48,46,46,12.98,4,37,
2-11,14:46:49,46,46,13,4,37,
2-11,14:46:49,48,48,13.02,4,37,
2-11,14:46:50,46,46,12.98,4,37,
2-11,14:46:50,49,49,13.04,4,37,
2-11,14:46:51,47,47,13,4,37,
2-11,14:46:51,47,47,13,4,37,
2-11,14:46:52,48,48,13,4,37,
2-11,14:46:52,48,48,13,4,37,
2-11,14:46:53,48,48,13,4,37,
2-11,14:46:53,48,48,13.01,4,37,
2-11,14:46:54,48,48,13.01,4,37,
2-11,14:46:54,47,47,12.98,4,37,
2-11,14:46:55,48,48,13,4,37,
2-11,14:46:55,47,47,12.97,4,37,
2-11,14:46:56,49,49,13.02,4,37,
2-11,14:46:56,48,48,12.99,4,37,
2-11,14:46:57,47,47,12.98,4,37,
2-11,14:46:57,49,49,13.01,4,37,
2-11,14:46:58,49,49,13,4,37,
2-11,14:46:58,47,47,12.99,4,37,
2-11,14:46:59,50,50,13.04,4,37,
2-11,14:46:59,49,49,13.02,4,37,
2-11,14:47:0,49,49,13.03,4,37,
2-11,14:47:0,49,49,13.01,4,37,
2-11,14:47:1,50,50,13.03,4,37,
2-11,14:47:1,48,48,13,4,37,
2-11,14:47:2,48,48,13,4,37,
2-11,14:47:2,48,48,12.99,4,37,
2-11,14:47:3,48,48,12.99,4,37,
2-11,14:47:3,49,49,13,4,37,
2-11,14:47:4,48,48,12.98,4,37,
2-11,14:47:4,48,48,13,4,37,
2-11,14:47:5,50,50,13.02,4,37,
2-11,14:47:5,48,48,13,4,37,
2-11,14:47:6,49,49,13.02,4,37,
2-11,14:47:6,50,50,13.04,4,37,
2-11,14:47:7,49,49,13.02,4,37,
2-11,14:47:7,49,49,13.02,4,37,
2-11,14:47:8,48,48,13.01,4,37,
2-11,14:47:8,49,49,13.01,4,37,
2-11,14:47:9,48,48,12.97,4,37,
2-11,14:47:9,48,48,13.01,4,37,
2-11,14:47:10,48,48,13,4,37,
2-11,14:47:10,48,48,13,4,37,
2-11,14:47:11,48,48,13,4,37,
2-11,14:47:11,48,48,13,4,37,
2-11,14:47:12,50,50,13.04,4,37,
2-11,14:47:12,49,49,13.02,4,37,
2-11,14:47:13,48,48,13.01,4,37,
2-11,14:47:13,48,48,13,4,37,
2-11,14:47:14,50,50,13.03,4,37,
2-11,14:47:14,48,48,13.01,4,37,
2-11,14:47:15,48,48,13.01,4,37,
2-11,14:47:15,47,47,13,4,37,
2-11,14:47:16,47,47,12.99,4,37,
2-11,14:47:16,48,48,13.02,4,37,
2-11,14:47:17,48,48,13.02,4,37,
2-11,14:47:17,47,47,13,4,37,
2-11,14:47:18,48,48,13.01,4,37,
2-11,14:47:18,49,49,13.03,4,37,
2-11,14:47:19,48,48,13.01,4,37,
2-11,14:47:19,48,48,13.03,4,37,
2-11,14:47:20,49,49,13.03,4,37,
2-11,14:47:20,47,47,13,4,37,
2-11,14:47:21,48,48,13.01,4,37,
2-11,14:47:21,47,47,13,4,37,
2-11,14:47:22,47,47,13.01,4,37,
2-11,14:47:22,49,49,13.02,4,37,
2-11,14:47:23,47,47,13.01,4,37,
2-11,14:47:23,47,47,13,4,37,
2-11,14:47:24,48,48,13.01,4,37,
2-11,14:47:24,47,47,13.01,4,37,
2-11,14:47:25,49,49,13.02,4,37,
2-11,14:47:25,49,49,13.03,4,37,
2-11,14:47:26,49,49,13.04,4,37,
2-11,14:47:26,48,48,13.01,4,37,
2-11,14:47:27,48,48,13.01,4,37,
2-11,14:47:27,48,48,13,4,37,
2-11,14:47:28,49,49,13.03,4,37,
2-11,14:47:28,49,49,13.03,4,37,
2-11,14:47:29,51,51,13.05,4,37,
2-11,14:47:29,48,48,13.01,4,37,
2-11,14:47:30,49,49,13.02,4,37,
2-11,14:47:30,50,50,13.04,4,37,
2-11,14:47:31,48,48,13.01,4,37,
2-11,14:47:31,48,48,13.01,4,37,
2-11,14:47:32,49,49,13.03,4,37,
2-11,14:47:32,48,48,13,4,37,
2-11,14:47:33,50,50,13.04,4,37,
2-11,14:47:33,49,49,13.03,4,37,
2-11,14:47:34,49,49,13.03,4,37,
2-11,14:47:34,49,49,13.04,4,37,
2-11,14:47:35,49,49,13.03,4,37,
2-11,14:47:35,48,48,13,4,37,
2-11,14:47:36,49,49,13,4,37,
2-11,14:47:36,48,48,13,4,37,
2-11,14:47:37,49,49,13.02,4,37,
2-11,14:47:37,49,49,13.03,4,37,
2-11,14:47:38,51,51,13.05,4,37,
2-11,14:47:38,49,49,13.01,4,37,
2-11,14:47:39,49,49,13,4,37,
2-11,14:47:39,50,50,13.02,4,37,
2-11,14:47:40,49,49,12.99,4,37,
2-11,14:47:40,49,49,13,4,37,
2-11,14:47:41,50,50,13.02,4,37,
2-11,14:47:41,51,51,13.03,4,37,
2-11,14:47:42,50,50,13.01,4,37,
2-11,14:47:42,50,50,13.02,4,37,
2-11,14:47:43,50,50,13.01,4,37,
2-11,14:47:43,50,50,13.01,4,37,
2-11,14:47:44,50,50,13.02,4,37,
2-11,14:47:44,51,51,13.04,4,37,
2-11,14:47:45,51,51,13.03,4,37,
2-11,14:47:45,52,52,13.05,4,37,
2-11,14:47:46,51,51,13.02,4,37,
2-11,14:47:46,51,51,13.02,4,37,
2-11,14:47:47,50,50,13,4,37,
2-11,14:47:47,51,51,13.01,4,37,
2-11,14:47:48,51,51,13.01,4,37,
2-11,14:47:48,51,51,13.03,4,37,
2-11,14:47:49,51,51,13.02,4,37,
2-11,14:47:49,51,51,13.01,4,37,
2-11,14:47:50,51,51,13.02,4,37,
2-11,14:47:50,52,52,13.02,4,37,
2-11,14:47:51,52,52,13.03,4,37,
2-11,14:47:51,54,54,13.07,4,37,
2-11,14:47:52,52,52,13.03,4,37,
2-11,14:47:52,52,52,13.02,4,37,
2-11,14:47:53,51,51,12.99,4,37,
2-11,14:47:53,52,52,13.03,4,37,
2-11,14:47:54,51,51,13.01,4,37,
2-11,14:47:54,52,52,13.02,4,37,
2-11,14:47:55,51,51,13.01,4,37,
2-11,14:47:55,52,52,13.03,4,37,
2-11,14:47:56,51,51,13.02,4,37,
2-11,14:47:56,51,51,13.02,4,37,
2-11,14:47:57,51,51,13.01,4,37,
2-11,14:47:57,50,50,13.01,4,37,
2-11,14:47:58,51,51,13.01,4,37,
2-11,14:47:58,51,51,13.01,4,37,
2-11,14:47:59,51,51,13.02,4,37,
2-11,14:47:59,51,51,13.01,4,37,
2-11,14:48:0,52,52,13.03,4,37,
2-11,14:48:0,52,52,13.02,4,37,
2-11,14:48:1,50,50,13,4,37,
2-11,14:48:1,51,51,13.01,4,37,
2-11,14:48:2,52,52,13.04,4,37,
2-11,14:48:2,51,51,13.03,4,37,
2-11,14:48:3,50,50,13.02,4,37,
2-11,14:48:3,51,51,13.03,4,37,
2-11,14:48:4,51,51,13.02,4,37,
2-11,14:48:4,51,51,13.03,4,37,
2-11,14:48:5,50,50,13.01,4,37,
2-11,14:48:5,51,51,13.01,4,37,
2-11,14:48:6,51,51,13.04,4,37,
2-11,14:48:6,52,52,13.04,4,37,
2-11,14:48:7,50,50,13.01,4,37,
2-11,14:48:7,50,50,13,4,37,
2-11,14:48:8,52,52,13.04,4,37,
2-11,14:48:8,52,52,13.05,4,37,
2-11,14:48:9,51,51,13.02,4,37,
2-11,14:48:9,50,50,13.02,4,37,
2-11,14:48:10,51,51,13.04,4,37,
2-11,14:48:10,51,51,13.02,4,37,
2-11,14:48:11,50,50,13.01,4,37,
2-11,14:48:11,50,50,13.02,4,37,
2-11,14:48:12,51,51,13.01,4,37,
2-11,14:48:12,52,52,13.04,4,37,
2-11,14:48:13,51,51,13.03,4,37,
2-11,14:48:13,50,50,13,4,37,
2-11,14:48:14,50,50,13.01,4,37,
2-11,14:48:14,51,51,13.02,4,37,
2-11,14:48:15,51,51,13.02,4,37,
2-11,14:48:15,51,51,13.02,4,37,
2-11,14:48:16,52,52,13.04,4,37,
2-11,14:48:16,52,52,13.03,4,37,
2-11,14:48:17,52,52,13.05,4,37,
2-11,14:48:17,51,51,13.02,4,37,
2-11,14:48:18,51,51,13.03,4,37,
2-11,14:48:18,52,52,13.04,4,37,
2-11,14:48:19,51,51,13.01,4,37,
2-11,14:48:19,51,51,13.01,4,37,
2-11,14:48:20,52,52,13.02,4,37,
2-11,14:48:20,50,50,12.97,4,37,
2-11,14:48:21,51,51,13.02,4,37,
2-11,14:48:21,53,53,13.05,4,37,
2-11,14:48:22,52,52,13.03,4,37,
2-11,14:48:22,54,54,13.05,4,37,
2-11,14:48:23,52,52,13.02,4,37,
2-11,14:48:23,52,52,13.03,4,37,
2-11,14:48:24,52,52,13.01,4,37,
2-11,14:48:24,52,52,13.03,4,37,
2-11,14:48:25,51,51,13,4,37,
2-11,14:48:25,52,52,13.02,4,37,
2-11,14:48:26,53,53,13.04,4,37,
2-11,14:48:26,52,52,13.02,4,37,
2-11,14:48:27,53,53,13.03,4,37,
2-11,14:48:27,53,53,13.04,4,37,
2-11,14:48:28,53,53,13.04,4,37,
2-11,14:48:28,51,51,13,4,37,
2-11,14:48:29,53,53,13.04,4,37,
2-11,14:48:29,52,52,13.02,4,37,
2-11,14:48:30,52,52,13,4,37,
2-11,14:48:30,52,52,13,4,37,
2-11,14:48:31,52,52,13.01,4,37,
2-11,14:48:31,52,52,13.02,4,37,
2-11,14:48:32,53,53,13.03,4,37,
2-11,14:48:32,53,53,13.01,4,37,
2-11,14:48:33,52,52,13,4,37,
2-11,14:48:33,54,54,13.06,4,37,
2-11,14:48:34,53,53,13.01,4,37,
2-11,14:48:34,53,53,12.99,4,37,
2-11,14:48:35,52,52,12.98,4,37,
2-11,14:48:35,54,54,13.02,4,37,
2-11,14:48:36,52,52,12.99,4,37,
2-11,14:48:36,53,53,13,4,37,
2-11,14:48:37,53,53,13.02,4,37,
2-11,14:48:37,53,53,13.01,4,37,
2-11,14:48:38,53,53,13.01,4,37,
2-11,14:48:38,54,54,13.03,4,37,
2-11,14:48:39,53,53,13.02,4,37,
2-11,14:48:39,54,54,13.02,4,37,
2-11,14:48:40,54,54,13.03,4,37,
2-11,14:48:40,55,55,13.03,4,37,
2-11,14:48:41,55,55,13.06,4,37,
2-11,14:48:41,54,54,13.02,4,37,
2-11,14:48:42,53,53,12.99,4,37,
2-11,14:48:42,53,53,13.01,4,37,
2-11,14:48:43,53,53,13.01,4,37,
2-11,14:48:43,52,52,12.98,4,37,
2-11,14:48:44,52,52,12.97,4,37,
2-11,14:48:44,54,54,13.01,4,37,
2-11,14:48:45,53,53,12.99,4,37,
2-11,14:48:45,54,54,13.02,4,37,
2-11,14:48:46,54,54,13.03,4,37,
2-11,14:48:46,54,54,13.04,4,37,
2-11,14:48:47,53,53,13,4,37,
2-11,14:48:47,52,52,12.99,4,37,
2-11,14:48:48,53,53,13.02,4,37,
2-11,14:48:48,54,54,13.02,4,37,
2-11,14:48:49,53,53,13.02,4,37,
2-11,14:48:49,53,53,13,4,37,
2-11,14:48:50,52,52,12.98,4,37,
2-11,14:48:50,53,53,13.01,4,37,
2-11,14:48:51,53,53,13.01,4,37,
2-11,14:48:51,53,53,13.01,4,37,
2-11,14:48:52,53,53,13,4,37,
2-11,14:48:52,53,53,13.01,4,37,
2-11,14:48:53,54,54,13.01,4,37,
2-11,14:48:53,55,55,13.04,4,37,
2-11,14:48:54,53,53,13,4,37,
2-11,14:48:54,53,53,13,4,37,
2-11,14:48:55,53,53,13,4,37,
2-11,14:48:55,53,53,13.01,4,37,
2-11,14:48:56,54,54,13.02,4,37,
2-11,14:48:56,53,53,13,4,37,
2-11,14:48:57,53,53,13.02,4,37,
2-11,14:48:57,54,54,13.03,4,37,
2-11,14:48:58,54,54,13.01,4,37,
2-11,14:48:58,53,53,13,4,37,
2-11,14:48:59,53,53,13.02,4,37,
2-11,14:48:59,52,52,12.99,4,37,
2-11,14:49:0,54,54,13.02,4,37,
2-11,14:49:0,53,53,13,4,37,
2-11,14:49:1,52,52,13.01,4,37,
2-11,14:49:1,51,51,12.98,4,37,
2-11,14:49:2,53,53,13.01,4,37,
2-11,14:49:2,53,53,13.02,4,37,
2-11,14:49:3,53,53,13,4,37,
2-11,14:49:3,53,53,13.01,4,37,
2-11,14:49:4,52,52,13,4,37,
2-11,14:49:4,53,53,13.03,4,37,
2-11,14:49:5,54,54,13.02,4,37,
2-11,14:49:5,54,54,13.03,4,37,
2-11,14:49:6,53,53,13.01,4,37,
2-11,14:49:6,54,54,13.03,4,37,
2-11,14:49:7,54,54,13.02,4,37,
2-11,14:49:7,54,54,13.03,4,37,
2-11,14:49:8,52,52,13,4,37,
2-11,14:49:8,54,54,13.03,4,37,
2-11,14:49:9,53,53,13.01,4,37,
2-11,14:49:9,52,52,12.99,4,37,
2-11,14:49:10,54,54,13.02,4,37,
2-11,14:49:10,52,52,13.01,4,37,
2-11,14:49:11,53,53,13.01,4,37,
2-11,14:49:11,52,52,13.01,4,37,
2-11,14:49:12,52,52,13,4,37,
2-11,14:49:12,53,53,13.01,4,37,
2-11,14:49:13,53,53,13,4,37,
2-11,14:49:13,52,52,12.97,4,37,
2-11,14:49:14,53,53,13.01,4,37,
2-11,14:49:14,53,53,13.02,4,37,
2-11,14:49:15,53,53,13.01,4,37,
2-11,14:49:15,53,53,13,4,37,
2-11,14:49:16,53,53,13.01,4,37,
2-11,14:49:16,54,54,13.02,4,37,
2-11,14:49:17,53,53,13.02,4,37,
2-11,14:49:17,54,54,13.03,4,37,
2-11,14:49:18,51,51,12.97,4,37,
2-11,14:49:18,53,53,13,4,37,
2-11,14:49:19,54,54,13.04,4,37,
2-11,14:49:19,54,54,13.03,4,37,
2-11,14:49:20,53,53,13,4,37,
2-11,14:49:20,52,52,12.98,4,37,
2-11,14:49:21,52,52,12.99,4,37,
2-11,14:49:21,54,54,13.02,4,37,
2-11,14:49:22,53,53,12.99,4,37,
2-11,14:49:22,53,53,13,4,37,
2-11,14:49:23,53,53,13,4,37,
2-11,14:49:23,53,53,13.01,4,37,
2-11,14:49:24,53,53,12.99,4,37,
2-11,14:49:24,52,52,12.98,4,37,
2-11,14:49:25,53,53,13,4,37,
2-11,14:49:25,53,53,13.01,4,37,
2-11,14:49:26,54,54,13.02,4,37,
2-11,14:49:26,53,53,12.99,4,37,
2-11,14:49:27,54,54,13.03,4,37,
2-11,14:49:27,54,54,13.02,4,37,
2-11,14:49:28,53,53,13,4,37,
2-11,14:49:28,54,54,13.02,4,37,
2-11,14:49:29,53,53,12.98,4,37,
2-11,14:49:29,53,53,12.98,4,37,
2-11,14:49:30,54,54,13.01,4,37,
2-11,14:49:30,53,53,13,4,37,
2-11,14:49:31,55,55,13.02,4,37,
2-11,14:49:31,55,55,13.01,4,37,
2-11,14:49:32,54,54,13,4,37,
2-11,14:49:32,54,54,13.01,4,37,
2-11,14:49:33,53,53,12.98,4,37,
2-11,14:49:33,54,54,13,4,37,
2-11,14:49:34,54,54,13.02,4,37,
2-11,14:49:34,54,54,12.98,4,37,
2-11,14:49:35,54,54,12.99,4,37,
2-11,14:49:35,53,53,13,4,37,
2-11,14:49:36,55,55,13.04,4,37,
2-11,14:49:36,54,54,13.02,4,37,
2-11,14:49:37,53,53,12.97,4,37,
2-11,14:49:37,54,54,12.99,4,37,
2-11,14:49:38,53,53,12.97,4,37,
2-11,14:49:38,54,54,12.99,4,37,
2-11,14:49:39,54,54,13,4,37,
2-11,14:49:39,54,54,12.99,4,37,
2-11,14:49:40,55,55,13.03,4,37,
2-11,14:49:40,53,53,12.96,4,37,
2-11,14:49:41,54,54,12.99,4,37,
2-11,14:49:41,56,56,13.03,4,37,
2-11,14:49:42,54,54,12.97,4,37,
2-11,14:49:42,55,55,12.99,4,37,
2-11,14:49:43,54,54,12.98,4,37,
2-11,14:49:43,55,55,13,4,37,
2-11,14:49:44,54,54,12.98,4,37,
2-11,14:49:44,53,53,12.95,4,37,
2-11,14:49:45,56,56,13,4,37,
2-11,14:49:45,55,55,12.98,4,37,
2-11,14:49:46,54,54,12.98,4,37,
2-11,14:49:46,56,56,12.98,4,37,
2-11,14:49:47,55,55,12.99,4,37,
2-11,14:49:47,56,56,13.02,4,37,
2-11,14:49:48,56,56,13.01,4,37,
2-11,14:49:48,56,56,13.02,4,37,
2-11,14:49:49,56,56,13.02,4,37,
2-11,14:49:49,57,57,13.02,4,37,
2-11,14:49:50,56,56,12.99,4,37,
2-11,14:49:50,55,55,12.99,4,37,
2-11,14:49:51,55,55,12.97,4,37,
2-11,14:49:51,57,57,13.04,4,37,
2-11,14:49:52,56,56,13,4,37,
2-11,14:49:52,56,56,12.99,4,37,
2-11,14:49:53,56,56,13.01,4,37,
2-11,14:49:53,56,56,13,4,37,
2-11,14:49:54,56,56,13.01,4,37,
2-11,14:49:54,57,57,13.01,4,37,
2-11,14:49:55,57,57,13.02,4,37,
2-11,14:49:55,56,56,12.99,4,37,
2-11,14:49:56,56,56,13.01,4,37,
2-11,14:49:56,54,54,12.96,4,37,
2-11,14:49:57,56,56,13.02,4,37,
2-11,14:49:57,55,55,12.99,4,37,
2-11,14:49:58,55,55,12.98,4,37,
2-11,14:49:58,54,54,12.99,4,37,
2-11,14:49:59,55,55,13,4,37,
2-11,14:49:59,54,54,12.99,4,37,
2-11,14:50:0,55,55,13,4,37,
2-11,14:50:0,57,57,13.03,4,37,
2-11,14:50:1,55,55,12.99,4,37,
2-11,14:50:1,54,54,12.97,4,37,
2-11,14:50:2,56,56,13.02,4,37,
2-11,14:50:2,55,55,12.99,4,37,
2-11,14:50:3,55,55,13.01,4,37,
2-11,14:50:3,55,55,13.01,4,37,
2-11,14:50:4,55,55,13.02,4,37,
2-11,14:50:4,54,54,12.99,4,37,
2-11,14:50:5,55,55,12.99,4,37,
2-11,14:50:5,56,56,13.02,4,37,
2-11,14:50:6,55,55,13,4,37,
2-11,14:50:6,56,56,13.03,4,37,
2-11,14:50:7,56,56,13.01,4,37,
2-11,14:50:7,56,56,13.01,4,37,
2-11,14:50:8,55,55,12.99,4,37,
2-11,14:50:8,55,55,13,4,37,
2-11,14:50:9,55,55,13,4,37,
2-11,14:50:9,55,55,13,4,37,
2-11,14:50:10,54,54,13,4,37,
2-11,14:50:10,56,56,13.02,4,37,
2-11,14:50:11,55,55,13.01,4,37,
2-11,14:50:11,54,54,12.99,4,37,
2-11,14:50:12,56,56,13.02,4,37,
2-11,14:50:12,55,55,13,4,37,
2-11,14:50:13,53,53,12.97,4,37,
2-11,14:50:13,56,56,13.03,4,37,
2-11,14:50:14,54,54,13,4,37,
2-11,14:50:14,55,55,13,4,37,
2-11,14:50:15,55,55,13.01,4,37,
2-11,14:50:15,55,55,13.01,4,37,
2-11,14:50:16,54,54,13,4,37,
2-11,14:50:16,55,55,13,4,37,
2-11,14:50:17,55,55,13,4,37,
2-11,14:50:17,54,54,12.98,4,37,
2-11,14:50:18,54,54,13.02,4,37,
2-11,14:50:18,55,55,13.02,4,37,
2-11,14:50:19,53,53,12.99,4,37,
2-11,14:50:19,55,55,13,4,37,
2-11,14:50:20,54,54,13.02,4,37,
2-11,14:50:20,55,55,13.02,4,37,
2-11,14:50:21,54,54,13.01,4,37,
2-11,14:50:21,54,54,12.99,4,37,
2-11,14:50:22,55,55,13.03,4,37,
2-11,14:50:22,54,54,12.99,4,37,
2-11,14:50:23,55,55,13.02,4,37,
2-11,14:50:23,54,54,13.01,4,37,
2-11,14:50:24,55,55,13.01,4,37,
2-11,14:50:24,54,54,12.99,4,37,
2-11,14:50:25,55,55,13.03,4,37,
2-11,14:50:25,55,55,13.02,4,37,
2-11,14:50:26,56,56,13.04,4,37,
2-11,14:50:26,55,55,13,4,37,
2-11,14:50:27,55,55,13.01,4,37,
2-11,14:50:27,55,55,13.01,4,37,
2-11,14:50:28,54,54,12.98,4,37,
2-11,14:50:28,54,54,12.98,4,37,
2-11,14:50:29,54,54,12.99,4,37,
2-11,14:50:29,54,54,13,4,37,
2-11,14:50:30,56,56,13.04,4,37,
2-11,14:50:30,54,54,12.99,4,37,
2-11,14:50:31,55,55,13.03,4,37,
2-11,14:50:31,54,54,12.97,4,37,
2-11,14:50:32,55,55,13.01,4,37,
2-11,14:50:32,55,55,13.01,4,37,
2-11,14:50:33,53,53,12.98,4,37,
2-11,14:50:33,54,54,12.98,4,37,
2-11,14:50:34,55,55,13.01,4,37,
2-11,14:50:34,55,55,13,4,37,
2-11,14:50:35,54,54,12.98,4,37,
2-11,14:50:35,56,56,13.02,4,37,
2-11,14:50:36,55,55,13.01,4,37,
2-11,14:50:36,54,54,12.97,4,37,
2-11,14:50:37,55,55,13,4,37,
2-11,14:50:37,55,55,13,4,37,
2-11,14:50:38,55,55,13,4,37,
2-11,14:50:38,54,54,12.98,4,37,
2-11,14:50:39,55,55,13.02,4,37,
2-11,14:50:39,56,56,13.01,4,37,
2-11,14:50:40,54,54,12.98,4,37,
2-11,14:50:40,55,55,12.98,4,37,
2-11,14:50:41,55,55,12.97,4,37,
2-11,14:50:41,56,56,13,4,37,
2-11,14:50:42,53,53,12.96,4,37,
2-11,14:50:42,54,54,12.98,4,37,
2-11,14:50:43,56,56,13,4,37,
2-11,14:50:43,55,55,12.99,4,37,
2-11,14:50:44,55,55,12.98,4,37,
2-11,14:50:44,57,57,13.04,4,37,
2-11,14:50:45,55,55,13,4,37,
2-11,14:50:45,55,55,12.98,4,37,
2-11,14:50:46,55,55,12.98,4,37,
2-11,14:50:46,55,55,12.98,4,37,
2-11,14:50:47,55,55,12.98,4,37,
2-11,14:50:47,55,55,12.97,4,37,
2-11,14:50:48,56,56,13.03,4,37,
2-11,14:50:48,56,56,13.01,4,37,
2-11,14:50:49,55,55,12.98,4,37,
2-11,14:50:49,55,55,12.98,4,37,
2-11,14:50:50,55,55,12.99,4,37,
2-11,14:50:50,56,56,13.01,4,37,
2-11,14:50:51,55,55,12.96,4,37,
2-11,14:50:51,55,55,12.99,4,37,
2-11,14:50:52,56,56,13.01,4,37,
2-11,14:50:52,56,56,13,4,37,
2-11,14:50:53,54,54,12.99,4,37,
2-11,14:50:53,55,55,13,4,37,
2-11,14:50:54,54,54,12.97,4,37,
2-11,14:50:54,55,55,12.96,4,37,
2-11,14:50:55,55,55,12.98,4,37,
2-11,14:50:55,55,55,13,4,37,
2-11,14:50:56,55,55,12.98,4,37,
2-11,14:50:56,54,54,12.98,4,37,
2-11,14:50:57,53,53,12.94,4,37,
2-11,14:50:57,55,55,12.99,4,37,
2-11,14:50:58,55,55,12.98,4,37,
2-11,14:50:58,54,54,12.95,4,37,
2-11,14:50:59,55,55,12.99,4,37,
2-11,14:50:59,55,55,12.99,4,37,
2-11,14:51:0,56,56,13,4,37,
2-11,14:51:0,55,55,12.98,4,37,
2-11,14:51:1,56,56,13,4,37,
2-11,14:51:1,56,56,13,4,37,
2-11,14:51:2,55,55,12.99,4,37,
2-11,14:51:2,56,56,13.01,4,37,
2-11,14:51:3,56,56,13.01,4,37,
2-11,14:51:3,55,55,12.99,4,37,
2-11,14:51:4,55,55,12.98,4,37,
2-11,14:51:4,55,55,12.98,4,37,
2-11,14:51:5,56,56,12.99,4,37,
2-11,14:51:5,55,55,12.97,4,37,
2-11,14:51:6,57,57,13,4,37,
2-11,14:51:6,57,57,12.97,4,37,
2-11,14:51:7,57,57,12.97,4,37,
2-11,14:51:7,56,56,12.95,4,37,
2-11,14:51:8,56,56,12.98,4,37,
2-11,14:51:8,56,56,12.99,4,37,
2-11,14:51:9,56,56,12.99,4,37,
2-11,14:51:9,55,55,12.97,4,37,
2-11,14:51:10,55,55,12.95,4,37,
2-11,14:51:10,56,56,12.99,4,37,
2-11,14:51:11,57,57,13.01,4,37,
2-11,14:51:11,55,55,12.97,4,37,
2-11,14:51:12,57,57,12.99,4,37,
2-11,14:51:12,56,56,12.98,4,37,
2-11,14:51:13,55,55,12.98,4,37,
2-11,14:51:13,55,55,12.98,4,37,
2-11,14:51:14,55,55,12.99,4,37,
2-11,14:51:14,56,56,13,4,37,
2-11,14:51:15,56,56,12.99,4,37,
2-11,14:51:15,57,57,13.01,4,37,
2-11,14:51:16,56,56,13,4,37,
2-11,14:51:16,56,56,13,4,37,
2-11,14:51:17,57,57,13,4,37,
2-11,14:51:17,56,56,12.99,4,37,
2-11,14:51:18,55,55,12.98,4,37,
2-11,14:51:18,56,56,13,4,37,
2-11,14:51:19,55,55,12.98,4,37,
2-11,14:51:19,56,56,13,4,37,
2-11,14:51:20,56,56,12.99,4,37,
2-11,14:51:20,57,57,13.01,4,37,
2-11,14:51:21,55,55,12.98,4,37,
2-11,14:51:21,56,56,12.98,4,37,
2-11,14:51:22,56,56,13,4,37,
2-11,14:51:22,56,56,12.99,4,37,
2-11,14:51:23,56,56,12.98,4,37,
2-11,14:51:23,56,56,12.98,4,37,
2-11,14:51:24,55,55,12.97,4,37,
2-11,14:51:24,54,54,12.95,4,37,
2-11,14:51:25,57,57,13,4,37,
2-11,14:51:25,57,57,13,4,37,
2-11,14:51:26,55,55,12.97,4,37,
2-11,14:51:26,56,56,12.98,4,37,
2-11,14:51:27,56,56,12.99,4,37,
2-11,14:51:27,55,55,12.97,4,37,
2-11,14:51:28,56,56,12.99,4,37,
2-11,14:51:28,57,57,13.01,4,37,
2-11,14:51:29,54,54,12.96,4,37,
2-11,14:51:29,56,56,13.01,4,37,
2-11,14:51:30,56,56,12.99,4,37,
2-11,14:51:30,54,54,12.95,4,37,
2-11,14:51:31,56,56,13,4,37,
2-11,14:51:31,55,55,12.96,4,37,
2-11,14:51:32,56,56,13,4,37,
2-11,14:51:32,54,54,12.95,4,37,
2-11,14:51:33,56,56,13,4,37,
2-11,14:51:33,54,54,12.97,4,37,
2-11,14:51:34,54,54,12.95,4,37,
2-11,14:51:34,56,56,12.99,4,37,
2-11,14:51:35,55,55,12.98,4,37,
2-11,14:51:35,55,55,12.99,4,37,
2-11,14:51:36,55,55,12.98,4,37,
2-11,14:51:36,54,54,12.95,4,37,
2-11,14:51:37,56,56,13.02,4,37,
2-11,14:51:37,55,55,12.99,4,37,
2-11,14:51:38,55,55,12.99,4,37,
2-11,14:51:38,55,55,12.99,4,37,
2-11,14:51:39,57,57,13.01,4,37,
2-11,14:51:39,54,54,12.96,4,37,
2-11,14:51:40,55,55,13,4,37,
2-11,14:51:40,54,54,12.97,4,37,
2-11,14:51:41,56,56,13,4,37,
2-11,14:51:41,55,55,13,4,37,
2-11,14:51:42,56,56,13,4,37,
2-11,14:51:42,55,55,12.97,4,37,
2-11,14:51:43,55,55,12.97,4,37,
2-11,14:51:43,56,56,13.02,4,37,
2-11,14:51:44,55,55,12.98,4,37,
2-11,14:51:44,55,55,12.97,4,37,
2-11,14:51:45,56,56,12.99,4,37,
2-11,14:51:45,56,56,13,4,37,
2-11,14:51:46,57,57,13.02,4,37,
2-11,14:51:46,56,56,13,4,37,
2-11,14:51:47,56,56,13.02,4,37,
2-11,14:51:47,55,55,13.01,4,37,
2-11,14:51:48,56,56,13.01,4,37,
2-11,14:51:48,55,55,13,4,37,
2-11,14:51:49,55,55,12.98,4,37,
2-11,14:51:49,54,54,12.97,4,37,
2-11,14:51:50,56,56,13.02,4,37,
2-11,14:51:50,55,55,13,4,37,
2-11,14:51:51,55,55,12.99,4,37,
2-11,14:51:51,55,55,12.99,4,37,
2-11,14:51:52,56,56,13.01,4,37,
2-11,14:51:52,57,57,13.01,4,37,
2-11,14:51:53,55,55,12.97,4,37,
2-11,14:51:53,55,55,12.97,4,37,
2-11,14:51:54,56,56,12.99,4,37,
2-11,14:51:54,55,55,12.98,4,37,
2-11,14:51:55,56,56,13.01,4,37,
2-11,14:51:55,56,56,12.99,4,37,
2-11,14:51:56,56,56,13,4,37,
2-11,14:51:56,56,56,13.01,4,37,
2-11,14:51:57,55,55,12.98,4,37,
2-11,14:51:57,55,55,12.98,4,37,
2-11,14:51:58,56,56,13.02,4,37,
2-11,14:51:58,55,55,12.99,4,37,
2-11,14:51:59,54,54,12.97,4,37,
2-11,14:51:59,56,56,13,4,37,
2-11,14:52:0,54,54,12.95,4,37,
2-11,14:52:0,56,56,12.99,4,37,
2-11,14:52:1,56,56,13,4,37,
2-11,14:52:1,56,56,12.98,4,37,
2-11,14:52:2,57,57,13.04,4,37,
2-11,14:52:2,57,57,13.02,4,37,
2-11,14:52:3,56,56,13.01,4,37,
2-11,14:52:3,57,57,13.02,4,37,
2-11,14:52:4,55,55,12.98,4,37,
2-11,14:52:4,55,55,12.99,4,37,
2-11,14:52:5,56,56,13.02,4,37,
2-11,14:52:5,55,55,12.98,4,37,
2-11,14:52:6,55,55,12.97,4,37,
2-11,14:52:6,56,56,13.01,4,37,
2-11,14:52:7,57,57,13.02,4,37,
2-11,14:52:7,56,56,13,4,37,
2-11,14:52:8,56,56,13,4,37,
2-11,14:52:8,57,57,13.04,4,37,
2-11,14:52:9,55,55,12.98,4,37,
2-11,14:52:9,56,56,12.99,4,37,
2-11,14:52:10,57,57,13,4,37,
2-11,14:52:10,55,55,12.99,4,37,
2-11,14:52:11,57,57,13.02,4,37,
2-11,14:52:11,56,56,12.99,4,37,
2-11,14:52:12,55,55,13.01,4,37,
2-11,14:52:12,56,56,13.02,4,37,
2-11,14:52:13,56,56,13.02,4,37,
2-11,14:52:13,56,56,13,4,37,
2-11,14:52:14,56,56,12.98,4,37,
2-11,14:52:14,56,56,13.01,4,37,
2-11,14:52:15,56,56,13.02,4,37,
2-11,14:52:15,57,57,13.03,4,37,
2-11,14:52:16,55,55,12.97,4,37,
2-11,14:52:16,55,55,12.98,4,37,
2-11,14:52:17,56,56,13,4,37,
2-11,14:52:17,57,57,13,4,37,
2-11,14:52:18,56,56,12.98,4,37,
2-11,14:52:18,57,57,13.03,4,37,
2-11,14:52:19,55,55,12.99,4,37,
2-11,14:52:19,57,57,13.05,4,37,
2-11,14:52:20,56,56,13.01,4,37,
2-11,14:52:20,54,54,12.96,4,37,
2-11,14:52:21,56,56,13.01,4,37,
2-11,14:52:21,56,56,13,4,37,
2-11,14:52:22,56,56,12.98,4,37,
2-11,14:52:22,55,55,12.98,4,37,
2-11,14:52:23,56,56,13,4,37,
2-11,14:52:23,56,56,12.99,4,37,
2-11,14:52:24,56,56,13.01,4,37,
2-11,14:52:24,56,56,13.02,4,37,
2-11,14:52:25,55,55,12.97,4,37,
2-11,14:52:25,57,57,13.03,4,37,
2-11,14:52:26,56,56,13,4,37,
2-11,14:52:26,55,55,12.99,4,37,
2-11,14:52:27,56,56,13,4,37,
2-11,14:52:27,55,55,12.97,4,37,
2-11,14:52:28,55,55,12.98,4,37,
2-11,14:52:28,56,56,13,4,37,
2-11,14:52:29,56,56,13.02,4,37,
2-11,14:52:29,56,56,13.02,4,37,
2-11,14:52:30,55,55,13,4,37,
2-11,14:52:30,55,55,12.98,4,37,
2-11,14:52:31,56,56,13,4,37,
2-11,14:52:31,57,57,13.02,4,37,
2-11,14:52:32,57,57,13.03,4,37,
2-11,14:52:32,56,56,13.01,4,37,
2-11,14:52:33,58,58,13.04,4,37,
2-11,14:52:33,56,56,13.02,4,37,
2-11,14:52:34,56,56,13,4,37,
2-11,14:52:34,57,57,13.02,4,37,
2-11,14:52:35,56,56,12.98,4,37,
2-11,14:52:35,55,55,13,4,37,
2-11,14:52:36,56,56,13,4,37,
2-11,14:52:36,56,56,13.01,4,37,
2-11,14:52:37,55,55,13.02,4,37,
2-11,14:52:37,55,55,12.97,4,37,
2-11,14:52:38,55,55,12.97,4,37,
2-11,14:52:38,56,56,13.02,4,37,
2-11,14:52:39,55,55,12.99,4,37,
2-11,14:52:39,55,55,12.97,4,37,
2-11,14:52:40,55,55,12.98,4,37,
2-11,14:52:40,56,56,13.01,4,37,
2-11,14:52:41,55,55,12.98,4,37,
2-11,14:52:41,57,57,13.02,4,37,
2-11,14:52:42,58,58,13.05,4,37,
2-11,14:52:42,56,56,13.01,4,37,
2-11,14:52:43,56,56,13.01,4,37,
2-11,14:52:43,56,56,13,4,37,
2-11,14:52:44,56,56,13.01,4,37,
2-11,14:52:44,57,57,13.03,4,37,
2-11,14:52:45,55,55,12.99,4,37,
2-11,14:52:45,55,55,12.99,4,37,
2-11,14:52:46,56,56,13.01,4,37,
2-11,14:52:46,56,56,13.02,4,37,
2-11,14:52:47,54,54,12.98,4,37,
2-11,14:52:47,55,55,12.99,4,37,
2-11,14:52:48,55,55,12.99,4,37,
2-11,14:52:48,55,55,12.98,4,37,
2-11,14:52:49,57,57,13.02,4,37,
2-11,14:52:49,55,55,13,4,37,
2-11,14:52:50,56,56,13,4,37,
2-11,14:52:50,57,57,13.03,4,37,
2-11,14:52:51,56,56,12.99,4,37,
2-11,14:52:51,56,56,12.99,4,37,
2-11,14:52:52,56,56,12.99,4,37,
2-11,14:52:52,57,57,13.03,4,37,
2-11,14:52:53,56,56,13,4,37,
2-11,14:52:53,56,56,12.99,4,37,
2-11,14:52:54,57,57,13.04,4,37,
2-11,14:52:54,57,57,13.02,4,37,
2-11,14:52:55,55,55,13,4,37,
2-11,14:52:55,55,55,12.99,4,37,
2-11,14:52:56,57,57,13.02,4,37,
2-11,14:52:56,56,56,13.01,4,37,
2-11,14:52:57,55,55,12.99,4,37,
2-11,14:52:57,58,58,13.06,4,37,
2-11,14:52:58,55,55,12.98,4,37,
2-11,14:52:58,56,56,12.99,4,37,
2-11,14:52:59,58,58,13.03,4,37,
2-11,14:52:59,55,55,13,4,37,
2-11,14:53:0,57,57,13.02,4,37,
2-11,14:53:0,57,57,13.03,4,37,
2-11,14:53:1,56,56,13.02,4,37,
2-11,14:53:1,55,55,12.99,4,37,
2-11,14:53:2,58,58,13.05,4,37,
2-11,14:53:2,57,57,13.03,4,37,
2-11,14:53:3,57,57,13.04,4,37,
2-11,14:53:3,56,56,12.99,4,37,
2-11,14:53:4,57,57,13.01,4,37,
2-11,14:53:4,55,55,12.97,4,37,
2-11,14:53:5,56,56,13,4,37,
2-11,14:53:5,55,55,12.97,4,37,
2-11,14:53:6,55,55,12.98,4,37,
2-11,14:53:6,56,56,13.01,4,37,
2-11,14:53:7,55,55,13,4,37,
2-11,14:53:7,57,57,13.06,4,37,
2-11,14:53:8,55,55,13.02,4,37,
2-11,14:53:8,55,55,12.99,4,37,
2-11,14:53:9,57,57,13.04,4,37,
2-11,14:53:9,55,55,12.98,4,37,
2-11,14:53:10,54,54,13,4,37,
2-11,14:53:10,56,56,13.02,4,37,
2-11,14:53:11,56,56,13,4,37,
2-11,14:53:11,55,55,13.01,4,37,
2-11,14:53:12,55,55,13.01,4,37,
2-11,14:53:12,56,56,13.01,4,37,
2-11,14:53:13,56,56,13.02,4,37,
2-11,14:53:13,56,56,13.01,4,37,
2-11,14:53:14,55,55,13,4,37,
2-11,14:53:14,56,56,13.01,4,37,
2-11,14:53:15,55,55,13,4,37,
2-11,14:53:15,57,57,13.05,4,37,
2-11,14:53:16,56,56,13.02,4,37,
2-11,14:53:16,56,56,13.02,4,37,
2-11,14:53:17,56,56,13.02,4,37,
2-11,14:53:17,55,55,12.98,4,37,
2-11,14:53:18,56,56,13.01,4,37,
2-11,14:53:18,56,56,13.03,4,37,
2-11,14:53:19,55,55,12.98,4,37,
2-11,14:53:19,56,56,13.03,4,37,
2-11,14:53:20,56,56,13.03,4,37,
2-11,14:53:20,56,56,13.02,4,37,
2-11,14:53:21,56,56,13.03,4,37,
2-11,14:53:21,56,56,13.04,4,37,
2-11,14:53:22,55,55,13.02,4,37,
2-11,14:53:22,56,56,13.03,4,37,
2-11,14:53:23,57,57,13.03,4,37,
2-11,14:53:23,56,56,13.01,4,37,
2-11,14:53:24,57,57,13.06,4,37,
2-11,14:53:24,56,56,13,4,37,
2-11,14:53:25,57,57,13.05,4,37,
2-11,14:53:25,57,57,13.06,4,37,
2-11,14:53:26,55,55,13.01,4,37,
2-11,14:53:26,55,55,13,4,37,
2-11,14:53:27,56,56,13,4,37,
2-11,14:53:27,57,57,13.04,4,37,
2-11,14:53:28,55,55,13.03,4,37,
2-11,14:53:28,55,55,12.99,4,37,
2-11,14:53:29,55,55,13.01,4,37,
2-11,14:53:29,57,57,13.04,4,37,
2-11,14:53:30,56,56,13.05,4,37,
2-11,14:53:30,56,56,13.02,4,37,
2-11,14:53:31,56,56,13.04,4,37,
2-11,14:53:31,55,55,13.02,4,37,
2-11,14:53:32,57,57,13.05,4,37,
2-11,14:53:32,56,56,13.06,4,37,
2-11,14:53:33,56,56,13.04,4,37,
2-11,14:53:33,57,57,13.08,4,37,
2-11,14:53:34,55,55,13,4,37,
2-11,14:53:34,56,56,13.03,4,37,
2-11,14:53:35,56,56,13.02,4,37,
2-11,14:53:35,56,56,13.04,4,37,
2-11,14:53:36,53,53,12.97,4,37,
2-11,14:53:36,55,55,13,4,37,
2-11,14:53:37,55,55,13.01,4,37,
2-11,14:53:37,56,56,13.03,4,37,
2-11,14:53:38,54,54,12.98,4,37,
2-11,14:53:38,56,56,13.05,4,37,
2-11,14:53:39,57,57,13.04,4,37,
2-11,14:53:39,57,57,13.05,4,37,
2-11,14:53:40,55,55,13.01,4,37,
2-11,14:53:40,56,56,13.03,4,37,
2-11,14:53:41,57,57,13.04,4,37,
2-11,14:53:41,56,56,13.03,4,37,
2-11,14:53:42,55,55,13.01,4,37,
2-11,14:53:42,55,55,13,4,37,
2-11,14:53:43,57,57,13.02,4,37,
2-11,14:53:43,56,56,13.03,4,37,
2-11,14:53:44,55,55,13,4,37,
2-11,14:53:44,57,57,13.02,4,37,
2-11,14:53:45,56,56,13.03,4,37,
2-11,14:53:45,56,56,13.01,4,37,
2-11,14:53:46,57,57,13.03,4,37,
2-11,14:53:46,55,55,13.02,4,37,
2-11,14:53:47,56,56,13.03,4,37,
2-11,14:53:47,57,57,13.06,4,37,
2-11,14:53:48,56,56,13.03,4,37,
2-11,14:53:48,56,56,13.02,4,37,
2-11,14:53:49,56,56,13.03,4,37,
2-11,14:53:49,57,57,13.02,4,37,
2-11,14:53:50,56,56,13.02,4,37,
2-11,14:53:50,56,56,13.03,4,37,
2-11,14:53:51,57,57,13.05,4,37,
2-11,14:53:51,57,57,13.04,4,37,
2-11,14:53:52,57,57,13.05,4,37,
2-11,14:53:52,56,56,13.02,4,37,
2-11,14:53:53,55,55,13,4,37,
2-11,14:53:53,57,57,13.04,4,37,
2-11,14:53:54,56,56,13.02,4,37,
2-11,14:53:54,57,57,13.02,4,37,
2-11,14:53:55,56,56,13.03,4,37,
2-11,14:53:55,56,56,13.02,4,37,
2-11,14:53:56,56,56,13.02,4,37,
2-11,14:53:56,54,54,12.97,4,37,
2-11,14:53:57,57,57,13.02,4,37,
2-11,14:53:57,56,56,13.03,4,37,
2-11,14:53:58,56,56,13.02,4,37,
2-11,14:53:58,57,57,13.04,4,37,
2-11,14:53:59,56,56,13.03,4,37,
2-11,14:53:59,56,56,13.03,4,37,
2-11,14:54:0,56,56,13.02,4,37,
2-11,14:54:0,57,57,13.06,4,37,
2-11,14:54:1,55,55,13,4,37,
2-11,14:54:1,55,55,13.01,4,37,
2-11,14:54:2,55,55,13.04,4,37,
2-11,14:54:2,55,55,13.02,4,37,
2-11,14:54:3,56,56,13.03,4,37,
2-11,14:54:3,56,56,13.03,4,37,
2-11,14:54:4,56,56,13.03,4,37,
2-11,14:54:4,56,56,13.01,4,37,
2-11,14:54:5,56,56,13.01,4,37,
2-11,14:54:5,55,55,12.99,4,37,
2-11,14:54:6,56,56,12.99,4,37,
2-11,14:54:6,56,56,13.01,4,37,
2-11,14:54:7,58,58,13.07,4,37,
2-11,14:54:7,57,57,13.01,4,37,
2-11,14:54:8,56,56,13,4,37,
2-11,14:54:8,56,56,12.99,4,37,
2-11,14:54:9,55,55,12.99,4,37,
2-11,14:54:9,56,56,13.01,4,37,
2-11,14:54:10,57,57,13.03,4,37,
2-11,14:54:10,55,55,13,4,37,
2-11,14:54:11,56,56,13,4,37,
2-11,14:54:11,58,58,13.06,4,37,
2-11,14:54:12,57,57,13.02,4,37,
2-11,14:54:12,57,57,13.05,4,37,
2-11,14:54:13,55,55,12.99,4,37,
2-11,14:54:13,57,57,13.04,4,37,
2-11,14:54:14,58,58,13.06,4,37,
2-11,14:54:14,56,56,13.02,4,37,
2-11,14:54:15,56,56,13.02,4,37,
2-11,14:54:15,56,56,13.02,4,37,
2-11,14:54:16,57,57,13.04,4,37,
2-11,14:54:16,56,56,13,4,37,
2-11,14:54:17,55,55,13.02,4,37,
2-11,14:54:17,56,56,13.01,4,37,
2-11,14:54:18,56,56,13.01,4,37,
2-11,14:54:18,55,55,13.01,4,37,
2-11,14:54:19,56,56,13.03,4,37,
2-11,14:54:19,55,55,13.01,4,37,
2-11,14:54:20,55,55,13.02,4,37,
2-11,14:54:20,55,55,13.01,4,37,
2-11,14:54:21,56,56,13.04,4,37,
2-11,14:54:21,54,54,13.01,4,37,
2-11,14:54:22,55,55,13.02,4,37,
2-11,14:54:22,54,54,12.99,4,37,
2-11,14:54:23,54,54,13.01,4,37,
2-11,14:54:23,55,55,13.02,4,37,
2-11,14:54:24,54,54,13,4,37,
2-11,14:54:24,56,56,13.04,4,37,
2-11,14:54:25,53,53,13.01,4,37,
2-11,14:54:25,53,53,12.99,4,37,
2-11,14:54:26,53,53,13.01,4,37,
2-11,14:54:26,53,53,13,4,37,
2-11,14:54:27,55,55,13.05,4,37,
2-11,14:54:27,53,53,13,4,37,
2-11,14:54:28,54,54,13.03,4,37,
2-11,14:54:28,54,54,13.04,4,37,
2-11,14:54:29,53,53,13.01,4,37,
2-11,14:54:29,54,54,13.04,4,37,
2-11,14:54:30,54,54,13.03,4,37,
2-11,14:54:30,54,54,13.02,4,37,
2-11,14:54:31,54,54,13,4,37,
2-11,14:54:31,54,54,13.03,4,37,
2-11,14:54:32,54,54,13.03,4,37,
2-11,14:54:32,53,53,13.02,4,37,
2-11,14:54:33,54,54,13.04,4,37,
2-11,14:54:33,54,54,13.02,4,37,
2-11,14:54:34,53,53,13.03,4,37,
2-11,14:54:34,54,54,13.04,4,37,
2-11,14:54:35,53,53,13.02,4,37,
2-11,14:54:35,53,53,13.02,4,37,
2-11,14:54:36,54,54,13.03,4,37,
2-11,14:54:36,53,53,13.03,4,37,
2-11,14:54:37,54,54,13.06,4,37,
2-11,14:54:37,53,53,13,4,37,
2-11,14:54:38,53,53,13.01,4,37,
2-11,14:54:38,53,53,13,4,37,
2-11,14:54:39,53,53,13,4,37,
2-11,14:54:39,54,54,13.02,4,37,
2-11,14:54:40,54,54,13.03,4,37,
2-11,14:54:40,53,53,13.01,4,37,
2-11,14:54:41,55,55,13.06,4,37,
2-11,14:54:41,53,53,13.03,4,37,
2-11,14:54:42,53,53,13.01,4,37,
2-11,14:54:42,53,53,13.03,4,37,
2-11,14:54:43,53,53,13.02,4,37,
2-11,14:54:43,52,52,12.99,4,37,
2-11,14:54:44,53,53,13.03,4,37,
2-11,14:54:44,54,54,13.05,4,37,
2-11,14:54:45,52,52,13,4,37,
2-11,14:54:45,53,53,13.01,4,37,
2-11,14:54:46,55,55,13.06,4,37,
2-11,14:54:46,55,55,13.05,4,37,
2-11,14:54:47,53,53,13.03,4,37,
2-11,14:54:47,54,54,13.04,4,37,
2-11,14:54:48,54,54,13.04,4,37,
2-11,14:54:48,54,54,13.04,4,37,
2-11,14:54:49,54,54,13.02,4,37,
2-11,14:54:49,54,54,13.03,4,37,
2-11,14:54:50,56,56,13.06,4,37,
2-11,14:54:50,53,53,13.02,4,37,
2-11,14:54:51,54,54,13,4,37,
2-11,14:54:51,53,53,12.99,4,37,
2-11,14:54:52,55,55,13.02,4,37,
2-11,14:54:52,54,54,13,4,37,
2-11,14:54:53,55,55,13.01,4,37,
2-11,14:54:53,54,54,12.98,4,37,
2-11,14:54:54,55,55,13.01,4,37,
2-11,14:54:54,56,56,13.03,4,37,
2-11,14:54:55,53,53,12.97,4,37,
2-11,14:54:55,56,56,13.02,4,37,
2-11,14:54:56,55,55,13.02,4,37,
2-11,14:54:56,54,54,12.98,4,37,
2-11,14:54:57,55,55,13.01,4,37,
2-11,14:54:57,55,55,13.03,4,37,
2-11,14:54:58,56,56,13.04,4,37,
2-11,14:54:58,55,55,13,4,37,
2-11,14:54:59,55,55,13,4,37,
2-11,14:54:59,54,54,13.01,4,37,
2-11,14:55:0,56,56,13.04,4,37,
2-11,14:55:0,56,56,13.03,4,37,
2-11,14:55:1,55,55,13,4,37,
2-11,14:55:1,54,54,12.99,4,37,
2-11,14:55:2,55,55,13.02,4,37,
2-11,14:55:2,55,55,13.01,4,37,
2-11,14:55:3,54,54,12.98,4,37,
2-11,14:55:3,55,55,13.02,4,37,
2-11,14:55:4,56,56,13.05,4,37,
2-11,14:55:4,56,56,13.02,4,37,
2-11,14:55:5,55,55,13,4,37,
2-11,14:55:5,56,56,13.02,4,37,
2-11,14:55:6,56,56,13.01,4,37,
2-11,14:55:6,57,57,13.03,4,37,
2-11,14:55:7,56,56,13,4,37,
2-11,14:55:7,57,57,13.04,4,37,
2-11,14:55:8,56,56,13.02,4,37,
2-11,14:55:8,55,55,12.98,4,37,
2-11,14:55:9,56,56,13.03,4,37,
2-11,14:55:9,55,55,13.01,4,37,
2-11,14:55:10,56,56,13.02,4,37,
2-11,14:55:10,56,56,13.01,4,37,
2-11,14:55:11,56,56,13.01,4,37,
2-11,14:55:11,56,56,13,4,37,
2-11,14:55:12,57,57,13.04,4,37,
2-11,14:55:12,56,56,13,4,37,
2-11,14:55:13,57,57,13.04,4,37,
2-11,14:55:13,56,56,13.02,4,37,
2-11,14:55:14,57,57,13.03,4,37,
2-11,14:55:14,57,57,13.02,4,37,
2-11,14:55:15,57,57,13.03,4,37,
2-11,14:55:15,56,56,13.01,4,37,
2-11,14:55:16,56,56,13,4,37,
2-11,14:55:16,58,58,13.05,4,37,
2-11,14:55:17,57,57,13.02,4,37,
2-11,14:55:17,56,56,13,4,37,
2-11,14:55:18,57,57,13.04,4,37,
2-11,14:55:18,56,56,13,4,37,
2-11,14:55:19,58,58,13.05,4,37,
2-11,14:55:19,57,57,13.01,4,37,
2-11,14:55:20,57,57,13.04,4,37,
2-11,14:55:20,56,56,13.01,4,37,
2-11,14:55:21,57,57,13.02,4,37,
2-11,14:55:21,58,58,13.04,4,37,
2-11,14:55:22,55,55,12.99,4,37,
2-11,14:55:22,57,57,13.03,4,37,
2-11,14:55:23,56,56,13,4,37,
2-11,14:55:23,55,55,12.99,4,37,
2-11,14:55:24,56,56,12.98,4,37,
2-11,14:55:24,58,58,13.05,4,37,
2-11,14:55:25,56,56,13.02,4,37,
2-11,14:55:25,56,56,13.01,4,37,
2-11,14:55:26,56,56,13.02,4,37,
2-11,14:55:26,56,56,13.03,4,37,
2-11,14:55:27,57,57,13.05,4,37,
2-11,14:55:27,59,59,13.07,4,37,
2-11,14:55:28,57,57,13.03,4,37,
2-11,14:55:28,57,57,13.04,4,37,
2-11,14:55:29,57,57,13.03,4,37,
2-11,14:55:29,56,56,13.02,4,37,
2-11,14:55:30,56,56,13.01,4,37,
2-11,14:55:30,56,56,13.03,4,37,
2-11,14:55:31,57,57,13.01,4,37,
2-11,14:55:31,56,56,12.99,4,37,
2-11,14:55:32,56,56,13,4,37,
2-11,14:55:32,56,56,12.99,4,37,
2-11,14:55:33,57,57,13.04,4,37,
2-11,14:55:33,56,56,13.01,4,37,
2-11,14:55:34,56,56,13.03,4,37,
2-11,14:55:34,57,57,13.03,4,37,
2-11,14:55:35,56,56,13.02,4,37,
2-11,14:55:35,56,56,13.04,4,37,
2-11,14:55:36,56,56,13.02,4,37,
2-11,14:55:36,56,56,13.03,4,37,
2-11,14:55:37,56,56,13.02,4,37,
2-11,14:55:37,56,56,13.01,4,37,
2-11,14:55:38,55,55,13.01,4,37,
2-11,14:55:38,56,56,13.04,4,37,
2-11,14:55:39,57,57,13.04,4,37,
2-11,14:55:39,56,56,13.02,4,37,
2-11,14:55:40,56,56,13.03,4,37,
2-11,14:55:40,57,57,13.04,4,37,
2-11,14:55:41,56,56,13.02,4,37,
2-11,14:55:41,55,55,13.02,4,37,
2-11,14:55:42,55,55,13.02,4,37,
2-11,14:55:42,56,56,13.03,4,37,
2-11,14:55:43,56,56,13.03,4,37,
2-11,14:55:43,55,55,13.02,4,37,
2-11,14:55:44,55,55,13.02,4,37,
2-11,14:55:44,55,55,13.01,4,37,
2-11,14:55:45,56,56,13.02,4,37,
2-11,14:55:45,56,56,13.04,4,37,
2-11,14:55:46,55,55,12.99,4,37,
2-11,14:55:46,56,56,13.02,4,37,
2-11,14:55:47,56,56,13,4,37,
2-11,14:55:47,55,55,13.02,4,37,
2-11,14:55:48,56,56,13.03,4,37,
2-11,14:55:48,55,55,13,4,37,
2-11,14:55:49,55,55,13.02,4,37,
2-11,14:55:49,55,55,13.02,4,37,
2-11,14:55:50,56,56,13.05,4,37,
2-11,14:55:50,55,55,13.02,4,37,
2-11,14:55:51,55,55,13,4,37,
2-11,14:55:51,56,56,13.04,4,37,
2-11,14:55:52,55,55,13.01,4,37,
2-11,14:55:52,55,55,12.99,4,37,
2-11,14:55:53,56,56,13.05,4,37,
2-11,14:55:53,57,57,13.04,4,37,
2-11,14:55:54,55,55,12.99,4,37,
2-11,14:55:54,54,54,12.99,4,37,
2-11,14:55:55,55,55,13.01,4,37,
2-11,14:55:55,56,56,13.01,4,37,
2-11,14:55:56,53,53,12.97,4,37,
2-11,14:55:56,53,53,12.99,4,37,
2-11,14:55:57,56,56,13.05,4,37,
2-11,14:55:57,54,54,13,4,37,
2-11,14:55:58,56,56,13.04,4,37,
2-11,14:55:58,56,56,13.06,4,37,
2-11,14:55:59,56,56,13.03,4,37,
2-11,14:55:59,54,54,13,4,37,
2-11,14:56:0,54,54,13,4,37,
2-11,14:56:0,56,56,13.03,4,37,
2-11,14:56:1,55,55,13.01,4,37,
2-11,14:56:1,55,55,13.04,4,37,
2-11,14:56:2,55,55,13.03,4,37,
2-11,14:56:2,55,55,13.01,4,37,
2-11,14:56:3,55,55,13.04,4,37,
2-11,14:56:3,54,54,13,4,37,
2-11,14:56:4,55,55,13,4,37,
2-11,14:56:4,54,54,13,4,37,
2-11,14:56:5,55,55,13.02,4,37,
2-11,14:56:5,55,55,13.05,4,37,
2-11,14:56:6,56,56,13.04,4,37,
2-11,14:56:6,54,54,13,4,37,
2-11,14:56:7,54,54,13,4,37,
2-11,14:56:7,55,55,13,4,37,
2-11,14:56:8,53,53,12.99,4,37,
2-11,14:56:8,55,55,13.02,4,37,
2-11,14:56:9,55,55,13.02,4,37,
2-11,14:56:9,56,56,13.05,4,37,
2-11,14:56:10,55,55,13.03,4,37,
2-11,14:56:10,54,54,13.01,4,37,
2-11,14:56:11,56,56,13.04,4,37,
2-11,14:56:11,56,56,13.03,4,37,
2-11,14:56:12,55,55,13.03,4,37,
2-11,14:56:12,55,55,13.02,4,37,
2-11,14:56:13,53,53,12.98,4,37,
2-11,14:56:13,55,55,13.03,4,37,
2-11,14:56:14,54,54,13,4,37,
2-11,14:56:14,55,55,13.04,4,37,
2-11,14:56:15,55,55,13.03,4,37,
2-11,14:56:15,54,54,13.01,4,37,
2-11,14:56:16,53,53,12.97,4,37,
2-11,14:56:16,54,54,13.01,4,37,
2-11,14:56:17,54,54,13.01,4,37,
2-11,14:56:17,53,53,12.98,4,37,
2-11,14:56:18,54,54,13.01,4,37,
2-11,14:56:18,54,54,13.01,4,37,
2-11,14:56:19,55,55,13.01,4,37,
2-11,14:56:19,54,54,12.98,4,37,
2-11,14:56:20,54,54,13.01,4,37,
2-11,14:56:20,55,55,13,4,37,
2-11,14:56:21,54,54,12.98,4,37,
2-11,14:56:21,55,55,13.02,4,37,
2-11,14:56:22,56,56,13.06,4,37,
2-11,14:56:22,55,55,13,4,37,
2-11,14:56:23,56,56,13.03,4,37,
2-11,14:56:23,55,55,13.02,4,37,
2-11,14:56:24,55,55,13.01,4,37,
2-11,14:56:24,54,54,13,4,37,
2-11,14:56:25,54,54,12.99,4,37,
2-11,14:56:25,55,55,13,4,37,
2-11,14:56:26,57,57,13.05,4,37,
2-11,14:56:26,55,55,12.99,4,37,
2-11,14:56:27,54,54,12.99,4,37,
2-11,14:56:27,55,55,13.01,4,37,
2-11,14:56:28,54,54,12.98,4,37,
2-11,14:56:28,54,54,13.01,4,37,
2-11,14:56:29,55,55,13.03,4,37,
2-11,14:56:29,57,57,13.06,4,37,
2-11,14:56:30,56,56,13.03,4,37,
2-11,14:56:30,56,56,13.05,4,37,
2-11,14:56:31,55,55,13.02,4,37,
2-11,14:56:31,57,57,13.04,4,37,
2-11,14:56:32,54,54,12.97,4,37,
2-11,14:56:32,54,54,12.99,4,37,
2-11,14:56:33,56,56,13.02,4,37,
2-11,14:56:33,56,56,13.03,4,37,
2-11,14:56:34,55,55,13.01,4,37,
2-11,14:56:34,55,55,13,4,37,
2-11,14:56:35,56,56,13.04,4,37,
2-11,14:56:35,55,55,13.02,4,37,
2-11,14:56:36,54,54,12.97,4,37,
2-11,14:56:36,56,56,13.01,4,37,
2-11,14:56:37,54,54,12.99,4,37,
2-11,14:56:37,57,57,13.04,4,37,
2-11,14:56:38,55,55,13,4,37,
2-11,14:56:38,56,56,13.04,4,37,
2-11,14:56:39,55,55,12.99,4,37,
2-11,14:56:39,55,55,12.98,4,37,
2-11,14:56:40,55,55,12.99,4,37,
2-11,14:56:40,56,56,13.03,4,37,
2-11,14:56:41,56,56,12.99,4,37,
2-11,14:56:41,56,56,13.02,4,37,
2-11,14:56:42,55,55,12.99,4,37,
2-11,14:56:42,55,55,12.99,4,37,
2-11,14:56:43,56,56,13.02,4,37,
2-11,14:56:43,55,55,13.01,4,37,
2-11,14:56:44,55,55,13.01,4,37,
2-11,14:56:44,54,54,13,4,37,
2-11,14:56:45,54,54,12.98,4,37,
2-11,14:56:45,55,55,13.04,4,37,
2-11,14:56:46,56,56,13.04,4,37,
2-11,14:56:46,55,55,13.02,4,37,
2-11,14:56:47,57,57,13.06,4,37,
2-11,14:56:47,56,56,13.03,4,37,
2-11,14:56:48,57,57,13.06,4,37,
2-11,14:56:48,56,56,13.03,4,37,
2-11,14:56:49,54,54,12.97,4,37,
2-11,14:56:49,55,55,13,4,37,
2-11,14:56:50,54,54,13,4,37,
2-11,14:56:50,54,54,13.02,4,37,
2-11,14:56:51,55,55,13,4,37,
2-11,14:56:51,55,55,12.99,4,37,
2-11,14:56:52,54,54,12.98,4,37,
2-11,14:56:52,55,55,12.98,4,37,
2-11,14:56:53,55,55,12.99,4,37,
2-11,14:56:53,55,55,13.01,4,37,
2-11,14:56:54,56,56,13.01,4,37,
2-11,14:56:54,57,57,13.05,4,37,
2-11,14:56:55,56,56,13.01,4,37,
2-11,14:56:55,54,54,12.99,4,37,
2-11,14:56:56,56,56,13.01,4,37,
2-11,14:56:56,56,56,13.01,4,37,
2-11,14:56:57,56,56,13.02,4,37,
2-11,14:56:57,55,55,13.02,4,37,
2-11,14:56:58,55,55,13.01,4,37,
2-11,14:56:58,54,54,13,4,37,
2-11,14:56:59,54,54,12.97,4,37,
2-11,14:56:59,54,54,12.98,4,37,
2-11,14:57:0,55,55,13.01,4,37,
2-11,14:57:0,54,54,12.99,4,37,
2-11,14:57:1,54,54,12.96,4,37,
2-11,14:57:1,56,56,13.02,4,37,
2-11,14:57:2,55,55,13.01,4,37,
2-11,14:57:2,55,55,13.01,4,37,
2-11,14:57:3,57,57,13.05,4,37,
2-11,14:57:3,56,56,13.01,4,37,
2-11,14:57:4,55,55,13.02,4,37,
2-11,14:57:4,54,54,12.99,4,37,
2-11,14:57:5,56,56,13.02,4,37,
2-11,14:57:5,56,56,13.01,4,37,
2-11,14:57:6,55,55,12.99,4,37,
2-11,14:57:6,56,56,13.02,4,37,
2-11,14:57:7,55,55,12.99,4,37,
2-11,14:57:7,55,55,13.01,4,37,
2-11,14:57:8,56,56,13.02,4,37,
2-11,14:57:8,55,55,13,4,37,
2-11,14:57:9,54,54,12.99,4,37,
2-11,14:57:9,56,56,13,4,37,
2-11,14:57:10,56,56,13.04,4,37,
2-11,14:57:10,56,56,13.01,4,37,
2-11,14:57:11,57,57,13.04,4,37,
2-11,14:57:11,57,57,13.06,4,37,
2-11,14:57:12,55,55,12.98,4,37,
2-11,14:57:12,55,55,13.01,4,37,
2-11,14:57:13,56,56,13,4,37,
2-11,14:57:13,56,56,13,4,37,
2-11,14:57:14,54,54,12.97,4,37,
2-11,14:57:14,55,55,13,4,37,
2-11,14:57:15,55,55,13,4,37,
2-11,14:57:15,55,55,13,4,37,
2-11,14:57:16,55,55,12.98,4,37,
2-11,14:57:16,56,56,13.03,4,37,
2-11,14:57:17,56,56,13.02,4,37,
2-11,14:57:17,54,54,12.99,4,37,
2-11,14:57:18,56,56,13.01,4,37,
2-11,14:57:18,56,56,13.02,4,37,
2-11,14:57:19,55,55,13.01,4,37,
2-11,14:57:19,55,55,13.01,4,37,
2-11,14:57:20,56,56,13.02,4,37,
2-11,14:57:20,56,56,13.03,4,37,
2-11,14:57:21,56,56,13.02,4,37,
2-11,14:57:21,55,55,13.01,4,37,
2-11,14:57:22,55,55,12.99,4,37,
2-11,14:57:22,57,57,13.06,4,37,
2-11,14:57:23,57,57,13.04,4,37,
2-11,14:57:23,55,55,13.02,4,37,
2-11,14:57:24,57,57,13.04,4,37,
2-11,14:57:24,55,55,13.01,4,37,
2-11,14:57:25,57,57,13.03,4,37,
2-11,14:57:25,57,57,13.06,4,37,
2-11,14:57:26,58,58,13.06,4,37,
2-11,14:57:26,56,56,13.03,4,37,
2-11,14:57:27,56,56,13.03,4,37,
2-11,14:57:27,56,56,13.02,4,37,
2-11,14:57:28,56,56,13.05,4,37,
2-11,14:57:28,56,56,13.02,4,37,
2-11,14:57:29,57,57,13.05,4,37,
2-11,14:57:29,55,55,13,4,37,
2-11,14:57:30,55,55,13.02,4,37,
2-11,14:57:30,56,56,13.01,4,37,
2-11,14:57:31,56,56,13.04,4,37,
2-11,14:57:31,56,56,13.02,4,37,
2-11,14:57:32,55,55,12.99,4,37,
2-11,14:57:32,56,56,13.02,4,37,
2-11,14:57:33,57,57,13.05,4,37,
2-11,14:57:33,56,56,13.01,4,37,
2-11,14:57:34,57,57,13.04,4,37,
2-11,14:57:34,57,57,13.04,4,37,
2-11,14:57:35,56,56,13,4,37,
2-11,14:57:35,57,57,13.04,4,37,
2-11,14:57:36,56,56,13.03,4,37,
2-11,14:57:36,56,56,13.03,4,37,
2-11,14:57:37,56,56,13.01,4,37,
2-11,14:57:37,55,55,12.99,4,37,
2-11,14:57:38,57,57,13.04,4,37,
2-11,14:57:38,57,57,13.03,4,37,
2-11,14:57:39,55,55,13.02,4,37,
2-11,14:57:39,56,56,13.01,4,37,
2-11,14:57:40,55,55,13,4,37,
2-11,14:57:40,56,56,13.02,4,37,
2-11,14:57:41,57,57,13.06,4,37,
2-11,14:57:41,56,56,13.02,4,37,
2-11,14:57:42,55,55,13.01,4,37,
2-11,14:57:42,55,55,13,4,37,
2-11,14:57:43,55,55,13.02,4,37,
2-11,14:57:43,54,54,12.99,4,37,
2-11,14:57:44,55,55,13.01,4,37,
2-11,14:57:44,56,56,13.07,4,37,
2-11,14:57:45,55,55,13.03,4,37,
2-11,14:57:45,55,55,13.04,4,37,
2-11,14:57:46,55,55,13.05,4,37,
2-11,14:57:46,54,54,13.01,4,37,
2-11,14:57:47,56,56,13.04,4,37,
2-11,14:57:47,56,56,13.06,4,37,
2-11,14:57:48,54,54,13,4,37,
2-11,14:57:48,56,56,13.05,4,37,
2-11,14:57:49,54,54,13.01,4,37,
2-11,14:57:49,57,57,13.08,4,37,
2-11,14:57:50,55,55,13.04,4,37,
2-11,14:57:50,55,55,13.03,4,37,
2-11,14:57:51,54,54,13.02,4,37,
2-11,14:57:51,54,54,13.01,4,37,
2-11,14:57:52,54,54,13.01,4,37,
2-11,14:57:52,55,55,13.03,4,37,
2-11,14:57:53,55,55,13.05,4,37,
2-11,14:57:53,54,54,13.02,4,37,
2-11,14:57:54,55,55,13.03,4,37,
2-11,14:57:54,54,54,13.02,4,37,
2-11,14:57:55,52,52,13,4,37,
2-11,14:57:55,54,54,13.02,4,37,
2-11,14:57:56,53,53,13.02,4,37,
2-11,14:57:56,54,54,13.01,4,37,
2-11,14:57:57,53,53,13,4,37,
2-11,14:57:57,54,54,13.03,4,37,
2-11,14:57:58,55,55,13.06,4,37,
2-11,14:57:58,54,54,13.04,4,37,
2-11,14:57:59,55,55,13.04,4,37,
2-11,14:57:59,55,55,13.05,4,37,
2-11,14:58:0,53,53,12.99,4,37,
2-11,14:58:0,53,53,12.99,4,37,
2-11,14:58:1,55,55,13.04,4,37,
2-11,14:58:1,54,54,13.03,4,37,
2-11,14:58:2,55,55,13.04,4,37,
2-11,14:58:2,54,54,13.01,4,37,
2-11,14:58:3,55,55,13.05,4,37,
2-11,14:58:3,53,53,12.99,4,37,
2-11,14:58:4,53,53,12.98,4,37,
2-11,14:58:4,55,55,13.05,4,37,
2-11,14:58:5,55,55,13.03,4,37,
2-11,14:58:5,55,55,13.05,4,37,
2-11,14:58:6,55,55,13.03,4,37,
2-11,14:58:6,54,54,13.01,4,37,
2-11,14:58:7,55,55,13.04,4,37,
2-11,14:58:7,55,55,13.02,4,37,
2-11,14:58:8,55,55,13.04,4,37,
2-11,14:58:8,55,55,13.04,4,37,
2-11,14:58:9,54,54,13.02,4,37,
2-11,14:58:9,54,54,13.03,4,37,
2-11,14:58:10,55,55,13.03,4,37,
2-11,14:58:10,56,56,13.03,4,37,
2-11,14:58:11,56,56,13.03,4,37,
2-11,14:58:11,56,56,13.04,4,37,
2-11,14:58:12,56,56,13.06,4,37,
2-11,14:58:12,55,55,13.04,4,37,
2-11,14:58:13,56,56,13.02,4,37,
2-11,14:58:13,55,55,12.99,4,37,
2-11,14:58:14,58,58,13.07,4,37,
2-11,14:58:14,57,57,13.06,4,37,
2-11,14:58:15,56,56,13.03,4,37,
2-11,14:58:15,56,56,13.05,4,37,
2-11,14:58:16,56,56,13.03,4,37,
2-11,14:58:16,57,57,13.06,4,37,
2-11,14:58:17,56,56,13.05,4,37,
2-11,14:58:17,56,56,13.03,4,37,
2-11,14:58:18,56,56,13.01,4,37,
2-11,14:58:18,56,56,13.05,4,37,
2-11,14:58:19,59,59,13.08,4,37,
2-11,14:58:19,58,58,13.08,4,37,
2-11,14:58:20,56,56,13.02,4,37,
2-11,14:58:20,58,58,13.07,4,37,
2-11,14:58:21,57,57,13.05,4,37,
2-11,14:58:21,57,57,13.04,4,37,
2-11,14:58:22,58,58,13.07,4,37,
2-11,14:58:22,57,57,13.06,4,37,
2-11,14:58:23,56,56,13.03,4,37,
2-11,14:58:23,58,58,13.06,4,37,
2-11,14:58:24,56,56,13.01,4,37,
2-11,14:58:24,58,58,13.06,4,37,
2-11,14:58:25,56,56,13.03,4,37,
2-11,14:58:25,58,58,13.06,4,37,
2-11,14:58:26,55,55,12.99,4,37,
2-11,14:58:26,57,57,13.05,4,37,
2-11,14:58:27,58,58,13.06,4,37,
2-11,14:58:27,56,56,13.02,4,37,
2-11,14:58:28,56,56,13.03,4,37,
2-11,14:58:28,58,58,13.07,4,37,
2-11,14:58:29,56,56,13.03,4,37,
2-11,14:58:29,58,58,13.07,4,37,
2-11,14:58:30,56,56,13.02,4,37,
2-11,14:58:30,56,56,13.02,4,37,
2-11,14:58:31,57,57,13.07,4,37,
2-11,14:58:31,58,58,13.09,4,37,
2-11,14:58:32,56,56,13.05,4,37,
2-11,14:58:32,56,56,13.02,4,37,
2-11,14:58:33,58,58,13.09,4,37,
2-11,14:58:33,56,56,13.04,4,37,
2-11,14:58:34,57,57,13.03,4,37,
2-11,14:58:34,55,55,13.01,4,37,
2-11,14:58:35,59,59,13.09,4,37,
2-11,14:58:35,56,56,13.04,4,37,
2-11,14:58:36,57,57,13.02,4,37,
2-11,14:58:36,57,57,13.03,4,37,
2-11,14:58:37,57,57,13.05,4,37,
2-11,14:58:37,57,57,13.05,4,37,
2-11,14:58:38,57,57,13.06,4,37,
2-11,14:58:38,58,58,13.08,4,37,
2-11,14:58:39,57,57,13.05,4,37,
2-11,14:58:39,56,56,13.01,4,37,
2-11,14:58:40,56,56,13.03,4,37,
2-11,14:58:40,55,55,13,4,37,
2-11,14:58:41,55,55,13.01,4,37,
2-11,14:58:41,57,57,13.06,4,37,
2-11,14:58:42,55,55,13.01,4,37,
2-11,14:58:42,55,55,13,4,37,
2-11,14:58:43,56,56,13.04,4,37,
2-11,14:58:43,55,55,13.03,4,37,
2-11,14:58:44,55,55,13.04,4,37,
2-11,14:58:44,55,55,13.03,4,37,
2-11,14:58:45,55,55,13.01,4,37,
2-11,14:58:45,56,56,13.03,4,37,
2-11,14:58:46,57,57,13.08,4,37,
2-11,14:58:46,57,57,13.06,4,37,
2-11,14:58:47,56,56,13.04,4,37,
2-11,14:58:47,56,56,13.06,4,37,
2-11,14:58:48,55,55,13.05,4,37,
2-11,14:58:48,57,57,13.07,4,37,
2-11,14:58:49,55,55,13.04,4,37,
2-11,14:58:49,55,55,13.02,4,37,
2-11,14:58:50,55,55,13.04,4,37,
2-11,14:58:50,55,55,13.01,4,37,
2-11,14:58:51,56,56,13.06,4,37,
2-11,14:58:51,55,55,13.05,4,37,
2-11,14:58:52,55,55,13.04,4,37,
2-11,14:58:52,55,55,13.03,4,37,
2-11,14:58:53,55,55,13.03,4,37,
2-11,14:58:53,56,56,13.05,4,37,
2-11,14:58:54,55,55,13.03,4,37,
2-11,14:58:54,54,54,13.01,4,37,
2-11,14:58:55,55,55,13.04,4,37,
2-11,14:58:55,55,55,13.04,4,37,
2-11,14:58:56,55,55,13.02,4,37,
2-11,14:58:56,54,54,12.99,4,37,
2-11,14:58:57,54,54,13.02,4,37,
2-11,14:58:57,55,55,13.04,4,37,
2-11,14:58:58,54,54,13.02,4,37,
2-11,14:58:58,55,55,13.05,4,37,
2-11,14:58:59,55,55,13.04,4,37,
2-11,14:58:59,55,55,13.04,4,37,
2-11,14:59:0,54,54,13.01,4,37,
2-11,14:59:0,54,54,13.01,4,37,
2-11,14:59:1,55,55,13.04,4,37,
2-11,14:59:1,55,55,13.05,4,37,
2-11,14:59:2,55,55,13.04,4,37,
2-11,14:59:2,53,53,12.99,4,37,
2-11,14:59:3,55,55,13.04,4,37,
2-11,14:59:3,56,56,13.07,4,37,
2-11,14:59:4,55,55,13.06,4,37,
2-11,14:59:4,55,55,13.05,4,37,
2-11,14:59:5,54,54,13.04,4,37,
2-11,14:59:5,56,56,13.07,4,37,
2-11,14:59:6,56,56,13.07,4,37,
2-11,14:59:6,55,55,13.04,4,37,
2-11,14:59:7,56,56,13.06,4,37,
2-11,14:59:7,53,53,13.02,4,37,
2-11,14:59:8,54,54,13.03,4,37,
2-11,14:59:8,55,55,13.03,4,37,
2-11,14:59:9,55,55,13.05,4,37,
2-11,14:59:9,55,55,13.05,4,37,
2-11,14:59:10,56,56,13.07,4,37,
2-11,14:59:10,54,54,13.02,4,37,
2-11,14:59:11,55,55,13.06,4,37,
2-11,14:59:11,55,55,13.05,4,37,
2-11,14:59:12,54,54,13.03,4,37,
2-11,14:59:12,56,56,13.06,4,37,
2-11,14:59:13,55,55,13.03,4,37,
2-11,14:59:13,55,55,13.04,4,37,
2-11,14:59:14,55,55,13.05,4,37,
2-11,14:59:14,54,54,13.02,4,37,
2-11,14:59:15,55,55,13.05,4,37,
2-11,14:59:15,54,54,13.03,4,37,
2-11,14:59:16,55,55,13.04,4,37,
2-11,14:59:16,55,55,13.04,4,37,
2-11,14:59:17,55,55,13.03,4,37,
2-11,14:59:17,54,54,13.02,4,37,
2-11,14:59:18,55,55,13.04,4,37,
2-11,14:59:18,54,54,13.02,4,37,
2-11,14:59:19,55,55,13.05,4,37,
2-11,14:59:19,55,55,13.05,4,37,
2-11,14:59:20,55,55,13.04,4,37,
2-11,14:59:20,56,56,13.07,4,37,
2-11,14:59:21,56,56,13.07,4,37,
2-11,14:59:21,55,55,13.06,4,37,
2-11,14:59:22,54,54,13.03,4,37,
2-11,14:59:22,56,56,13.06,4,37,
2-11,14:59:23,55,55,13.05,4,37,
2-11,14:59:23,53,53,13,4,37,
2-11,14:59:24,54,54,13.01,4,37,
2-11,14:59:24,53,53,13.02,4,37,
2-11,14:59:25,54,54,13.01,4,37,
2-11,14:59:25,55,55,13.04,4,37,
2-11,14:59:26,56,56,13.07,4,37,
2-11,14:59:26,56,56,13.07,4,37,
2-11,14:59:27,54,54,13.01,4,37,
2-11,14:59:27,56,56,13.06,4,37,
2-11,14:59:28,55,55,13.04,4,37,
2-11,14:59:28,55,55,13.05,4,37,
2-11,14:59:29,56,56,13.05,4,37,
2-11,14:59:29,56,56,13.06,4,37,
2-11,14:59:30,54,54,13.01,4,37,
2-11,14:59:30,56,56,13.05,4,37,
2-11,14:59:31,56,56,13.05,4,37,
2-11,14:59:31,55,55,13.02,4,37,
2-11,14:59:32,55,55,13.03,4,37,
2-11,14:59:32,55,55,13.05,4,37,
2-11,14:59:33,57,57,13.05,4,37,
2-11,14:59:33,57,57,13.06,4,37,
2-11,14:59:34,57,57,13.06,4,37,
2-11,14:59:34,55,55,13.02,4,37,
2-11,14:59:35,55,55,13.04,4,37,
2-11,14:59:35,55,55,13.03,4,37,
2-11,14:59:36,56,56,13.07,4,37,
2-11,14:59:36,55,55,13.04,4,37,
2-11,14:59:37,56,56,13.07,4,37,
2-11,14:59:37,58,58,13.1,4,37,
2-11,14:59:38,55,55,13.04,4,37,
2-11,14:59:38,57,57,13.09,4,37,
2-11,14:59:39,53,53,12.99,4,37,
2-11,14:59:39,56,56,13.05,4,37,
2-11,14:59:40,55,55,13.02,4,37,
2-11,14:59:40,55,55,13.04,4,37,
2-11,14:59:41,54,54,13.01,4,37,
2-11,14:59:41,55,55,13.05,4,37,
2-11,14:59:42,55,55,13.03,4,37,
2-11,14:59:42,56,56,13.06,4,37,
2-11,14:59:43,57,57,13.09,4,37,
2-11,14:59:43,54,54,13.01,4,37,
2-11,14:59:44,56,56,13.04,4,37,
2-11,14:59:44,55,55,13.04,4,37,
2-11,14:59:45,55,55,13.05,4,37,
2-11,14:59:45,57,57,13.09,4,37,
2-11,14:59:46,56,56,13.04,4,37,
2-11,14:59:46,56,56,13.06,4,37,
2-11,14:59:47,57,57,13.06,4,37,
2-11,14:59:47,55,55,13.02,4,37,
2-11,14:59:48,56,56,13.04,4,37,
2-11,14:59:48,55,55,13.01,4,37,
2-11,14:59:49,57,57,13.06,4,37,
2-11,14:59:49,55,55,13.04,4,37,
2-11,14:59:50,56,56,13.04,4,37,
2-11,14:59:50,55,55,13.02,4,37,
2-11,14:59:51,55,55,13.01,4,37,
2-11,14:59:51,58,58,13.08,4,37,
2-11,14:59:52,56,56,13.06,4,37,
2-11,14:59:52,57,57,13.09,4,37,
2-11,14:59:53,57,57,13.09,4,37,
2-11,14:59:53,56,56,13.05,4,37,
2-11,14:59:54,54,54,12.99,4,37,
2-11,14:59:54,57,57,13.05,4,37,
2-11,14:59:55,56,56,13.06,4,37,
2-11,14:59:55,55,55,13.04,4,37,
2-11,14:59:56,54,54,13,4,37,
2-11,14:59:56,55,55,13.02,4,37,
2-11,14:59:57,57,57,13.06,4,37,
2-11,14:59:57,55,55,13.03,4,37,
2-11,14:59:58,57,57,13.06,4,37,
2-11,14:59:58,55,55,13.01,4,37,
2-11,14:59:59,55,55,13.04,4,37,
2-11,14:59:59,54,54,13,4,37,
2-11,15:0:0,55,55,13.03,4,37,
2-11,15:0:0,56,56,13.07,4,37,
2-11,15:0:1,55,55,13.04,4,37,
2-11,15:0:1,57,57,13.07,4,37,
2-11,15:0:2,56,56,13.04,4,37,
2-11,15:0:2,55,55,13.02,4,37,
2-11,15:0:3,56,56,13.03,4,37,
2-11,15:0:3,55,55,13.04,4,37,
2-11,15:0:4,56,56,13.03,4,37,
2-11,15:0:4,56,56,13.05,4,37,
2-11,15:0:5,56,56,13.03,4,37,
2-11,15:0:5,55,55,13.03,4,37,
2-11,15:0:6,56,56,13.07,4,37,
2-11,15:0:6,55,55,13.04,4,37,
2-11,15:0:7,55,55,13.03,4,37,
2-11,15:0:7,55,55,13.04,4,37,
2-11,15:0:8,57,57,13.08,4,37,
2-11,15:0:8,54,54,13.02,4,37,
2-11,15:0:9,55,55,13.05,4,37,
2-11,15:0:9,56,56,13.05,4,37,
2-11,15:0:10,55,55,13.04,4,37,
2-11,15:0:10,56,56,13.06,4,37,
2-11,15:0:11,55,55,13.03,4,37,
2-11,15:0:11,57,57,13.06,4,37,
2-11,15:0:12,55,55,13.03,4,37,
2-11,15:0:12,55,55,13.05,4,37,
2-11,15:0:13,56,56,13.05,4,37,
2-11,15:0:13,54,54,13.04,4,37,
2-11,15:0:14,56,56,13.06,4,37,
2-11,15:0:14,56,56,13.07,4,37,
2-11,15:0:15,56,56,13.07,4,37,
2-11,15:0:15,55,55,13.04,4,37,
2-11,15:0:16,58,58,13.11,4,37,
2-11,15:0:16,56,56,13.07,4,37,
2-11,15:0:17,57,57,13.08,4,37,
2-11,15:0:17,56,56,13.05,4,37,
2-11,15:0:18,57,57,13.07,4,37,
2-11,15:0:18,56,56,13.05,4,37,
2-11,15:0:19,55,55,13.03,4,37,
2-11,15:0:19,55,55,13.06,4,37,
2-11,15:0:20,55,55,13.03,4,37,
2-11,15:0:20,56,56,13.05,4,37,
2-11,15:0:21,55,55,13.02,4,37,
2-11,15:0:21,56,56,13.05,4,37,
2-11,15:0:22,55,55,13.03,4,37,
2-11,15:0:22,53,53,12.99,4,37,
2-11,15:0:23,56,56,13.04,4,37,
2-11,15:0:23,56,56,13.07,4,37,
2-11,15:0:24,55,55,13.04,4,37,
2-11,15:0:24,54,54,13,4,37,
2-11,15:0:25,54,54,12.98,4,37,
2-11,15:0:25,56,56,13.05,4,37,
2-11,15:0:26,55,55,13.02,4,37,
2-11,15:0:26,55,55,13.05,4,37,
2-11,15:0:27,58,58,13.09,4,37,
2-11,15:0:27,54,54,13,4,37,
2-11,15:0:28,55,55,13.03,4,37,
2-11,15:0:28,56,56,13.03,4,37,
2-11,15:0:29,55,55,13.03,4,37,
2-11,15:0:29,55,55,13.02,4,37,
2-11,15:0:30,56,56,13.06,4,37,
2-11,15:0:30,56,56,13.06,4,37,
2-11,15:0:31,55,55,13.05,4,37,
2-11,15:0:31,57,57,13.08,4,37,
2-11,15:0:32,55,55,13.02,4,37,
2-11,15:0:32,56,56,13.05,4,37,
2-11,15:0:33,55,55,13.04,4,37,
2-11,15:0:33,54,54,13.01,4,37,
2-11,15:0:34,54,54,13.01,4,37,
2-11,15:0:34,56,56,13.06,4,37,
2-11,15:0:35,54,54,13.04,4,37,
2-11,15:0:35,55,55,13.04,4,37,
2-11,15:0:36,55,55,13.03,4,37,
2-11,15:0:36,54,54,13.03,4,37,
2-11,15:0:37,55,55,13.02,4,37,
2-11,15:0:37,55,55,13.04,4,37,
2-11,15:0:38,55,55,13.03,4,37,
2-11,15:0:38,54,54,13.03,4,37,
2-11,15:0:39,55,55,13.02,4,37,
2-11,15:0:39,54,54,13.02,4,37,
2-11,15:0:40,53,53,12.98,4,37,
2-11,15:0:40,56,56,13.04,4,37,
2-11,15:0:41,54,54,13.01,4,37,
2-11,15:0:41,56,56,13.04,4,37,
2-11,15:0:42,55,55,13.02,4,37,
2-11,15:0:42,54,54,13.01,4,37,
2-11,15:0:43,54,54,12.99,4,37,
2-11,15:0:43,55,55,13.04,4,37,
2-11,15:0:44,55,55,13.03,4,37,
2-11,15:0:44,54,54,13.01,4,37,
2-11,15:0:45,53,53,12.95,4,37,
2-11,15:0:45,55,55,13.04,4,37,
2-11,15:0:46,55,55,13.04,4,37,
2-11,15:0:46,56,56,13.03,4,37,
2-11,15:0:47,55,55,13.03,4,37,
2-11,15:0:47,55,55,13.04,4,37,
2-11,15:0:48,54,54,13.01,4,37,
2-11,15:0:48,54,54,13.02,4,37,
2-11,15:0:49,54,54,13.02,4,37,
2-11,15:0:49,55,55,13.03,4,37,
2-11,15:0:50,55,55,13.04,4,37,
2-11,15:0:50,53,53,13.01,4,37,
2-11,15:0:51,55,55,13.03,4,37,
2-11,15:0:51,55,55,13.06,4,37,
2-11,15:0:52,54,54,13.02,4,37,
2-11,15:0:52,54,54,12.99,4,37,
2-11,15:0:53,55,55,13.05,4,37,
2-11,15:0:53,55,55,13.04,4,37,
2-11,15:0:54,54,54,13.01,4,37,
2-11,15:0:54,56,56,13.06,4,37,
2-11,15:0:55,54,54,13,4,37,
2-11,15:0:55,55,55,13.03,4,37,
2-11,15:0:56,55,55,13.04,4,37,
2-11,15:0:56,55,55,13.01,4,37,
2-11,15:0:57,53,53,12.97,4,37,
2-11,15:0:57,56,56,13.04,4,37,
2-11,15:0:58,55,55,13.03,4,37,
2-11,15:0:58,56,56,13.03,4,37,
2-11,15:0:59,56,56,13.05,4,37,
2-11,15:0:59,54,54,13,4,37,
2-11,15:1:0,55,55,13.01,4,37,
2-11,15:1:0,54,54,13,4,37,
2-11,15:1:1,56,56,13.06,4,37,
2-11,15:1:1,55,55,13.02,4,37,
2-11,15:1:2,55,55,13.02,4,37,
2-11,15:1:2,56,56,13.05,4,37,
2-11,15:1:3,55,55,13.02,4,37,
2-11,15:1:3,55,55,13.03,4,37,
2-11,15:1:4,56,56,13.06,4,37,
2-11,15:1:4,56,56,13.05,4,37,
2-11,15:1:5,56,56,13.06,4,37,
2-11,15:1:5,56,56,13.05,4,37,
2-11,15:1:6,57,57,13.07,4,37,
2-11,15:1:6,55,55,13.01,4,37,
2-11,15:1:7,54,54,13,4,37,
2-11,15:1:7,55,55,13.02,4,37,
2-11,15:1:8,55,55,13.01,4,37,
2-11,15:1:8,57,57,13.05,4,37,
2-11,15:1:9,54,54,12.98,4,37,
2-11,15:1:9,55,55,13,4,37,
2-11,15:1:10,56,56,13.04,4,37,
2-11,15:1:10,54,54,12.97,4,37,
2-11,15:1:11,56,56,13.02,4,37,
2-11,15:1:11,55,55,12.97,4,37,
2-11,15:1:12,57,57,13.04,4,37,
2-11,15:1:12,57,57,13.05,4,37,
2-11,15:1:13,55,55,13,4,37,
2-11,15:1:13,56,56,13.04,4,37,
2-11,15:1:14,55,55,12.99,4,37,
2-11,15:1:14,57,57,13.03,4,37,
2-11,15:1:15,57,57,13.03,4,37,
2-11,15:1:15,56,56,13.02,4,37,
2-11,15:1:16,56,56,13.03,4,37,
2-11,15:1:16,56,56,13.01,4,37,
2-11,15:1:17,59,59,13.08,4,37,
2-11,15:1:17,56,56,13.03,4,37,
2-11,15:1:18,56,56,13.02,4,37,
2-11,15:1:18,56,56,13,4,37,
2-11,15:1:19,57,57,13.03,4,37,
2-11,15:1:19,57,57,13.02,4,37,
2-11,15:1:20,58,58,13.07,4,37,
2-11,15:1:20,55,55,13,4,37,
2-11,15:1:21,56,56,13.02,4,37,
2-11,15:1:21,56,56,13.01,4,37,
2-11,15:1:22,56,56,12.99,4,37,
2-11,15:1:22,56,56,13.01,4,37,
2-11,15:1:23,56,56,13,4,37,
2-11,15:1:23,57,57,13.01,4,37,
2-11,15:1:24,55,55,12.97,4,37,
2-11,15:1:24,55,55,12.98,4,37,
2-11,15:1:25,57,57,13.02,4,37,
2-11,15:1:25,55,55,12.93,4,37,
2-11,15:1:26,57,57,13.03,4,37,
2-11,15:1:26,56,56,13.01,4,37,
2-11,15:1:27,58,58,13.04,4,37,
2-11,15:1:27,56,56,13,4,37,
2-11,15:1:28,58,58,13.02,4,37,
2-11,15:1:28,55,55,12.99,4,37,
2-11,15:1:29,58,58,13.03,4,37,
2-11,15:1:29,57,57,13.03,4,37,
2-11,15:1:30,56,56,13,4,37,
2-11,15:1:30,56,56,12.99,4,37,
2-11,15:1:31,55,55,12.99,4,37,
2-11,15:1:31,56,56,12.99,4,37,
2-11,15:1:32,57,57,13.01,4,37,
2-11,15:1:32,56,56,13.01,4,37,
2-11,15:1:33,57,57,13.02,4,37,
2-11,15:1:33,58,58,13.04,4,37,
2-11,15:1:34,56,56,13.01,4,37,
2-11,15:1:34,55,55,13.01,4,37,
2-11,15:1:35,56,56,13.01,4,37,
2-11,15:1:35,57,57,13,4,37,
2-11,15:1:36,55,55,12.97,4,37,
2-11,15:1:36,56,56,13.02,4,37,
2-11,15:1:37,58,58,13.03,4,37,
2-11,15:1:37,56,56,13,4,37,
2-11,15:1:38,57,57,13.02,4,37,
2-11,15:1:38,56,56,13,4,37,
2-11,15:1:39,56,56,13.02,4,37,
2-11,15:1:39,56,56,13.01,4,37,
2-11,15:1:40,56,56,13.01,4,37,
2-11,15:1:40,56,56,13.01,4,37,
2-11,15:1:41,56,56,13.01,4,37,
2-11,15:1:41,55,55,12.98,4,37,
2-11,15:1:42,56,56,12.99,4,37,
2-11,15:1:42,57,57,13.04,4,37,
2-11,15:1:43,56,56,13.04,4,37,
2-11,15:1:43,57,57,13.03,4,37,
2-11,15:1:44,57,57,13.04,4,37,
2-11,15:1:44,57,57,13.03,4,37,
2-11,15:1:45,55,55,12.97,4,37,
2-11,15:1:45,57,57,13.02,4,37,
2-11,15:1:46,56,56,13.01,4,37,
2-11,15:1:46,55,55,12.99,4,37,
2-11,15:1:47,54,54,12.96,4,37,
2-11,15:1:47,56,56,13,4,37,
2-11,15:1:48,55,55,12.97,4,37,
2-11,15:1:48,55,55,13,4,37,
2-11,15:1:49,55,55,13,4,37,
2-11,15:1:49,55,55,12.97,4,37,
2-11,15:1:50,55,55,12.99,4,37,
2-11,15:1:50,57,57,13.03,4,37,
2-11,15:1:51,56,56,13.02,4,37,
2-11,15:1:51,56,56,13,4,37,
2-11,15:1:52,55,55,13,4,37,
2-11,15:1:52,56,56,13.02,4,37,
2-11,15:1:53,53,53,12.97,4,37,
2-11,15:1:53,56,56,13.01,4,37,
2-11,15:1:54,55,55,12.99,4,37,
2-11,15:1:54,56,56,13,4,37,
2-11,15:1:55,56,56,13,4,37,
2-11,15:1:55,57,57,13.02,4,37,
2-11,15:1:56,54,54,12.95,4,37,
2-11,15:1:56,56,56,13.01,4,37,
2-11,15:1:57,55,55,12.97,4,37,
2-11,15:1:57,54,54,12.95,4,37,
2-11,15:1:58,56,56,12.99,4,37,
2-11,15:1:58,57,57,13.02,4,37,
2-11,15:1:59,57,57,13.01,4,37,
2-11,15:1:59,56,56,12.99,4,37,
2-11,15:2:0,57,57,13.03,4,37,
2-11,15:2:0,56,56,13,4,37,
2-11,15:2:1,58,58,13.04,4,37,
2-11,15:2:1,56,56,13,4,37,
2-11,15:2:2,57,57,13.01,4,37,
2-11,15:2:2,56,56,12.99,4,37,
2-11,15:2:3,57,57,13.03,4,37,
2-11,15:2:3,57,57,13.01,4,37,
2-11,15:2:4,56,56,13,4,37,
2-11,15:2:4,56,56,12.98,4,37,
2-11,15:2:5,54,54,12.96,4,37,
2-11,15:2:5,58,58,13.04,4,37,
2-11,15:2:6,55,55,13,4,37,
2-11,15:2:6,57,57,13.02,4,37,
2-11,15:2:7,56,56,12.99,4,37,
2-11,15:2:7,56,56,13.01,4,37,
2-11,15:2:8,55,55,12.98,4,37,
2-11,15:2:8,58,58,13.04,4,37,
2-11,15:2:9,58,58,13.03,4,37,
2-11,15:2:9,56,56,13,4,37,
2-11,15:2:10,58,58,13.05,4,37,
2-11,15:2:10,58,58,13.05,4,37,
2-11,15:2:11,58,58,13.03,4,37,
2-11,15:2:11,58,58,13.02,4,37,
2-11,15:2:12,58,58,13.02,4,37,
2-11,15:2:12,57,57,12.98,4,37,
2-11,15:2:13,58,58,13.02,4,37,
2-11,15:2:13,56,56,12.99,4,37,
2-11,15:2:14,57,57,13,4,37,
2-11,15:2:14,56,56,12.99,4,37,
2-11,15:2:15,57,57,13,4,37,
2-11,15:2:15,55,55,12.96,4,37,
2-11,15:2:16,56,56,12.99,4,37,
2-11,15:2:16,57,57,13.02,4,37,
2-11,15:2:17,56,56,12.99,4,37,
2-11,15:2:17,57,57,13.02,4,37,
2-11,15:2:18,56,56,12.99,4,37,
2-11,15:2:18,56,56,13.01,4,37,
2-11,15:2:19,58,58,13.05,4,37,
2-11,15:2:19,57,57,13.03,4,37,
2-11,15:2:20,58,58,13.04,4,37,
2-11,15:2:20,57,57,13.01,4,37,
2-11,15:2:21,58,58,13.04,4,37,
2-11,15:2:21,57,57,13.03,4,37,
2-11,15:2:22,58,58,13.02,4,37,
2-11,15:2:22,56,56,13,4,37,
2-11,15:2:23,56,56,13,4,37,
2-11,15:2:23,55,55,12.97,4,37,
2-11,15:2:24,57,57,13.01,4,37,
2-11,15:2:24,56,56,12.98,4,37,
2-11,15:2:25,56,56,13,4,37,
2-11,15:2:25,57,57,12.98,4,37,
2-11,15:2:26,55,55,12.97,4,37,
2-11,15:2:26,58,58,13.03,4,37,
2-11,15:2:27,57,57,13.03,4,37,
2-11,15:2:27,57,57,13.01,4,37,
2-11,15:2:28,56,56,13.01,4,37,
2-11,15:2:28,57,57,13.03,4,37,
2-11,15:2:29,56,56,13.02,4,37,
2-11,15:2:29,57,57,13.04,4,37,
2-11,15:2:30,58,58,13.07,4,37,
2-11,15:2:30,56,56,13,4,37,
2-11,15:2:31,55,55,13.01,4,37,
2-11,15:2:31,55,55,12.99,4,37,
2-11,15:2:32,55,55,12.99,4,37,
2-11,15:2:32,59,59,13.05,4,37,
2-11,15:2:33,59,59,13.02,4,37,
2-11,15:2:33,58,58,12.99,4,37,
2-11,15:2:34,59,59,13.03,4,37,
2-11,15:2:34,59,59,13,4,37,
2-11,15:2:35,59,59,13.01,4,37,
2-11,15:2:35,59,59,12.98,4,37,
2-11,15:2:36,59,59,12.96,4,37,
2-11,15:2:36,57,57,12.97,4,37,
2-11,15:2:37,54,54,12.96,4,37,
2-11,15:2:37,54,54,13.01,4,37,
2-11,15:2:38,55,55,12.99,4,37,
2-11,15:2:38,55,55,13.01,4,37,
2-11,15:2:39,55,55,13.03,4,37,
2-11,15:2:39,54,54,13,4,37,
2-11,15:2:40,56,56,12.99,4,37,
2-11,15:2:40,59,59,13.05,4,37,
2-11,15:2:41,59,59,13.06,4,37,
2-11,15:2:41,59,59,13.04,4,37,
2-11,15:2:42,59,59,13.06,4,37,
2-11,15:2:42,58,58,13.02,4,37,
2-11,15:2:43,59,59,13.06,4,37,
2-11,15:2:43,58,58,13,4,37,
2-11,15:2:44,60,60,12.98,4,37,
2-11,15:2:44,56,56,13.02,4,37,
2-11,15:2:45,55,55,13,4,37,
2-11,15:2:45,56,56,13.05,4,37,
2-11,15:2:46,55,55,12.99,4,37,
2-11,15:2:46,56,56,13.02,4,37,
2-11,15:2:47,58,58,13.05,4,37,
2-11,15:2:47,56,56,13.05,4,37,
2-11,15:2:48,57,57,13.04,4,37,
2-11,15:2:48,55,55,13,4,37,
2-11,15:2:49,56,56,13.01,4,37,
2-11,15:2:49,56,56,13.01,4,37,
2-11,15:2:50,55,55,12.99,4,37,
2-11,15:2:50,55,55,13.01,4,37,
2-11,15:2:51,60,60,12.99,4,37,
2-11,15:2:51,62,62,13.01,4,37,
2-11,15:2:52,62,62,13.01,4,37,
2-11,15:2:52,62,62,13.03,4,37,
2-11,15:2:53,61,61,12.98,4,37,
2-11,15:2:53,61,61,12.95,4,37,
2-11,15:2:54,63,63,13.01,4,37,
2-11,15:2:54,61,61,13,4,37,
2-11,15:2:55,60,60,13.04,4,37,
2-11,15:2:55,61,61,13.08,4,37,
2-11,15:2:56,58,58,13.02,4,37,
2-11,15:2:56,58,58,13,4,37,
2-11,15:2:57,59,59,13.04,4,37,
2-11,15:2:57,61,61,13.07,4,37,
2-11,15:2:58,60,60,13.04,4,37,
2-11,15:2:58,58,58,13.03,4,37,
2-11,15:2:59,58,58,13,4,37,
2-11,15:2:59,57,57,13.01,4,37,
2-11,15:3:0,59,59,13.03,4,37,
2-11,15:3:0,58,58,13.02,4,37,
2-11,15:3:1,60,60,13.04,4,37,
2-11,15:3:1,58,58,13.03,4,37,
2-11,15:3:2,60,60,13.07,4,37,
2-11,15:3:2,58,58,13.02,4,37,
2-11,15:3:3,59,59,13.04,4,37,
2-11,15:3:3,58,58,13.02,4,37,
2-11,15:3:4,57,57,13,4,37,
2-11,15:3:4,59,59,13.04,4,37,
2-11,15:3:5,58,58,13.02,4,37,
2-11,15:3:5,59,59,13.01,4,37,
2-11,15:3:6,58,58,13,4,37,
2-11,15:3:6,59,59,13.02,4,37,
2-11,15:3:7,58,58,13.01,4,37,
2-11,15:3:7,59,59,13.01,4,37,
2-11,15:3:8,59,59,13.03,4,37,
2-11,15:3:8,60,60,13.07,4,37,
2-11,15:3:9,61,61,13.05,4,37,
2-11,15:3:9,59,59,13.03,4,37,
2-11,15:3:10,60,60,13.04,4,37,
2-11,15:3:10,60,60,13,4,37,
2-11,15:3:11,60,60,13.02,4,37,
2-11,15:3:11,60,60,13.02,4,37,
2-11,15:3:12,59,59,12.97,4,37,
2-11,15:3:12,60,60,13,4,37,
2-11,15:3:13,59,59,12.99,4,37,
2-11,15:3:13,60,60,13.02,4,37,
2-11,15:3:14,61,61,13.04,4,37,
2-11,15:3:14,60,60,13.03,4,37,
2-11,15:3:15,59,59,12.99,4,37,
2-11,15:3:15,60,60,13,4,37,
2-11,15:3:16,59,59,12.99,4,37,
2-11,15:3:16,59,59,12.99,4,37,
2-11,15:3:17,60,60,13.02,4,37,
2-11,15:3:17,59,59,13.01,4,37,
2-11,15:3:18,60,60,13.01,4,37,
2-11,15:3:18,61,61,13.02,4,37,
2-11,15:3:19,59,59,12.98,4,37,
2-11,15:3:19,58,58,12.96,4,37,
2-11,15:3:20,59,59,12.99,4,37,
2-11,15:3:20,61,61,13.02,4,37,
2-11,15:3:21,59,59,12.99,4,37,
2-11,15:3:21,60,60,13.03,4,37,
2-11,15:3:22,58,58,12.97,4,37,
2-11,15:3:22,60,60,13.02,4,37,
2-11,15:3:23,60,60,13.04,4,37,
2-11,15:3:23,60,60,13.05,4,37,
2-11,15:3:24,59,59,13.03,4,37,
2-11,15:3:24,59,59,13.01,4,37,
2-11,15:3:25,59,59,13.04,4,37,
2-11,15:3:25,57,57,12.97,4,37,
2-11,15:3:26,59,59,13,4,37,
2-11,15:3:26,57,57,12.98,4,37,
2-11,15:3:27,59,59,13.04,4,37,
2-11,15:3:27,59,59,13.04,4,37,
2-11,15:3:28,58,58,12.97,4,37,
2-11,15:3:28,58,58,13.02,4,37,
2-11,15:3:29,58,58,13,4,37,
2-11,15:3:29,59,59,13.03,4,37,
2-11,15:3:30,57,57,12.99,4,37,
2-11,15:3:30,59,59,13.04,4,37,
2-11,15:3:31,59,59,13.03,4,37,
2-11,15:3:31,58,58,13.03,4,37,
2-11,15:3:32,58,58,13.03,4,37,
2-11,15:3:32,58,58,13.03,4,37,
2-11,15:3:33,57,57,12.99,4,37,
2-11,15:3:33,58,58,13.03,4,37,
2-11,15:3:34,57,57,13.03,4,37,
2-11,15:3:34,58,58,13.04,4,37,
2-11,15:3:35,57,57,13,4,37,
2-11,15:3:35,56,56,12.99,4,37,
2-11,15:3:36,57,57,13.01,4,37,
2-11,15:3:36,56,56,12.99,4,37,
2-11,15:3:37,58,58,13.03,4,37,
2-11,15:3:37,57,57,13,4,37,
2-11,15:3:38,57,57,13.02,4,37,
2-11,15:3:38,57,57,13.02,4,37,
2-11,15:3:39,57,57,13.02,4,37,
2-11,15:3:39,57,57,13.03,4,37,
2-11,15:3:40,57,57,13.04,4,37,
2-11,15:3:40,56,56,13.02,4,37,
2-11,15:3:41,56,56,13.01,4,37,
2-11,15:3:41,55,55,13.01,4,37,
2-11,15:3:42,56,56,13.03,4,37,
2-11,15:3:42,57,57,13.05,4,37,
2-11,15:3:43,57,57,13.03,4,37,
2-11,15:3:43,57,57,13.02,4,37,
2-11,15:3:44,57,57,13.06,4,37,
2-11,15:3:44,56,56,13.02,4,37,
2-11,15:3:45,57,57,13.05,4,37,
2-11,15:3:45,54,54,12.96,4,37,
2-11,15:3:46,56,56,13.02,4,37,
2-11,15:3:46,57,57,13.03,4,37,
2-11,15:3:47,56,56,13.01,4,37,
2-11,15:3:47,55,55,12.99,4,37,
2-11,15:3:48,57,57,13.03,4,37,
2-11,15:3:48,57,57,13.04,4,37,
2-11,15:3:49,58,58,13.03,4,37,
2-11,15:3:49,57,57,13.03,4,37,
2-11,15:3:50,55,55,12.99,4,37,
2-11,15:3:50,57,57,13.03,4,37,
2-11,15:3:51,56,56,13.02,4,37,
2-11,15:3:51,55,55,12.98,4,37,
2-11,15:3:52,56,56,13.02,4,37,
2-11,15:3:52,56,56,13.01,4,37,
2-11,15:3:53,56,56,13,4,37,
2-11,15:3:53,56,56,13.02,4,37,
2-11,15:3:54,55,55,12.98,4,37,
2-11,15:3:54,57,57,13.06,4,37,
2-11,15:3:55,56,56,13.01,4,37,
2-11,15:3:55,55,55,13.01,4,37,
2-11,15:3:56,56,56,12.99,4,37,
2-11,15:3:56,57,57,13.03,4,37,
2-11,15:3:57,57,57,13.03,4,37,
2-11,15:3:57,56,56,13.03,4,37,
2-11,15:3:58,56,56,13,4,37,
2-11,15:3:58,56,56,13,4,37,
2-11,15:3:59,57,57,13.04,4,37,
2-11,15:3:59,57,57,13.01,4,37,
2-11,15:4:0,56,56,13,4,37,
2-11,15:4:0,57,57,13,4,37,
2-11,15:4:1,57,57,13.02,4,37,
2-11,15:4:1,56,56,13.02,4,37,
2-11,15:4:2,57,57,13,4,37,
2-11,15:4:2,56,56,13,4,37,
2-11,15:4:3,57,57,13.02,4,37,
2-11,15:4:3,55,55,12.98,4,37,
2-11,15:4:4,56,56,12.98,4,37,
2-11,15:4:4,57,57,13,4,37,
2-11,15:4:5,57,57,13.03,4,37,
2-11,15:4:5,56,56,12.99,4,37,
2-11,15:4:6,57,57,13.02,4,37,
2-11,15:4:6,56,56,13.01,4,37,
2-11,15:4:7,59,59,13.06,4,37,
2-11,15:4:7,56,56,13,4,37,
2-11,15:4:8,55,55,12.97,4,37,
2-11,15:4:8,58,58,13.06,4,37,
2-11,15:4:9,57,57,13.02,4,37,
2-11,15:4:9,58,58,13.02,4,37,
2-11,15:4:10,57,57,13.02,4,37,
2-11,15:4:10,56,56,12.99,4,37,
2-11,15:4:11,57,57,13.01,4,37,
2-11,15:4:11,57,57,13.01,4,37,
2-11,15:4:12,56,56,13,4,37,
2-11,15:4:12,57,57,13.03,4,37,
2-11,15:4:13,56,56,13.02,4,37,
2-11,15:4:13,56,56,13.03,4,37,
2-11,15:4:14,57,57,13.01,4,37,
2-11,15:4:14,56,56,13.01,4,37,
2-11,15:4:15,57,57,13.03,4,37,
2-11,15:4:15,55,55,12.99,4,37,
2-11,15:4:16,58,58,13.04,4,37,
2-11,15:4:16,57,57,13.03,4,37,
2-11,15:4:17,56,56,13.01,4,37,
2-11,15:4:17,55,55,12.99,4,37,
2-11,15:4:18,56,56,13.03,4,37,
2-11,15:4:18,57,57,13.01,4,37,
2-11,15:4:19,56,56,13,4,37,
2-11,15:4:19,56,56,13.02,4,37,
2-11,15:4:20,56,56,12.99,4,37,
2-11,15:4:20,56,56,12.99,4,37,
2-11,15:4:21,57,57,13,4,37,
2-11,15:4:21,58,58,13.05,4,37,
2-11,15:4:22,56,56,13,4,37,
2-11,15:4:22,57,57,13.03,4,37,
2-11,15:4:23,58,58,13.05,4,37,
2-11,15:4:23,57,57,13.02,4,37,
2-11,15:4:24,55,55,12.98,4,37,
2-11,15:4:24,56,56,12.99,4,37,
2-11,15:4:25,56,56,13.01,4,37,
2-11,15:4:25,56,56,13,4,37,
2-11,15:4:26,56,56,13.02,4,37,
2-11,15:4:26,56,56,13.02,4,37,
2-11,15:4:27,56,56,13,4,37,
2-11,15:4:27,55,55,12.99,4,37,
2-11,15:4:28,57,57,13.02,4,37,
2-11,15:4:28,57,57,13.03,4,37,
2-11,15:4:29,56,56,13.01,4,37,
2-11,15:4:29,56,56,13.01,4,37,
2-11,15:4:30,55,55,13,4,37,
2-11,15:4:30,57,57,13.05,4,37,
2-11,15:4:31,56,56,13.02,4,37,
2-11,15:4:31,56,56,13.02,4,37,
2-11,15:4:32,55,55,12.99,4,37,
2-11,15:4:32,55,55,12.99,4,37,
2-11,15:4:33,56,56,13.02,4,37,
2-11,15:4:33,56,56,13.02,4,37,
2-11,15:4:34,56,56,13.03,4,37,
2-11,15:4:34,55,55,12.99,4,37,
2-11,15:4:35,56,56,13.04,4,37,
2-11,15:4:35,56,56,13.03,4,37,
2-11,15:4:36,56,56,13.03,4,37,
2-11,15:4:36,56,56,13.03,4,37,
2-11,15:4:37,57,57,13.04,4,37,
2-11,15:4:37,56,56,13.03,4,37,
2-11,15:4:38,57,57,13.04,4,37,
2-11,15:4:38,56,56,13.03,4,37,
2-11,15:4:39,57,57,13.03,4,37,
2-11,15:4:39,57,57,13.02,4,37,
2-11,15:4:40,57,57,13.01,4,37,
2-11,15:4:40,56,56,13,4,37,
2-11,15:4:41,56,56,13,4,37,
2-11,15:4:41,57,57,13.02,4,37,
2-11,15:4:42,57,57,13.03,4,37,
2-11,15:4:42,56,56,13.02,4,37,
2-11,15:4:43,56,56,12.99,4,37,
2-11,15:4:43,57,57,13.01,4,37,
2-11,15:4:44,57,57,13.03,4,37,
2-11,15:4:44,57,57,13.01,4,37,
2-11,15:4:45,57,57,13.01,4,37,
2-11,15:4:45,57,57,13.01,4,37,
2-11,15:4:46,57,57,13.01,4,37,
2-11,15:4:46,56,56,12.96,4,37,
2-11,15:4:47,57,57,13,4,37,
2-11,15:4:47,59,59,13.04,4,37,
2-11,15:4:48,57,57,12.97,4,37,
2-11,15:4:48,55,55,12.97,4,37,
2-11,15:4:49,56,56,12.98,4,37,
2-11,15:4:49,58,58,13.01,4,37,
2-11,15:4:50,58,58,13.03,4,37,
2-11,15:4:50,58,58,13.01,4,37,
2-11,15:4:51,58,58,13.01,4,37,
2-11,15:4:51,58,58,13.02,4,37,
2-11,15:4:52,59,59,13.04,4,37,
2-11,15:4:52,57,57,12.97,4,37,
2-11,15:4:53,58,58,13.02,4,37,
2-11,15:4:53,60,60,13.07,4,37,
2-11,15:4:54,58,58,13,4,37,
2-11,15:4:54,57,57,12.99,4,37,
2-11,15:4:55,57,57,13,4,37,
2-11,15:4:55,57,57,12.99,4,37,
2-11,15:4:56,58,58,13.02,4,37,
2-11,15:4:56,57,57,13.01,4,37,
2-11,15:4:57,55,55,12.93,4,37,
2-11,15:4:57,56,56,13,4,37,
2-11,15:4:58,56,56,13,4,37,
2-11,15:4:58,55,55,12.98,4,37,
2-11,15:4:59,59,59,13.06,4,37,
2-11,15:4:59,59,59,13.05,4,37,
2-11,15:5:0,57,57,13.01,4,37,
2-11,15:5:0,57,57,13.02,4,37,
2-11,15:5:1,58,58,13.03,4,37,
2-11,15:5:1,57,57,13.01,4,37,
2-11,15:5:2,59,59,13.04,4,37,
2-11,15:5:2,57,57,13.02,4,37,
2-11,15:5:3,56,56,12.98,4,37,
2-11,15:5:3,58,58,13.05,4,37,
2-11,15:5:4,56,56,12.99,4,37,
2-11,15:5:4,56,56,13,4,37,
2-11,15:5:5,57,57,13.01,4,37,
2-11,15:5:5,57,57,13,4,37,
2-11,15:5:6,57,57,13.01,4,37,
2-11,15:5:6,57,57,13,4,37,
2-11,15:5:7,57,57,13.01,4,37,
2-11,15:5:7,58,58,13.03,4,37,
2-11,15:5:8,57,57,13,4,37,
2-11,15:5:8,58,58,13.01,4,37,
2-11,15:5:9,56,56,12.99,4,37,
2-11,15:5:9,57,57,13.02,4,37,
2-11,15:5:10,57,57,13.01,4,37,
2-11,15:5:10,58,58,13.04,4,37,
2-11,15:5:11,57,57,13.01,4,37,
2-11,15:5:11,56,56,12.99,4,37,
2-11,15:5:12,57,57,13.01,4,37,
2-11,15:5:12,57,57,13,4,37,
2-11,15:5:13,56,56,12.97,4,37,
2-11,15:5:13,58,58,13.02,4,37,
2-11,15:5:14,57,57,13.03,4,37,
2-11,15:5:14,56,56,12.98,4,37,
2-11,15:5:15,58,58,13.05,4,37,
2-11,15:5:15,58,58,13.03,4,37,
2-11,15:5:16,57,57,13.02,4,37,
2-11,15:5:16,57,57,13.02,4,37,
2-11,15:5:17,56,56,12.99,4,37,
2-11,15:5:17,55,55,12.98,4,37,
2-11,15:5:18,57,57,13.02,4,37,
2-11,15:5:18,56,56,13,4,37,
2-11,15:5:19,56,56,13,4,37,
2-11,15:5:19,56,56,13.01,4,37,
2-11,15:5:20,57,57,13.01,4,37,
2-11,15:5:20,55,55,12.96,4,37,
2-11,15:5:21,58,58,13.03,4,37,
2-11,15:5:21,58,58,13.06,4,37,
2-11,15:5:22,56,56,13.02,4,37,
2-11,15:5:22,56,56,13,4,37,
2-11,15:5:23,55,55,12.98,4,37,
2-11,15:5:23,57,57,13.03,4,37,
2-11,15:5:24,57,57,13.03,4,37,
2-11,15:5:24,57,57,13.04,4,37,
2-11,15:5:25,56,56,13.01,4,37,
2-11,15:5:25,56,56,13,4,37,
2-11,15:5:26,56,56,13.02,4,37,
2-11,15:5:26,57,57,13.02,4,37,
2-11,15:5:27,56,56,13,4,37,
2-11,15:5:27,55,55,12.98,4,37,
2-11,15:5:28,55,55,12.99,4,37,
2-11,15:5:28,56,56,13.03,4,37,
2-11,15:5:29,56,56,12.99,4,37,
2-11,15:5:29,56,56,13.01,4,37,
2-11,15:5:30,57,57,13.02,4,37,
2-11,15:5:30,56,56,12.99,4,37,
2-11,15:5:31,57,57,13.03,4,37,
2-11,15:5:31,56,56,13.02,4,37,
2-11,15:5:32,56,56,13.01,4,37,
2-11,15:5:32,56,56,13.02,4,37,
2-11,15:5:33,56,56,13.01,4,37,
2-11,15:5:33,56,56,13.03,4,37,
2-11,15:5:34,55,55,13,4,37,
2-11,15:5:34,56,56,13.01,4,37,
2-11,15:5:35,56,56,13.01,4,37,
2-11,15:5:35,55,55,13.01,4,37,
2-11,15:5:36,55,55,12.97,4,37,
2-11,15:5:36,57,57,13.03,4,37,
2-11,15:5:37,57,57,13.03,4,37,
2-11,15:5:37,56,56,13.03,4,37,
2-11,15:5:38,56,56,13.03,4,37,
2-11,15:5:38,55,55,12.99,4,37,
2-11,15:5:39,56,56,13.02,4,37,
2-11,15:5:39,57,57,13.04,4,37,
2-11,15:5:40,57,57,13.06,4,37,
2-11,15:5:40,56,56,13.01,4,37,
2-11,15:5:41,57,57,13.04,4,37,
2-11,15:5:41,56,56,13,4,37,
2-11,15:5:42,57,57,13.06,4,37,
2-11,15:5:42,56,56,13.01,4,37,
2-11,15:5:43,55,55,12.98,4,37,
2-11,15:5:43,57,57,13.05,4,37,
2-11,15:5:44,56,56,13.01,4,37,
2-11,15:5:44,56,56,13.02,4,37,
2-11,15:5:45,56,56,13.02,4,37,
2-11,15:5:45,55,55,12.98,4,37,
2-11,15:5:46,55,55,13,4,37,
2-11,15:5:46,55,55,12.99,4,37,
2-11,15:5:47,56,56,13.03,4,37,
2-11,15:5:47,55,55,12.99,4,37,
2-11,15:5:48,55,55,12.99,4,37,
2-11,15:5:48,55,55,13.01,4,37,
2-11,15:5:49,55,55,13,4,37,
2-11,15:5:49,56,56,13.03,4,37,
2-11,15:5:50,58,58,13.06,4,37,
2-11,15:5:50,55,55,13,4,37,
2-11,15:5:51,56,56,13.03,4,37,
2-11,15:5:51,57,57,13.06,4,37,
2-11,15:5:52,57,57,13.03,4,37,
2-11,15:5:52,57,57,13.04,4,37,
2-11,15:5:53,57,57,13.04,4,37,
2-11,15:5:53,56,56,13.03,4,37,
2-11,15:5:54,56,56,13.04,4,37,
2-11,15:5:54,55,55,13.01,4,37,
2-11,15:5:55,57,57,13.04,4,37,
2-11,15:5:55,54,54,13.01,4,37,
2-11,15:5:56,54,54,12.99,4,37,
2-11,15:5:56,56,56,13.06,4,37,
2-11,15:5:57,56,56,13.02,4,37,
2-11,15:5:57,57,57,13.07,4,37,
2-11,15:5:58,55,55,12.99,4,37,
2-11,15:5:58,56,56,13.04,4,37,
2-11,15:5:59,55,55,13.01,4,37,
2-11,15:5:59,54,54,13,4,37,
2-11,15:6:0,55,55,13.01,4,37,
2-11,15:6:0,55,55,13.02,4,37,
2-11,15:6:1,56,56,13.02,4,37,
2-11,15:6:1,55,55,13.01,4,37,
2-11,15:6:2,56,56,13.03,4,37,
2-11,15:6:2,56,56,13.03,4,37,
2-11,15:6:3,55,55,13.01,4,37,
2-11,15:6:3,58,58,13.05,4,37,
2-11,15:6:4,56,56,13.02,4,37,
2-11,15:6:4,55,55,13,4,37,
2-11,15:6:5,56,56,13.01,4,37,
2-11,15:6:5,57,57,13.02,4,37,
2-11,15:6:6,56,56,13,4,37,
2-11,15:6:6,57,57,13.05,4,37,
2-11,15:6:7,57,57,13.05,4,37,
2-11,15:6:7,55,55,13.01,4,37,
2-11,15:6:8,58,58,13.05,4,37,
2-11,15:6:8,57,57,13.02,4,37,
2-11,15:6:9,55,55,12.99,4,37,
2-11,15:6:9,56,56,13.04,4,37,
2-11,15:6:10,56,56,13.01,4,37,
2-11,15:6:10,56,56,13.02,4,37,
2-11,15:6:11,56,56,13.03,4,37,
2-11,15:6:11,57,57,13.03,4,37,
2-11,15:6:12,57,57,13.03,4,37,
2-11,15:6:12,56,56,12.99,4,37,
2-11,15:6:13,57,57,13.03,4,37,
2-11,15:6:13,57,57,13.01,4,37,
2-11,15:6:14,58,58,13.06,4,37,
2-11,15:6:14,58,58,13.02,4,37,
2-11,15:6:15,56,56,12.99,4,37,
2-11,15:6:15,58,58,13.03,4,37,
2-11,15:6:16,56,56,13,4,37,
2-11,15:6:16,57,57,13,4,37,
2-11,15:6:17,58,58,13.04,4,37,
2-11,15:6:17,58,58,13.03,4,37,
2-11,15:6:18,57,57,13.04,4,37,
2-11,15:6:18,56,56,13,4,37,
2-11,15:6:19,58,58,13.03,4,37,
2-11,15:6:19,58,58,13.04,4,37,
2-11,15:6:20,58,58,13.03,4,37,
2-11,15:6:20,57,57,13.03,4,37,
2-11,15:6:21,57,57,13.02,4,37,
2-11,15:6:21,58,58,13.06,4,37,
2-11,15:6:22,58,58,13.01,4,37,
2-11,15:6:22,57,57,13.03,4,37,
2-11,15:6:23,56,56,12.99,4,37,
2-11,15:6:23,57,57,13.03,4,37,
2-11,15:6:24,58,58,13.03,4,37,
2-11,15:6:24,58,58,13.01,4,37,
2-11,15:6:25,57,57,13,4,37,
2-11,15:6:25,58,58,13.02,4,37,
2-11,15:6:26,57,57,13,4,37,
2-11,15:6:26,58,58,13.03,4,37,
2-11,15:6:27,58,58,13.03,4,37,
2-11,15:6:27,58,58,13.01,4,37,
2-11,15:6:28,57,57,13.01,4,37,
2-11,15:6:28,58,58,13.03,4,37,
2-11,15:6:29,59,59,13.05,4,37,
2-11,15:6:29,58,58,13.03,4,37,
2-11,15:6:30,58,58,13.01,4,37,
2-11,15:6:30,58,58,13.01,4,37,
2-11,15:6:31,58,58,12.99,4,37,
2-11,15:6:31,59,59,13.04,4,37,
2-11,15:6:32,58,58,13.03,4,37,
2-11,15:6:32,59,59,13.07,4,37,
2-11,15:6:33,57,57,12.98,4,37,
2-11,15:6:33,59,59,13.07,4,37,
2-11,15:6:34,58,58,13.03,4,37,
2-11,15:6:34,58,58,13.02,4,37,
2-11,15:6:35,58,58,13.02,4,37,
2-11,15:6:35,58,58,13.03,4,37,
2-11,15:6:36,58,58,13.04,4,37,
2-11,15:6:36,59,59,13.06,4,37,
2-11,15:6:37,58,58,13.02,4,37,
2-11,15:6:37,59,59,13.04,4,37,
2-11,15:6:38,58,58,13.02,4,37,
2-11,15:6:38,58,58,13.03,4,37,
2-11,15:6:39,57,57,12.99,4,37,
2-11,15:6:39,59,59,13.04,4,37,
2-11,15:6:40,59,59,13.04,4,37,
2-11,15:6:40,59,59,13.04,4,37,
2-11,15:6:41,57,57,13.01,4,37,
2-11,15:6:41,60,60,13.06,4,37,
2-11,15:6:42,59,59,13.04,4,37,
2-11,15:6:42,60,60,13.06,4,37,
2-11,15:6:43,58,58,13.02,4,37,
2-11,15:6:43,59,59,13.04,4,37,
2-11,15:6:44,58,58,13.02,4,37,
2-11,15:6:44,59,59,13.04,4,37,
2-11,15:6:45,60,60,13.07,4,37,
2-11,15:6:45,58,58,13.02,4,37,
2-11,15:6:46,58,58,13.02,4,37,
2-11,15:6:46,58,58,13.03,4,37,
2-11,15:6:47,58,58,13.02,4,37,
2-11,15:6:47,58,58,13.02,4,37,
2-11,15:6:48,56,56,12.97,4,37,
2-11,15:6:48,57,57,13,4,37,
2-11,15:6:49,58,58,12.99,4,37,
2-11,15:6:49,59,59,13.04,4,37,
2-11,15:6:50,56,56,12.99,4,37,
2-11,15:6:50,57,57,13,4,37,
2-11,15:6:51,59,59,13.03,4,37,
2-11,15:6:51,57,57,13,4,37,
2-11,15:6:52,57,57,13.02,4,37,
2-11,15:6:52,59,59,13.06,4,37,
2-11,15:6:53,59,59,13.06,4,37,
2-11,15:6:53,57,57,13.01,4,37,
2-11,15:6:54,58,58,13.02,4,37,
2-11,15:6:54,57,57,13,4,37,
2-11,15:6:55,59,59,13.05,4,37,
2-11,15:6:55,59,59,13.05,4,37,
2-11,15:6:56,58,58,13.03,4,37,
2-11,15:6:56,58,58,13.02,4,37,
2-11,15:6:57,57,57,13.03,4,37,
2-11,15:6:57,58,58,13.02,4,37,
2-11,15:6:58,57,57,13.02,4,37,
2-11,15:6:58,57,57,13.01,4,37,
2-11,15:6:59,57,57,13.02,4,37,
2-11,15:6:59,58,58,13.04,4,37,
2-11,15:7:0,57,57,13,4,37,
2-11,15:7:0,59,59,13.07,4,37,
2-11,15:7:1,58,58,13.05,4,37,
2-11,15:7:1,58,58,13.03,4,37,
2-11,15:7:2,57,57,13.02,4,37,
2-11,15:7:2,57,57,13.05,4,37,
2-11,15:7:3,58,58,13.04,4,37,
2-11,15:7:3,57,57,13.04,4,37,
2-11,15:7:4,58,58,13.08,4,37,
2-11,15:7:4,58,58,13.06,4,37,
2-11,15:7:5,58,58,13.09,4,37,
2-11,15:7:5,59,59,13.08,4,37,
2-11,15:7:6,57,57,13.06,4,37,
2-11,15:7:6,57,57,13.07,4,37,
2-11,15:7:7,58,58,13.09,4,37,
2-11,15:7:7,58,58,13.08,4,37,
2-11,15:7:8,58,58,13.09,4,37,
2-11,15:7:8,56,56,13.06,4,37,
2-11,15:7:9,56,56,13.05,4,37,
2-11,15:7:9,56,56,13.05,4,37,
2-11,15:7:10,55,55,13.03,4,37,
2-11,15:7:10,57,57,13.08,4,37,
2-11,15:7:11,57,57,13.09,4,37,
2-11,15:7:11,56,56,13.06,4,37,
2-11,15:7:12,57,57,13.09,4,37,
2-11,15:7:12,56,56,13.08,4,37,
2-11,15:7:13,55,55,13.06,4,37,
2-11,15:7:13,55,55,13.02,4,37,
2-11,15:7:14,56,56,13.08,4,37,
2-11,15:7:14,55,55,13.05,4,37,
2-11,15:7:15,55,55,13.06,4,37,
2-11,15:7:15,56,56,13.08,4,37,
2-11,15:7:16,56,56,13.07,4,37,
2-11,15:7:16,56,56,13.08,4,37,
2-11,15:7:17,55,55,13.06,4,37,
2-11,15:7:17,54,54,13.05,4,37,
2-11,15:7:18,54,54,13.04,4,37,
2-11,15:7:18,55,55,13.05,4,37,
2-11,15:7:19,54,54,13.05,4,37,
2-11,15:7:19,54,54,13.04,4,37,
2-11,15:7:20,54,54,13.06,4,37,
2-11,15:7:20,54,54,13.06,4,37,
2-11,15:7:21,52,52,13.03,4,37,
2-11,15:7:21,55,55,13.08,4,37,
2-11,15:7:22,55,55,13.08,4,37,
2-11,15:7:22,52,52,13.04,4,37,
2-11,15:7:23,53,53,13.06,4,37,
2-11,15:7:23,53,53,13.08,4,37,
2-11,15:7:24,52,52,13.04,4,37,
2-11,15:7:24,53,53,13.08,4,37,
2-11,15:7:25,53,53,13.09,4,37,
2-11,15:7:25,52,52,13.05,4,37,
2-11,15:7:26,51,51,13.06,4,37,
2-11,15:7:26,52,52,13.08,4,37,
2-11,15:7:27,52,52,13.07,4,37,
2-11,15:7:27,52,52,13.06,4,37,
2-11,15:7:28,51,51,13.05,4,37,
2-11,15:7:28,50,50,13.03,4,37,
2-11,15:7:29,51,51,13.04,4,37,
2-11,15:7:29,52,52,13.06,4,37,
2-11,15:7:30,51,51,13.06,4,37,
2-11,15:7:30,52,52,13.07,4,37,
2-11,15:7:31,49,49,13.03,4,37,
2-11,15:7:31,50,50,13.05,4,37,
2-11,15:7:32,51,51,13.08,4,37,
2-11,15:7:32,51,51,13.07,4,37,
2-11,15:7:33,51,51,13.06,4,37,
2-11,15:7:33,51,51,13.1,4,37,
2-11,15:7:34,51,51,13.07,4,37,
2-11,15:7:34,49,49,13.05,4,37,
2-11,15:7:35,49,49,13.06,4,37,
2-11,15:7:35,51,51,13.09,4,37,
2-11,15:7:36,50,50,13.08,4,37,
2-11,15:7:36,47,47,13.03,4,37,
2-11,15:7:37,47,47,13.03,4,37,
2-11,15:7:37,47,47,13.04,4,37,
2-11,15:7:38,49,49,13.08,4,37,
2-11,15:7:38,47,47,13.04,4,37,
2-11,15:7:39,49,49,13.06,4,37,
2-11,15:7:39,48,48,13.07,4,37,
2-11,15:7:40,49,49,13.08,4,37,
2-11,15:7:40,49,49,13.08,4,37,
2-11,15:7:41,45,45,13.03,4,37,
2-11,15:7:41,47,47,13.08,4,37,
2-11,15:7:42,46,46,13.04,4,37,
2-11,15:7:42,47,47,13.05,4,37,
2-11,15:7:43,49,49,13.09,4,37,
2-11,15:7:43,48,48,13.08,4,37,
2-11,15:7:44,47,47,13.07,4,37,
2-11,15:7:44,47,47,13.07,4,37,
2-11,15:7:45,47,47,13.07,4,37,
2-11,15:7:45,46,46,13.07,4,37,
2-11,15:7:46,45,45,13.06,4,37,
2-11,15:7:46,46,46,13.05,4,37,
2-11,15:7:47,44,44,13.03,4,37,
2-11,15:7:47,48,48,13.08,4,37,
2-11,15:7:48,46,46,13.07,4,37,
2-11,15:7:48,45,45,13.04,4,37,
2-11,15:7:49,47,47,13.08,4,37,
2-11,15:7:49,47,47,13.09,4,37,
2-11,15:7:50,48,48,13.1,4,37,
2-11,15:7:50,48,48,13.1,4,37,
2-11,15:7:51,47,47,13.09,4,37,
2-11,15:7:51,46,46,13.09,4,37,
2-11,15:7:52,47,47,13.09,4,37,
2-11,15:7:52,47,47,13.09,4,37,
2-11,15:7:53,43,43,13.05,4,37,
2-11,15:7:53,47,47,13.09,4,37,
2-11,15:7:54,45,45,13.08,4,37,
2-11,15:7:54,44,44,13.05,4,37,
2-11,15:7:55,45,45,13.06,4,37,
2-11,15:7:55,44,44,13.07,4,37,
2-11,15:7:56,45,45,13.09,4,37,
2-11,15:7:56,44,44,13.07,4,37,
2-11,15:7:57,47,47,13.12,4,37,
2-11,15:7:57,44,44,13.09,4,37,
2-11,15:7:58,43,43,13.08,4,37,
2-11,15:7:58,44,44,13.09,4,37,
2-11,15:7:59,45,45,13.1,4,37,
2-11,15:7:59,42,42,13.05,4,37,
2-11,15:8:0,46,46,13.12,4,37,
2-11,15:8:0,41,41,13.05,4,37,
2-11,15:8:1,41,41,13.05,4,37,
2-11,15:8:1,43,43,13.09,4,37,
2-11,15:8:2,43,43,13.08,4,37,
2-11,15:8:2,42,42,13.06,4,37,
2-11,15:8:3,42,42,13.07,4,37,
2-11,15:8:3,43,43,13.08,4,37,
2-11,15:8:4,42,42,13.06,4,37,
2-11,15:8:4,40,40,13.05,4,37,
2-11,15:8:5,42,42,13.08,4,37,
2-11,15:8:5,40,40,13.05,4,37,
2-11,15:8:6,43,43,13.1,4,37,
2-11,15:8:6,42,42,13.08,4,37,
2-11,15:8:7,41,41,13.06,4,37,
2-11,15:8:7,42,42,13.09,4,37,
2-11,15:8:8,44,44,13.11,4,37,
2-11,15:8:8,43,43,13.1,4,37,
2-11,15:8:9,39,39,13.06,4,37,
2-11,15:8:9,44,44,13.11,4,37,
2-11,15:8:10,39,39,13.06,4,37,
2-11,15:8:10,38,38,13.04,4,37,
2-11,15:8:11,41,41,13.09,4,37,
2-11,15:8:11,40,40,13.1,4,37,
2-11,15:8:12,40,40,13.08,4,37,
2-11,15:8:12,40,40,13.08,4,37,
2-11,15:8:13,42,42,13.09,4,37,
2-11,15:8:13,41,41,13.08,4,37,
2-11,15:8:14,40,40,13.09,4,37,
2-11,15:8:14,39,39,13.09,4,37,
2-11,15:8:15,41,41,13.1,4,37,
2-11,15:8:15,39,39,13.07,4,37,
2-11,15:8:16,41,41,13.1,4,37,
2-11,15:8:16,38,38,13.07,4,37,
2-11,15:8:17,39,39,13.09,4,37,
2-11,15:8:17,40,40,13.09,4,37,
2-11,15:8:18,39,39,13.09,4,37,
2-11,15:8:18,38,38,13.07,4,37,
2-11,15:8:19,39,39,13.1,4,37,
2-11,15:8:19,39,39,13.09,4,37,
2-11,15:8:20,40,40,13.11,4,37,
2-11,15:8:20,37,37,13.07,4,37,
2-11,15:8:21,37,37,13.06,4,37,
2-11,15:8:21,40,40,13.11,4,37,
2-11,15:8:22,36,36,13.06,4,37,
2-11,15:8:22,37,37,13.06,4,37,
2-11,15:8:23,36,36,13.06,4,37,
2-11,15:8:23,38,38,13.09,4,37,
2-11,15:8:24,37,37,13.09,4,37,
2-11,15:8:24,37,37,13.06,4,37,
2-11,15:8:25,38,38,13.1,4,37,
2-11,15:8:25,37,37,13.1,4,37,
2-11,15:8:26,37,37,13.08,4,37,
2-11,15:8:26,38,38,13.1,4,37,
2-11,15:8:27,38,38,13.09,4,37,
2-11,15:8:27,36,36,13.08,4,37,
2-11,15:8:28,38,38,13.11,4,37,
2-11,15:8:28,37,37,13.09,4,37,
2-11,15:8:29,37,37,13.09,4,37,
2-11,15:8:29,37,37,13.09,4,37,
2-11,15:8:30,34,34,13.07,4,37,
2-11,15:8:30,35,35,13.09,4,37,
2-11,15:8:31,37,37,13.1,4,37,
2-11,15:8:31,37,37,13.11,4,37,
2-11,15:8:32,32,32,13.06,4,37,
2-11,15:8:32,37,37,13.11,4,37,
2-11,15:8:33,36,36,13.08,4,37,
2-11,15:8:33,33,33,13.07,4,37,
2-11,15:8:34,36,36,13.11,4,37,
2-11,15:8:34,32,32,13.06,4,37,
2-11,15:8:35,35,35,13.1,4,37,
2-11,15:8:35,33,33,13.07,4,37,
2-11,15:8:36,34,34,13.08,4,37,
2-11,15:8:36,35,35,13.1,4,37,
2-11,15:8:37,30,30,13.06,4,37,
2-11,15:8:37,32,32,13.07,4,37,
2-11,15:8:38,35,35,13.09,4,37,
2-11,15:8:38,35,35,13.08,4,37,
2-11,15:8:39,32,32,13.05,4,37,
2-11,15:8:39,30,30,13.06,4,37,
2-11,15:8:40,30,30,13.05,4,37,
2-11,15:8:40,35,35,13.09,4,37,
2-11,15:8:41,31,31,13.08,4,37,
2-11,15:8:41,35,35,13.12,4,37,
2-11,15:8:42,29,29,13.06,4,37,
2-11,15:8:42,32,32,13.08,4,37,
2-11,15:8:43,34,34,13.12,4,37,
2-11,15:8:43,31,31,13.1,4,37,
2-11,15:8:44,32,32,13.08,4,37,
2-11,15:8:44,32,32,13.1,4,37,
2-11,15:8:45,29,29,13.07,4,37,
2-11,15:8:45,33,33,13.1,4,37,
2-11,15:8:46,33,33,13.11,4,37,
2-11,15:8:46,35,35,13.13,4,37,
2-11,15:8:47,33,33,13.12,4,37,
2-11,15:8:47,33,33,13.11,4,37,
2-11,15:8:48,31,31,13.09,4,37,
2-11,15:8:48,31,31,13.1,4,37,
2-11,15:8:49,32,32,13.09,4,37,
2-11,15:8:49,31,31,13.09,4,37,
2-11,15:8:50,28,28,13.07,4,37,
2-11,15:8:50,30,30,13.09,4,37,
2-11,15:8:51,32,32,13.11,4,37,
2-11,15:8:51,28,28,13.09,4,37,
2-11,15:8:52,33,33,13.13,4,37,
2-11,15:8:52,31,31,13.1,4,37,
2-11,15:8:53,27,27,13.07,4,37,
2-11,15:8:53,30,30,13.1,4,37,
2-11,15:8:54,29,29,13.09,4,37,
2-11,15:8:54,30,30,13.1,4,37,
2-11,15:8:55,32,32,13.12,4,37,
2-11,15:8:55,32,32,13.11,4,37,
2-11,15:8:56,29,29,13.1,4,37,
2-11,15:8:56,31,31,13.11,4,37,
2-11,15:8:57,30,30,13.12,4,37,
2-11,15:8:57,28,28,13.1,4,37,
2-11,15:8:58,28,28,13.09,4,37,
2-11,15:8:58,29,29,13.09,4,37,
2-11,15:8:59,28,28,13.1,4,37,
2-11,15:8:59,28,28,13.1,4,37,
2-11,15:9:0,32,32,13.14,4,37,
2-11,15:9:0,29,29,13.09,4,37,
2-11,15:9:1,27,27,13.1,4,37,
2-11,15:9:1,28,28,13.1,4,37,
2-11,15:9:2,32,32,13.15,4,37,
2-11,15:9:2,30,30,13.12,4,37,
2-11,15:9:3,31,31,13.15,4,37,
2-11,15:9:3,27,27,13.1,4,37,
2-11,15:9:4,27,27,13.1,4,37,
2-11,15:9:4,28,28,13.12,4,37,
2-11,15:9:5,28,28,13.11,4,37,
2-11,15:9:5,30,30,13.14,4,37,
2-11,15:9:6,27,27,13.1,4,37,
2-11,15:9:6,27,27,13.12,4,37,
2-11,15:9:7,30,30,13.15,4,37,
2-11,15:9:7,27,27,13.1,4,37,
2-11,15:9:8,25,25,13.09,4,37,
2-11,15:9:8,24,24,13.07,4,37,
2-11,15:9:9,27,27,13.11,4,37,
2-11,15:9:9,29,29,13.13,4,37,
2-11,15:9:10,28,28,13.12,4,37,
2-11,15:9:10,26,26,13.1,4,37,
2-11,15:9:11,26,26,13.1,4,37,
2-11,15:9:11,26,26,13.09,4,37,
2-11,15:9:12,24,24,13.08,4,37,
2-11,15:9:12,26,26,13.1,4,37,
2-11,15:9:13,29,29,13.16,4,37,
2-11,15:9:13,28,28,13.13,4,37,
2-11,15:9:14,26,26,13.12,4,37,
2-11,15:9:14,26,26,13.11,4,37,
2-11,15:9:15,26,26,13.12,4,37,
2-11,15:9:15,25,25,13.1,4,37,
2-11,15:9:16,28,28,13.14,4,37,
2-11,15:9:16,25,25,13.13,4,37,
2-11,15:9:17,27,27,13.13,4,37,
2-11,15:9:17,26,26,13.12,4,37,
2-11,15:9:18,23,23,13.09,4,37,
2-11,15:9:18,26,26,13.13,4,37,
2-11,15:9:19,25,25,13.1,4,37,
2-11,15:9:19,23,23,13.09,4,37,
2-11,15:9:20,26,26,13.12,4,37,
2-11,15:9:20,27,27,13.13,4,37,
2-11,15:9:21,23,23,13.11,4,37,
2-11,15:9:21,19,19,13.1,4,37,
2-11,15:9:22,26,26,13.14,4,37,
2-11,15:9:22,19,19,13.1,4,37,
2-11,15:9:23,26,26,13.15,4,37,
2-11,15:9:23,23,23,13.12,4,37,
2-11,15:9:24,28,28,13.17,4,37,
2-11,15:9:24,26,26,13.14,4,37,
2-11,15:9:25,24,24,13.13,4,37,
2-11,15:9:25,23,23,13.12,4,37,
2-11,15:9:26,17,17,13.09,4,37,
2-11,15:9:26,26,26,13.16,4,37,
2-11,15:9:27,24,24,13.12,4,37,
2-11,15:9:27,24,24,13.13,4,37,
2-11,15:9:28,25,25,13.15,4,37,
2-11,15:9:28,22,22,13.11,4,37,
2-11,15:9:29,21,21,13.1,4,37,
2-11,15:9:29,18,18,13.1,4,37,
2-11,15:9:30,20,20,13.1,4,37,
2-11,15:9:30,23,23,13.13,4,37,
2-11,15:9:31,25,25,13.16,4,37,
2-11,15:9:31,22,22,13.13,4,37,
2-11,15:9:32,23,23,13.13,4,37,
2-11,15:9:32,23,23,13.13,4,37,
2-11,15:9:33,20,20,13.11,4,37,
2-11,15:9:33,24,24,13.14,4,37,
2-11,15:9:34,23,23,13.13,4,37,
2-11,15:9:34,21,21,13.11,4,37,
2-11,15:9:35,23,23,13.13,4,37,
2-11,15:9:35,22,22,13.13,4,37,
2-11,15:9:36,24,24,13.16,4,37,
2-11,15:9:36,15,15,13.1,4,37,
2-11,15:9:37,19,19,13.1,4,37,
2-11,15:9:37,16,16,13.1,4,37,
2-11,15:9:38,19,19,13.11,4,37,
2-11,15:9:38,20,20,13.12,4,37,
2-11,15:9:39,20,20,13.12,4,37,
2-11,15:9:39,26,26,13.18,4,37,
2-11,15:9:40,20,20,13.12,4,37,
2-11,15:9:40,19,19,13.11,4,37,
2-11,15:9:41,22,22,13.13,4,37,
2-11,15:9:41,17,17,13.11,4,37,
2-11,15:9:42,19,19,13.1,4,37,
2-11,15:9:42,20,20,13.14,4,37,
2-11,15:9:43,23,23,13.16,4,37,
2-11,15:9:43,20,20,13.14,4,37,
2-11,15:9:44,17,17,13.1,4,37,
2-11,15:9:44,20,20,13.15,4,37,
2-11,15:9:45,20,20,13.12,4,37,
2-11,15:9:45,14,14,13.1,4,37,
2-11,15:9:46,15,15,13.1,4,37,
2-11,15:9:46,21,21,13.15,4,37,
2-11,15:9:47,20,20,13.15,4,37,
2-11,15:9:47,16,16,13.12,4,37,
2-11,15:9:48,19,19,13.11,4,37,
2-11,15:9:48,19,19,13.13,4,37,
2-11,15:9:49,17,17,13.12,4,37,
2-11,15:9:49,18,18,13.13,4,37,
2-11,15:9:50,19,19,13.15,4,37,
2-11,15:9:50,17,17,13.12,4,37,
2-11,15:9:51,16,16,13.11,4,37,
2-11,15:9:51,19,19,13.13,4,37,
2-11,15:9:52,16,16,13.1,4,37,
2-11,15:9:52,16,16,13.12,4,37,
2-11,15:9:53,19,19,13.13,4,37,
2-11,15:9:53,17,17,13.11,4,37,
2-11,15:9:54,16,16,13.11,4,37,
2-11,15:9:54,16,16,13.11,4,37,
2-11,15:9:55,16,16,13.12,4,37,
2-11,15:9:55,19,19,13.14,4,37,
2-11,15:9:56,19,19,13.15,4,37,
2-11,15:9:56,18,18,13.14,4,37,
2-11,15:9:57,16,16,13.12,4,37,
2-11,15:9:57,16,16,13.13,4,37,
2-11,15:9:58,12,12,13.11,4,37,
2-11,15:9:58,15,15,13.1,4,37,
2-11,15:9:59,16,16,13.12,4,37,
2-11,15:9:59,14,14,13.1,4,37,
2-11,15:10:0,20,20,13.17,4,37,
2-11,15:10:0,14,14,13.11,4,37,
2-11,15:10:1,15,15,13.12,4,37,
2-11,15:10:1,19,19,13.16,4,37,
2-11,15:10:2,14,14,13.1,4,37,
2-11,15:10:2,15,15,13.13,4,37,
2-11,15:10:3,19,19,13.17,4,37,
2-11,15:10:3,14,14,13.11,4,37,
2-11,15:10:4,15,15,13.14,4,37,
2-11,15:10:4,18,18,13.15,4,37,
2-11,15:10:5,13,13,13.12,4,37,
2-11,15:10:5,9,9,13.1,4,37,
2-11,15:10:6,14,14,13.14,4,37,
2-11,15:10:6,19,19,13.18,4,37,
2-11,15:10:7,18,18,13.16,4,37,
2-11,15:10:7,16,16,13.15,4,37,
2-11,15:10:8,12,12,13.11,4,37,
2-11,15:10:8,19,19,13.18,4,37,
2-11,15:10:9,11,11,13.11,4,37,
2-11,15:10:9,15,15,13.15,4,37,
2-11,15:10:10,13,13,13.13,4,37,
2-11,15:10:10,13,13,13.12,4,37,
2-11,15:10:11,17,17,13.18,4,37,
2-11,15:10:11,11,11,13.11,4,37,
2-11,15:10:12,12,12,13.12,4,37,
2-11,15:10:12,14,14,13.15,4,37,
2-11,15:10:13,13,13,13.13,4,37,
2-11,15:10:13,11,11,13.12,4,37,
2-11,15:10:14,15,15,13.15,4,37,
2-11,15:10:14,14,14,13.15,4,37,
2-11,15:10:15,16,16,13.17,4,37,
2-11,15:10:15,13,13,13.14,4,37,
2-11,15:10:16,18,18,13.18,4,37,
2-11,15:10:16,13,13,13.14,4,37,
2-11,15:10:17,10,10,13.11,4,37,
2-11,15:10:17,12,12,13.14,4,37,
2-11,15:10:18,10,10,13.12,4,37,
2-11,15:10:18,8,8,13.1,4,37,
2-11,15:10:19,11,11,13.12,4,37,
2-11,15:10:19,15,15,13.16,4,37,
2-11,15:10:20,15,15,13.17,4,37,
2-11,15:10:20,10,10,13.13,4,37,
2-11,15:10:21,14,14,13.15,4,37,
2-11,15:10:21,12,12,13.12,4,37,
2-11,15:10:22,15,15,13.17,4,37,
2-11,15:10:22,10,10,13.12,4,37,
2-11,15:10:23,10,10,13.14,4,37,
2-11,15:10:23,12,12,13.14,4,37,
2-11,15:10:24,12,12,13.14,4,37,
2-11,15:10:24,10,10,13.11,4,37,
2-11,15:10:25,11,11,13.16,4,37,
2-11,15:10:25,10,10,13.14,4,37,
2-11,15:10:26,10,10,13.13,4,37,
2-11,15:10:26,13,13,13.15,4,37,
2-11,15:10:27,15,15,13.15,4,37,
2-11,15:10:27,12,12,13.14,4,37,
2-11,15:10:28,8,8,13.11,4,37,
2-11,15:10:28,11,11,13.13,4,37,
2-11,15:10:29,14,14,13.18,4,37,
2-11,15:10:29,8,8,13.12,4,37,
2-11,15:10:30,7,7,13.1,4,37,
2-11,15:10:30,12,12,13.15,4,37,
2-11,15:10:31,6,6,13.11,4,37,
2-11,15:10:31,10,10,13.14,4,37,
2-11,15:10:32,12,12,13.15,4,37,
2-11,15:10:32,12,12,13.14,4,37,
2-11,15:10:33,10,10,13.12,4,37,
2-11,15:10:33,13,13,13.17,4,37,
2-11,15:10:34,11,11,13.15,4,37,
2-11,15:10:34,10,10,13.14,4,37,
2-11,15:10:35,14,14,13.17,4,37,
2-11,15:10:35,14,14,13.17,4,37,
2-11,15:10:36,9,9,13.12,4,37,
2-11,15:10:36,8,8,13.13,4,37,
2-11,15:10:37,9,9,13.12,4,37,
2-11,15:10:37,16,16,13.19,4,37,
2-11,15:10:38,12,12,13.14,4,37,
2-11,15:10:38,8,8,13.12,4,37,
2-11,15:10:39,9,9,13.13,4,37,
2-11,15:10:39,7,7,13.12,4,37,
2-11,15:10:40,13,13,13.17,4,37,
2-11,15:10:40,9,9,13.14,4,37,
2-11,15:10:41,8,8,13.13,4,37,
2-11,15:10:41,7,7,13.13,4,37,
2-11,15:10:42,12,12,13.17,4,37,
2-11,15:10:42,9,9,13.13,4,37,
2-11,15:10:43,11,11,13.15,4,37,
2-11,15:10:43,11,11,13.15,4,37,
2-11,15:10:44,6,6,13.11,4,37,
2-11,15:10:44,13,13,13.18,4,37,
2-11,15:10:45,14,14,13.18,4,37,
2-11,15:10:45,9,9,13.13,4,37,
2-11,15:10:46,12,12,13.16,4,37,
2-11,15:10:46,12,12,13.18,4,37,
2-11,15:10:47,10,10,13.14,4,37,
2-11,15:10:47,14,14,13.2,4,37,
2-11,15:10:48,9,9,13.14,4,37,
2-11,15:10:48,5,5,13.11,4,37,
2-11,15:10:49,6,6,13.12,4,37,
2-11,15:10:49,7,7,13.11,4,37,
2-11,15:10:50,15,15,13.19,4,37,
2-11,15:10:50,6,6,13.13,4,37,
2-11,15:10:51,6,6,13.11,4,37,
2-11,15:10:51,13,13,13.18,4,37,
2-11,15:10:52,5,5,13.11,4,37,
2-11,15:10:52,11,11,13.16,4,37,
2-11,15:10:53,8,8,13.15,4,37,
2-11,15:10:53,10,10,13.17,4,37,
2-11,15:10:54,13,13,13.18,4,37,
2-11,15:10:54,9,9,13.15,4,37,
2-11,15:10:55,10,10,13.15,4,37,
2-11,15:10:55,7,7,13.12,4,37,
2-11,15:10:56,8,8,13.13,4,37,
2-11,15:10:56,12,12,13.18,4,37,
2-11,15:10:57,10,10,13.15,4,37,
2-11,15:10:57,9,9,13.14,4,37,
2-11,15:10:58,7,7,13.13,4,37,
2-11,15:10:58,9,9,13.15,4,37,
2-11,15:10:59,7,7,13.13,4,37,
2-11,15:10:59,7,7,13.13,4,37,
2-11,15:11:0,11,11,13.15,4,37,
2-11,15:11:0,10,10,13.16,4,37,
2-11,15:11:1,12,12,13.18,4,37,
2-11,15:11:1,9,9,13.15,4,37,
2-11,15:11:2,8,8,13.14,4,37,
2-11,15:11:2,7,7,13.15,4,37,
2-11,15:11:3,11,11,13.17,4,37,
2-11,15:11:3,9,9,13.16,4,37,
2-11,15:11:4,14,14,13.2,4,37,
2-11,15:11:4,6,6,13.13,4,37,
2-11,15:11:5,9,9,13.14,4,37,
2-11,15:11:5,8,8,13.15,4,37,
2-11,15:11:6,8,8,13.14,4,37,
2-11,15:11:6,8,8,13.15,4,37,
2-11,15:11:7,5,5,13.11,4,37,
2-11,15:11:7,12,12,13.18,4,37,
2-11,15:11:8,10,10,13.16,4,37,
2-11,15:11:8,8,8,13.15,4,37,
2-11,15:11:9,14,14,13.2,4,37,
2-11,15:11:9,13,13,13.19,4,37,
2-11,15:11:10,9,9,13.16,4,37,
2-11,15:11:10,7,7,13.14,4,37,
2-11,15:11:11,10,10,13.19,4,37,
2-11,15:11:11,7,7,13.15,4,37,
2-11,15:11:12,9,9,13.17,4,37,
2-11,15:11:12,13,13,13.21,4,37,
2-11,15:11:13,5,5,13.13,4,37,
2-11,15:11:13,8,8,13.15,4,37,
2-11,15:11:14,1,1,13.1,4,37,
2-11,15:11:14,8,8,13.16,4,37,
2-11,15:11:15,14,14,13.21,4,37,
2-11,15:11:15,6,6,13.14,4,37,
2-11,15:11:16,12,12,13.19,4,37,
2-11,15:11:16,8,8,13.16,4,37,
2-11,15:11:17,8,8,13.17,4,37,
2-11,15:11:17,12,12,13.21,4,37,
2-11,15:11:18,14,14,13.21,4,37,
2-11,15:11:18,9,9,13.17,4,37,
2-11,15:11:19,8,8,13.16,4,37,
2-11,15:11:19,5,5,13.13,4,37,
2-11,15:11:20,10,10,13.18,4,37,
2-11,15:11:20,8,8,13.15,4,37,
2-11,15:11:21,10,10,13.18,4,37,
2-11,15:11:21,7,7,13.15,4,37,
2-11,15:11:22,7,7,13.15,4,37,
2-11,15:11:22,13,13,13.21,4,37,
2-11,15:11:23,13,13,13.2,4,37,
2-11,15:11:23,8,8,13.17,4,37,
2-11,15:11:24,7,7,13.16,4,37,
2-11,15:11:24,7,7,13.16,4,37,
2-11,15:11:25,8,8,13.18,4,37,
2-11,15:11:25,7,7,13.15,4,37,
2-11,15:11:26,7,7,13.15,4,37,
2-11,15:11:26,7,7,13.15,4,37,
2-11,15:11:27,6,6,13.14,4,37,
2-11,15:11:27,9,9,13.17,4,37,
2-11,15:11:28,4,4,13.12,4,37,
2-11,15:11:28,7,7,13.15,4,37,
2-11,15:11:29,7,7,13.15,4,37,
2-11,15:11:29,7,7,13.15,4,37,
2-11,15:11:30,8,8,13.18,4,37,
2-11,15:11:30,5,5,13.14,4,37,
2-11,15:11:31,8,8,13.17,4,37,
2-11,15:11:31,8,8,13.17,4,37,
2-11,15:11:32,10,10,13.18,4,37,
2-11,15:11:32,8,8,13.16,4,37,
2-11,15:11:33,7,7,13.15,4,37,
2-11,15:11:33,10,10,13.19,4,37,
2-11,15:11:34,5,5,13.14,4,37,
2-11,15:11:34,6,6,13.15,4,37,
2-11,15:11:35,12,12,13.21,4,37,
2-11,15:11:35,8,8,13.16,4,37,
2-11,15:11:36,6,6,13.14,4,37,
2-11,15:11:36,8,8,13.17,4,37,
2-11,15:11:37,10,10,13.19,4,37,
2-11,15:11:37,6,6,13.15,4,37,
2-11,15:11:38,7,7,13.15,4,37,
2-11,15:11:38,8,8,13.17,4,37,
2-11,15:11:39,9,9,13.17,4,37,
2-11,15:11:39,6,6,13.15,4,37,
2-11,15:11:40,9,9,13.18,4,37,
2-11,15:11:40,9,9,13.2,4,37,
2-11,15:11:41,8,8,13.16,4,37,
2-11,15:11:41,8,8,13.17,4,37,
2-11,15:11:42,6,6,13.15,4,37,
2-11,15:11:42,10,10,13.19,4,37,
2-11,15:11:43,10,10,13.19,4,37,
2-11,15:11:43,3,3,13.12,4,37,
2-11,15:11:44,7,7,13.16,4,37,
2-11,15:11:44,9,9,13.18,4,37,
2-11,15:11:45,8,8,13.18,4,37,
2-11,15:11:45,9,9,13.19,4,37,
2-11,15:11:46,11,11,13.2,4,37,
2-11,15:11:46,6,6,13.15,4,37,
2-11,15:11:47,6,6,13.16,4,37,
2-11,15:11:47,6,6,13.16,4,37,
2-11,15:11:48,3,3,13.12,4,37,
2-11,15:11:48,9,9,13.18,4,37,
2-11,15:11:49,5,5,13.16,4,37,
2-11,15:11:49,5,5,13.13,4,37,
2-11,15:11:50,5,5,13.15,4,37,
2-11,15:11:50,8,8,13.16,4,37,
2-11,15:11:51,9,9,13.2,4,37,
2-11,15:11:51,8,8,13.18,4,37,
2-11,15:11:52,7,7,13.15,4,37,
2-11,15:11:52,5,5,13.15,4,37,
2-11,15:11:53,12,12,13.22,4,37,
2-11,15:11:53,5,5,13.14,4,37,
2-11,15:11:54,10,10,13.2,4,37,
2-11,15:11:54,6,6,13.16,4,37,
2-11,15:11:55,2,2,13.11,4,37,
2-11,15:11:55,7,7,13.18,4,37,
2-11,15:11:56,8,8,13.18,4,37,
2-11,15:11:56,9,9,13.19,4,37,
2-11,15:11:57,9,9,13.19,4,37,
2-11,15:11:57,5,5,13.14,4,37,
2-11,15:11:58,8,8,13.18,4,37,
2-11,15:11:58,6,6,13.16,4,37,
2-11,15:11:59,4,4,13.15,4,37,
2-11,15:11:59,8,8,13.19,4,37,
2-11,15:12:0,8,8,13.19,4,37,
2-11,15:12:0,8,8,13.19,4,37,
2-11,15:12:1,7,7,13.17,4,37,
2-11,15:12:1,8,8,13.19,4,37,
2-11,15:12:2,11,11,13.21,4,37,
2-11,15:12:2,10,10,13.2,4,37,
2-11,15:12:3,7,7,13.17,4,37,
2-11,15:12:3,7,7,13.17,4,37,
2-11,15:12:4,4,4,13.14,4,37,
2-11,15:12:4,10,10,13.17,4,37,
2-11,15:12:5,14,14,13.16,4,37,
2-11,15:12:5,18,18,13.16,4,37,
2-11,15:12:6,23,23,13.17,4,37,
2-11,15:12:6,27,27,13.16,4,37,
2-11,15:12:7,31,31,13.17,4,37,
2-11,15:12:7,35,35,13.17,4,37,
2-11,15:12:8,40,40,13.2,4,37,
2-11,15:12:8,44,44,13.21,4,37,
2-11,15:12:9,49,49,13.24,4,37,
2-11,15:12:9,49,49,13.18,4,37,
2-11,15:12:10,51,51,13.2,4,37,
2-11,15:12:10,56,56,13.22,4,37,
2-11,15:12:11,57,57,13.21,4,37,
2-11,15:12:11,59,59,13.21,4,37,
2-11,15:12:12,59,59,13.14,4,37,
2-11,15:12:12,62,62,13.19,4,37,
2-11,15:12:13,64,64,13.18,4,37,
2-11,15:12:13,66,66,13.2,4,37,
2-11,15:12:14,67,67,13.19,4,37,
2-11,15:12:14,68,68,13.18,4,37,
2-11,15:12:15,69,69,13.21,4,37,
2-11,15:12:15,68,68,13.17,4,37,
2-11,15:12:16,70,70,13.17,4,37,
2-11,15:12:16,70,70,13.17,4,37,
2-11,15:12:17,71,71,13.16,4,37,
2-11,15:12:17,72,72,13.18,4,37,
2-11,15:12:18,73,73,13.21,4,37,
2-11,15:12:18,73,73,13.2,4,37,
2-11,15:12:19,73,73,13.17,4,37,
2-11,15:12:19,74,74,13.22,4,37,
2-11,15:12:20,74,74,13.21,4,37,
2-11,15:12:20,73,73,13.15,4,37,
2-11,15:12:21,74,74,13.19,4,37,
2-11,15:12:21,74,74,13.16,4,37,
2-11,15:12:22,74,74,13.22,4,37,
2-11,15:12:22,74,74,13.21,4,37,
2-11,15:12:23,74,74,13.2,4,37,
2-11,15:12:23,75,75,13.2,4,37,
2-11,15:12:24,75,75,13.17,4,37,
2-11,15:12:24,76,76,13.25,4,37,
2-11,15:12:25,76,76,13.21,4,37,
2-11,15:12:25,76,76,13.2,4,37,
2-11,15:12:26,77,77,13.15,4,37,
2-11,15:12:26,77,77,13.22,4,37,
2-11,15:12:27,77,77,13.2,4,37,
2-11,15:12:27,77,77,13.18,4,37,
2-11,15:12:28,78,78,13.22,4,37,
2-11,15:12:28,77,77,13.15,4,37,
2-11,15:12:29,77,77,13.17,4,37,
2-11,15:12:29,78,78,13.22,4,37,
2-11,15:12:30,77,77,13.17,4,37,
2-11,15:12:30,78,78,13.19,4,37,
2-11,15:12:31,78,78,13.16,4,37,
2-11,15:12:31,78,78,13.18,4,37,
2-11,15:12:32,78,78,13.14,4,37,
2-11,15:12:32,78,78,13.18,4,37,
2-11,15:12:33,78,78,13.19,4,37,
2-11,15:12:33,78,78,13.19,4,37,
2-11,15:12:34,79,79,13.18,4,37,
2-11,15:12:34,78,78,13.2,4,37,
2-11,15:12:35,79,79,13.22,4,37,
2-11,15:12:35,79,79,13.21,4,37,
2-11,15:12:36,79,79,13.15,4,37,
2-11,15:12:36,79,79,13.18,4,37,
2-11,15:12:37,79,79,13.21,4,37,
2-11,15:12:37,79,79,13.19,4,37,
2-11,15:12:38,79,79,13.21,4,37,
2-11,15:12:38,79,79,13.17,4,37,
2-11,15:12:39,79,79,13.17,4,37,
2-11,15:12:39,79,79,13.21,4,37,
2-11,15:12:40,79,79,13.22,4,37,
2-11,15:12:40,79,79,13.21,4,37,
2-11,15:12:41,79,79,13.19,4,37,
2-11,15:12:41,80,80,13.22,4,37,
2-11,15:12:42,79,79,13.19,4,37,
2-11,15:12:42,80,80,13.21,4,37,
2-11,15:12:43,79,79,13.21,4,37,
2-11,15:12:43,80,80,13.22,4,37,
2-11,15:12:44,80,80,13.2,4,37,
2-11,15:12:44,80,80,13.21,4,37,
2-11,15:12:45,80,80,13.23,4,37,
2-11,15:12:45,81,81,13.22,4,37,
2-11,15:12:46,80,80,13.19,4,37,
2-11,15:12:46,80,80,13.18,4,37,
2-11,15:12:47,81,81,13.21,4,37,
2-11,15:12:47,81,81,13.19,4,37,
2-11,15:12:48,81,81,13.19,4,37,
2-11,15:12:48,81,81,13.24,4,37,
2-11,15:12:49,81,81,13.22,4,37,
2-11,15:12:49,81,81,13.22,4,37,
2-11,15:12:50,81,81,13.2,4,37,
2-11,15:12:50,81,81,13.19,4,37,
2-11,15:12:51,81,81,13.19,4,37,
2-11,15:12:51,81,81,13.23,4,37,
2-11,15:12:52,81,81,13.2,4,37,
2-11,15:12:52,82,82,13.22,4,37,
2-11,15:12:53,82,82,13.23,4,37,
2-11,15:12:53,81,81,13.2,4,37,
2-11,15:12:54,82,82,13.24,4,37,
2-11,15:12:54,82,82,13.21,4,37,
2-11,15:12:55,82,82,13.23,4,37,
2-11,15:12:55,81,81,13.19,4,37,
2-11,15:12:56,81,81,13.23,4,37,
2-11,15:12:56,81,81,13.22,4,37,
2-11,15:12:57,81,81,13.21,4,37,
2-11,15:12:57,82,82,13.2,4,37,
2-11,15:12:58,82,82,13.25,4,37,
2-11,15:12:58,82,82,13.22,4,37,
2-11,15:12:59,82,82,13.23,4,37,
2-11,15:12:59,82,82,13.22,4,37,
2-11,15:13:0,82,82,13.25,4,37,
2-11,15:13:0,81,81,13.18,4,37,
2-11,15:13:1,82,82,13.17,4,37,
2-11,15:13:1,81,81,13.19,4,37,
2-11,15:13:2,81,81,13.19,4,37,
2-11,15:13:2,82,82,13.19,4,37,
2-11,15:13:3,81,81,13.18,4,37,
2-11,15:13:3,81,81,13.22,4,37,
2-11,15:13:4,81,81,13.18,4,37,
2-11,15:13:4,81,81,13.2,4,37,
2-11,15:13:5,81,81,13.19,4,37,
2-11,15:13:5,81,81,13.2,4,37,
2-11,15:13:6,81,81,13.2,4,37,
2-11,15:13:6,82,82,13.2,4,37,
2-11,15:13:7,81,81,13.23,4,37,
2-11,15:13:7,81,81,13.18,4,37,
2-11,15:13:8,81,81,13.19,4,37,
2-11,15:13:8,81,81,13.19,4,37,
2-11,15:13:9,81,81,13.18,4,37,
2-11,15:13:9,81,81,13.2,4,37,
2-11,15:13:10,81,81,13.23,4,37,
2-11,15:13:10,81,81,13.2,4,37,
2-11,15:13:11,81,81,13.18,4,37,
2-11,15:13:11,81,81,13.18,4,37,
2-11,15:13:12,80,80,13.18,4,37,
2-11,15:13:12,81,81,13.17,4,37,
2-11,15:13:13,80,80,13.18,4,37,
2-11,15:13:13,80,80,13.21,4,37,
2-11,15:13:14,80,80,13.2,4,37,
2-11,15:13:14,80,80,13.21,4,37,
2-11,15:13:15,80,80,13.21,4,37,
2-11,15:13:15,80,80,13.2,4,37,
2-11,15:13:16,80,80,13.16,4,37,
2-11,15:13:16,80,80,13.2,4,37,
2-11,15:13:17,80,80,13.17,4,37,
2-11,15:13:17,80,80,13.18,4,37,
2-11,15:13:18,80,80,13.15,4,37,
2-11,15:13:18,80,80,13.12,4,37,
2-11,15:13:19,79,79,13.18,4,37,
2-11,15:13:19,80,80,13.19,4,37,
2-11,15:13:20,80,80,13.16,4,37,
2-11,15:13:20,80,80,13.16,4,37,
2-11,15:13:21,79,79,13.14,4,37,
2-11,15:13:21,79,79,13.15,4,37,
2-11,15:13:22,79,79,13.18,4,37,
2-11,15:13:22,79,79,13.13,4,37,
2-11,15:13:23,79,79,13.15,4,37,
2-11,15:13:23,79,79,13.17,4,37,
2-11,15:13:24,79,79,13.15,4,37,
2-11,15:13:24,79,79,13.18,4,37,
2-11,15:13:25,78,78,13.16,4,37,
2-11,15:13:25,78,78,13.14,4,37,
2-11,15:13:26,79,79,13.14,4,37,
2-11,15:13:26,79,79,13.17,4,37,
2-11,15:13:27,78,78,13.15,4,37,
2-11,15:13:27,78,78,13.11,4,37,
2-11,15:13:28,78,78,13.15,4,37,
2-11,15:13:28,78,78,13.18,4,37,
2-11,15:13:29,78,78,13.14,4,37,
2-11,15:13:29,78,78,13.13,4,37,
2-11,15:13:30,78,78,13.16,4,37,
2-11,15:13:30,78,78,13.11,4,37,
2-11,15:13:31,78,78,13.14,4,37,
2-11,15:13:31,78,78,13.16,4,37,
2-11,15:13:32,78,78,13.13,4,37,
2-11,15:13:32,77,77,13.14,4,37,
2-11,15:13:33,78,78,13.13,4,37,
2-11,15:13:33,77,77,13.13,4,37,
2-11,15:13:34,77,77,13.13,4,37,
2-11,15:13:34,77,77,13.13,4,37,
2-11,15:13:35,77,77,13.16,4,37,
2-11,15:13:35,77,77,13.12,4,37,
2-11,15:13:36,77,77,13.15,4,37,
2-11,15:13:36,77,77,13.14,4,37,
2-11,15:13:37,77,77,13.14,4,37,
2-11,15:13:37,77,77,13.09,4,37,
2-11,15:13:38,76,76,13.14,4,37,
2-11,15:13:38,77,77,13.13,4,37,
2-11,15:13:39,75,75,13.11,4,37,
2-11,15:13:39,76,76,13.15,4,37,
2-11,15:13:40,75,75,13.12,4,37,
2-11,15:13:40,75,75,13.1,4,37,
2-11,15:13:41,75,75,13.09,4,37,
2-11,15:13:41,75,75,13.12,4,37,
2-11,15:13:42,75,75,13.1,4,37,
2-11,15:13:42,74,74,13.11,4,37,
2-11,15:13:43,75,75,13.12,4,37,
2-11,15:13:43,75,75,13.15,4,37,
2-11,15:13:44,75,75,13.11,4,37,
2-11,15:13:44,74,74,13.11,4,37,
2-11,15:13:45,74,74,13.09,4,37,
2-11,15:13:45,74,74,13.1,4,37,
2-11,15:13:46,74,74,13.08,4,37,
2-11,15:13:46,74,74,13.09,4,37,
2-11,15:13:47,74,74,13.13,4,37,
2-11,15:13:47,74,74,13.12,4,37,
2-11,15:13:48,73,73,13.09,4,37,
2-11,15:13:48,73,73,13.1,4,37,
2-11,15:13:49,73,73,13.1,4,37,
2-11,15:13:49,73,73,13.1,4,37,
2-11,15:13:50,73,73,13.07,4,37,
2-11,15:13:50,73,73,13.08,4,37,
2-11,15:13:51,72,72,13.06,4,37,
2-11,15:13:51,72,72,13.12,4,37,
2-11,15:13:52,72,72,13.08,4,37,
2-11,15:13:52,72,72,13.11,4,37,
2-11,15:13:53,72,72,13.1,4,37,
2-11,15:13:53,72,72,13.11,4,37,
2-11,15:13:54,72,72,13.08,4,37,
2-11,15:13:54,71,71,13.08,4,37,
2-11,15:13:55,71,71,13.1,4,37,
2-11,15:13:55,71,71,13.1,4,37,
2-11,15:13:56,71,71,13.1,4,37,
2-11,15:13:56,71,71,13.1,4,37,
2-11,15:13:57,71,71,13.09,4,37,
2-11,15:13:57,71,71,13.1,4,37,
2-11,15:13:58,70,70,13.08,4,37,
2-11,15:13:58,70,70,13.08,4,37,
2-11,15:13:59,70,70,13.08,4,37,
2-11,15:13:59,71,71,13.1,4,37,
2-11,15:14:0,69,69,13.06,4,37,
2-11,15:14:0,69,69,13.06,4,37,
2-11,15:14:1,69,69,13.07,4,37,
2-11,15:14:1,69,69,13.08,4,37,
2-11,15:14:2,69,69,13.04,4,37,
2-11,15:14:2,69,69,13.08,4,37,
2-11,15:14:3,68,68,13.04,4,37,
2-11,15:14:3,69,69,13.08,4,37,
2-11,15:14:4,69,69,13.07,4,37,
2-11,15:14:4,68,68,13.05,4,37,
2-11,15:14:5,69,69,13.09,4,37,
2-11,15:14:5,67,67,13.02,4,37,
2-11,15:14:6,68,68,13.1,4,37,
2-11,15:14:6,69,69,13.08,4,37,
2-11,15:14:7,68,68,13.08,4,37,
2-11,15:14:7,67,67,13.04,4,37,
2-11,15:14:8,67,67,13.06,4,37,
2-11,15:14:8,67,67,13.08,4,37,
2-11,15:14:9,67,67,13.06,4,37,
2-11,15:14:9,67,67,13.06,4,37,
2-11,15:14:10,67,67,13.04,4,37,
2-11,15:14:10,67,67,13.06,4,37,
2-11,15:14:11,67,67,13.07,4,37,
2-11,15:14:11,66,66,13.05,4,37,
2-11,15:14:12,66,66,13.07,4,37,
2-11,15:14:12,66,66,13.07,4,37,
2-11,15:14:13,66,66,13.07,4,37,
2-11,15:14:13,66,66,13.06,4,37,
2-11,15:14:14,66,66,13.06,4,37,
2-11,15:14:14,66,66,13.07,4,37,
2-11,15:14:15,65,65,13.05,4,37,
2-11,15:14:15,65,65,13.05,4,37,
2-11,15:14:16,64,64,13.04,4,37,
2-11,15:14:16,64,64,13.05,4,37,
2-11,15:14:17,63,63,13.03,4,37,
2-11,15:14:17,64,64,13.05,4,37,
2-11,15:14:18,65,65,13.06,4,37,
2-11,15:14:18,64,64,13.06,4,37,
2-11,15:14:19,63,63,13.04,4,37,
2-11,15:14:19,64,64,13.04,4,37,
2-11,15:14:20,63,63,13.03,4,37,
2-11,15:14:20,65,65,13.06,4,37,
2-11,15:14:21,63,63,13.02,4,37,
2-11,15:14:21,64,64,13.04,4,37,
2-11,15:14:22,64,64,13.05,4,37,
2-11,15:14:22,63,63,13.05,4,37,
2-11,15:14:23,63,63,13.07,4,37,
2-11,15:14:23,63,63,13.03,4,37,
2-11,15:14:24,62,62,13.01,4,37,
2-11,15:14:24,64,64,13.08,4,37,
2-11,15:14:25,64,64,13.09,4,37,
2-11,15:14:25,63,63,13.05,4,37,
2-11,15:14:26,62,62,13.04,4,37,
2-11,15:14:26,62,62,13.04,4,37,
2-11,15:14:27,62,62,13.04,4,37,
2-11,15:14:27,62,62,13.04,4,37,
2-11,15:14:28,62,62,13.05,4,37,
2-11,15:14:28,61,61,13.03,4,37,
2-11,15:14:29,62,62,13.07,4,37,
2-11,15:14:29,62,62,13.06,4,37,
2-11,15:14:30,61,61,13.02,4,37,
2-11,15:14:30,60,60,13.04,4,37,
2-11,15:14:31,62,62,13.07,4,37,
2-11,15:14:31,62,62,13.06,4,37,
2-11,15:14:32,61,61,13.01,4,37,
2-11,15:14:32,61,61,13.06,4,37,
2-11,15:14:33,59,59,13,4,37,
2-11,15:14:33,61,61,13.04,4,37,
2-11,15:14:34,61,61,13.04,4,37,
2-11,15:14:34,61,61,13.01,4,37,
2-11,15:14:35,61,61,13.04,4,37,
2-11,15:14:35,59,59,13,4,37,
2-11,15:14:36,61,61,13.03,4,37,
2-11,15:14:36,61,61,13.05,4,37,
2-11,15:14:37,60,60,12.99,4,37,
2-11,15:14:37,62,62,13.05,4,37,
2-11,15:14:38,61,61,13.02,4,37,
2-11,15:14:38,61,61,13.03,4,37,
2-11,15:14:39,61,61,13.04,4,37,
2-11,15:14:39,61,61,13.02,4,37,
2-11,15:14:40,60,60,13.02,4,37,
2-11,15:14:40,60,60,12.98,4,37,
2-11,15:14:41,61,61,13.02,4,37,
2-11,15:14:41,60,60,13.01,4,37,
2-11,15:14:42,61,61,13.05,4,37,
2-11,15:14:42,60,60,13.04,4,37,
2-11,15:14:43,60,60,13.03,4,37,
2-11,15:14:43,60,60,13.03,4,37,
2-11,15:14:44,61,61,13.04,4,37,
2-11,15:14:44,60,60,13.02,4,37,
2-11,15:14:45,59,59,13.03,4,37,
2-11,15:14:45,61,61,13.03,4,37,
2-11,15:14:46,61,61,13.07,4,37,
2-11,15:14:46,59,59,12.99,4,37,
2-11,15:14:47,61,61,13.03,4,37,
2-11,15:14:47,60,60,13.04,4,37,
2-11,15:14:48,60,60,13.04,4,37,
2-11,15:14:48,60,60,13.04,4,37,
2-11,15:14:49,59,59,13.03,4,37,
2-11,15:14:49,60,60,13.02,4,37,
2-11,15:14:50,59,59,12.99,4,37,
2-11,15:14:50,58,58,12.99,4,37,
2-11,15:14:51,59,59,13,4,37,
2-11,15:14:51,58,58,12.99,4,37,
2-11,15:14:52,60,60,13.05,4,37,
2-11,15:14:52,59,59,13,4,37,
2-11,15:14:53,59,59,13,4,37,
2-11,15:14:53,58,58,12.99,4,37,
2-11,15:14:54,59,59,13,4,37,
2-11,15:14:54,59,59,13.02,4,37,
2-11,15:14:55,59,59,13.02,4,37,
2-11,15:14:55,58,58,12.98,4,37,
2-11,15:14:56,59,59,13.02,4,37,
2-11,15:14:56,57,57,12.97,4,37,
2-11,15:14:57,60,60,13.02,4,37,
2-11,15:14:57,59,59,13.02,4,37,
2-11,15:14:58,59,59,13.04,4,37,
2-11,15:14:58,58,58,12.99,4,37,
2-11,15:14:59,57,57,12.99,4,37,
2-11,15:14:59,57,57,12.99,4,37,
2-11,15:15:0,58,58,12.99,4,37,
2-11,15:15:0,58,58,12.99,4,37,
2-11,15:15:1,59,59,13.03,4,37,
2-11,15:15:1,59,59,13.04,4,37,
2-11,15:15:2,57,57,12.97,4,37,
2-11,15:15:2,59,59,13.03,4,37,
2-11,15:15:3,59,59,13.03,4,37,
2-11,15:15:3,58,58,13.02,4,37,
2-11,15:15:4,57,57,13,4,37,
2-11,15:15:4,57,57,12.99,4,37,
2-11,15:15:5,58,58,12.99,4,37,
2-11,15:15:5,58,58,13,4,37,
2-11,15:15:6,58,58,13.02,4,37,
2-11,15:15:6,58,58,13.02,4,37,
2-11,15:15:7,57,57,12.99,4,37,
2-11,15:15:7,57,57,12.99,4,37,
2-11,15:15:8,58,58,13.02,4,37,
2-11,15:15:8,57,57,13,4,37,
2-11,15:15:9,58,58,13.02,4,37,
2-11,15:15:9,57,57,12.98,4,37,
2-11,15:15:10,57,57,13.02,4,37,
2-11,15:15:10,57,57,13,4,37,
2-11,15:15:11,59,59,13.04,4,37,
2-11,15:15:11,57,57,13.02,4,37,
2-11,15:15:12,57,57,13.02,4,37,
2-11,15:15:12,56,56,13.02,4,37,
2-11,15:15:13,57,57,13.04,4,37,
2-11,15:15:13,56,56,13,4,37,
2-11,15:15:14,56,56,13,4,37,
2-11,15:15:14,56,56,13.03,4,37,
2-11,15:15:15,57,57,13.04,4,37,
2-11,15:15:15,55,55,13,4,37,
2-11,15:15:16,56,56,13.03,4,37,
2-11,15:15:16,56,56,13.01,4,37,
2-11,15:15:17,55,55,13,4,37,
2-11,15:15:17,57,57,13.04,4,37,
2-11,15:15:18,56,56,13.05,4,37,
2-11,15:15:18,57,57,13.07,4,37,
2-11,15:15:19,55,55,13.04,4,37,
2-11,15:15:19,56,56,13.04,4,37,
2-11,15:15:20,54,54,12.97,4,37,
2-11,15:15:20,54,54,13.02,4,37,
2-11,15:15:21,55,55,13.04,4,37,
2-11,15:15:21,55,55,13.04,4,37,
2-11,15:15:22,56,56,13.05,4,37,
2-11,15:15:22,54,54,13.01,4,37,
2-11,15:15:23,54,54,13,4,37,
2-11,15:15:23,54,54,13,4,37,
2-11,15:15:24,54,54,13,4,37,
2-11,15:15:24,53,53,12.98,4,37,
2-11,15:15:25,53,53,12.98,4,37,
2-11,15:15:25,53,53,12.99,4,37,
2-11,15:15:26,54,54,13.02,4,37,
2-11,15:15:26,55,55,13.03,4,37,
2-11,15:15:27,53,53,13,4,37,
2-11,15:15:27,54,54,13.02,4,37,
2-11,15:15:28,53,53,13,4,37,
2-11,15:15:28,54,54,13.04,4,37,
2-11,15:15:29,54,54,13.02,4,37,
2-11,15:15:29,53,53,13.01,4,37,
2-11,15:15:30,54,54,13.03,4,37,
2-11,15:15:30,52,52,12.97,4,37,
2-11,15:15:31,52,52,12.99,4,37,
2-11,15:15:31,52,52,12.99,4,37,
2-11,15:15:32,52,52,12.99,4,37,
2-11,15:15:32,53,53,13.02,4,37,
2-11,15:15:33,52,52,13,4,37,
2-11,15:15:33,54,54,13.03,4,37,
2-11,15:15:34,53,53,13.02,4,37,
2-11,15:15:34,52,52,12.98,4,37,
2-11,15:15:35,53,53,13.02,4,37,
2-11,15:15:35,51,51,12.98,4,37,
2-11,15:15:36,52,52,12.98,4,37,
2-11,15:15:36,53,53,13.01,4,37,
2-11,15:15:37,53,53,13,4,37,
2-11,15:15:37,54,54,13.01,4,37,
2-11,15:15:38,53,53,13.01,4,37,
2-11,15:15:38,53,53,13,4,37,
2-11,15:15:39,55,55,13.04,4,37,
2-11,15:15:39,55,55,13.05,4,37,
2-11,15:15:40,53,53,13.01,4,37,
2-11,15:15:40,54,54,13.02,4,37,
2-11,15:15:41,53,53,12.98,4,37,
2-11,15:15:41,54,54,13,4,37,
2-11,15:15:42,55,55,13.01,4,37,
2-11,15:15:42,54,54,13,4,37,
2-11,15:15:43,55,55,13.02,4,37,
2-11,15:15:43,55,55,13.03,4,37,
2-11,15:15:44,55,55,13.03,4,37,
2-11,15:15:44,54,54,12.98,4,37,
2-11,15:15:45,55,55,13.01,4,37,
2-11,15:15:45,55,55,13.03,4,37,
2-11,15:15:46,54,54,12.99,4,37,
2-11,15:15:46,53,53,12.98,4,37,
2-11,15:15:47,54,54,13,4,37,
2-11,15:15:47,54,54,12.99,4,37,
2-11,15:15:48,55,55,13.01,4,37,
2-11,15:15:48,55,55,13.01,4,37,
2-11,15:15:49,53,53,12.99,4,37,
2-11,15:15:49,55,55,13.01,4,37,
2-11,15:15:50,55,55,12.99,4,37,
2-11,15:15:50,55,55,13,4,37,
2-11,15:15:51,55,55,13,4,37,
2-11,15:15:51,55,55,12.98,4,37,
2-11,15:15:52,53,53,12.95,4,37,
2-11,15:15:52,56,56,13.03,4,37,
2-11,15:15:53,55,55,13.01,4,37,
2-11,15:15:53,56,56,13.02,4,37,
2-11,15:15:54,55,55,13,4,37,
2-11,15:15:54,55,55,13,4,37,
2-11,15:15:55,57,57,13.05,4,37,
2-11,15:15:55,54,54,12.97,4,37,
2-11,15:15:56,56,56,13.03,4,37,
2-11,15:15:56,54,54,12.98,4,37,
2-11,15:15:57,54,54,12.98,4,37,
2-11,15:15:57,56,56,13.05,4,37,
2-11,15:15:58,55,55,13.02,4,37,
2-11,15:15:58,56,56,13.02,4,37,
2-11,15:15:59,55,55,12.99,4,37,
2-11,15:15:59,54,54,12.98,4,37,
2-11,15:16:0,55,55,13.01,4,37,
2-11,15:16:0,54,54,13.02,4,37,
2-11,15:16:1,55,55,13.02,4,37,
2-11,15:16:1,55,55,13.01,4,37,
2-11,15:16:2,57,57,13.06,4,37,
2-11,15:16:2,54,54,13,4,37,
2-11,15:16:3,54,54,13.01,4,37,
2-11,15:16:3,55,55,12.99,4,37,
2-11,15:16:4,55,55,13.01,4,37,
2-11,15:16:4,54,54,12.99,4,37,
2-11,15:16:5,52,52,12.96,4,37,
2-11,15:16:5,54,54,13.01,4,37,
2-11,15:16:6,54,54,12.99,4,37,
2-11,15:16:6,54,54,13.02,4,37,
2-11,15:16:7,51,51,12.96,4,37,
2-11,15:16:7,52,52,12.97,4,37,
2-11,15:16:8,55,55,13.04,4,37,
2-11,15:16:8,53,53,12.98,4,37,
2-11,15:16:9,54,54,12.99,4,37,
2-11,15:16:9,54,54,13.02,4,37,
2-11,15:16:10,54,54,13,4,37,
2-11,15:16:10,52,52,13,4,37,
2-11,15:16:11,53,53,13,4,37,
2-11,15:16:11,54,54,13.01,4,37,
2-11,15:16:12,53,53,13,4,37,
2-11,15:16:12,52,52,13.01,4,37,
2-11,15:16:13,53,53,13.01,4,37,
2-11,15:16:13,52,52,12.98,4,37,
2-11,15:16:14,54,54,13.03,4,37,
2-11,15:16:14,51,51,12.99,4,37,
2-11,15:16:15,54,54,13.01,4,37,
2-11,15:16:15,50,50,12.98,4,37,
2-11,15:16:16,52,52,13,4,37,
2-11,15:16:16,51,51,12.98,4,37,
2-11,15:16:17,53,53,13,4,37,
2-11,15:16:17,54,54,13.03,4,37,
2-11,15:16:18,53,53,13.03,4,37,
2-11,15:16:18,50,50,12.94,4,37,
2-11,15:16:19,52,52,12.98,4,37,
2-11,15:16:19,51,51,12.98,4,37,
2-11,15:16:20,52,52,12.96,4,37,
2-11,15:16:20,52,52,12.98,4,37,
2-11,15:16:21,53,53,13,4,37,
2-11,15:16:21,52,52,12.97,4,37,
2-11,15:16:22,52,52,12.98,4,37,
2-11,15:16:22,54,54,13.02,4,37,
2-11,15:16:23,54,54,13.02,4,37,
2-11,15:16:23,55,55,13.01,4,37,
2-11,15:16:24,53,53,12.99,4,37,
2-11,15:16:24,52,52,12.96,4,37,
2-11,15:16:25,53,53,12.97,4,37,
2-11,15:16:25,53,53,12.99,4,37,
2-11,15:16:26,52,52,12.96,4,37,
2-11,15:16:26,53,53,12.96,4,37,
2-11,15:16:27,54,54,13.01,4,37,
2-11,15:16:27,53,53,12.99,4,37,
2-11,15:16:28,53,53,12.97,4,37,
2-11,15:16:28,52,52,12.95,4,37,
2-11,15:16:29,54,54,13.01,4,37,
2-11,15:16:29,53,53,12.98,4,37,
2-11,15:16:30,53,53,12.97,4,37,
2-11,15:16:30,53,53,12.96,4,37,
2-11,15:16:31,54,54,12.98,4,37,
2-11,15:16:31,55,55,13.01,4,37,
2-11,15:16:32,53,53,12.97,4,37,
2-11,15:16:32,54,54,13,4,37,
2-11,15:16:33,54,54,13,4,37,
2-11,15:16:33,55,55,13,4,37,
2-11,15:16:34,55,55,12.98,4,37,
2-11,15:16:34,54,54,12.97,4,37,
2-11,15:16:35,55,55,13.01,4,37,
2-11,15:16:35,54,54,12.98,4,37,
2-11,15:16:36,54,54,12.98,4,37,
2-11,15:16:36,55,55,12.99,4,37,
2-11,15:16:37,54,54,12.98,4,37,
2-11,15:16:37,55,55,13,4,37,
2-11,15:16:38,55,55,12.99,4,37,
2-11,15:16:38,54,54,12.97,4,37,
2-11,15:16:39,55,55,12.98,4,37,
2-11,15:16:39,56,56,13,4,37,
2-11,15:16:40,55,55,12.99,4,37,
2-11,15:16:40,57,57,13.03,4,37,
2-11,15:16:41,54,54,12.98,4,37,
2-11,15:16:41,55,55,12.99,4,37,
2-11,15:16:42,54,54,12.98,4,37,
2-11,15:16:42,53,53,12.96,4,37,
2-11,15:16:43,55,55,12.99,4,37,
2-11,15:16:43,55,55,13.01,4,37,
2-11,15:16:44,55,55,13.01,4,37,
2-11,15:16:44,55,55,12.99,4,37,
2-11,15:16:45,54,54,12.95,4,37,
2-11,15:16:45,55,55,12.96,4,37,
2-11,15:16:46,56,56,13,4,37,
2-11,15:16:46,56,56,13.02,4,37,
2-11,15:16:47,55,55,13.02,4,37,
2-11,15:16:47,55,55,13,4,37,
2-11,15:16:48,55,55,12.99,4,37,
2-11,15:16:48,53,53,12.93,4,37,
2-11,15:16:49,56,56,13,4,37,
2-11,15:16:49,54,54,12.96,4,37,
2-11,15:16:50,56,56,12.97,4,37,
2-11,15:16:50,55,55,13,4,37,
2-11,15:16:51,55,55,12.97,4,37,
2-11,15:16:51,54,54,12.94,4,37,
2-11,15:16:52,54,54,12.93,4,37,
2-11,15:16:52,55,55,12.97,4,37,
2-11,15:16:53,56,56,12.98,4,37,
2-11,15:16:53,55,55,12.96,4,37,
2-11,15:16:54,54,54,12.95,4,37,
2-11,15:16:54,56,56,12.97,4,37,
2-11,15:16:55,55,55,12.97,4,37,
2-11,15:16:55,57,57,13.02,4,37,
2-11,15:16:56,56,56,13.01,4,37,
2-11,15:16:56,55,55,12.98,4,37,
2-11,15:16:57,56,56,12.99,4,37,
2-11,15:16:57,56,56,12.98,4,37,
2-11,15:16:58,56,56,13,4,37,
2-11,15:16:58,56,56,13,4,37,
2-11,15:16:59,55,55,12.97,4,37,
2-11,15:16:59,55,55,12.98,4,37,
2-11,15:17:0,55,55,12.98,4,37,
2-11,15:17:0,55,55,12.98,4,37,
2-11,15:17:1,55,55,12.99,4,37,
2-11,15:17:1,55,55,12.99,4,37,
2-11,15:17:2,55,55,12.96,4,37,
2-11,15:17:2,56,56,13,4,37,
2-11,15:17:3,57,57,13.02,4,37,
2-11,15:17:3,55,55,12.96,4,37,
2-11,15:17:4,55,55,12.97,4,37,
2-11,15:17:4,55,55,12.97,4,37,
2-11,15:17:5,56,56,13.03,4,37,
2-11,15:17:5,55,55,12.98,4,37,
2-11,15:17:6,55,55,12.99,4,37,
2-11,15:17:6,55,55,12.99,4,37,
2-11,15:17:7,56,56,13,4,37,
2-11,15:17:7,55,55,12.97,4,37,
2-11,15:17:8,55,55,12.99,4,37,
2-11,15:17:8,56,56,12.98,4,37,
2-11,15:17:9,56,56,13.01,4,37,
2-11,15:17:9,55,55,12.95,4,37,
2-11,15:17:10,56,56,13,4,37,
2-11,15:17:10,54,54,12.96,4,37,
2-11,15:17:11,54,54,12.96,4,37,
2-11,15:17:11,54,54,12.97,4,37,
2-11,15:17:12,55,55,12.99,4,37,
2-11,15:17:12,54,54,12.98,4,37,
2-11,15:17:13,54,54,12.96,4,37,
2-11,15:17:13,54,54,12.96,4,37,
2-11,15:17:14,54,54,12.95,4,37,
2-11,15:17:14,55,55,13.01,4,37,
2-11,15:17:15,56,56,13.02,4,37,
2-11,15:17:15,55,55,12.98,4,37,
2-11,15:17:16,55,55,13.03,4,37,
2-11,15:17:16,55,55,12.98,4,37,
2-11,15:17:17,55,55,13.01,4,37,
2-11,15:17:17,54,54,13.01,4,37,
2-11,15:17:18,55,55,13.01,4,37,
2-11,15:17:18,55,55,12.99,4,37,
2-11,15:17:19,54,54,12.98,4,37,
2-11,15:17:19,56,56,13.03,4,37,
2-11,15:17:20,54,54,12.99,4,37,
2-11,15:17:20,55,55,13.01,4,37,
2-11,15:17:21,55,55,13,4,37,
2-11,15:17:21,55,55,13.01,4,37,
2-11,15:17:22,55,55,13,4,37,
2-11,15:17:22,54,54,12.97,4,37,
2-11,15:17:23,55,55,12.98,4,37,
2-11,15:17:23,55,55,12.99,4,37,
2-11,15:17:24,54,54,12.96,4,37,
2-11,15:17:24,55,55,12.99,4,37,
2-11,15:17:25,54,54,12.99,4,37,
2-11,15:17:25,54,54,12.98,4,37,
2-11,15:17:26,54,54,12.99,4,37,
2-11,15:17:26,53,53,12.95,4,37,
2-11,15:17:27,55,55,13,4,37,
2-11,15:17:27,54,54,12.98,4,37,
2-11,15:17:28,55,55,12.99,4,37,
2-11,15:17:28,53,53,12.97,4,37,
2-11,15:17:29,54,54,12.98,4,37,
2-11,15:17:29,55,55,12.99,4,37,
2-11,15:17:30,56,56,13.01,4,37,
2-11,15:17:30,53,53,12.96,4,37,
2-11,15:17:31,55,55,13.01,4,37,
2-11,15:17:31,55,55,13,4,37,
2-11,15:17:32,56,56,13,4,37,
2-11,15:17:32,54,54,12.99,4,37,
2-11,15:17:33,57,57,13.01,4,37,
2-11,15:17:33,55,55,12.99,4,37,
2-11,15:17:34,57,57,13.03,4,37,
2-11,15:17:34,55,55,12.96,4,37,
2-11,15:17:35,56,56,12.99,4,37,
2-11,15:17:35,56,56,12.99,4,37,
2-11,15:17:36,56,56,12.94,4,37,
2-11,15:17:36,58,58,13.01,4,37,
2-11,15:17:37,56,56,12.97,4,37,
2-11,15:17:37,57,57,12.97,4,37,
2-11,15:17:38,56,56,12.95,4,37,
2-11,15:17:38,57,57,12.98,4,37,
2-11,15:17:39,57,57,13,4,37,
2-11,15:17:39,55,55,12.94,4,37,
2-11,15:17:40,56,56,12.96,4,37,
2-11,15:17:40,56,56,12.98,4,37,
2-11,15:17:41,57,57,12.99,4,37,
2-11,15:17:41,57,57,13,4,37,
2-11,15:17:42,55,55,12.96,4,37,
2-11,15:17:42,56,56,12.95,4,37,
2-11,15:17:43,57,57,12.98,4,37,
2-11,15:17:43,55,55,12.96,4,37,
2-11,15:17:44,55,55,12.94,4,37,
2-11,15:17:44,56,56,12.97,4,37,
2-11,15:17:45,58,58,13.03,4,37,
2-11,15:17:45,55,55,12.97,4,37,
2-11,15:17:46,57,57,13.01,4,37,
2-11,15:17:46,55,55,12.96,4,37,
2-11,15:17:47,56,56,12.96,4,37,
2-11,15:17:47,58,58,13.01,4,37,
2-11,15:17:48,56,56,12.98,4,37,
2-11,15:17:48,58,58,13.02,4,37,
2-11,15:17:49,55,55,12.93,4,37,
2-11,15:17:49,57,57,13.01,4,37,
2-11,15:17:50,56,56,12.99,4,37,
2-11,15:17:50,56,56,12.99,4,37,
2-11,15:17:51,56,56,12.98,4,37,
2-11,15:17:51,56,56,12.99,4,37,
2-11,15:17:52,56,56,12.99,4,37,
2-11,15:17:52,55,55,12.99,4,37,
2-11,15:17:53,56,56,13,4,37,
2-11,15:17:53,56,56,12.99,4,37,
2-11,15:17:54,54,54,12.95,4,37,
2-11,15:17:54,55,55,12.99,4,37,
2-11,15:17:55,56,56,12.99,4,37,
2-11,15:17:55,56,56,12.99,4,37,
2-11,15:17:56,56,56,12.98,4,37,
2-11,15:17:56,56,56,13.01,4,37,
2-11,15:17:57,55,55,12.96,4,37,
2-11,15:17:57,57,57,13.02,4,37,
2-11,15:17:58,55,55,13,4,37,
2-11,15:17:58,57,57,13.02,4,37,
2-11,15:17:59,54,54,12.97,4,37,
2-11,15:17:59,56,56,12.98,4,37,
2-11,15:18:0,55,55,12.98,4,37,
2-11,15:18:0,55,55,12.97,4,37,
2-11,15:18:1,56,56,13.01,4,37,
2-11,15:18:1,56,56,13,4,37,
2-11,15:18:2,56,56,12.96,4,37,
2-11,15:18:2,56,56,12.96,4,37,
2-11,15:18:3,55,55,12.99,4,37,
2-11,15:18:3,55,55,12.99,4,37,
2-11,15:18:4,55,55,12.97,4,37,
2-11,15:18:4,57,57,13,4,37,
2-11,15:18:5,57,57,13.02,4,37,
2-11,15:18:5,55,55,12.97,4,37,
2-11,15:18:6,55,55,12.99,4,37,
2-11,15:18:6,56,56,12.99,4,37,
2-11,15:18:7,57,57,13.02,4,37,
2-11,15:18:7,54,54,12.95,4,37,
2-11,15:18:8,56,56,12.98,4,37,
2-11,15:18:8,55,55,12.98,4,37,
2-11,15:18:9,55,55,12.98,4,37,
2-11,15:18:9,54,54,12.97,4,37,
2-11,15:18:10,55,55,12.97,4,37,
2-11,15:18:10,56,56,13,4,37,
2-11,15:18:11,54,54,12.97,4,37,
2-11,15:18:11,55,55,13,4,37,
2-11,15:18:12,55,55,12.97,4,37,
2-11,15:18:12,56,56,13,4,37,
2-11,15:18:13,55,55,12.97,4,37,
2-11,15:18:13,57,57,13.03,4,37,
2-11,15:18:14,56,56,13.04,4,37,
2-11,15:18:14,55,55,13.02,4,37,
2-11,15:18:15,53,53,12.97,4,37,
2-11,15:18:15,56,56,13.03,4,37,
2-11,15:18:16,55,55,13.01,4,37,
2-11,15:18:16,53,53,12.96,4,37,
2-11,15:18:17,54,54,12.98,4,37,
2-11,15:18:17,56,56,13.03,4,37,
2-11,15:18:18,55,55,13.03,4,37,
2-11,15:18:18,54,54,12.99,4,37,
2-11,15:18:19,54,54,12.98,4,37,
2-11,15:18:19,53,53,12.97,4,37,
2-11,15:18:20,55,55,13.02,4,37,
2-11,15:18:20,55,55,13.01,4,37,
2-11,15:18:21,56,56,13.02,4,37,
2-11,15:18:21,54,54,13.01,4,37,
2-11,15:18:22,54,54,13,4,37,
2-11,15:18:22,54,54,12.99,4,37,
2-11,15:18:23,54,54,13.02,4,37,
2-11,15:18:23,52,52,12.98,4,37,
2-11,15:18:24,56,56,13.05,4,37,
2-11,15:18:24,53,53,13.01,4,37,
2-11,15:18:25,52,52,12.97,4,37,
2-11,15:18:25,54,54,13.01,4,37,
2-11,15:18:26,54,54,13,4,37,
2-11,15:18:26,53,53,12.99,4,37,
2-11,15:18:27,53,53,13,4,37,
2-11,15:18:27,53,53,12.99,4,37,
2-11,15:18:28,54,54,13.03,4,37,
2-11,15:18:28,55,55,13.04,4,37,
2-11,15:18:29,55,55,13.04,4,37,
2-11,15:18:29,53,53,12.99,4,37,
2-11,15:18:30,54,54,13.02,4,37,
2-11,15:18:30,53,53,13,4,37,
2-11,15:18:31,53,53,12.97,4,37,
2-11,15:18:31,55,55,13.03,4,37,
2-11,15:18:32,54,54,13.02,4,37,
2-11,15:18:32,54,54,13.01,4,37,
2-11,15:18:33,54,54,13,4,37,
2-11,15:18:33,55,55,13.03,4,37,
2-11,15:18:34,55,55,13.03,4,37,
2-11,15:18:34,53,53,13,4,37,
2-11,15:18:35,56,56,13.05,4,37,
2-11,15:18:35,53,53,12.98,4,37,
2-11,15:18:36,54,54,13.01,4,37,
2-11,15:18:36,55,55,13.04,4,37,
2-11,15:18:37,55,55,13,4,37,
2-11,15:18:37,54,54,13,4,37,
2-11,15:18:38,55,55,13.02,4,37,
2-11,15:18:38,54,54,13.04,4,37,
2-11,15:18:39,55,55,13.03,4,37,
2-11,15:18:39,54,54,13.01,4,37,
2-11,15:18:40,53,53,12.97,4,37,
2-11,15:18:40,54,54,13,4,37,
2-11,15:18:41,55,55,13,4,37,
2-11,15:18:41,54,54,12.99,4,37,
2-11,15:18:42,54,54,13.02,4,37,
2-11,15:18:42,54,54,13.01,4,37,
2-11,15:18:43,54,54,13,4,37,
2-11,15:18:43,56,56,13.03,4,37,
2-11,15:18:44,55,55,13.03,4,37,
2-11,15:18:44,56,56,13.05,4,37,
2-11,15:18:45,54,54,12.99,4,37,
2-11,15:18:45,54,54,13,4,37,
2-11,15:18:46,53,53,13,4,37,
2-11,15:18:46,54,54,13,4,37,
2-11,15:18:47,54,54,12.99,4,37,
2-11,15:18:47,54,54,12.99,4,37,
2-11,15:18:48,54,54,12.98,4,37,
2-11,15:18:48,54,54,13,4,37,
2-11,15:18:49,53,53,12.98,4,37,
2-11,15:18:49,54,54,12.99,4,37,
2-11,15:18:50,56,56,13.04,4,37,
2-11,15:18:50,55,55,13.02,4,37,
2-11,15:18:51,54,54,12.99,4,37,
2-11,15:18:51,54,54,13,4,37,
2-11,15:18:52,54,54,13,4,37,
2-11,15:18:52,54,54,13,4,37,
2-11,15:18:53,55,55,13,4,37,
2-11,15:18:53,54,54,13,4,37,
2-11,15:18:54,54,54,13,4,37,
2-11,15:18:54,54,54,12.99,4,37,
2-11,15:18:55,55,55,13.02,4,37,
2-11,15:18:55,54,54,13.01,4,37,
2-11,15:18:56,56,56,13.02,4,37,
2-11,15:18:56,53,53,12.98,4,37,
2-11,15:18:57,55,55,13.03,4,37,
2-11,15:18:57,55,55,13.02,4,37,
2-11,15:18:58,54,54,13.01,4,37,
2-11,15:18:58,54,54,13.02,4,37,
2-11,15:18:59,53,53,13,4,37,
2-11,15:18:59,56,56,13.04,4,37,
2-11,15:19:0,55,55,13.02,4,37,
2-11,15:19:0,54,54,13,4,37,
2-11,15:19:1,54,54,13.02,4,37,
2-11,15:19:1,54,54,13.03,4,37,
2-11,15:19:2,55,55,13.03,4,37,
2-11,15:19:2,55,55,13.04,4,37,
2-11,15:19:3,55,55,13.01,4,37,
2-11,15:19:3,54,54,13.01,4,37,
2-11,15:19:4,54,54,13,4,37,
2-11,15:19:4,54,54,13,4,37,
2-11,15:19:5,56,56,13.02,4,37,
2-11,15:19:5,54,54,13,4,37,
2-11,15:19:6,54,54,13,4,37,
2-11,15:19:6,53,53,12.98,4,37,
2-11,15:19:7,53,53,12.98,4,37,
2-11,15:19:7,55,55,13.02,4,37,
2-11,15:19:8,54,54,13.03,4,37,
2-11,15:19:8,53,53,12.98,4,37,
2-11,15:19:9,55,55,13.01,4,37,
2-11,15:19:9,53,53,12.99,4,37,
2-11,15:19:10,54,54,13.01,4,37,
2-11,15:19:10,55,55,13.04,4,37,
2-11,15:19:11,54,54,13.01,4,37,
2-11,15:19:11,53,53,13.01,4,37,
2-11,15:19:12,54,54,13.03,4,37,
2-11,15:19:12,54,54,13.02,4,37,
2-11,15:19:13,54,54,13.04,4,37,
2-11,15:19:13,54,54,13.03,4,37,
2-11,15:19:14,54,54,13.02,4,37,
2-11,15:19:14,54,54,13.01,4,37,
2-11,15:19:15,53,53,13,4,37,
2-11,15:19:15,53,53,13.01,4,37,
2-11,15:19:16,56,56,13.07,4,37,
2-11,15:19:16,53,53,13.01,4,37,
2-11,15:19:17,54,54,13.02,4,37,
2-11,15:19:17,54,54,13.03,4,37,
2-11,15:19:18,53,53,13.01,4,37,
2-11,15:19:18,53,53,13,4,37,
2-11,15:19:19,52,52,12.98,4,37,
2-11,15:19:19,55,55,13.04,4,37,
2-11,15:19:20,53,53,13.02,4,37,
2-11,15:19:20,53,53,13,4,37,
2-11,15:19:21,55,55,13.04,4,37,
2-11,15:19:21,53,53,13,4,37,
2-11,15:19:22,55,55,13.04,4,37,
2-11,15:19:22,53,53,12.99,4,37,
2-11,15:19:23,53,53,13.01,4,37,
2-11,15:19:23,54,54,13.02,4,37,
2-11,15:19:24,53,53,12.99,4,37,
2-11,15:19:24,54,54,13.04,4,37,
2-11,15:19:25,54,54,13.01,4,37,
2-11,15:19:25,55,55,13.04,4,37,
2-11,15:19:26,55,55,13.02,4,37,
2-11,15:19:26,55,55,13.04,4,37,
2-11,15:19:27,53,53,12.98,4,37,
2-11,15:19:27,55,55,13.02,4,37,
2-11,15:19:28,54,54,13,4,37,
2-11,15:19:28,54,54,13.02,4,37,
2-11,15:19:29,54,54,13,4,37,
2-11,15:19:29,54,54,13.01,4,37,
2-11,15:19:30,55,55,13.05,4,37,
2-11,15:19:30,55,55,13.02,4,37,
2-11,15:19:31,54,54,13,4,37,
2-11,15:19:31,54,54,13.02,4,37,
2-11,15:19:32,54,54,13.01,4,37,
2-11,15:19:32,54,54,13.01,4,37,
2-11,15:19:33,55,55,13.02,4,37,
2-11,15:19:33,54,54,13.01,4,37,
2-11,15:19:34,55,55,13.04,4,37,
2-11,15:19:34,55,55,13.05,4,37,
2-11,15:19:35,54,54,13.02,4,37,
2-11,15:19:35,54,54,12.99,4,37,
2-11,15:19:36,55,55,13.03,4,37,
2-11,15:19:36,53,53,13,4,37,
2-11,15:19:37,55,55,13.02,4,37,
2-11,15:19:37,54,54,13.01,4,37,
2-11,15:19:38,55,55,13.05,4,37,
2-11,15:19:38,54,54,13,4,37,
2-11,15:19:39,54,54,13.03,4,37,
2-11,15:19:39,54,54,13,4,37,
2-11,15:19:40,54,54,13.02,4,37,
2-11,15:19:40,53,53,12.99,4,37,
2-11,15:19:41,55,55,13.05,4,37,
2-11,15:19:41,54,54,13.03,4,37,
2-11,15:19:42,55,55,13.05,4,37,
2-11,15:19:42,53,53,13.01,4,37,
2-11,15:19:43,54,54,13.03,4,37,
2-11,15:19:43,54,54,13.02,4,37,
2-11,15:19:44,55,55,13.02,4,37,
2-11,15:19:44,53,53,12.98,4,37,
2-11,15:19:45,54,54,13,4,37,
2-11,15:19:45,54,54,13.01,4,37,
2-11,15:19:46,54,54,13.02,4,37,
2-11,15:19:46,55,55,13.04,4,37,
2-11,15:19:47,54,54,13.03,4,37,
2-11,15:19:47,54,54,13,4,37,
2-11,15:19:48,55,55,13.05,4,37,
2-11,15:19:48,54,54,13.01,4,37,
2-11,15:19:49,54,54,13.01,4,37,
2-11,15:19:49,55,55,13.05,4,37,
2-11,15:19:50,55,55,13.04,4,37,
2-11,15:19:50,52,52,12.97,4,37,
2-11,15:19:51,54,54,12.99,4,37,
2-11,15:19:51,55,55,13.07,4,37,
2-11,15:19:52,55,55,13.05,4,37,
2-11,15:19:52,53,53,12.99,4,37,
2-11,15:19:53,55,55,13.03,4,37,
2-11,15:19:53,54,54,13.01,4,37,
2-11,15:19:54,55,55,13.06,4,37,
2-11,15:19:54,56,56,13.07,4,37,
2-11,15:19:55,55,55,13.04,4,37,
2-11,15:19:55,53,53,12.98,4,37,
2-11,15:19:56,55,55,13.07,4,37,
2-11,15:19:56,57,57,13.07,4,37,
2-11,15:19:57,54,54,13.01,4,37,
2-11,15:19:57,54,54,13.01,4,37,
2-11,15:19:58,54,54,13.01,4,37,
2-11,15:19:58,54,54,13.03,4,37,
2-11,15:19:59,54,54,12.99,4,37,
2-11,15:19:59,54,54,13.02,4,37,
2-11,15:20:0,53,53,13.01,4,37,
2-11,15:20:0,55,55,13.04,4,37,
2-11,15:20:1,53,53,12.99,4,37,
2-11,15:20:1,53,53,13.01,4,37,
2-11,15:20:2,54,54,13.02,4,37,
2-11,15:20:2,54,54,13.02,4,37,
2-11,15:20:3,53,53,13.01,4,37,
2-11,15:20:3,55,55,13.02,4,37,
2-11,15:20:4,55,55,13.04,4,37,
2-11,15:20:4,56,56,13.04,4,37,
2-11,15:20:5,54,54,12.99,4,37,
2-11,15:20:5,55,55,13.05,4,37,
2-11,15:20:6,54,54,13.03,4,37,
2-11,15:20:6,57,57,13.04,4,37,
2-11,15:20:7,58,58,13.01,4,37,
2-11,15:20:7,55,55,13.01,4,37,
2-11,15:20:8,55,55,12.99,4,37,
2-11,15:20:8,56,56,12.98,4,37,
2-11,15:20:9,55,55,12.99,4,37,
2-11,15:20:9,55,55,12.99,4,37,
2-11,15:20:10,55,55,13,4,37,
2-11,15:20:10,55,55,12.95,4,37,
2-11,15:20:11,56,56,13.03,4,37,
2-11,15:20:11,56,56,12.98,4,37,
2-11,15:20:12,56,56,12.98,4,37,
2-11,15:20:12,57,57,13.02,4,37,
2-11,15:20:13,55,55,12.96,4,37,
2-11,15:20:13,57,57,13.01,4,37,
2-11,15:20:14,57,57,13.01,4,37,
2-11,15:20:14,55,55,12.99,4,37,
2-11,15:20:15,56,56,13,4,37,
2-11,15:20:15,56,56,12.98,4,37,
2-11,15:20:16,56,56,12.98,4,37,
2-11,15:20:16,56,56,12.96,4,37,
2-11,15:20:17,57,57,12.99,4,37,
2-11,15:20:17,58,58,13.02,4,37,
2-11,15:20:18,57,57,12.95,4,37,
2-11,15:20:18,56,56,12.94,4,37,
2-11,15:20:19,57,57,12.98,4,37,
2-11,15:20:19,57,57,12.95,4,37,
2-11,15:20:20,56,56,12.94,4,37,
2-11,15:20:20,57,57,12.99,4,37,
2-11,15:20:21,56,56,12.96,4,37,
2-11,15:20:21,55,55,12.95,4,37,
2-11,15:20:22,57,57,12.98,4,37,
2-11,15:20:22,57,57,12.97,4,37,
2-11,15:20:23,55,55,12.95,4,37,
2-11,15:20:23,56,56,12.99,4,37,
2-11,15:20:24,58,58,13.01,4,37,
2-11,15:20:24,57,57,13,4,37,
2-11,15:20:25,55,55,12.93,4,37,
2-11,15:20:25,56,56,12.97,4,37,
2-11,15:20:26,56,56,12.98,4,37,
2-11,15:20:26,57,57,13.01,4,37,
2-11,15:20:27,55,55,12.94,4,37,
2-11,15:20:27,55,55,12.96,4,37,
2-11,15:20:28,56,56,12.99,4,37,
2-11,15:20:28,57,57,13.01,4,37,
2-11,15:20:29,56,56,12.97,4,37,
2-11,15:20:29,55,55,12.99,4,37,
2-11,15:20:30,56,56,12.97,4,37,
2-11,15:20:30,55,55,12.96,4,37,
2-11,15:20:31,55,55,12.97,4,37,
2-11,15:20:31,57,57,13,4,37,
2-11,15:20:32,56,56,12.98,4,37,
2-11,15:20:32,55,55,12.97,4,37,
2-11,15:20:33,57,57,13,4,37,
2-11,15:20:33,56,56,12.99,4,37,
2-11,15:20:34,56,56,13,4,37,
2-11,15:20:34,56,56,12.98,4,37,
2-11,15:20:35,56,56,12.98,4,37,
2-11,15:20:35,56,56,12.99,4,37,
2-11,15:20:36,55,55,12.96,4,37,
2-11,15:20:36,57,57,13.01,4,37,
2-11,15:20:37,55,55,12.96,4,37,
2-11,15:20:37,55,55,12.97,4,37,
2-11,15:20:38,56,56,12.97,4,37,
2-11,15:20:38,55,55,12.97,4,37,
2-11,15:20:39,55,55,12.96,4,37,
2-11,15:20:39,57,57,13,4,37,
2-11,15:20:40,56,56,12.99,4,37,
2-11,15:20:40,56,56,12.99,4,37,
2-11,15:20:41,56,56,12.97,4,37,
2-11,15:20:41,56,56,12.98,4,37,
2-11,15:20:42,57,57,12.97,4,37,
2-11,15:20:42,57,57,12.97,4,37,
2-11,15:20:43,57,57,12.99,4,37,
2-11,15:20:43,56,56,12.97,4,37,
2-11,15:20:44,58,58,13,4,37,
2-11,15:20:44,57,57,12.96,4,37,
2-11,15:20:45,58,58,12.99,4,37,
2-11,15:20:45,56,56,12.94,4,37,
2-11,15:20:46,57,57,12.97,4,37,
2-11,15:20:46,58,58,12.99,4,37,
2-11,15:20:47,58,58,12.97,4,37,
2-11,15:20:47,59,59,13,4,37,
2-11,15:20:48,59,59,13.02,4,37,
2-11,15:20:48,59,59,12.98,4,37,
2-11,15:20:49,58,58,12.97,4,37,
2-11,15:20:49,57,57,12.94,4,37,
2-11,15:20:50,57,57,12.94,4,37,
2-11,15:20:50,59,59,13,4,37,
2-11,15:20:51,58,58,12.98,4,37,
2-11,15:20:51,58,58,12.96,4,37,
2-11,15:20:52,58,58,12.98,4,37,
2-11,15:20:52,59,59,12.99,4,37,
2-11,15:20:53,58,58,12.95,4,37,
2-11,15:20:53,58,58,12.97,4,37,
2-11,15:20:54,57,57,12.95,4,37,
2-11,15:20:54,58,58,12.98,4,37,
2-11,15:20:55,58,58,12.98,4,37,
2-11,15:20:55,58,58,12.99,4,37,
2-11,15:20:56,57,57,12.97,4,37,
2-11,15:20:56,58,58,12.98,4,37,
2-11,15:20:57,58,58,12.97,4,37,
2-11,15:20:57,59,59,13,4,37,
2-11,15:20:58,58,58,12.97,4,37,
2-11,15:20:58,59,59,13.02,4,37,
2-11,15:20:59,58,58,12.97,4,37,
2-11,15:20:59,58,58,12.95,4,37,
2-11,15:21:0,59,59,12.99,4,37,
2-11,15:21:0,59,59,12.98,4,37,
2-11,15:21:1,59,59,12.98,4,37,
2-11,15:21:1,59,59,12.96,4,37,
2-11,15:21:2,59,59,12.99,4,37,
2-11,15:21:2,58,58,12.95,4,37,
2-11,15:21:3,60,60,12.99,4,37,
2-11,15:21:3,59,59,12.98,4,37,
2-11,15:21:4,59,59,12.98,4,37,
2-11,15:21:4,60,60,13,4,37,
2-11,15:21:5,59,59,13,4,37,
2-11,15:21:5,59,59,12.97,4,37,
2-11,15:21:6,58,58,12.98,4,37,
2-11,15:21:6,58,58,12.97,4,37,
2-11,15:21:7,59,59,12.97,4,37,
2-11,15:21:7,58,58,12.98,4,37,
2-11,15:21:8,59,59,12.99,4,37,
2-11,15:21:8,59,59,12.99,4,37,
2-11,15:21:9,60,60,13,4,37,
2-11,15:21:9,59,59,12.97,4,37,
2-11,15:21:10,59,59,12.99,4,37,
2-11,15:21:10,59,59,12.97,4,37,
2-11,15:21:11,57,57,12.95,4,37,
2-11,15:21:11,59,59,12.98,4,37,
2-11,15:21:12,57,57,12.95,4,37,
2-11,15:21:12,60,60,13.02,4,37,
2-11,15:21:13,58,58,12.96,4,37,
2-11,15:21:13,58,58,12.97,4,37,
2-11,15:21:14,59,59,12.98,4,37,
2-11,15:21:14,60,60,13,4,37,
2-11,15:21:15,59,59,12.98,4,37,
2-11,15:21:15,58,58,12.96,4,37,
2-11,15:21:16,59,59,12.99,4,37,
2-11,15:21:16,58,58,12.97,4,37,
2-11,15:21:17,59,59,12.99,4,37,
2-11,15:21:17,59,59,12.99,4,37,
2-11,15:21:18,59,59,12.98,4,37,
2-11,15:21:18,59,59,13,4,37,
2-11,15:21:19,58,58,12.93,4,37,
2-11,15:21:19,58,58,12.93,4,37,
2-11,15:21:20,59,59,13,4,37,
2-11,15:21:20,58,58,12.92,4,37,
2-11,15:21:21,59,59,12.95,4,37,
2-11,15:21:21,59,59,12.98,4,37,
2-11,15:21:22,59,59,12.97,4,37,
2-11,15:21:22,57,57,12.93,4,37,
2-11,15:21:23,58,58,12.96,4,37,
2-11,15:21:23,59,59,12.97,4,37,
2-11,15:21:24,58,58,12.98,4,37,
2-11,15:21:24,59,59,12.97,4,37,
2-11,15:21:25,58,58,12.95,4,37,
2-11,15:21:25,58,58,12.96,4,37,
2-11,15:21:26,58,58,12.98,4,37,
2-11,15:21:26,58,58,12.95,4,37,
2-11,15:21:27,57,57,12.95,4,37,
2-11,15:21:27,58,58,12.98,4,37,
2-11,15:21:28,57,57,12.92,4,37,
2-11,15:21:28,59,59,12.99,4,37,
2-11,15:21:29,58,58,12.97,4,37,
2-11,15:21:29,58,58,12.93,4,37,
2-11,15:21:30,58,58,12.95,4,37,
2-11,15:21:30,58,58,12.98,4,37,
2-11,15:21:31,57,57,12.92,4,37,
2-11,15:21:31,58,58,12.96,4,37,
2-11,15:21:32,58,58,12.99,4,37,
2-11,15:21:32,58,58,12.98,4,37,
2-11,15:21:33,57,57,12.96,4,37,
2-11,15:21:33,58,58,12.95,4,37,
2-11,15:21:34,57,57,12.98,4,37,
2-11,15:21:34,57,57,12.94,4,37,
2-11,15:21:35,57,57,12.95,4,37,
2-11,15:21:35,58,58,12.98,4,37,
2-11,15:21:36,57,57,12.96,4,37,
2-11,15:21:36,58,58,12.98,4,37,
2-11,15:21:37,57,57,12.96,4,37,
2-11,15:21:37,58,58,12.97,4,37,
2-11,15:21:38,57,57,12.95,4,37,
2-11,15:21:38,56,56,12.94,4,37,
2-11,15:21:39,59,59,13,4,37,
2-11,15:21:39,57,57,12.94,4,37,
2-11,15:21:40,58,58,12.98,4,37,
2-11,15:21:40,56,56,12.94,4,37,
2-11,15:21:41,57,57,12.96,4,37,
2-11,15:21:41,57,57,12.97,4,37,
2-11,15:21:42,57,57,12.94,4,37,
2-11,15:21:42,57,57,12.98,4,37,
2-11,15:21:43,57,57,12.96,4,37,
2-11,15:21:43,58,58,13,4,37,
2-11,15:21:44,58,58,13,4,37,
2-11,15:21:44,57,57,12.95,4,37,
2-11,15:21:45,57,57,12.97,4,37,
2-11,15:21:45,57,57,12.95,4,37,
2-11,15:21:46,58,58,12.98,4,37,
2-11,15:21:46,57,57,12.97,4,37,
2-11,15:21:47,58,58,12.94,4,37,
2-11,15:21:47,57,57,12.92,4,37,
2-11,15:21:48,58,58,12.97,4,37,
2-11,15:21:48,56,56,12.89,4,37,
2-11,15:21:49,56,56,12.92,4,37,
2-11,15:21:49,58,58,12.96,4,37,
2-11,15:21:50,58,58,12.98,4,37,
2-11,15:21:50,57,57,12.93,4,37,
2-11,15:21:51,56,56,12.92,4,37,
2-11,15:21:51,58,58,12.97,4,37,
2-11,15:21:52,57,57,12.96,4,37,
2-11,15:21:52,56,56,12.93,4,37,
2-11,15:21:53,57,57,12.93,4,37,
2-11,15:21:53,58,58,12.95,4,37,
2-11,15:21:54,58,58,12.95,4,37,
2-11,15:21:54,58,58,12.95,4,37,
2-11,15:21:55,58,58,12.97,4,37,
2-11,15:21:55,57,57,12.93,4,37,
2-11,15:21:56,57,57,12.94,4,37,
2-11,15:21:56,57,57,12.94,4,37,
2-11,15:21:57,58,58,12.98,4,37,
2-11,15:21:57,58,58,12.96,4,37,
2-11,15:21:58,58,58,12.95,4,37,
2-11,15:21:58,58,58,12.96,4,37,
2-11,15:21:59,58,58,12.95,4,37,
2-11,15:21:59,59,59,12.97,4,37,
2-11,15:22:0,58,58,12.97,4,37,
2-11,15:22:0,58,58,12.96,4,37,
2-11,15:22:1,59,59,12.97,4,37,
2-11,15:22:1,59,59,12.94,4,37,
2-11,15:22:2,58,58,12.96,4,37,
2-11,15:22:2,59,59,12.97,4,37,
2-11,15:22:3,58,58,12.94,4,37,
2-11,15:22:3,58,58,12.92,4,37,
2-11,15:22:4,59,59,12.99,4,37,
2-11,15:22:4,59,59,12.97,4,37,
2-11,15:22:5,60,60,12.97,4,37,
2-11,15:22:5,58,58,12.96,4,37,
2-11,15:22:6,60,60,12.99,4,37,
2-11,15:22:6,59,59,12.98,4,37,
2-11,15:22:7,59,59,12.95,4,37,
2-11,15:22:7,59,59,12.95,4,37,
2-11,15:22:8,60,60,12.98,4,37,
2-11,15:22:8,59,59,12.96,4,37,
2-11,15:22:9,58,58,12.95,4,37,
2-11,15:22:9,59,59,12.98,4,37,
2-11,15:22:10,58,58,12.95,4,37,
2-11,15:22:10,59,59,12.97,4,37,
2-11,15:22:11,58,58,12.95,4,37,
2-11,15:22:11,59,59,12.99,4,37,
2-11,15:22:12,59,59,12.97,4,37,
2-11,15:22:12,58,58,12.95,4,37,
2-11,15:22:13,59,59,12.98,4,37,
2-11,15:22:13,59,59,12.96,4,37,
2-11,15:22:14,58,58,12.97,4,37,
2-11,15:22:14,59,59,12.97,4,37,
2-11,15:22:15,59,59,12.98,4,37,
2-11,15:22:15,59,59,12.95,4,37,
2-11,15:22:16,59,59,12.98,4,37,
2-11,15:22:16,58,58,12.96,4,37,
2-11,15:22:17,59,59,12.97,4,37,
2-11,15:22:17,58,58,12.95,4,37,
2-11,15:22:18,59,59,12.98,4,37,
2-11,15:22:18,58,58,12.94,4,37,
2-11,15:22:19,59,59,12.97,4,37,
2-11,15:22:19,57,57,12.94,4,37,
2-11,15:22:20,58,58,12.95,4,37,
2-11,15:22:20,59,59,12.97,4,37,
2-11,15:22:21,57,57,12.95,4,37,
2-11,15:22:21,58,58,12.94,4,37,
2-11,15:22:22,57,57,12.92,4,37,
2-11,15:22:22,59,59,12.96,4,37,
2-11,15:22:23,59,59,12.98,4,37,
2-11,15:22:23,58,58,12.95,4,37,
2-11,15:22:24,57,57,12.95,4,37,
2-11,15:22:24,58,58,12.94,4,37,
2-11,15:22:25,60,60,13,4,37,
2-11,15:22:25,57,57,12.94,4,37,
2-11,15:22:26,57,57,12.94,4,37,
2-11,15:22:26,59,59,12.97,4,37,
2-11,15:22:27,57,57,12.96,4,37,
2-11,15:22:27,58,58,12.97,4,37,
2-11,15:22:28,58,58,12.97,4,37,
2-11,15:22:28,57,57,12.96,4,37,
2-11,15:22:29,58,58,12.96,4,37,
2-11,15:22:29,58,58,12.95,4,37,
2-11,15:22:30,58,58,12.98,4,37,
2-11,15:22:30,57,57,12.97,4,37,
2-11,15:22:31,57,57,12.94,4,37,
2-11,15:22:31,56,56,12.94,4,37,
2-11,15:22:32,57,57,12.96,4,37,
2-11,15:22:32,57,57,12.96,4,37,
2-11,15:22:33,58,58,12.97,4,37,
2-11,15:22:33,58,58,12.98,4,37,
2-11,15:22:34,57,57,12.95,4,37,
2-11,15:22:34,57,57,12.96,4,37,
2-11,15:22:35,56,56,12.96,4,37,
2-11,15:22:35,57,57,12.95,4,37,
2-11,15:22:36,57,57,12.95,4,37,
2-11,15:22:36,57,57,12.95,4,37,
2-11,15:22:37,57,57,12.97,4,37,
2-11,15:22:37,58,58,12.97,4,37,
2-11,15:22:38,58,58,12.97,4,37,
2-11,15:22:38,58,58,12.99,4,37,
2-11,15:22:39,57,57,12.97,4,37,
2-11,15:22:39,57,57,12.96,4,37,
2-11,15:22:40,58,58,12.96,4,37,
2-11,15:22:40,57,57,12.93,4,37,
2-11,15:22:41,58,58,12.98,4,37,
2-11,15:22:41,58,58,12.98,4,37,
2-11,15:22:42,58,58,12.99,4,37,
2-11,15:22:42,58,58,12.97,4,37,
2-11,15:22:43,57,57,12.95,4,37,
2-11,15:22:43,58,58,12.99,4,37,
2-11,15:22:44,58,58,12.99,4,37,
2-11,15:22:44,57,57,12.95,4,37,
2-11,15:22:45,58,58,12.98,4,37,
2-11,15:22:45,57,57,12.95,4,37,
2-11,15:22:46,56,56,12.94,4,37,
2-11,15:22:46,58,58,12.97,4,37,
2-11,15:22:47,58,58,12.97,4,37,
2-11,15:22:47,58,58,12.98,4,37,
2-11,15:22:48,57,57,12.97,4,37,
2-11,15:22:48,57,57,12.95,4,37,
2-11,15:22:49,55,55,12.9,4,37,
2-11,15:22:49,56,56,12.94,4,37,
2-11,15:22:50,57,57,12.97,4,37,
2-11,15:22:50,57,57,12.97,4,37,
2-11,15:22:51,57,57,12.94,4,37,
2-11,15:22:51,57,57,12.96,4,37,
2-11,15:22:52,57,57,12.93,4,37,
2-11,15:22:52,57,57,12.94,4,37,
2-11,15:22:53,56,56,12.95,4,37,
2-11,15:22:53,58,58,12.98,4,37,
2-11,15:22:54,58,58,12.98,4,37,
2-11,15:22:54,57,57,12.94,4,37,
2-11,15:22:55,58,58,12.98,4,37,
2-11,15:22:55,57,57,12.94,4,37,
2-11,15:22:56,58,58,12.97,4,37,
2-11,15:22:56,57,57,12.93,4,37,
2-11,15:22:57,58,58,12.95,4,37,
2-11,15:22:57,57,57,12.95,4,37,
2-11,15:22:58,56,56,12.94,4,37,
2-11,15:22:58,56,56,12.94,4,37,
2-11,15:22:59,57,57,12.99,4,37,
2-11,15:22:59,57,57,12.97,4,37,
2-11,15:23:0,58,58,12.97,4,37,
2-11,15:23:0,57,57,12.96,4,37,
2-11,15:23:1,58,58,12.95,4,37,
2-11,15:23:1,58,58,12.99,4,37,
2-11,15:23:2,57,57,12.94,4,37,
2-11,15:23:2,58,58,12.97,4,37,
2-11,15:23:3,57,57,12.95,4,37,
2-11,15:23:3,58,58,12.97,4,37,
2-11,15:23:4,58,58,12.97,4,37,
2-11,15:23:4,57,57,12.96,4,37,
2-11,15:23:5,58,58,12.99,4,37,
2-11,15:23:5,58,58,12.99,4,37,
2-11,15:23:6,56,56,12.93,4,37,
2-11,15:23:6,56,56,12.96,4,37,
2-11,15:23:7,56,56,12.95,4,37,
2-11,15:23:7,56,56,12.93,4,37,
2-11,15:23:8,57,57,12.97,4,37,
2-11,15:23:8,57,57,12.97,4,37,
2-11,15:23:9,57,57,12.98,4,37,
2-11,15:23:9,56,56,12.92,4,37,
2-11,15:23:10,57,57,12.99,4,37,
2-11,15:23:10,57,57,12.95,4,37,
2-11,15:23:11,56,56,12.95,4,37,
2-11,15:23:11,57,57,12.94,4,37,
2-11,15:23:12,56,56,12.94,4,37,
2-11,15:23:12,56,56,12.95,4,37,
2-11,15:23:13,57,57,12.95,4,37,
2-11,15:23:13,56,56,12.94,4,37,
2-11,15:23:14,58,58,12.98,4,37,
2-11,15:23:14,56,56,12.9,4,37,
2-11,15:23:15,57,57,12.95,4,37,
2-11,15:23:15,57,57,12.95,4,37,
2-11,15:23:16,56,56,12.91,4,37,
2-11,15:23:16,57,57,12.97,4,37,
2-11,15:23:17,58,58,12.98,4,37,
2-11,15:23:17,58,58,12.97,4,37,
2-11,15:23:18,57,57,12.98,4,37,
2-11,15:23:18,57,57,12.95,4,37,
2-11,15:23:19,59,59,13.01,4,37,
2-11,15:23:19,56,56,12.94,4,37,
2-11,15:23:20,58,58,12.98,4,37,
2-11,15:23:20,58,58,13,4,37,
2-11,15:23:21,58,58,13.01,4,37,
2-11,15:23:21,59,59,12.98,4,37,
2-11,15:23:22,61,61,12.99,4,37,
2-11,15:23:22,60,60,12.98,4,37,
2-11,15:23:23,60,60,12.99,4,37,
2-11,15:23:23,60,60,12.97,4,37,
2-11,15:23:24,61,61,13,4,37,
2-11,15:23:24,61,61,12.96,4,37,
2-11,15:23:25,62,62,12.95,4,37,
2-11,15:23:25,63,63,13,4,37,
2-11,15:23:26,61,61,12.94,4,37,
2-11,15:23:26,59,59,12.36,4,37,
2-11,15:23:27,58,58,12.51,4,37,
2-11,15:23:27,61,61,12.98,4,37,
2-11,15:23:28,60,60,12.98,4,37,
2-11,15:23:28,62,62,12.96,4,37,
2-11,15:23:29,63,63,13.06,4,37,
2-11,15:23:29,60,60,13.02,4,37,
2-11,15:23:30,63,63,13,4,37,
2-11,15:23:30,63,63,13,4,37,
2-11,15:23:31,64,64,13.03,4,37,
2-11,15:23:31,59,59,12.99,4,37,
2-11,15:23:32,58,58,12.96,4,37,
2-11,15:23:32,58,58,12.97,4,37,
2-11,15:23:33,58,58,12.94,4,37,
2-11,15:23:33,58,58,12.96,4,37,
2-11,15:23:34,56,56,12.93,4,37,
2-11,15:23:34,57,57,12.99,4,37,
2-11,15:23:35,56,56,12.96,4,37,
2-11,15:23:35,57,57,12.96,4,37,
2-11,15:23:36,57,57,13,4,37,
2-11,15:23:36,56,56,12.95,4,37,
2-11,15:23:37,57,57,12.97,4,37,
2-11,15:23:37,56,56,12.97,4,37,
2-11,15:23:38,56,56,12.95,4,37,
2-11,15:23:38,57,57,12.99,4,37,
2-11,15:23:39,55,55,12.92,4,37,
2-11,15:23:39,57,57,12.98,4,37,
2-11,15:23:40,55,55,12.95,4,37,
2-11,15:23:40,57,57,12.97,4,37,
2-11,15:23:41,56,56,12.96,4,37,
2-11,15:23:41,54,54,12.23,4,37,
2-11,15:23:42,59,59,12.96,4,37,
2-11,15:23:42,56,56,12.92,4,37,
2-11,15:23:43,56,56,12.93,4,37,
2-11,15:23:43,56,56,12.92,4,37,
2-11,15:23:44,55,55,12.89,4,37,
2-11,15:23:44,54,54,12.92,4,37,
2-11,15:23:45,54,54,12.89,4,37,
2-11,15:23:45,55,55,12.94,4,37,
2-11,15:23:46,54,54,12.94,4,37,
2-11,15:23:46,56,56,12.96,4,37,
2-11,15:23:47,54,54,12.91,4,37,
2-11,15:23:47,56,56,12.97,4,37,
2-11,15:23:48,55,55,12.97,4,37,
2-11,15:23:48,55,55,12.94,4,37,
2-11,15:23:49,57,57,13,4,37,
2-11,15:23:49,54,54,12.91,4,37,
2-11,15:23:50,56,56,12.94,4,37,
2-11,15:23:50,55,55,12.92,4,37,
2-11,15:23:51,56,56,12.95,4,37,
2-11,15:23:51,56,56,12.95,4,37,
2-11,15:23:52,55,55,12.91,4,37,
2-11,15:23:52,58,58,12.97,4,37,
2-11,15:23:53,56,56,12.93,4,37,
2-11,15:23:53,56,56,12.95,4,37,
2-11,15:23:54,57,57,12.93,4,37,
2-11,15:23:54,57,57,12.95,4,37,
2-11,15:23:55,58,58,12.97,4,37,
2-11,15:23:55,55,55,12.9,4,37,
2-11,15:23:56,58,58,12.99,4,37,
2-11,15:23:56,55,55,12.91,4,37,
2-11,15:23:57,57,57,12.94,4,37,
2-11,15:23:57,58,58,12.96,4,37,
2-11,15:23:58,54,54,12.89,4,37,
2-11,15:23:58,56,56,12.92,4,37,
2-11,15:23:59,55,55,12.91,4,37,
2-11,15:23:59,56,56,12.93,4,37,
2-11,15:24:0,55,55,12.91,4,37,
2-11,15:24:0,58,58,12.99,4,37,
2-11,15:24:1,58,58,13.02,4,37,
2-11,15:24:1,58,58,13.05,4,37,
2-11,15:24:2,57,57,12.99,4,37,
2-11,15:24:2,57,57,12.96,4,37,
2-11,15:24:3,57,57,12.99,4,37,
2-11,15:24:3,60,60,12.97,4,37,
2-11,15:24:4,59,59,12.96,4,37,
2-11,15:24:4,60,60,13.04,4,37,
2-11,15:24:5,85,85,11.32,4,37,
2-11,15:24:5,90,90,12.49,4,37,
2-11,15:24:9,87,87,11.73,4,37,
2-11,15:24:10,88,88,11.79,4,37,
2-11,15:24:11,18,18,9.78,4,37,
2-11,15:24:13,69,69,9.68,4,37,
2-11,15:31:41,68,68,15.43,5,38,
2-11,15:31:41,68,68,15.42,5,38,
2-11,15:31:42,68,68,15.41,5,38,
2-11,15:31:42,68,68,15.41,5,38,
2-11,15:31:43,68,68,15.39,5,38,
2-11,15:31:43,68,68,15.39,5,38,
2-11,15:31:44,68,68,15.38,5,38,
2-11,15:31:44,68,68,15.39,5,38,
2-11,15:31:45,68,68,15.38,5,38,
2-11,15:31:45,68,68,15.38,5,38,
2-11,15:31:46,68,68,15.36,5,38,
2-11,15:31:46,68,68,15.37,5,38,
2-11,15:31:47,68,68,15.37,5,38,
2-11,15:31:47,68,68,15.36,5,38,
2-11,15:31:48,68,68,15.35,5,38,
2-11,15:31:48,68,68,15.36,5,38,
2-11,15:31:49,67,67,15.41,5,38