SensorID: 5498,
Firmware Version: 1.5.5,

mm-dd,hh:mm:ss,SmO2 Live,SmO2 Averaged,THb,Lap,Session Ct,
2-3,13:1:24,62,62,13.31,10,251,
2-3,13:1:24,63,63,13.34,10,251,
2-3,13:1:25,63,63,13.36,10,251,
2-3,13:1:25,64,64,13.38,10,251,
2-3,13:1:26,63,63,13.35,10,251,
2-3,13:1:26,63,63,13.36,10,251,
2-3,13:1:27,64,64,13.38,10,251,
2-3,13:1:27,64,64,13.35,10,251,
2-3,13:1:28,64,64,13.35,10,251,
2-3,13:1:28,65,65,13.38,10,251,
2-3,13:1:29,65,65,13.38,10,251,
2-3,13:1:29,65,65,13.38,10,251,
2-3,13:1:30,65,65,13.38,10,251,
2-3,13:1:30,64,64,13.36,10,251,
2-3,13:1:31,65,65,13.39,10,251,
2-3,13:1:31,65,65,13.36,10,251,
2-3,13:1:32,65,65,13.36,10,251,
2-3,13:1:32,65,65,13.36,10,251,
2-3,13:1:33,66,66,13.41,10,251,
2-3,13:1:33,66,66,13.4,10,251,
2-3,13:1:34,66,66,13.38,10,251,
2-3,13:1:34,68,68,13.44,10,251,
2-3,13:1:35,66,66,13.33,10,251,
2-3,13:1:35,69,69,13.39,10,251,
2-3,13:1:36,68,68,13.36,10,251,
2-3,13:1:36,67,67,13.35,10,251,
2-3,13:1:37,67,67,13.37,10,251,
2-3,13:1:37,66,66,13.33,10,251,
2-3,13:1:38,68,68,13.4,10,251,
2-3,13:1:38,66,66,13.27,10,251,
2-3,13:1:39,67,67,13.32,10,251,
2-3,13:1:39,67,67,13.34,10,251,
2-3,13:1:40,67,67,13.32,10,251,
2-3,13:1:40,68,68,13.36,10,251,
2-3,13:1:41,69,69,13.38,10,251,
2-3,13:1:41,70,70,13.4,10,251,
2-3,13:1:42,69,69,13.37,10,251,
2-3,13:1:42,70,70,13.36,10,251,
2-3,13:1:43,69,69,13.28,10,251,
2-3,13:1:43,71,71,13.39,10,251,
2-3,13:1:44,71,71,13.38,10,251,
2-3,13:1:44,71,71,13.28,10,251,
2-3,13:1:45,72,72,13.34,10,251,
2-3,13:1:45,72,72,13.38,10,251,
2-3,13:1:46,71,71,13.26,10,251,
2-3,13:1:46,72,72,13.36,10,251,
2-3,13:1:47,71,71,13.29,10,251,
2-3,13:1:47,73,73,13.34,10,251,
2-3,13:1:48,71,71,13.28,10,251,
2-3,13:1:48,72,72,13.31,10,251,
2-3,13:1:49,72,72,13.37,10,251,
2-3,13:1:49,73,73,13.29,10,251,
2-3,13:1:50,73,73,13.34,10,251,
2-3,13:1:50,72,72,13.32,10,251,
2-3,13:1:51,72,72,13.32,10,251,
2-3,13:1:51,71,71,13.26,10,251,
2-3,13:1:52,73,73,13.3,10,251,
2-3,13:1:52,72,72,13.31,10,251,
2-3,13:1:53,73,73,13.35,10,251,
2-3,13:1:53,73,73,13.31,10,251,
2-3,13:1:54,73,73,13.36,10,251,
2-3,13:1:54,73,73,13.33,10,251,
2-3,13:1:55,73,73,13.37,10,251,
2-3,13:1:55,73,73,13.34,10,251,
2-3,13:1:56,73,73,13.33,10,251,
2-3,13:1:56,73,73,13.34,10,251,
2-3,13:1:57,73,73,13.34,10,251,
2-3,13:1:57,73,73,13.41,10,251,
2-3,13:1:58,73,73,13.37,10,251,
2-3,13:1:58,72,72,13.29,10,251,
2-3,13:1:59,74,74,13.45,10,251,
2-3,13:1:59,73,73,13.43,10,251,
2-3,13:2:0,71,71,13.29,10,251,
2-3,13:2:0,72,72,13.33,10,251,
2-3,13:2:1,70,70,13.21,10,251,
2-3,13:2:1,73,73,13.36,10,251,
2-3,13:2:2,72,72,13.32,10,251,
2-3,13:2:2,73,73,13.32,10,251,
2-3,13:2:3,72,72,13.3,10,251,
2-3,13:2:3,72,72,13.32,10,251,
2-3,13:2:4,72,72,13.3,10,251,
2-3,13:2:4,72,72,13.27,10,251,
2-3,13:2:5,73,73,13.37,10,251,
2-3,13:2:5,71,71,13.26,10,251,
2-3,13:2:6,72,72,13.35,10,251,
2-3,13:2:6,72,72,13.39,10,251,
2-3,13:2:7,72,72,13.39,10,251,
2-3,13:2:7,73,73,13.41,10,251,
2-3,13:2:8,72,72,13.41,10,251,
2-3,13:2:8,72,72,13.39,10,251,
2-3,13:2:9,70,70,13.28,10,251,
2-3,13:2:9,71,71,13.31,10,251,
2-3,13:2:10,72,72,13.36,10,251,
2-3,13:2:10,73,73,13.37,10,251,
2-3,13:2:11,72,72,13.39,10,251,
2-3,13:2:11,71,71,13.32,10,251,
2-3,13:2:12,71,71,13.26,10,251,
2-3,13:2:12,71,71,13.36,10,251,
2-3,13:2:13,70,70,13.3,10,251,
2-3,13:2:13,72,72,13.38,10,251,
2-3,13:2:14,70,70,13.3,10,251,
2-3,13:2:14,70,70,13.32,10,251,
2-3,13:2:15,71,71,13.34,10,251,
2-3,13:2:15,71,71,13.35,10,251,
2-3,13:2:16,71,71,13.39,10,251,
2-3,13:2:16,70,70,13.34,10,251,
2-3,13:2:17,71,71,13.4,10,251,
2-3,13:2:17,69,69,13.33,10,251,
2-3,13:2:18,71,71,13.38,10,251,
2-3,13:2:18,71,71,13.37,10,251,
2-3,13:2:19,69,69,13.29,10,251,
2-3,13:2:19,70,70,13.34,10,251,
2-3,13:2:20,70,70,13.4,10,251,
2-3,13:2:20,74,74,13.36,10,251,
2-3,13:2:21,69,69,13.33,10,251,
2-3,13:2:21,70,70,13.37,10,251,
2-3,13:2:22,70,70,13.38,10,251,
2-3,13:2:22,70,70,13.38,10,251,
2-3,13:2:23,69,69,13.33,10,251,
2-3,13:2:23,69,69,13.35,10,251,
2-3,13:2:24,73,73,13.31,10,251,
2-3,13:2:24,68,68,13.33,10,251,
2-3,13:2:25,69,69,13.37,10,251,
2-3,13:2:25,69,69,13.37,10,251,
2-3,13:2:26,68,68,13.32,10,251,
2-3,13:2:26,70,70,13.36,10,251,
2-3,13:2:27,69,69,13.38,10,251,
2-3,13:2:27,70,70,13.46,10,251,
2-3,13:2:28,71,71,13.47,10,251,
2-3,13:2:28,73,73,13.29,10,251,
2-3,13:2:29,68,68,13.35,10,251,
2-3,13:2:29,68,68,13.36,10,251,
2-3,13:2:30,69,69,13.36,10,251,
2-3,13:2:30,68,68,13.32,10,251,
2-3,13:2:31,68,68,13.35,10,251,
2-3,13:2:31,70,70,13.47,10,251,
2-3,13:2:32,67,67,13.34,10,251,
2-3,13:2:32,69,69,13.4,10,251,
2-3,13:2:33,69,69,13.41,10,251,
2-3,13:2:33,67,67,13.37,10,251,
2-3,13:2:34,69,69,13.43,10,251,
2-3,13:2:34,67,67,13.36,10,251,
2-3,13:2:35,67,67,13.35,10,251,
2-3,13:2:35,67,67,13.35,10,251,
2-3,13:2:36,67,67,13.36,10,251,
2-3,13:2:36,66,66,13.33,10,251,
2-3,13:2:37,67,67,13.36,10,251,
2-3,13:2:37,67,67,13.36,10,251,
2-3,13:2:38,68,68,13.38,10,251,
2-3,13:2:38,68,68,13.41,10,251,
2-3,13:2:39,66,66,13.33,10,251,
2-3,13:2:39,66,66,13.35,10,251,
2-3,13:2:40,66,66,13.35,10,251,
2-3,13:2:40,68,68,13.44,10,251,
2-3,13:2:41,66,66,13.28,10,251,
2-3,13:2:41,67,67,13.39,10,251,
2-3,13:2:42,67,67,13.39,10,251,
2-3,13:2:42,66,66,13.34,10,251,
2-3,13:2:43,68,68,13.45,10,251,
2-3,13:2:43,68,68,13.41,10,251,
2-3,13:2:44,66,66,13.4,10,251,
2-3,13:2:44,67,67,13.41,10,251,
2-3,13:2:45,65,65,13.34,10,251,
2-3,13:2:45,65,65,13.33,10,251,
2-3,13:2:46,67,67,13.4,10,251,
2-3,13:2:46,65,65,13.35,10,251,
2-3,13:2:47,66,66,13.42,10,251,
2-3,13:2:47,64,64,13.34,10,251,
2-3,13:2:48,63,63,13.28,10,251,
2-3,13:2:48,66,66,13.4,10,251,
2-3,13:2:49,64,64,13.33,10,251,
2-3,13:2:49,66,66,13.38,10,251,
2-3,13:2:50,66,66,13.43,10,251,
2-3,13:2:50,64,64,13.32,10,251,
2-3,13:2:51,66,66,13.41,10,251,
2-3,13:2:51,64,64,13.34,10,251,
2-3,13:2:52,65,65,13.37,10,251,
2-3,13:2:52,66,66,13.41,10,251,
2-3,13:2:53,69,69,13.48,10,251,
2-3,13:2:53,69,69,13.35,10,251,
2-3,13:2:54,64,64,13.35,10,251,
2-3,13:2:54,63,63,13.31,10,251,
2-3,13:2:55,65,65,13.39,10,251,
2-3,13:2:55,63,63,13.34,10,251,
2-3,13:2:56,64,64,13.39,10,251,
2-3,13:2:56,63,63,13.33,10,251,
2-3,13:2:57,68,68,13.43,10,251,
2-3,13:2:57,64,64,13.39,10,251,
2-3,13:2:58,63,63,13.36,10,251,
2-3,13:2:58,64,64,13.38,10,251,
2-3,13:2:59,65,65,13.42,10,251,
2-3,13:2:59,64,64,13.4,10,251,
2-3,13:3:0,63,63,13.35,10,251,
2-3,13:3:0,64,64,13.39,10,251,
2-3,13:3:1,64,64,13.41,10,251,
2-3,13:3:1,64,64,13.41,10,251,
2-3,13:3:2,65,65,13.45,10,251,
2-3,13:3:2,62,62,13.35,10,251,
2-3,13:3:3,64,64,13.42,10,251,
2-3,13:3:3,61,61,13.33,10,251,
2-3,13:3:4,63,63,13.36,10,251,
2-3,13:3:4,62,62,13.36,10,251,
2-3,13:3:5,62,62,13.37,10,251,
2-3,13:3:5,61,61,13.36,10,251,
2-3,13:3:6,61,61,13.39,10,251,
2-3,13:3:6,63,63,13.43,10,251,
2-3,13:3:7,62,62,13.39,10,251,
2-3,13:3:7,62,62,13.43,10,251,
2-3,13:3:8,63,63,13.42,10,251,
2-3,13:3:8,62,62,13.4,10,251,
2-3,13:3:9,61,61,13.39,10,251,
2-3,13:3:9,60,60,13.37,10,251,
2-3,13:3:10,61,61,13.4,10,251,
2-3,13:3:10,60,60,13.37,10,251,
2-3,13:3:11,60,60,13.39,10,251,
2-3,13:3:11,59,59,13.37,10,251,
2-3,13:3:12,61,61,13.39,10,251,
2-3,13:3:12,60,60,13.37,10,251,
2-3,13:3:13,58,58,13.35,10,251,
2-3,13:3:13,62,62,13.47,10,251,
2-3,13:3:14,61,61,13.45,10,251,
2-3,13:3:14,59,59,13.38,10,251,
2-3,13:3:15,59,59,13.4,10,251,
2-3,13:3:15,63,63,13.5,10,251,
2-3,13:3:16,60,60,13.43,10,251,
2-3,13:3:16,58,58,13.37,10,251,
2-3,13:3:17,60,60,13.4,10,251,
2-3,13:3:17,61,61,13.46,10,251,
2-3,13:3:18,58,58,13.38,10,251,
2-3,13:3:18,60,60,13.4,10,251,
2-3,13:3:19,60,60,13.44,10,251,
2-3,13:3:19,61,61,13.45,10,251,
2-3,13:3:20,58,58,13.38,10,251,
2-3,13:3:20,58,58,13.38,10,251,
2-3,13:3:21,62,62,13.49,10,251,
2-3,13:3:21,59,59,13.4,10,251,
2-3,13:3:22,59,59,13.4,10,251,
2-3,13:3:22,55,55,13.3,10,251,
2-3,13:3:23,60,60,13.45,10,251,
2-3,13:3:23,59,59,13.42,10,251,
2-3,13:3:24,59,59,13.42,10,251,
2-3,13:3:24,59,59,13.45,10,251,
2-3,13:3:25,61,61,13.5,10,251,
2-3,13:3:25,58,58,13.41,10,251,
2-3,13:3:26,57,57,13.39,10,251,
2-3,13:3:26,58,58,13.42,10,251,
2-3,13:3:27,61,61,13.5,10,251,
2-3,13:3:27,58,58,13.41,10,251,
2-3,13:3:28,56,56,13.38,10,251,
2-3,13:3:28,61,61,13.5,10,251,
2-3,13:3:29,56,56,13.38,10,251,
2-3,13:3:29,59,59,13.46,10,251,
2-3,13:3:30,58,58,13.45,10,251,
2-3,13:3:30,56,56,13.37,10,251,
2-3,13:3:31,55,55,13.35,10,251,
2-3,13:3:31,53,53,13.31,10,251,
2-3,13:3:32,58,58,13.44,10,251,
2-3,13:3:32,56,56,13.38,10,251,
2-3,13:3:33,57,57,13.44,10,251,
2-3,13:3:33,56,56,13.38,10,251,
2-3,13:3:34,55,55,13.37,10,251,
2-3,13:3:34,56,56,13.42,10,251,
2-3,13:3:35,55,55,13.37,10,251,
2-3,13:3:35,55,55,13.36,10,251,
2-3,13:3:36,53,53,13.36,10,251,
2-3,13:3:36,54,54,13.37,10,251,
2-3,13:3:37,55,55,13.39,10,251,
2-3,13:3:37,56,56,13.4,10,251,
2-3,13:3:38,56,56,13.42,10,251,
2-3,13:3:38,55,55,13.4,10,251,
2-3,13:3:39,54,54,13.38,10,251,
2-3,13:3:39,58,58,13.48,10,251,
2-3,13:3:40,52,52,13.36,10,251,
2-3,13:3:40,55,55,13.4,10,251,
2-3,13:3:41,56,56,13.42,10,251,
2-3,13:3:41,54,54,13.4,10,251,
2-3,13:3:42,55,55,13.41,10,251,
2-3,13:3:42,55,55,13.38,10,251,
2-3,13:3:43,54,54,13.39,10,251,
2-3,13:3:43,55,55,13.39,10,251,
2-3,13:3:44,57,57,13.46,10,251,
2-3,13:3:44,54,54,13.4,10,251,
2-3,13:3:45,53,53,13.37,10,251,
2-3,13:3:45,55,55,13.44,10,251,
2-3,13:3:46,54,54,13.4,10,251,
2-3,13:3:46,52,52,13.37,10,251,
2-3,13:3:47,56,56,13.46,10,251,
2-3,13:3:47,54,54,13.43,10,251,
2-3,13:3:48,54,54,13.42,10,251,
2-3,13:3:48,54,54,13.43,10,251,
2-3,13:3:49,53,53,13.41,10,251,
2-3,13:3:49,53,53,13.42,10,251,
2-3,13:3:50,51,51,13.37,10,251,
2-3,13:3:50,54,54,13.41,10,251,
2-3,13:3:51,56,56,13.49,10,251,
2-3,13:3:51,53,53,13.4,10,251,
2-3,13:3:52,55,55,13.47,10,251,
2-3,13:3:52,59,59,13.53,10,251,
2-3,13:3:53,55,55,13.45,10,251,
2-3,13:3:53,51,51,13.39,10,251,
2-3,13:3:54,53,53,13.41,10,251,
2-3,13:3:54,57,57,13.45,10,251,
2-3,13:3:55,54,54,13.43,10,251,
2-3,13:3:55,52,52,13.4,10,251,
2-3,13:3:56,49,49,13.36,10,251,
2-3,13:3:56,52,52,13.41,10,251,
2-3,13:3:57,58,58,13.49,10,251,
2-3,13:3:57,53,53,13.46,10,251,
2-3,13:3:58,55,55,13.47,10,251,
2-3,13:3:58,55,55,13.47,10,251,
2-3,13:3:59,51,51,13.41,10,251,
2-3,13:3:59,53,53,13.45,10,251,
2-3,13:4:0,53,53,13.44,10,251,
2-3,13:4:0,49,49,13.36,10,251,
2-3,13:4:1,51,51,13.42,10,251,
2-3,13:4:1,51,51,13.41,10,251,
2-3,13:4:2,52,52,13.44,10,251,
2-3,13:4:2,51,51,13.42,10,251,
2-3,13:4:3,49,49,13.37,10,251,
2-3,13:4:3,49,49,13.38,10,251,
2-3,13:4:4,49,49,13.39,10,251,
2-3,13:4:4,52,52,13.43,10,251,
2-3,13:4:5,57,57,13.57,10,251,
2-3,13:4:5,49,49,13.39,10,251,
2-3,13:4:6,49,49,13.39,10,251,
2-3,13:4:6,54,54,13.49,10,251,
2-3,13:4:7,51,51,13.46,10,251,
2-3,13:4:7,48,48,13.39,10,251,
2-3,13:4:8,52,52,13.46,10,251,
2-3,13:4:8,55,55,13.52,10,251,
2-3,13:4:9,47,47,13.39,10,251,
2-3,13:4:9,51,51,13.44,10,251,
2-3,13:4:10,53,53,13.49,10,251,
2-3,13:4:10,52,52,13.46,10,251,
2-3,13:4:11,49,49,13.39,10,251,
2-3,13:4:11,55,55,13.52,10,251,
2-3,13:4:12,51,51,13.45,10,251,
2-3,13:4:12,45,45,13.34,10,251,
2-3,13:4:13,53,53,13.52,10,251,
2-3,13:4:13,50,50,13.43,10,251,
2-3,13:4:14,49,49,13.4,10,251,
2-3,13:4:14,49,49,13.4,10,251,
2-3,13:4:15,50,50,13.43,10,251,
2-3,13:4:15,49,49,13.44,10,251,
2-3,13:4:16,48,48,13.41,10,251,
2-3,13:4:16,44,44,13.35,10,251,
2-3,13:4:17,51,51,13.46,10,251,
2-3,13:4:17,47,47,13.39,10,251,
2-3,13:4:18,48,48,13.39,10,251,
2-3,13:4:18,45,45,13.37,10,251,
2-3,13:4:19,42,42,13.33,10,251,
2-3,13:4:19,52,52,13.5,10,251,
2-3,13:4:20,48,48,13.42,10,251,
2-3,13:4:20,54,54,13.57,10,251,
2-3,13:4:21,46,46,13.38,10,251,
2-3,13:4:21,47,47,13.41,10,251,
2-3,13:4:22,49,49,13.46,10,251,
2-3,13:4:22,40,40,13.32,10,251,
2-3,13:4:23,46,46,13.4,10,251,
2-3,13:4:23,48,48,13.44,10,251,
2-3,13:4:24,49,49,13.45,10,251,
2-3,13:4:24,46,46,13.41,10,251,
2-3,13:4:25,38,38,13.28,10,251,
2-3,13:4:25,43,43,13.35,10,251,
2-3,13:4:26,43,43,13.36,10,251,
2-3,13:4:26,45,45,13.4,10,251,
2-3,13:4:27,42,42,13.36,10,251,
2-3,13:4:27,42,42,13.34,10,251,
2-3,13:4:28,49,49,13.49,10,251,
2-3,13:4:28,42,42,13.36,10,251,
2-3,13:4:29,48,48,13.45,10,251,
2-3,13:4:29,45,45,13.39,10,251,
2-3,13:4:30,43,43,13.4,10,251,
2-3,13:4:30,45,45,13.39,10,251,
2-3,13:4:31,47,47,13.44,10,251,
2-3,13:4:31,53,53,13.53,10,251,
2-3,13:4:32,47,47,13.44,10,251,
2-3,13:4:32,48,48,13.46,10,251,
2-3,13:4:33,45,45,13.42,10,251,
2-3,13:4:33,44,44,13.39,10,251,
2-3,13:4:34,45,45,13.41,10,251,
2-3,13:4:34,44,44,13.39,10,251,
2-3,13:4:35,46,46,13.44,10,251,
2-3,13:4:35,47,47,13.46,10,251,
2-3,13:4:36,48,48,13.46,10,251,
2-3,13:4:36,43,43,13.38,10,251,
2-3,13:4:37,46,46,13.44,10,251,
2-3,13:4:37,42,42,13.37,10,251,
2-3,13:4:38,43,43,13.39,10,251,
2-3,13:4:38,49,49,13.49,10,251,
2-3,13:4:39,40,40,13.36,10,251,
2-3,13:4:39,45,45,13.45,10,251,
2-3,13:4:40,44,44,13.43,10,251,
2-3,13:4:40,43,43,13.4,10,251,
2-3,13:4:41,39,39,13.35,10,251,
2-3,13:4:41,52,52,13.59,10,251,
2-3,13:4:42,45,45,13.45,10,251,
2-3,13:4:42,45,45,13.44,10,251,
2-3,13:4:43,42,42,13.39,10,251,
2-3,13:4:43,47,47,13.48,10,251,
2-3,13:4:44,40,40,13.39,10,251,
2-3,13:4:44,47,47,13.48,10,251,
2-3,13:4:45,48,48,13.49,10,251,
2-3,13:4:45,42,42,13.39,10,251,
2-3,13:4:46,45,45,13.47,10,251,
2-3,13:4:46,42,42,13.42,10,251,
2-3,13:4:47,50,50,13.56,10,251,
2-3,13:4:47,33,33,13.29,10,251,
2-3,13:4:48,43,43,13.46,10,251,
2-3,13:4:48,40,40,13.41,10,251,
2-3,13:4:49,41,41,13.4,10,251,
2-3,13:4:49,36,36,13.35,10,251,
2-3,13:4:50,46,46,13.47,10,251,
2-3,13:4:50,40,40,13.39,10,251,
2-3,13:4:51,47,47,13.51,10,251,
2-3,13:4:51,40,40,13.39,10,251,
2-3,13:4:52,35,35,13.35,10,251,
2-3,13:4:52,33,33,13.31,10,251,
2-3,13:4:53,41,41,13.41,10,251,
2-3,13:4:53,41,41,13.41,10,251,
2-3,13:4:54,41,41,13.42,10,251,
2-3,13:4:54,35,35,13.34,10,251,
2-3,13:4:55,42,42,13.42,10,251,
2-3,13:4:55,45,45,13.49,10,251,
2-3,13:4:56,41,41,13.41,10,251,
2-3,13:4:56,40,40,13.41,10,251,
2-3,13:4:57,45,45,13.48,10,251,
2-3,13:4:57,39,39,13.41,10,251,
2-3,13:4:58,36,36,13.35,10,251,
2-3,13:4:58,39,39,13.39,10,251,
2-3,13:4:59,49,49,13.5,10,251,
2-3,13:4:59,38,38,13.39,10,251,
2-3,13:5:0,38,38,13.39,10,251,
2-3,13:5:0,37,37,13.38,10,251,
2-3,13:5:1,39,39,13.39,10,251,
2-3,13:5:1,37,37,13.39,10,251,
2-3,13:5:2,37,37,13.39,10,251,
2-3,13:5:2,32,32,13.31,10,251,
2-3,13:5:3,40,40,13.43,10,251,
2-3,13:5:3,32,32,13.32,10,251,
2-3,13:5:4,37,37,13.38,10,251,
2-3,13:5:4,49,49,13.6,10,251,
2-3,13:5:5,47,47,13.5,10,251,
2-3,13:5:5,40,40,13.43,10,251,
2-3,13:5:6,42,42,13.47,10,251,
2-3,13:5:6,39,39,13.41,10,251,
2-3,13:5:7,42,42,13.46,10,251,
2-3,13:5:7,36,36,13.37,10,251,
2-3,13:5:8,37,37,13.39,10,251,
2-3,13:5:8,40,40,13.44,10,251,
2-3,13:5:9,35,35,13.36,10,251,
2-3,13:5:9,36,36,13.39,10,251,
2-3,13:5:10,43,43,13.5,10,251,
2-3,13:5:10,32,32,13.34,10,251,
2-3,13:5:11,33,33,13.36,10,251,
2-3,13:5:11,38,38,13.42,10,251,
2-3,13:5:12,47,47,13.52,10,251,
2-3,13:5:12,40,40,13.44,10,251,
2-3,13:5:13,41,41,13.46,10,251,
2-3,13:5:13,32,32,13.35,10,251,
2-3,13:5:14,40,40,13.44,10,251,
2-3,13:5:14,29,29,13.31,10,251,
2-3,13:5:15,40,40,13.46,10,251,
2-3,13:5:15,38,38,13.43,10,251,
2-3,13:5:16,33,33,13.36,10,251,
2-3,13:5:16,37,37,13.41,10,251,
2-3,13:5:17,37,37,13.4,10,251,
2-3,13:5:17,41,41,13.46,10,251,
2-3,13:5:18,27,27,13.3,10,251,
2-3,13:5:18,42,42,13.5,10,251,
2-3,13:5:19,37,37,13.43,10,251,
2-3,13:5:19,46,46,13.53,10,251,
2-3,13:5:20,33,33,13.36,10,251,
2-3,13:5:20,37,37,13.43,10,251,
2-3,13:5:21,38,38,13.42,10,251,
2-3,13:5:21,42,42,13.49,10,251,
2-3,13:5:22,37,37,13.42,10,251,
2-3,13:5:22,40,40,13.46,10,251,
2-3,13:5:23,32,32,13.36,10,251,
2-3,13:5:23,41,41,13.49,10,251,
2-3,13:5:24,45,45,13.53,10,251,
2-3,13:5:24,35,35,13.39,10,251,
2-3,13:5:25,36,36,13.41,10,251,
2-3,13:5:25,35,35,13.4,10,251,
2-3,13:5:26,34,34,13.4,10,251,
2-3,13:5:26,37,37,13.43,10,251,
2-3,13:5:27,36,36,13.42,10,251,
2-3,13:5:27,39,39,13.46,10,251,
2-3,13:5:28,37,37,13.43,10,251,
2-3,13:5:28,33,33,13.39,10,251,
2-3,13:5:29,32,32,13.37,10,251,
2-3,13:5:29,29,29,13.34,10,251,
2-3,13:5:30,37,37,13.43,10,251,
2-3,13:5:30,36,36,13.42,10,251,
2-3,13:5:31,33,33,13.38,10,251,
2-3,13:5:31,41,41,13.5,10,251,
2-3,13:5:32,37,37,13.45,10,251,
2-3,13:5:32,36,36,13.43,10,251,
2-3,13:5:33,28,28,13.34,10,251,
2-3,13:5:33,35,35,13.42,10,251,
2-3,13:5:34,43,43,13.51,10,251,
2-3,13:5:34,34,34,13.4,10,251,
2-3,13:5:35,33,33,13.4,10,251,
2-3,13:5:35,37,37,13.44,10,251,
2-3,13:5:36,37,37,13.47,10,251,
2-3,13:5:36,34,34,13.4,10,251,
2-3,13:5:37,28,28,13.34,10,251,
2-3,13:5:37,36,36,13.45,10,251,
2-3,13:5:38,38,38,13.46,10,251,
2-3,13:5:38,27,27,13.33,10,251,
2-3,13:5:39,38,38,13.47,10,251,
2-3,13:5:39,33,33,13.39,10,251,
2-3,13:5:40,33,33,13.39,10,251,
2-3,13:5:40,40,40,13.49,10,251,
2-3,13:5:41,39,39,13.49,10,251,
2-3,13:5:41,40,40,13.5,10,251,
2-3,13:5:42,34,34,13.4,10,251,
2-3,13:5:42,44,44,13.56,10,251,
2-3,13:5:43,28,28,13.37,10,251,
2-3,13:5:43,36,36,13.47,10,251,
2-3,13:5:44,39,39,13.48,10,251,
2-3,13:5:44,31,31,13.38,10,251,
2-3,13:5:45,22,22,13.29,10,251,
2-3,13:5:45,40,40,13.5,10,251,
2-3,13:5:46,27,27,13.35,10,251,
2-3,13:5:46,35,35,13.44,10,251,
2-3,13:5:47,20,20,13.28,10,251,
2-3,13:5:47,33,33,13.4,10,251,
2-3,13:5:48,30,30,13.37,10,251,
2-3,13:5:48,39,39,13.48,10,251,
2-3,13:5:49,33,33,13.43,10,251,
2-3,13:5:49,26,26,13.34,10,251,
2-3,13:5:50,38,38,13.47,10,251,
2-3,13:5:50,39,39,13.49,10,251,
2-3,13:5:51,37,37,13.47,10,251,
2-3,13:5:51,28,28,13.37,10,251,
2-3,13:5:52,29,29,13.37,10,251,
2-3,13:5:52,44,44,13.61,10,251,
2-3,13:5:53,33,33,13.4,10,251,
2-3,13:5:53,34,34,13.44,10,251,
2-3,13:5:54,25,25,13.34,10,251,
2-3,13:5:54,29,29,13.37,10,251,
2-3,13:5:55,30,30,13.39,10,251,
2-3,13:5:55,30,30,13.4,10,251,
2-3,13:5:56,31,31,13.41,10,251,
2-3,13:5:56,31,31,13.41,10,251,
2-3,13:5:57,31,31,13.41,10,251,
2-3,13:5:57,34,34,13.44,10,251,
2-3,13:5:58,39,39,13.5,10,251,
2-3,13:5:58,28,28,13.38,10,251,
2-3,13:5:59,32,32,13.42,10,251,
2-3,13:5:59,44,44,13.6,10,251,
2-3,13:6:0,41,41,13.49,10,251,
2-3,13:6:0,27,27,13.37,10,251,
2-3,13:6:1,35,35,13.48,10,251,
2-3,13:6:1,19,19,13.3,10,251,
2-3,13:6:2,33,33,13.44,10,251,
2-3,13:6:2,29,29,13.39,10,251,
2-3,13:6:3,42,42,13.53,10,251,
2-3,13:6:3,30,30,13.41,10,251,
2-3,13:6:4,36,36,13.49,10,251,
2-3,13:6:4,35,35,13.48,10,251,
2-3,13:6:5,34,34,13.46,10,251,
2-3,13:6:5,31,31,13.43,10,251,
2-3,13:6:6,27,27,13.38,10,251,
2-3,13:6:6,26,26,13.38,10,251,
2-3,13:6:7,28,28,13.39,10,251,
2-3,13:6:7,36,36,13.48,10,251,
2-3,13:6:8,18,18,13.29,10,251,
2-3,13:6:8,30,30,13.42,10,251,
2-3,13:6:9,32,32,13.45,10,251,
2-3,13:6:9,31,31,13.42,10,251,
2-3,13:6:10,27,27,13.39,10,251,
2-3,13:6:10,39,39,13.49,10,251,
2-3,13:6:11,33,33,13.46,10,251,
2-3,13:6:11,27,27,13.39,10,251,
2-3,13:6:12,40,40,13.55,10,251,
2-3,13:6:12,21,21,13.34,10,251,
2-3,13:6:13,30,30,13.43,10,251,
2-3,13:6:13,28,28,13.4,10,251,
2-3,13:6:14,26,26,13.37,10,251,
2-3,13:6:14,35,35,13.48,10,251,
2-3,13:6:15,29,29,13.41,10,251,
2-3,13:6:15,34,34,13.5,10,251,
2-3,13:6:16,16,16,13.31,10,251,
2-3,13:6:16,33,33,13.46,10,251,
2-3,13:6:17,23,23,13.36,10,251,
2-3,13:6:17,30,30,13.42,10,251,
2-3,13:6:18,28,28,13.43,10,251,
2-3,13:6:18,32,32,13.46,10,251,
2-3,13:6:19,29,29,13.42,10,251,
2-3,13:6:19,30,30,13.43,10,251,
2-3,13:6:20,23,23,13.36,10,251,
2-3,13:6:20,39,39,13.7,10,251,
2-3,13:6:21,22,22,13.35,10,251,
2-3,13:6:21,28,28,13.42,10,251,
2-3,13:6:22,25,25,13.37,10,251,
2-3,13:6:22,38,38,13.51,10,251,
2-3,13:6:23,14,14,13.28,10,251,
2-3,13:6:23,27,27,13.4,10,251,
2-3,13:6:24,32,32,13.46,10,251,
2-3,13:6:24,29,29,13.41,10,251,
2-3,13:6:25,26,26,13.4,10,251,
2-3,13:6:25,25,25,13.38,10,251,
2-3,13:6:26,30,30,13.43,10,251,
2-3,13:6:26,40,40,13.53,10,251,
2-3,13:6:27,36,36,13.5,10,251,
2-3,13:6:27,29,29,13.41,10,251,
2-3,13:6:28,36,36,13.51,10,251,
2-3,13:6:28,26,26,13.41,10,251,
2-3,13:6:29,19,19,13.34,10,251,
2-3,13:6:29,20,20,13.37,10,251,
2-3,13:6:30,31,31,13.46,10,251,
2-3,13:6:30,27,27,13.44,10,251,
2-3,13:6:31,31,31,13.46,10,251,
2-3,13:6:31,28,28,13.45,10,251,
2-3,13:6:32,28,28,13.43,10,251,
2-3,13:6:32,19,19,13.35,10,251,
2-3,13:6:33,22,22,13.38,10,251,
2-3,13:6:33,30,30,13.47,10,251,
2-3,13:6:34,28,28,13.44,10,251,
2-3,13:6:34,26,26,13.41,10,251,
2-3,13:6:35,31,31,13.48,10,251,
2-3,13:6:35,12,12,13.28,10,251,
2-3,13:6:36,31,31,13.48,10,251,
2-3,13:6:36,27,27,13.44,10,251,
2-3,13:6:37,32,32,13.48,10,251,
2-3,13:6:37,8,8,13.28,10,251,
2-3,13:6:38,26,26,13.43,10,251,
2-3,13:6:38,23,23,13.38,10,251,
2-3,13:6:39,25,25,13.42,10,251,
2-3,13:6:39,20,20,13.38,10,251,
2-3,13:6:40,30,30,13.47,10,251,
2-3,13:6:40,26,26,13.42,10,251,
2-3,13:6:41,30,30,13.44,10,251,
2-3,13:6:41,25,25,13.43,10,251,
2-3,13:6:42,19,19,13.37,10,251,
2-3,13:6:42,21,21,13.37,10,251,
2-3,13:6:43,16,16,13.35,10,251,
2-3,13:6:43,35,35,13.48,10,251,
2-3,13:6:44,31,31,13.49,10,251,
2-3,13:6:44,20,20,13.39,10,251,
2-3,13:6:45,19,19,13.36,10,251,
2-3,13:6:45,22,22,13.4,10,251,
2-3,13:6:46,26,26,13.44,10,251,
2-3,13:6:46,29,29,13.46,10,251,
2-3,13:6:47,23,23,13.42,10,251,
2-3,13:6:47,36,36,13.5,10,251,
2-3,13:6:48,28,28,13.47,10,251,
2-3,13:6:48,22,22,13.39,10,251,
2-3,13:6:49,24,24,13.42,10,251,
2-3,13:6:49,19,19,13.38,10,251,
2-3,13:6:50,20,20,13.39,10,251,
2-3,13:6:50,31,31,13.49,10,251,
2-3,13:6:51,28,28,13.45,10,251,
2-3,13:6:51,25,25,13.44,10,251,
2-3,13:6:52,35,35,13.49,10,251,
2-3,13:6:52,17,17,13.39,10,251,
2-3,13:6:53,16,16,13.34,10,251,
2-3,13:6:53,17,17,13.35,10,251,
2-3,13:6:54,26,26,13.45,10,251,
2-3,13:6:54,14,14,13.34,10,251,
2-3,13:6:55,29,29,13.48,10,251,
2-3,13:6:55,26,26,13.45,10,251,
2-3,13:6:56,33,33,13.52,10,251,
2-3,13:6:56,26,26,13.46,10,251,
2-3,13:6:57,19,19,13.41,10,251,
2-3,13:6:57,25,25,13.44,10,251,
2-3,13:6:58,25,25,13.45,10,251,
2-3,13:6:58,35,35,13.6,10,251,
2-3,13:6:59,21,21,13.39,10,251,
2-3,13:6:59,34,34,13.54,10,251,
2-3,13:7:0,13,13,13.36,10,251,
2-3,13:7:0,34,34,13.53,10,251,
2-3,13:7:1,27,27,13.46,10,251,
2-3,13:7:1,32,32,13.5,10,251,
2-3,13:7:2,27,27,13.47,10,251,
2-3,13:7:2,16,16,13.39,10,251,
2-3,13:7:3,23,23,13.43,10,251,
2-3,13:7:3,27,27,13.48,10,251,
2-3,13:7:4,23,23,13.44,10,251,
2-3,13:7:4,22,22,13.42,10,251,
2-3,13:7:5,28,28,13.49,10,251,
2-3,13:7:5,20,20,13.41,10,251,
2-3,13:7:6,26,26,13.46,10,251,
2-3,13:7:6,14,14,13.37,10,251,
2-3,13:7:7,27,27,13.46,10,251,
2-3,13:7:7,13,13,13.36,10,251,
2-3,13:7:8,11,11,13.31,10,251,
2-3,13:7:8,26,26,13.47,10,251,
2-3,13:7:9,25,25,13.46,10,251,
2-3,13:7:9,22,22,13.43,10,251,
2-3,13:7:10,28,28,13.48,10,251,
2-3,13:7:10,29,29,13.5,10,251,
2-3,13:7:11,20,20,13.39,10,251,
2-3,13:7:11,9,9,13.35,10,251,
2-3,13:7:12,9,9,13.32,10,251,
2-3,13:7:12,11,11,13.32,10,251,
2-3,13:7:13,15,15,13.38,10,251,
2-3,13:7:13,12,12,13.36,10,251,
2-3,13:7:14,11,11,13.35,10,251,
2-3,13:7:14,27,27,13.47,10,251,
2-3,13:7:15,9,9,13.33,10,251,
2-3,13:7:15,24,24,13.46,10,251,
2-3,13:7:16,25,25,13.46,10,251,
2-3,13:7:16,18,18,13.4,10,251,
2-3,13:7:17,22,22,13.42,10,251,
2-3,13:7:17,14,14,13.38,10,251,
2-3,13:7:18,11,11,13.34,10,251,
2-3,13:7:18,18,18,13.4,10,251,
2-3,13:7:19,33,33,13.54,10,251,
2-3,13:7:19,16,16,13.39,10,251,
2-3,13:7:20,32,32,13.53,10,251,
2-3,13:7:20,17,17,13.39,10,251,
2-3,13:7:21,26,26,13.48,10,251,
2-3,13:7:21,21,21,13.42,10,251,
2-3,13:7:22,14,14,13.38,10,251,
2-3,13:7:22,18,18,13.4,10,251,
2-3,13:7:23,22,22,13.42,10,251,
2-3,13:7:23,24,24,13.46,10,251,
2-3,13:7:24,20,20,13.42,10,251,
2-3,13:7:24,28,28,13.5,10,251,
2-3,13:7:25,30,30,13.5,10,251,
2-3,13:7:25,4,4,13.27,10,251,
2-3,13:7:26,25,25,13.47,10,251,
2-3,13:7:26,21,21,13.41,10,251,
2-3,13:7:27,15,15,13.39,10,251,
2-3,13:7:27,15,15,13.37,10,251,
2-3,13:7:28,13,13,13.37,10,251,
2-3,13:7:28,22,22,13.44,10,251,
2-3,13:7:29,27,27,13.49,10,251,
2-3,13:7:29,22,22,13.43,10,251,
2-3,13:7:30,26,26,13.48,10,251,
2-3,13:7:30,33,33,13.55,10,251,
2-3,13:7:31,12,12,13.36,10,251,
2-3,13:7:31,32,32,13.53,10,251,
2-3,13:7:32,18,18,13.4,10,251,
2-3,13:7:32,10,10,13.34,10,251,
2-3,13:7:33,18,18,13.42,10,251,
2-3,13:7:33,21,21,13.44,10,251,
2-3,13:7:34,13,13,13.37,10,251,
2-3,13:7:34,21,21,13.43,10,251,
2-3,13:7:35,12,12,13.36,10,251,
2-3,13:7:35,10,10,13.35,10,251,
2-3,13:7:36,11,11,13.36,10,251,
2-3,13:7:36,30,30,13.51,10,251,
2-3,13:7:37,20,20,13.43,10,251,
2-3,13:7:37,19,19,13.43,10,251,
2-3,13:7:38,17,17,13.4,10,251,
2-3,13:7:38,9,9,13.35,10,251,
2-3,13:7:39,6,6,13.31,10,251,
2-3,13:7:39,17,17,13.4,10,251,
2-3,13:7:40,27,27,13.5,10,251,
2-3,13:7:40,23,23,13.48,10,251,
2-3,13:7:41,4,4,13.29,10,251,
2-3,13:7:41,20,20,13.43,10,251,
2-3,13:7:42,24,24,13.49,10,251,
2-3,13:7:42,33,33,13.59,10,251,
2-3,13:7:43,12,12,13.37,10,251,
2-3,13:7:43,18,18,13.4,10,251,
2-3,13:7:44,19,19,13.44,10,251,
2-3,13:7:44,9,9,13.35,10,251,
2-3,13:7:45,26,26,13.49,10,251,
2-3,13:7:45,22,22,13.45,10,251,
2-3,13:7:46,9,9,13.34,10,251,
2-3,13:7:46,11,11,13.38,10,251,
2-3,13:7:47,18,18,13.43,10,251,
2-3,13:7:47,2,2,13.27,10,251,
2-3,13:7:48,4,4,13.31,10,251,
2-3,13:7:48,30,30,13.5,10,251,
2-3,13:7:49,9,9,13.34,10,251,
2-3,13:7:49,14,14,13.39,10,251,
2-3,13:7:50,30,30,13.51,10,251,
2-3,13:7:50,20,20,13.44,10,251,
2-3,13:7:51,12,12,13.38,10,251,
2-3,13:7:51,5,5,13.31,10,251,
2-3,13:7:52,3,3,13.29,10,251,
2-3,13:7:52,11,11,13.38,10,251,
2-3,13:7:53,11,11,13.36,10,251,
2-3,13:7:53,22,22,13.45,10,251,
2-3,13:7:54,30,30,13.53,10,251,
2-3,13:7:54,31,31,13.5,10,251,
2-3,13:7:55,9,9,13.35,10,251,
2-3,13:7:55,10,10,13.36,10,251,
2-3,13:7:56,8,8,13.35,10,251,
2-3,13:7:56,30,30,13.5,10,251,
2-3,13:7:57,13,13,13.39,10,251,
2-3,13:7:57,13,13,13.39,10,251,
2-3,13:7:58,21,21,13.46,10,251,
2-3,13:7:58,9,9,13.35,10,251,
2-3,13:7:59,12,12,13.39,10,251,
2-3,13:7:59,32,32,13.61,10,251,
2-3,13:8:0,22,22,13.46,10,251,
2-3,13:8:0,18,18,13.46,10,251,
2-3,13:8:1,19,19,13.43,10,251,
2-3,13:8:1,15,15,13.39,10,251,
2-3,13:8:2,18,18,13.43,10,251,
2-3,13:8:2,20,20,13.45,10,251,
2-3,13:8:3,12,12,13.38,10,251,
2-3,13:8:3,22,22,13.46,10,251,
2-3,13:8:4,29,29,13.49,10,251,
2-3,13:8:4,14,14,13.4,10,251,
2-3,13:8:5,11,11,13.34,10,251,
2-3,13:8:5,37,37,13.62,10,251,
2-3,13:8:6,24,24,13.41,10,251,
2-3,13:8:6,31,31,13.42,10,251,
2-3,13:8:7,35,35,13.47,10,251,
2-3,13:8:7,38,38,13.44,10,251,
2-3,13:8:8,43,43,13.47,10,251,
2-3,13:8:8,51,51,13.58,10,251,
2-3,13:8:9,54,54,13.52,10,251,
2-3,13:8:9,57,57,13.61,10,251,
2-3,13:8:10,53,53,13.5,10,251,
2-3,13:8:10,59,59,13.53,10,251,
2-3,13:8:11,60,60,13.64,10,251,
2-3,13:8:11,63,63,13.59,10,251,
2-3,13:8:12,61,61,13.43,10,251,
2-3,13:8:12,61,61,13.4,10,251,
2-3,13:8:13,63,63,13.43,10,251,
2-3,13:8:13,60,60,13.29,10,251,
2-3,13:8:14,69,69,13.63,10,251,
2-3,13:8:14,69,69,13.44,10,251,
2-3,13:8:15,62,62,13.24,10,251,
2-3,13:8:15,66,66,13.39,10,251,
2-3,13:8:16,66,66,13.4,10,251,
2-3,13:8:16,69,69,13.46,10,251,
2-3,13:8:17,69,69,13.48,10,251,
2-3,13:8:17,69,69,13.43,10,251,
2-3,13:8:18,68,68,13.38,10,251,
2-3,13:8:18,69,69,13.45,10,251,
2-3,13:8:19,69,69,13.38,10,251,
2-3,13:8:19,71,71,13.53,10,251,
2-3,13:8:20,69,69,13.47,10,251,
2-3,13:8:20,68,68,13.36,10,251,
2-3,13:8:21,67,67,13.36,10,251,
2-3,13:8:21,67,67,13.35,10,251,
2-3,13:8:22,67,67,13.34,10,251,
2-3,13:8:22,70,70,13.51,10,251,
2-3,13:8:23,69,69,13.43,10,251,
2-3,13:8:23,68,68,13.38,10,251,
2-3,13:8:24,66,66,13.36,10,251,
2-3,13:8:24,68,68,13.42,10,251,
2-3,13:8:25,70,70,13.49,10,251,
2-3,13:8:25,69,69,13.46,10,251,
2-3,13:8:26,70,70,13.51,10,251,
2-3,13:8:26,70,70,13.46,10,251,
2-3,13:8:27,67,67,13.42,10,251,
2-3,13:8:27,67,67,13.33,10,251,
2-3,13:8:28,70,70,13.66,10,251,
2-3,13:8:28,70,70,13.47,10,251,
2-3,13:8:29,69,69,13.45,10,251,
2-3,13:8:29,68,68,13.44,10,251,
2-3,13:8:30,69,69,13.47,10,251,
2-3,13:8:30,71,71,13.53,10,251,
2-3,13:8:31,67,67,13.33,10,251,
2-3,13:8:31,70,70,13.59,10,251,
2-3,13:8:32,68,68,13.42,10,251,
2-3,13:8:32,66,66,13.28,10,251,
2-3,13:8:33,69,69,13.49,10,251,
2-3,13:8:33,68,68,13.42,10,251,
2-3,13:8:34,71,71,13.58,10,251,
2-3,13:8:34,70,70,13.5,10,251,
2-3,13:8:35,66,66,13.38,10,251,
2-3,13:8:35,65,65,13.33,10,251,
2-3,13:8:36,67,67,13.37,10,251,
2-3,13:8:36,66,66,13.39,10,251,
2-3,13:8:37,71,71,13.55,10,251,
2-3,13:8:37,68,68,13.44,10,251,
2-3,13:8:38,67,67,13.44,10,251,
2-3,13:8:38,70,70,13.51,10,251,
2-3,13:8:39,66,66,13.38,10,251,
2-3,13:8:39,72,72,13.52,10,251,
2-3,13:8:40,67,67,13.42,10,251,
2-3,13:8:40,66,66,13.36,10,251,
2-3,13:8:41,69,69,13.46,10,251,
2-3,13:8:41,65,65,13.4,10,251,
2-3,13:8:42,66,66,13.41,10,251,
2-3,13:8:42,68,68,13.45,10,251,
2-3,13:8:43,69,69,13.45,10,251,
2-3,13:8:43,69,69,13.51,10,251,
2-3,13:8:44,70,70,13.47,10,251,
2-3,13:8:44,69,69,13.47,10,251,
2-3,13:8:45,63,63,13.32,10,251,
2-3,13:8:45,69,69,13.44,10,251,
2-3,13:8:46,69,69,13.42,10,251,
2-3,13:8:46,69,69,13.6,10,251,
2-3,13:8:47,69,69,13.53,10,251,
2-3,13:8:47,69,69,13.38,10,251,
2-3,13:8:48,69,69,13.55,10,251,
2-3,13:8:48,66,66,13.41,10,251,
2-3,13:8:49,69,69,13.44,10,251,
2-3,13:8:49,69,69,13.41,10,251,
2-3,13:8:50,69,69,13.46,10,251,
2-3,13:8:50,69,69,13.53,10,251,
2-3,13:8:51,65,65,13.45,10,251,
2-3,13:8:51,69,69,13.49,10,251,
2-3,13:8:52,67,67,13.52,10,251,
2-3,13:8:52,68,68,13.4,10,251,
2-3,13:8:53,64,64,13.37,10,251,
2-3,13:8:53,69,69,13.42,10,251,
2-3,13:8:54,62,62,13.29,10,251,
2-3,13:8:54,64,64,13.39,10,251,
2-3,13:8:55,64,64,13.42,10,251,
2-3,13:8:55,69,69,13.47,10,251,
2-3,13:8:56,63,63,13.37,10,251,
2-3,13:8:56,64,64,13.39,10,251,
2-3,13:8:57,64,64,13.45,10,251,
2-3,13:8:57,66,66,13.47,10,251,
2-3,13:8:58,64,64,13.43,10,251,
2-3,13:8:58,64,64,13.37,10,251,
2-3,13:8:59,64,64,13.42,10,251,
2-3,13:8:59,66,66,13.5,10,251,
2-3,13:9:0,62,62,13.35,10,251,
2-3,13:9:0,64,64,13.45,10,251,
2-3,13:9:1,66,66,13.52,10,251,
2-3,13:9:1,63,63,13.45,10,251,
2-3,13:9:2,62,62,13.35,10,251,
2-3,13:9:2,65,65,13.47,10,251,
2-3,13:9:3,66,66,13.63,10,251,
2-3,13:9:3,63,63,13.37,10,251,
2-3,13:9:4,64,64,13.45,10,251,
2-3,13:9:4,64,64,13.46,10,251,
2-3,13:9:5,66,66,13.53,10,251,
2-3,13:9:5,64,64,13.47,10,251,
2-3,13:9:6,63,63,13.4,10,251,
2-3,13:9:6,65,65,13.49,10,251,
2-3,13:9:7,60,60,13.35,10,251,
2-3,13:9:7,61,61,13.37,10,251,
2-3,13:9:8,65,65,13.5,10,251,
2-3,13:9:8,64,64,13.47,10,251,
2-3,13:9:9,66,66,13.53,10,251,
2-3,13:9:9,66,66,13.54,10,251,
2-3,13:9:10,65,65,13.52,10,251,
2-3,13:9:10,66,66,13.57,10,251,
2-3,13:9:11,62,62,13.4,10,251,
2-3,13:9:11,65,65,13.59,10,251,
2-3,13:9:12,63,63,13.45,10,251,
2-3,13:9:12,65,65,13.65,10,251,
2-3,13:9:13,61,61,13.39,10,251,
2-3,13:9:13,62,62,13.42,10,251,
2-3,13:9:14,64,64,13.5,10,251,
2-3,13:9:14,63,63,13.47,10,251,
2-3,13:9:15,63,63,13.47,10,251,
2-3,13:9:15,66,66,13.56,10,251,
2-3,13:9:16,62,62,13.46,10,251,
2-3,13:9:16,62,62,13.43,10,251,
2-3,13:9:17,65,65,13.63,10,251,
2-3,13:9:17,61,61,13.38,10,251,
2-3,13:9:18,60,60,13.41,10,251,
2-3,13:9:18,62,62,13.47,10,251,
2-3,13:9:19,60,60,13.41,10,251,
2-3,13:9:19,65,65,13.52,10,251,
2-3,13:9:20,65,65,13.51,10,251,
2-3,13:9:20,60,60,13.36,10,251,
2-3,13:9:21,64,64,13.51,10,251,
2-3,13:9:21,60,60,13.41,10,251,
2-3,13:9:22,65,65,13.54,10,251,
2-3,13:9:22,57,57,13.36,10,251,
2-3,13:9:23,60,60,13.39,10,251,
2-3,13:9:23,63,63,13.47,10,251,
2-3,13:9:24,56,56,13.36,10,251,
2-3,13:9:24,64,64,13.55,10,251,
2-3,13:9:25,58,58,13.39,10,251,
2-3,13:9:25,60,60,13.45,10,251,
2-3,13:9:26,59,59,13.38,10,251,
2-3,13:9:26,59,59,13.44,10,251,
2-3,13:9:27,60,60,13.43,10,251,
2-3,13:9:27,62,62,13.49,10,251,
2-3,13:9:28,60,60,13.45,10,251,
2-3,13:9:28,60,60,13.45,10,251,
2-3,13:9:29,64,64,13.52,10,251,
2-3,13:9:29,55,55,13.35,10,251,
2-3,13:9:30,61,61,13.47,10,251,
2-3,13:9:30,56,56,13.34,10,251,
2-3,13:9:31,58,58,13.38,10,251,
2-3,13:9:31,59,59,13.42,10,251,
2-3,13:9:32,56,56,13.36,10,251,
2-3,13:9:32,53,53,13.33,10,251,
2-3,13:9:33,63,63,13.5,10,251,
2-3,13:9:33,59,59,13.42,10,251,
2-3,13:9:34,56,56,13.36,10,251,
2-3,13:9:34,55,55,13.35,10,251,
2-3,13:9:35,63,63,13.52,10,251,
2-3,13:9:35,56,56,13.36,10,251,
2-3,13:9:36,63,63,13.53,10,251,
2-3,13:9:36,59,59,13.46,10,251,
2-3,13:9:37,56,56,13.41,10,251,
2-3,13:9:37,57,57,13.43,10,251,
2-3,13:9:38,58,58,13.46,10,251,
2-3,13:9:38,55,55,13.37,10,251,
2-3,13:9:39,56,56,13.39,10,251,
2-3,13:9:39,59,59,13.48,10,251,
2-3,13:9:40,58,58,13.42,10,251,
2-3,13:9:40,58,58,13.45,10,251,
2-3,13:9:41,58,58,13.43,10,251,
2-3,13:9:41,57,57,13.45,10,251,
2-3,13:9:42,55,55,13.38,10,251,
2-3,13:9:42,58,58,13.42,10,251,
2-3,13:9:43,58,58,13.46,10,251,
2-3,13:9:43,48,48,13.26,10,251,
2-3,13:9:44,60,60,13.51,10,251,
2-3,13:9:44,55,55,13.4,10,251,
2-3,13:9:45,58,58,13.48,10,251,
2-3,13:9:45,58,58,13.48,10,251,
2-3,13:9:46,60,60,13.51,10,251,
2-3,13:9:46,56,56,13.45,10,251,
2-3,13:9:47,61,61,13.56,10,251,
2-3,13:9:47,55,55,13.4,10,251,
2-3,13:9:48,60,60,13.52,10,251,
2-3,13:9:48,58,58,13.49,10,251,
2-3,13:9:49,53,53,13.36,10,251,
2-3,13:9:49,54,54,13.4,10,251,
2-3,13:9:50,59,59,13.49,10,251,
2-3,13:9:50,60,60,13.56,10,251,
2-3,13:9:51,61,61,13.56,10,251,
2-3,13:9:51,54,54,13.38,10,251,
2-3,13:9:52,52,52,13.36,10,251,
2-3,13:9:52,54,54,13.4,10,251,
2-3,13:9:53,50,50,13.33,10,251,
2-3,13:9:53,55,55,13.42,10,251,
2-3,13:9:54,54,54,13.42,10,251,
2-3,13:9:54,55,55,13.42,10,251,
2-3,13:9:55,59,59,13.55,10,251,
2-3,13:9:55,55,55,13.44,10,251,
2-3,13:9:56,53,53,13.4,10,251,
2-3,13:9:56,59,59,13.54,10,251,
2-3,13:9:57,55,55,13.41,10,251,
2-3,13:9:57,53,53,13.4,10,251,
2-3,13:9:58,60,60,13.56,10,251,
2-3,13:9:58,59,59,13.51,10,251,
2-3,13:9:59,55,55,13.45,10,251,
2-3,13:9:59,56,56,13.5,10,251,
2-3,13:10:0,58,58,13.51,10,251,
2-3,13:10:0,54,54,13.39,10,251,
2-3,13:10:1,54,54,13.44,10,251,
2-3,13:10:1,51,51,13.38,10,251,
2-3,13:10:2,49,49,13.35,10,251,
2-3,13:10:2,50,50,13.36,10,251,
2-3,13:10:3,55,55,13.43,10,251,
2-3,13:10:3,52,52,13.41,10,251,
2-3,13:10:4,51,51,13.37,10,251,
2-3,13:10:4,52,52,13.39,10,251,
2-3,13:10:5,59,59,13.61,10,251,
2-3,13:10:5,57,57,13.46,10,251,
2-3,13:10:6,49,49,13.34,10,251,
2-3,13:10:6,59,59,13.5,10,251,
2-3,13:10:7,51,51,13.41,10,251,
2-3,13:10:7,54,54,13.47,10,251,
2-3,13:10:8,52,52,13.42,10,251,
2-3,13:10:8,53,53,13.46,10,251,
2-3,13:10:9,58,58,13.53,10,251,
2-3,13:10:9,58,58,13.49,10,251,
2-3,13:10:10,58,58,13.6,10,251,
2-3,13:10:10,57,57,13.44,10,251,
2-3,13:10:11,57,57,13.44,10,251,
2-3,13:10:11,44,44,13.29,10,251,
2-3,13:10:12,50,50,13.41,10,251,
2-3,13:10:12,58,58,13.6,10,251,
2-3,13:10:13,46,46,13.31,10,251,
2-3,13:10:13,52,52,13.43,10,251,
2-3,13:10:14,52,52,13.43,10,251,
2-3,13:10:14,50,50,13.38,10,251,
2-3,13:10:15,51,51,13.42,10,251,
2-3,13:10:15,54,54,13.46,10,251,
2-3,13:10:16,49,49,13.37,10,251,
2-3,13:10:16,57,57,13.49,10,251,
2-3,13:10:17,51,51,13.41,10,251,
2-3,13:10:17,57,57,13.49,10,251,
2-3,13:10:18,55,55,13.53,10,251,
2-3,13:10:18,45,45,13.31,10,251,
2-3,13:10:19,54,54,13.51,10,251,
2-3,13:10:19,47,47,13.36,10,251,
2-3,13:10:20,49,49,13.39,10,251,
2-3,13:10:20,48,48,13.36,10,251,
2-3,13:10:21,54,54,13.5,10,251,
2-3,13:10:21,58,58,13.54,10,251,
2-3,13:10:22,56,56,13.56,10,251,
2-3,13:10:22,51,51,13.44,10,251,
2-3,13:10:23,50,50,13.41,10,251,
2-3,13:10:23,57,57,13.61,10,251,
2-3,13:10:24,49,49,13.39,10,251,
2-3,13:10:24,57,57,13.55,10,251,
2-3,13:10:25,57,57,13.6,10,251,
2-3,13:10:25,48,48,13.37,10,251,
2-3,13:10:26,44,44,13.32,10,251,
2-3,13:10:26,50,50,13.4,10,251,
2-3,13:10:27,53,53,13.48,10,251,
2-3,13:10:27,45,45,13.34,10,251,
2-3,13:10:28,54,54,13.72,10,251,
2-3,13:10:28,45,45,13.33,10,251,
2-3,13:10:29,49,49,13.4,10,251,
2-3,13:10:29,51,51,13.48,10,251,
2-3,13:10:30,46,46,13.38,10,251,
2-3,13:10:30,51,51,13.46,10,251,
2-3,13:10:31,53,53,13.5,10,251,
2-3,13:10:31,52,52,13.44,10,251,
2-3,13:10:32,51,51,13.45,10,251,
2-3,13:10:32,55,55,13.53,10,251,
2-3,13:10:33,43,43,13.31,10,251,
2-3,13:10:33,42,42,13.29,10,251,
2-3,13:10:34,56,56,13.56,10,251,
2-3,13:10:34,48,48,13.4,10,251,
2-3,13:10:35,55,55,13.52,10,251,
2-3,13:10:35,51,51,13.47,10,251,
2-3,13:10:36,55,55,13.67,10,251,
2-3,13:10:36,51,51,13.46,10,251,
2-3,13:10:37,53,53,13.48,10,251,
2-3,13:10:37,43,43,13.32,10,251,
2-3,13:10:38,52,52,13.49,10,251,
2-3,13:10:38,50,50,13.44,10,251,
2-3,13:10:39,43,43,13.3,10,251,
2-3,13:10:39,55,55,13.54,10,251,
2-3,13:10:40,56,56,13.54,10,251,
2-3,13:10:40,56,56,13.58,10,251,
2-3,13:10:41,56,56,13.61,10,251,
2-3,13:10:41,50,50,13.42,10,251,
2-3,13:10:42,51,51,13.46,10,251,
2-3,13:10:42,51,51,13.44,10,251,
2-3,13:10:43,43,43,13.31,10,251,
2-3,13:10:43,55,55,13.56,10,251,
2-3,13:10:44,51,51,13.44,10,251,
2-3,13:10:44,50,50,13.43,10,251,
2-3,13:10:45,57,57,13.53,10,251,
2-3,13:10:45,49,49,13.38,10,251,
2-3,13:10:46,54,54,13.48,10,251,
2-3,13:10:46,46,46,13.35,10,251,
2-3,13:10:47,57,57,13.5,10,251,
2-3,13:10:47,51,51,13.45,10,251,
2-3,13:10:48,52,52,13.45,10,251,
2-3,13:10:48,53,53,13.5,10,251,
2-3,13:10:49,55,55,13.68,10,251,
2-3,13:10:49,53,53,13.48,10,251,
2-3,13:10:50,57,57,13.64,10,251,
2-3,13:10:50,55,55,13.75,10,251,
2-3,13:10:51,51,51,13.42,10,251,
2-3,13:10:51,48,48,13.37,10,251,
2-3,13:10:52,55,55,13.68,10,251,
2-3,13:10:52,51,51,13.43,10,251,
2-3,13:10:53,49,49,13.38,10,251,
2-3,13:10:53,52,52,13.46,10,251,
2-3,13:10:54,57,57,13.45,10,251,
2-3,13:10:54,49,49,13.38,10,251,
2-3,13:10:55,58,58,13.6,10,251,
2-3,13:10:55,52,52,13.44,10,251,
2-3,13:10:56,49,49,13.39,10,251,
2-3,13:10:56,51,51,13.42,10,251,
2-3,13:10:57,51,51,13.43,10,251,
2-3,13:10:57,52,52,13.42,10,251,
2-3,13:10:58,55,55,13.72,10,251,
2-3,13:10:58,58,58,13.57,10,251,
2-3,13:10:59,50,50,13.41,10,251,
2-3,13:10:59,51,51,13.45,10,251,
2-3,13:11:0,57,57,13.46,10,251,
2-3,13:11:0,51,51,13.44,10,251,
2-3,13:11:1,57,57,13.47,10,251,
2-3,13:11:1,55,55,13.53,10,251,
2-3,13:11:2,47,47,13.36,10,251,
2-3,13:11:2,53,53,13.47,10,251,
2-3,13:11:3,50,50,13.4,10,251,
2-3,13:11:3,57,57,13.46,10,251,
2-3,13:11:4,48,48,13.37,10,251,
2-3,13:11:4,52,52,13.46,10,251,
2-3,13:11:5,56,56,13.52,10,251,
2-3,13:11:5,52,52,13.42,10,251,
2-3,13:11:6,49,49,13.4,10,251,
2-3,13:11:6,52,52,13.44,10,251,
2-3,13:11:7,48,48,13.39,10,251,
2-3,13:11:7,52,52,13.46,10,251,
2-3,13:11:8,49,49,13.39,10,251,
2-3,13:11:8,57,57,13.54,10,251,
2-3,13:11:9,53,53,13.48,10,251,
2-3,13:11:9,50,50,13.4,10,251,
2-3,13:11:10,47,47,13.37,10,251,
2-3,13:11:10,57,57,13.56,10,251,
2-3,13:11:11,50,50,13.39,10,251,
2-3,13:11:11,51,51,13.44,10,251,
2-3,13:11:12,55,55,13.53,10,251,
2-3,13:11:12,55,55,13.51,10,251,
2-3,13:11:13,44,44,13.27,10,251,
2-3,13:11:13,57,57,13.45,10,251,
2-3,13:11:14,49,49,13.37,10,251,
2-3,13:11:14,49,49,13.39,10,251,
2-3,13:11:15,53,53,13.46,10,251,
2-3,13:11:15,57,57,13.6,10,251,
2-3,13:11:16,54,54,13.51,10,251,
2-3,13:11:16,52,52,13.49,10,251,
2-3,13:11:17,51,51,13.45,10,251,
2-3,13:11:17,50,50,13.41,10,251,
2-3,13:11:18,47,47,13.37,10,251,
2-3,13:11:18,53,53,13.47,10,251,
2-3,13:11:19,45,45,13.32,10,251,
2-3,13:11:19,52,52,13.49,10,251,
2-3,13:11:20,57,57,13.53,10,251,
2-3,13:11:20,57,57,13.5,10,251,
2-3,13:11:21,52,52,13.48,10,251,
2-3,13:11:21,50,50,13.39,10,251,
2-3,13:11:22,51,51,13.42,10,251,
2-3,13:11:22,51,51,13.44,10,251,
2-3,13:11:23,42,42,13.27,10,251,
2-3,13:11:23,49,49,13.41,10,251,
2-3,13:11:24,51,51,13.44,10,251,
2-3,13:11:24,50,50,13.43,10,251,
2-3,13:11:25,56,56,13.58,10,251,
2-3,13:11:25,51,51,13.45,10,251,
2-3,13:11:26,48,48,13.38,10,251,
2-3,13:11:26,55,55,13.52,10,251,
2-3,13:11:27,48,48,13.41,10,251,
2-3,13:11:27,55,55,13.66,10,251,
2-3,13:11:28,43,43,13.31,10,251,
2-3,13:11:28,47,47,13.38,10,251,
2-3,13:11:29,43,43,13.32,10,251,
2-3,13:11:29,44,44,13.33,10,251,
2-3,13:11:30,49,49,13.4,10,251,
2-3,13:11:30,45,45,13.34,10,251,
2-3,13:11:31,47,47,13.37,10,251,
2-3,13:11:31,56,56,13.43,10,251,
2-3,13:11:32,51,51,13.45,10,251,
2-3,13:11:32,49,49,13.39,10,251,
2-3,13:11:33,42,42,13.32,10,251,
2-3,13:11:33,52,52,13.44,10,251,
2-3,13:11:34,44,44,13.34,10,251,
2-3,13:11:34,45,45,13.34,10,251,
2-3,13:11:35,43,43,13.32,10,251,
2-3,13:11:35,55,55,13.54,10,251,
2-3,13:11:36,52,52,13.45,10,251,
2-3,13:11:36,50,50,13.41,10,251,
2-3,13:11:37,56,56,13.59,10,251,
2-3,13:11:37,52,52,13.48,10,251,
2-3,13:11:38,52,52,13.47,10,251,
2-3,13:11:38,49,49,13.44,10,251,
2-3,13:11:39,42,42,13.3,10,251,
2-3,13:11:39,49,49,13.42,10,251,
2-3,13:11:40,51,51,13.47,10,251,
2-3,13:11:40,56,56,13.56,10,251,
2-3,13:11:41,51,51,13.44,10,251,
2-3,13:11:41,56,56,13.59,10,251,
2-3,13:11:42,49,49,13.44,10,251,
2-3,13:11:42,52,52,13.48,10,251,
2-3,13:11:43,54,54,13.49,10,251,
2-3,13:11:43,47,47,13.37,10,251,
2-3,13:11:44,49,49,13.43,10,251,
2-3,13:11:44,46,46,13.38,10,251,
2-3,13:11:45,51,51,13.47,10,251,
2-3,13:11:45,45,45,13.34,10,251,
2-3,13:11:46,56,56,13.59,10,251,
2-3,13:11:46,49,49,13.43,10,251,
2-3,13:11:47,47,47,13.39,10,251,
2-3,13:11:47,52,52,13.49,10,251,
2-3,13:11:48,50,50,13.45,10,251,
2-3,13:11:48,50,50,13.44,10,251,
2-3,13:11:49,48,48,13.4,10,251,
2-3,13:11:49,48,48,13.4,10,251,
2-3,13:11:50,49,49,13.44,10,251,
2-3,13:11:50,52,52,13.49,10,251,
2-3,13:11:51,45,45,13.34,10,251,
2-3,13:11:51,55,55,13.55,10,251,
2-3,13:11:52,47,47,13.38,10,251,
2-3,13:11:52,46,46,13.36,10,251,
2-3,13:11:53,35,35,13.21,10,251,
2-3,13:11:53,42,42,13.31,10,251,
2-3,13:11:54,52,52,13.49,10,251,
2-3,13:11:54,40,40,13.28,10,251,
2-3,13:11:55,50,50,13.46,10,251,
2-3,13:11:55,46,46,13.35,10,251,
2-3,13:11:56,53,53,13.49,10,251,
2-3,13:11:56,49,49,13.41,10,251,
2-3,13:11:57,55,55,13.53,10,251,
2-3,13:11:57,56,56,13.55,10,251,
2-3,13:11:58,49,49,13.42,10,251,
2-3,13:11:58,44,44,13.34,10,251,
2-3,13:11:59,51,51,13.43,10,251,
2-3,13:11:59,50,50,13.44,10,251,
2-3,13:12:0,54,54,13.66,10,251,
2-3,13:12:0,46,46,13.37,10,251,
2-3,13:12:1,54,54,13.53,10,251,
2-3,13:12:1,51,51,13.5,10,251,
2-3,13:12:2,54,54,13.65,10,251,
2-3,13:12:2,55,55,13.55,10,251,
2-3,13:12:3,54,54,13.66,10,251,
2-3,13:12:3,51,51,13.48,10,251,
2-3,13:12:4,55,55,13.57,10,251,
2-3,13:12:4,54,54,13.65,10,251,
2-3,13:12:5,55,55,13.53,10,251,
2-3,13:12:5,54,54,13.53,10,251,
2-3,13:12:6,47,47,13.4,10,251,
2-3,13:12:6,47,47,13.39,10,251,
2-3,13:12:7,47,47,13.38,10,251,
2-3,13:12:7,44,44,13.33,10,251,
2-3,13:12:8,56,56,13.59,10,251,
2-3,13:12:8,56,56,13.56,10,251,
2-3,13:12:9,47,47,13.39,10,251,
2-3,13:12:9,50,50,13.45,10,251,
2-3,13:12:10,51,51,13.45,10,251,
2-3,13:12:10,54,54,13.52,10,251,
2-3,13:12:11,50,50,13.45,10,251,
2-3,13:12:11,52,52,13.49,10,251,
2-3,13:12:12,43,43,13.33,10,251,
2-3,13:12:12,52,52,13.46,10,251,
2-3,13:12:13,48,48,13.42,10,251,
2-3,13:12:13,42,42,13.32,10,251,
2-3,13:12:14,45,45,13.37,10,251,
2-3,13:12:14,51,51,13.45,10,251,
2-3,13:12:15,49,49,13.45,10,251,
2-3,13:12:15,49,49,13.46,10,251,
2-3,13:12:16,55,55,13.53,10,251,
2-3,13:12:16,50,50,13.45,10,251,
2-3,13:12:17,55,55,13.58,10,251,
2-3,13:12:17,51,51,13.47,10,251,
2-3,13:12:18,50,50,13.43,10,251,
2-3,13:12:18,52,52,13.48,10,251,
2-3,13:12:19,54,54,13.74,10,251,
2-3,13:12:19,48,48,13.44,10,251,
2-3,13:12:20,55,55,13.65,10,251,
2-3,13:12:20,48,48,13.41,10,251,
2-3,13:12:21,53,53,13.71,10,251,
2-3,13:12:21,48,48,13.41,10,251,
2-3,13:12:22,54,54,13.51,10,251,
2-3,13:12:22,54,54,13.58,10,251,
2-3,13:12:23,47,47,13.36,10,251,
2-3,13:12:23,51,51,13.49,10,251,
2-3,13:12:24,54,54,13.52,10,251,
2-3,13:12:24,50,50,13.46,10,251,
2-3,13:12:25,46,46,13.41,10,251,
2-3,13:12:25,47,47,13.41,10,251,
2-3,13:12:26,44,44,13.36,10,251,
2-3,13:12:26,50,50,13.47,10,251,
2-3,13:12:27,53,53,13.72,10,251,
2-3,13:12:27,50,50,13.47,10,251,
2-3,13:12:28,53,53,13.49,10,251,
2-3,13:12:28,49,49,13.43,10,251,
2-3,13:12:29,47,47,13.41,10,251,
2-3,13:12:29,54,54,13.57,10,251,
2-3,13:12:30,52,52,13.46,10,251,
2-3,13:12:30,53,53,13.51,10,251,
2-3,13:12:31,55,55,13.53,10,251,
2-3,13:12:31,50,50,13.47,10,251,
2-3,13:12:32,52,52,13.79,10,251,
2-3,13:12:32,50,50,13.45,10,251,
2-3,13:12:33,50,50,13.44,10,251,
2-3,13:12:33,45,45,13.36,10,251,
2-3,13:12:34,56,56,13.56,10,251,
2-3,13:12:34,51,51,13.46,10,251,
2-3,13:12:35,51,51,13.47,10,251,
2-3,13:12:35,48,48,13.41,10,251,
2-3,13:12:36,48,48,13.42,10,251,
2-3,13:12:36,48,48,13.41,10,251,
2-3,13:12:37,48,48,13.43,10,251,
2-3,13:12:37,55,55,13.54,10,251,
2-3,13:12:38,43,43,13.35,10,251,
2-3,13:12:38,41,41,13.3,10,251,
2-3,13:12:39,48,48,13.41,10,251,
2-3,13:12:39,47,47,13.39,10,251,
2-3,13:12:40,56,56,13.61,10,251,
2-3,13:12:40,47,47,13.4,10,251,
2-3,13:12:41,52,52,13.49,10,251,
2-3,13:12:41,54,54,13.66,10,251,
2-3,13:12:42,46,46,13.4,10,251,
2-3,13:12:42,48,48,13.41,10,251,
2-3,13:12:43,53,53,13.49,10,251,
2-3,13:12:43,48,48,13.44,10,251,
2-3,13:12:44,49,49,13.43,10,251,
2-3,13:12:44,47,47,13.39,10,251,
2-3,13:12:45,42,42,13.31,10,251,
2-3,13:12:45,33,33,13.23,10,251,
2-3,13:12:46,55,55,13.6,10,251,
2-3,13:12:46,53,53,13.5,10,251,
2-3,13:12:47,47,47,13.43,10,251,
2-3,13:12:47,53,53,13.51,10,251,
2-3,13:12:48,52,52,13.5,10,251,
2-3,13:12:48,55,55,13.54,10,251,
2-3,13:12:49,42,42,13.32,10,251,
2-3,13:12:49,44,44,13.34,10,251,
2-3,13:12:50,55,55,13.57,10,251,
2-3,13:12:50,42,42,13.36,10,251,
2-3,13:12:51,48,48,13.43,10,251,
2-3,13:12:51,50,50,13.45,10,251,
2-3,13:12:52,52,52,13.75,10,251,
2-3,13:12:52,50,50,13.48,10,251,
2-3,13:12:53,52,52,13.51,10,251,
2-3,13:12:53,44,44,13.34,10,251,
2-3,13:12:54,56,56,13.55,10,251,
2-3,13:12:54,51,51,13.5,10,251,
2-3,13:12:55,49,49,13.46,10,251,
2-3,13:12:55,54,54,13.53,10,251,
2-3,13:12:56,54,54,13.52,10,251,
2-3,13:12:56,51,51,13.48,10,251,
2-3,13:12:57,51,51,13.48,10,251,
2-3,13:12:57,42,42,13.33,10,251,
2-3,13:12:58,50,50,13.45,10,251,
2-3,13:12:58,54,54,13.68,10,251,
2-3,13:12:59,46,46,13.39,10,251,
2-3,13:12:59,51,51,13.48,10,251,
2-3,13:13:0,48,48,13.42,10,251,
2-3,13:13:0,51,51,13.5,10,251,
2-3,13:13:1,52,52,13.48,10,251,
2-3,13:13:1,52,52,13.48,10,251,
2-3,13:13:2,48,48,13.42,10,251,
2-3,13:13:2,48,48,13.42,10,251,
2-3,13:13:3,49,49,13.44,10,251,
2-3,13:13:3,53,53,13.51,10,251,
2-3,13:13:4,45,45,13.36,10,251,
2-3,13:13:4,53,53,13.52,10,251,
2-3,13:13:5,56,56,13.62,10,251,
2-3,13:13:5,54,54,13.51,10,251,
2-3,13:13:6,53,53,13.49,10,251,
2-3,13:13:6,48,48,13.39,10,251,
2-3,13:13:7,54,54,13.51,10,251,
2-3,13:13:7,46,46,13.36,10,251,
2-3,13:13:8,55,55,13.52,10,251,
2-3,13:13:8,51,51,13.46,10,251,
2-3,13:13:9,46,46,13.38,10,251,
2-3,13:13:9,54,54,13.71,10,251,
2-3,13:13:10,54,54,13.49,10,251,
2-3,13:13:10,50,50,13.45,10,251,
2-3,13:13:11,50,50,13.46,10,251,
2-3,13:13:11,45,45,13.37,10,251,
2-3,13:13:12,48,48,13.42,10,251,
2-3,13:13:12,56,56,13.55,10,251,
2-3,13:13:13,51,51,13.47,10,251,
2-3,13:13:13,49,49,13.45,10,251,
2-3,13:13:14,48,48,13.44,10,251,
2-3,13:13:14,46,46,13.38,10,251,
2-3,13:13:15,56,56,13.58,10,251,
2-3,13:13:15,51,51,13.47,10,251,
2-3,13:13:16,55,55,13.55,10,251,
2-3,13:13:16,54,54,13.65,10,251,
2-3,13:13:17,52,52,13.46,10,251,
2-3,13:13:17,55,55,13.69,10,251,
2-3,13:13:18,57,57,13.6,10,251,
2-3,13:13:18,52,52,13.5,10,251,
2-3,13:13:19,47,47,13.4,10,251,
2-3,13:13:19,51,51,13.48,10,251,
2-3,13:13:20,50,50,13.44,10,251,
2-3,13:13:20,42,42,13.29,10,251,
2-3,13:13:21,53,53,13.5,10,251,
2-3,13:13:21,53,53,13.49,10,251,
2-3,13:13:22,45,45,13.35,10,251,
2-3,13:13:22,44,44,13.35,10,251,
2-3,13:13:23,56,56,13.63,10,251,
2-3,13:13:23,52,52,13.49,10,251,
2-3,13:13:24,52,52,13.5,10,251,
2-3,13:13:24,46,46,13.37,10,251,
2-3,13:13:25,47,47,13.4,10,251,
2-3,13:13:25,52,52,13.76,10,251,
2-3,13:13:26,47,47,13.42,10,251,
2-3,13:13:26,57,57,13.57,10,251,
2-3,13:13:27,52,52,13.46,10,251,
2-3,13:13:27,42,42,13.34,10,251,
2-3,13:13:28,53,53,13.67,10,251,
2-3,13:13:28,52,52,13.48,10,251,
2-3,13:13:29,42,42,13.31,10,251,
2-3,13:13:29,43,43,13.33,10,251,
2-3,13:13:30,54,54,13.57,10,251,
2-3,13:13:30,52,52,13.49,10,251,
2-3,13:13:31,48,48,13.38,10,251,
2-3,13:13:31,55,55,13.56,10,251,
2-3,13:13:32,56,56,13.56,10,251,
2-3,13:13:32,54,54,13.52,10,251,
2-3,13:13:33,45,45,13.37,10,251,
2-3,13:13:33,48,48,13.41,10,251,
2-3,13:13:34,50,50,13.41,10,251,
2-3,13:13:34,46,46,13.39,10,251,
2-3,13:13:35,47,47,13.42,10,251,
2-3,13:13:35,42,42,13.32,10,251,
2-3,13:13:36,50,50,13.43,10,251,
2-3,13:13:36,39,39,13.26,10,251,
2-3,13:13:37,39,39,13.27,10,251,
2-3,13:13:37,57,57,13.61,10,251,
2-3,13:13:38,44,44,13.33,10,251,
2-3,13:13:38,56,56,13.59,10,251,
2-3,13:13:39,46,46,13.37,10,251,
2-3,13:13:39,44,44,13.35,10,251,
2-3,13:13:40,54,54,13.66,10,251,
2-3,13:13:40,49,49,13.44,10,251,
2-3,13:13:41,55,55,13.59,10,251,
2-3,13:13:41,50,50,13.42,10,251,
2-3,13:13:42,51,51,13.49,10,251,
2-3,13:13:42,51,51,13.47,10,251,
2-3,13:13:43,54,54,13.54,10,251,
2-3,13:13:43,45,45,13.36,10,251,
2-3,13:13:44,50,50,13.44,10,251,
2-3,13:13:44,55,55,13.58,10,251,
2-3,13:13:45,54,54,13.64,10,251,
2-3,13:13:45,43,43,13.33,10,251,
2-3,13:13:46,54,54,13.61,10,251,
2-3,13:13:46,55,55,13.53,10,251,
2-3,13:13:47,46,46,13.39,10,251,
2-3,13:13:47,55,55,13.53,10,251,
2-3,13:13:48,44,44,13.36,10,251,
2-3,13:13:48,50,50,13.46,10,251,
2-3,13:13:49,52,52,13.5,10,251,
2-3,13:13:49,41,41,13.3,10,251,
2-3,13:13:50,52,52,13.66,10,251,
2-3,13:13:50,45,45,13.33,10,251,
2-3,13:13:51,55,55,13.55,10,251,
2-3,13:13:51,45,45,13.37,10,251,
2-3,13:13:52,47,47,13.43,10,251,
2-3,13:13:52,48,48,13.39,10,251,
2-3,13:13:53,45,45,13.36,10,251,
2-3,13:13:53,43,43,13.34,10,251,
2-3,13:13:54,44,44,13.35,10,251,
2-3,13:13:54,49,49,13.42,10,251,
2-3,13:13:55,52,52,13.46,10,251,
2-3,13:13:55,47,47,13.39,10,251,
2-3,13:13:56,51,51,13.46,10,251,
2-3,13:13:56,50,50,13.45,10,251,
2-3,13:13:57,54,54,13.51,10,251,
2-3,13:13:57,48,48,13.42,10,251,
2-3,13:13:58,53,53,13.51,10,251,
2-3,13:13:58,53,53,13.5,10,251,
2-3,13:13:59,46,46,13.37,10,251,
2-3,13:13:59,50,50,13.43,10,251,
2-3,13:14:0,42,42,13.34,10,251,
2-3,13:14:0,55,55,13.64,10,251,
2-3,13:14:1,50,50,13.44,10,251,
2-3,13:14:1,46,46,13.35,10,251,
2-3,13:14:2,44,44,13.36,10,251,
2-3,13:14:2,47,47,13.39,10,251,
2-3,13:14:3,45,45,13.35,10,251,
2-3,13:14:3,51,51,13.48,10,251,
2-3,13:14:4,51,51,13.45,10,251,
2-3,13:14:4,40,40,13.29,10,251,
2-3,13:14:5,49,49,13.44,10,251,
2-3,13:14:5,49,49,13.4,10,251,
2-3,13:14:6,55,55,13.57,10,251,
2-3,13:14:6,46,46,13.36,10,251,
2-3,13:14:7,47,47,13.39,10,251,
2-3,13:14:7,54,54,13.67,10,251,
2-3,13:14:8,55,55,13.52,10,251,
2-3,13:14:8,52,52,13.48,10,251,
2-3,13:14:9,54,54,13.51,10,251,
2-3,13:14:9,52,52,13.48,10,251,
2-3,13:14:10,55,55,13.63,10,251,
2-3,13:14:10,47,47,13.37,10,251,
2-3,13:14:11,51,51,13.5,10,251,
2-3,13:14:11,42,42,13.3,10,251,
2-3,13:14:12,51,51,13.43,10,251,
2-3,13:14:12,40,40,13.23,10,251,
2-3,13:14:13,42,42,13.28,10,251,
2-3,13:14:13,50,50,13.45,10,251,
2-3,13:14:14,49,49,13.39,10,251,
2-3,13:14:14,51,51,13.48,10,251,
2-3,13:14:15,55,55,13.56,10,251,
2-3,13:14:15,51,51,13.48,10,251,
2-3,13:14:16,53,53,13.51,10,251,
2-3,13:14:16,45,45,13.34,10,251,
2-3,13:14:17,48,48,13.42,10,251,
2-3,13:14:17,49,49,13.44,10,251,
2-3,13:14:18,49,49,13.45,10,251,
2-3,13:14:18,55,55,13.54,10,251,
2-3,13:14:19,51,51,13.45,10,251,
2-3,13:14:19,52,52,13.46,10,251,
2-3,13:14:20,44,44,13.31,10,251,
2-3,13:14:20,49,49,13.42,10,251,
2-3,13:14:21,45,45,13.37,10,251,
2-3,13:14:21,42,42,13.29,10,251,
2-3,13:14:22,45,45,13.33,10,251,
2-3,13:14:22,51,51,13.45,10,251,
2-3,13:14:23,41,41,13.32,10,251,
2-3,13:14:23,40,40,13.25,10,251,
2-3,13:14:24,53,53,13.51,10,251,
2-3,13:14:24,46,46,13.35,10,251,
2-3,13:14:25,53,53,13.49,10,251,
2-3,13:14:25,49,49,13.45,10,251,
2-3,13:14:26,45,45,13.35,10,251,
2-3,13:14:26,45,45,13.36,10,251,
2-3,13:14:27,51,51,13.45,10,251,
2-3,13:14:27,54,54,13.5,10,251,
2-3,13:14:28,47,47,13.38,10,251,
2-3,13:14:28,53,53,13.51,10,251,
2-3,13:14:29,52,52,13.48,10,251,
2-3,13:14:29,53,53,13.49,10,251,
2-3,13:14:30,52,52,13.47,10,251,
2-3,13:14:30,49,49,13.39,10,251,
2-3,13:14:31,56,56,13.6,10,251,
2-3,13:14:31,51,51,13.46,10,251,
2-3,13:14:32,53,53,13.67,10,251,
2-3,13:14:32,52,52,13.49,10,251,
2-3,13:14:33,36,36,13.2,10,251,
2-3,13:14:33,49,49,13.39,10,251,
2-3,13:14:34,45,45,13.34,10,251,
2-3,13:14:34,55,55,13.57,10,251,
2-3,13:14:35,45,45,13.36,10,251,
2-3,13:14:35,55,55,13.65,10,251,
2-3,13:14:36,47,47,13.39,10,251,
2-3,13:14:36,52,52,13.44,10,251,
2-3,13:14:37,43,43,13.34,10,251,
2-3,13:14:37,51,51,13.46,10,251,
2-3,13:14:38,57,57,13.44,10,251,
2-3,13:14:38,47,47,13.41,10,251,
2-3,13:14:39,53,53,13.48,10,251,
2-3,13:14:39,49,49,13.42,10,251,
2-3,13:14:40,54,54,13.65,10,251,
2-3,13:14:40,50,50,13.37,10,251,
2-3,13:14:41,55,55,13.52,10,251,
2-3,13:14:41,49,49,13.44,10,251,
2-3,13:14:42,52,52,13.45,10,251,
2-3,13:14:42,43,43,13.33,10,251,
2-3,13:14:43,50,50,13.46,10,251,
2-3,13:14:43,49,49,13.43,10,251,
2-3,13:14:44,44,44,13.3,10,251,
2-3,13:14:44,45,45,13.34,10,251,
2-3,13:14:45,45,45,13.35,10,251,
2-3,13:14:45,57,57,13.61,10,251,
2-3,13:14:46,54,54,13.49,10,251,
2-3,13:14:46,48,48,13.37,10,251,
2-3,13:14:47,49,49,13.38,10,251,
2-3,13:14:47,48,48,13.39,10,251,
2-3,13:14:48,48,48,13.39,10,251,
2-3,13:14:48,55,55,13.68,10,251,
2-3,13:14:49,48,48,13.41,10,251,
2-3,13:14:49,46,46,13.33,10,251,
2-3,13:14:50,56,56,13.67,10,251,
2-3,13:14:50,49,49,13.4,10,251,
2-3,13:14:51,52,52,13.5,10,251,
2-3,13:14:51,47,47,13.38,10,251,
2-3,13:14:52,43,43,13.32,10,251,
2-3,13:14:52,47,47,13.38,10,251,
2-3,13:14:53,52,52,13.48,10,251,
2-3,13:14:53,46,46,13.37,10,251,
2-3,13:14:54,48,48,13.39,10,251,
2-3,13:14:54,45,45,13.36,10,251,
2-3,13:14:55,52,52,13.77,10,251,
2-3,13:14:55,53,53,13.46,10,251,
2-3,13:14:56,51,51,13.45,10,251,
2-3,13:14:56,45,45,13.36,10,251,
2-3,13:14:57,49,49,13.4,10,251,
2-3,13:14:57,48,48,13.37,10,251,
2-3,13:14:58,46,46,13.36,10,251,
2-3,13:14:58,57,57,13.47,10,251,
2-3,13:14:59,43,43,13.31,10,251,
2-3,13:14:59,44,44,13.35,10,251,
2-3,13:15:0,44,44,13.32,10,251,
2-3,13:15:0,51,51,13.46,10,251,
2-3,13:15:1,32,32,13.18,10,251,
2-3,13:15:1,45,45,13.36,10,251,
2-3,13:15:2,56,56,13.59,10,251,
2-3,13:15:2,49,49,13.42,10,251,
2-3,13:15:3,49,49,13.41,10,251,
2-3,13:15:3,56,56,13.54,10,251,
2-3,13:15:4,56,56,13.6,10,251,
2-3,13:15:4,42,42,13.32,10,251,
2-3,13:15:5,54,54,13.56,10,251,
2-3,13:15:5,41,41,13.3,10,251,
2-3,13:15:6,48,48,13.41,10,251,
2-3,13:15:6,52,52,13.49,10,251,
2-3,13:15:7,38,38,13.26,10,251,
2-3,13:15:7,48,48,13.41,10,251,
2-3,13:15:8,47,47,13.4,10,251,
2-3,13:15:8,50,50,13.45,10,251,
2-3,13:15:9,45,45,13.36,10,251,
2-3,13:15:9,43,43,13.32,10,251,
2-3,13:15:10,49,49,13.43,10,251,
2-3,13:15:10,44,44,13.32,10,251,
2-3,13:15:11,57,57,13.49,10,251,
2-3,13:15:11,52,52,13.48,10,251,
2-3,13:15:12,43,43,13.32,10,251,
2-3,13:15:12,56,56,13.56,10,251,
2-3,13:15:13,51,51,13.42,10,251,
2-3,13:15:13,54,54,13.67,10,251,
2-3,13:15:14,48,48,13.41,10,251,
2-3,13:15:14,47,47,13.4,10,251,
2-3,13:15:15,50,50,13.44,10,251,
2-3,13:15:15,42,42,13.3,10,251,
2-3,13:15:16,56,56,13.54,10,251,
2-3,13:15:16,45,45,13.34,10,251,
2-3,13:15:17,51,51,13.46,10,251,
2-3,13:15:17,49,49,13.43,10,251,
2-3,13:15:18,52,52,13.48,10,251,
2-3,13:15:18,56,56,13.67,10,251,
2-3,13:15:19,48,48,13.4,10,251,
2-3,13:15:19,56,56,13.63,10,251,
2-3,13:15:20,43,43,13.31,10,251,
2-3,13:15:20,56,56,13.54,10,251,
2-3,13:15:21,50,50,13.45,10,251,
2-3,13:15:21,42,42,13.3,10,251,
2-3,13:15:22,51,51,13.43,10,251,
2-3,13:15:22,45,45,13.36,10,251,
2-3,13:15:23,42,42,13.31,10,251,
2-3,13:15:23,39,39,13.24,10,251,
2-3,13:15:24,48,48,13.37,10,251,
2-3,13:15:24,54,54,13.47,10,251,
2-3,13:15:25,56,56,13.65,10,251,
2-3,13:15:25,34,34,13.19,10,251,
2-3,13:15:26,48,48,13.37,10,251,
2-3,13:15:26,47,47,13.35,10,251,
2-3,13:15:27,51,51,13.43,10,251,
2-3,13:15:27,47,47,13.33,10,251,
2-3,13:15:28,47,47,13.39,10,251,
2-3,13:15:28,39,39,13.2,10,251,
2-3,13:15:29,57,57,13.55,10,251,
2-3,13:15:29,50,50,13.4,10,251,
2-3,13:15:30,56,56,13.61,10,251,
2-3,13:15:30,56,56,13.48,10,251,
2-3,13:15:31,51,51,13.39,10,251,
2-3,13:15:31,53,53,13.49,10,251,
2-3,13:15:32,52,52,13.44,10,251,
2-3,13:15:32,52,52,13.41,10,251,
2-3,13:15:33,56,56,13.56,10,251,
2-3,13:15:33,49,49,13.39,10,251,
2-3,13:15:34,52,52,13.39,10,251,
2-3,13:15:34,47,47,13.36,10,251,
2-3,13:15:35,49,49,13.37,10,251,
2-3,13:15:35,49,49,13.37,10,251,
2-3,13:15:36,52,52,13.46,10,251,
2-3,13:15:36,50,50,13.39,10,251,
2-3,13:15:37,42,42,13.23,10,251,
2-3,13:15:37,59,59,13.57,10,251,
2-3,13:15:38,53,53,13.41,10,251,
2-3,13:15:38,44,44,13.27,10,251,
2-3,13:15:39,52,52,13.42,10,251,
2-3,13:15:39,58,58,13.55,10,251,
2-3,13:15:40,54,54,13.43,10,251,
2-3,13:15:40,44,44,13.25,10,251,
2-3,13:15:41,55,55,13.47,10,251,
2-3,13:15:41,51,51,13.38,10,251,
2-3,13:15:42,49,49,13.37,10,251,
2-3,13:15:42,58,58,13.6,10,251,
2-3,13:15:43,42,42,13.26,10,251,
2-3,13:15:43,58,58,13.59,10,251,
2-3,13:15:44,46,46,13.31,10,251,
2-3,13:15:44,48,48,13.37,10,251,
2-3,13:15:45,46,46,13.3,10,251,
2-3,13:15:45,46,46,13.31,10,251,
2-3,13:15:46,50,50,13.36,10,251,
2-3,13:15:46,45,45,13.3,10,251,
2-3,13:15:47,58,58,13.55,10,251,
2-3,13:15:47,57,57,13.48,10,251,
2-3,13:15:48,46,46,13.34,10,251,
2-3,13:15:48,50,50,13.4,10,251,
2-3,13:15:49,50,50,13.4,10,251,
2-3,13:15:49,58,58,13.53,10,251,
2-3,13:15:50,56,56,13.67,10,251,
2-3,13:15:50,43,43,13.27,10,251,
2-3,13:15:51,45,45,13.33,10,251,
2-3,13:15:51,48,48,13.31,10,251,
2-3,13:15:52,56,56,13.59,10,251,
2-3,13:15:52,57,57,13.45,10,251,
2-3,13:15:53,48,48,13.36,10,251,
2-3,13:15:53,51,51,13.4,10,251,
2-3,13:15:54,52,52,13.46,10,251,
2-3,13:15:54,53,53,13.45,10,251,
2-3,13:15:55,46,46,13.29,10,251,
2-3,13:15:55,48,48,13.4,10,251,
2-3,13:15:56,56,56,13.52,10,251,
2-3,13:15:56,51,51,13.41,10,251,
2-3,13:15:57,52,52,13.45,10,251,
2-3,13:15:57,46,46,13.3,10,251,
2-3,13:15:58,54,54,13.49,10,251,
2-3,13:15:58,48,48,13.35,10,251,
2-3,13:15:59,57,57,13.48,10,251,
2-3,13:15:59,50,50,13.39,10,251,
2-3,13:16:0,56,56,13.63,10,251,
2-3,13:16:0,40,40,13.23,10,251,
2-3,13:16:1,51,51,13.4,10,251,
2-3,13:16:1,52,52,13.45,10,251,
2-3,13:16:2,54,54,13.49,10,251,
2-3,13:16:2,43,43,13.26,10,251,
2-3,13:16:3,57,57,13.5,10,251,
2-3,13:16:3,48,48,13.34,10,251,
2-3,13:16:4,57,57,13.47,10,251,
2-3,13:16:4,48,48,13.37,10,251,
2-3,13:16:5,52,52,13.44,10,251,
2-3,13:16:5,48,48,13.38,10,251,
2-3,13:16:6,52,52,13.43,10,251,
2-3,13:16:6,51,51,13.39,10,251,
2-3,13:16:7,49,49,13.38,10,251,
2-3,13:16:7,51,51,13.42,10,251,
2-3,13:16:8,53,53,13.46,10,251,
2-3,13:16:8,52,52,13.47,10,251,
2-3,13:16:9,48,48,13.38,10,251,
2-3,13:16:9,48,48,13.38,10,251,
2-3,13:16:10,50,50,13.39,10,251,
2-3,13:16:10,52,52,13.41,10,251,
2-3,13:16:11,44,44,13.3,10,251,
2-3,13:16:11,48,48,13.39,10,251,
2-3,13:16:12,47,47,13.35,10,251,
2-3,13:16:12,47,47,13.34,10,251,
2-3,13:16:13,49,49,13.37,10,251,
2-3,13:16:13,52,52,13.46,10,251,
2-3,13:16:14,45,45,13.33,10,251,
2-3,13:16:14,50,50,13.38,10,251,
2-3,13:16:15,46,46,13.35,10,251,
2-3,13:16:15,48,48,13.39,10,251,
2-3,13:16:16,57,57,13.52,10,251,
2-3,13:16:16,37,37,13.23,10,251,
2-3,13:16:17,43,43,13.31,10,251,
2-3,13:16:17,58,58,13.59,10,251,
2-3,13:16:18,47,47,13.36,10,251,
2-3,13:16:18,48,48,13.36,10,251,
2-3,13:16:19,52,52,13.43,10,251,
2-3,13:16:19,52,52,13.48,10,251,
2-3,13:16:20,41,41,13.28,10,251,
2-3,13:16:20,42,42,13.26,10,251,
2-3,13:16:21,42,42,13.29,10,251,
2-3,13:16:21,45,45,13.28,10,251,
2-3,13:16:22,56,56,13.54,10,251,
2-3,13:16:22,51,51,13.45,10,251,
2-3,13:16:23,48,48,13.39,10,251,
2-3,13:16:23,50,50,13.45,10,251,
2-3,13:16:24,54,54,13.46,10,251,
2-3,13:16:24,53,53,13.48,10,251,
2-3,13:16:25,51,51,13.45,10,251,
2-3,13:16:25,51,51,13.43,10,251,
2-3,13:16:26,51,51,13.42,10,251,
2-3,13:16:26,48,48,13.35,10,251,
2-3,13:16:27,45,45,13.35,10,251,
2-3,13:16:27,39,39,13.25,10,251,
2-3,13:16:28,49,49,13.38,10,251,
2-3,13:16:28,55,55,13.51,10,251,
2-3,13:16:29,47,47,13.41,10,251,
2-3,13:16:29,57,57,13.48,10,251,
2-3,13:16:30,56,56,13.43,10,251,
2-3,13:16:30,53,53,13.48,10,251,
2-3,13:16:31,53,53,13.44,10,251,
2-3,13:16:31,49,49,13.4,10,251,
2-3,13:16:32,53,53,13.5,10,251,
2-3,13:16:32,48,48,13.37,10,251,
2-3,13:16:33,50,50,13.4,10,251,
2-3,13:16:33,47,47,13.38,10,251,
2-3,13:16:34,51,51,13.38,10,251,
2-3,13:16:34,51,51,13.45,10,251,
2-3,13:16:35,41,41,13.28,10,251,
2-3,13:16:35,53,53,13.46,10,251,
2-3,13:16:36,53,53,13.5,10,251,
2-3,13:16:36,49,49,13.37,10,251,
2-3,13:16:37,58,58,13.5,10,251,
2-3,13:16:37,50,50,13.39,10,251,
2-3,13:16:38,57,57,13.51,10,251,
2-3,13:16:38,55,55,13.51,10,251,
2-3,13:16:39,57,57,13.51,10,251,
2-3,13:16:39,51,51,13.41,10,251,
2-3,13:16:40,45,45,13.29,10,251,
2-3,13:16:40,57,57,13.48,10,251,
2-3,13:16:41,43,43,13.31,10,251,
2-3,13:16:41,43,43,13.25,10,251,
2-3,13:16:42,55,55,13.52,10,251,
2-3,13:16:42,55,55,13.52,10,251,
2-3,13:16:43,48,48,13.39,10,251,
2-3,13:16:43,51,51,13.42,10,251,
2-3,13:16:44,51,51,13.4,10,251,
2-3,13:16:44,45,45,13.32,10,251,
2-3,13:16:45,42,42,13.25,10,251,
2-3,13:16:45,54,54,13.49,10,251,
2-3,13:16:46,53,53,13.47,10,251,
2-3,13:16:46,47,47,13.33,10,251,
2-3,13:16:47,50,50,13.4,10,251,
2-3,13:16:47,57,57,13.61,10,251,
2-3,13:16:48,58,58,13.59,10,251,
2-3,13:16:48,45,45,13.31,10,251,
2-3,13:16:49,50,50,13.4,10,251,
2-3,13:16:49,46,46,13.34,10,251,
2-3,13:16:50,57,57,13.53,10,251,
2-3,13:16:50,56,56,13.57,10,251,
2-3,13:16:51,43,43,13.3,10,251,
2-3,13:16:51,47,47,13.38,10,251,
2-3,13:16:52,46,46,13.34,10,251,
2-3,13:16:52,45,45,13.25,10,251,
2-3,13:16:53,45,45,13.29,10,251,
2-3,13:16:53,45,45,13.29,10,251,
2-3,13:16:54,53,53,13.47,10,251,
2-3,13:16:54,53,53,13.45,10,251,
2-3,13:16:55,48,48,13.37,10,251,
2-3,13:16:55,45,45,13.29,10,251,
2-3,13:16:56,50,50,13.39,10,251,
2-3,13:16:56,49,49,13.38,10,251,
2-3,13:16:57,48,48,13.35,10,251,
2-3,13:16:57,47,47,13.35,10,251,
2-3,13:16:58,46,46,13.33,10,251,
2-3,13:16:58,52,52,13.45,10,251,
2-3,13:16:59,46,46,13.34,10,251,
2-3,13:16:59,53,53,13.47,10,251,
2-3,13:17:0,56,56,13.55,10,251,
2-3,13:17:0,56,56,13.69,10,251,
2-3,13:17:1,58,58,13.56,10,251,
2-3,13:17:1,53,53,13.47,10,251,
2-3,13:17:2,50,50,13.4,10,251,
2-3,13:17:2,54,54,13.5,10,251,
2-3,13:17:3,48,48,13.35,10,251,
2-3,13:17:3,46,46,13.32,10,251,
2-3,13:17:4,48,48,13.34,10,251,
2-3,13:17:4,48,48,13.36,10,251,
2-3,13:17:5,58,58,13.61,10,251,
2-3,13:17:5,48,48,13.32,10,251,
2-3,13:17:6,51,51,13.42,10,251,
2-3,13:17:6,42,42,13.28,10,251,
2-3,13:17:7,48,48,13.38,10,251,
2-3,13:17:7,56,56,13.67,10,251,
2-3,13:17:8,57,57,13.48,10,251,
2-3,13:17:8,49,49,13.39,10,251,
2-3,13:17:9,43,43,13.28,10,251,
2-3,13:17:9,44,44,13.27,10,251,
2-3,13:17:10,58,58,13.62,10,251,
2-3,13:17:10,48,48,13.39,10,251,
2-3,13:17:11,51,51,13.39,10,251,
2-3,13:17:11,54,54,13.46,10,251,
2-3,13:17:12,47,47,13.34,10,251,
2-3,13:17:12,53,53,13.42,10,251,
2-3,13:17:13,52,52,13.45,10,251,
2-3,13:17:13,46,46,13.35,10,251,
2-3,13:17:14,51,51,13.38,10,251,
2-3,13:17:14,42,42,13.26,10,251,
2-3,13:17:15,43,43,13.28,10,251,
2-3,13:17:15,58,58,13.69,10,251,
2-3,13:17:16,57,57,13.46,10,251,
2-3,13:17:16,49,49,13.38,10,251,
2-3,13:17:17,58,58,13.54,10,251,
2-3,13:17:17,58,58,13.5,10,251,
2-3,13:17:18,53,53,13.45,10,251,
2-3,13:17:18,46,46,13.33,10,251,
2-3,13:17:19,57,57,13.49,10,251,
2-3,13:17:19,49,49,13.38,10,251,
2-3,13:17:20,42,42,13.24,10,251,
2-3,13:17:20,51,51,13.45,10,251,
2-3,13:17:21,59,59,13.56,10,251,
2-3,13:17:21,57,57,13.59,10,251,
2-3,13:17:22,54,54,13.49,10,251,
2-3,13:17:22,57,57,13.62,10,251,
2-3,13:17:23,57,57,13.54,10,251,
2-3,13:17:23,52,52,13.46,10,251,
2-3,13:17:24,49,49,13.36,10,251,
2-3,13:17:24,54,54,13.52,10,251,
2-3,13:17:25,45,45,13.34,10,251,
2-3,13:17:25,42,42,13.27,10,251,
2-3,13:17:26,47,47,13.36,10,251,
2-3,13:17:26,49,49,13.39,10,251,
2-3,13:17:27,39,39,13.26,10,251,
2-3,13:17:27,57,57,13.61,10,251,
2-3,13:17:28,50,50,13.4,10,251,
2-3,13:17:28,54,54,13.49,10,251,
2-3,13:17:29,57,57,13.53,10,251,
2-3,13:17:29,53,53,13.45,10,251,
2-3,13:17:30,55,55,13.76,10,251,
2-3,13:17:30,57,57,13.6,10,251,
2-3,13:17:31,49,49,13.35,10,251,
2-3,13:17:31,52,52,13.49,10,251,
2-3,13:17:32,49,49,13.4,10,251,
2-3,13:17:32,47,47,13.36,10,251,
2-3,13:17:33,48,48,13.37,10,251,
2-3,13:17:33,42,42,13.33,10,251,
2-3,13:17:34,54,54,13.49,10,251,
2-3,13:17:34,55,55,13.54,10,251,
2-3,13:17:35,57,57,13.46,10,251,
2-3,13:17:35,58,58,13.53,10,251,
2-3,13:17:36,43,43,13.27,10,251,
2-3,13:17:36,48,48,13.38,10,251,
2-3,13:17:37,48,48,13.37,10,251,
2-3,13:17:37,48,48,13.38,10,251,
2-3,13:17:38,42,42,13.3,10,251,
2-3,13:17:38,53,53,13.45,10,251,
2-3,13:17:39,54,54,13.5,10,251,
2-3,13:17:39,48,48,13.4,10,251,
2-3,13:17:40,46,46,13.35,10,251,
2-3,13:17:40,52,52,13.45,10,251,
2-3,13:17:41,47,47,13.39,10,251,
2-3,13:17:41,36,36,13.18,10,251,
2-3,13:17:42,51,51,13.43,10,251,
2-3,13:17:42,49,49,13.42,10,251,
2-3,13:17:43,50,50,13.43,10,251,
2-3,13:17:43,49,49,13.37,10,251,
2-3,13:17:44,46,46,13.31,10,251,
2-3,13:17:44,43,43,13.28,10,251,
2-3,13:17:45,43,43,13.31,10,251,
2-3,13:17:45,53,53,13.45,10,251,
2-3,13:17:46,48,48,13.37,10,251,
2-3,13:17:46,42,42,13.26,10,251,
2-3,13:17:47,48,48,13.42,10,251,
2-3,13:17:47,47,47,13.37,10,251,
2-3,13:17:48,47,47,13.37,10,251,
2-3,13:17:48,49,49,13.43,10,251,
2-3,13:17:49,55,55,13.67,10,251,
2-3,13:17:49,55,55,13.51,10,251,
2-3,13:17:50,48,48,13.38,10,251,
2-3,13:17:50,53,53,13.5,10,251,
2-3,13:17:51,47,47,13.36,10,251,
2-3,13:17:51,53,53,13.5,10,251,
2-3,13:17:52,49,49,13.43,10,251,
2-3,13:17:52,44,44,13.32,10,251,
2-3,13:17:53,49,49,13.39,10,251,
2-3,13:17:53,58,58,13.57,10,251,
2-3,13:17:54,49,49,13.39,10,251,
2-3,13:17:54,57,57,13.45,10,251,
2-3,13:17:55,56,56,13.59,10,251,
2-3,13:17:55,47,47,13.37,10,251,
2-3,13:17:56,49,49,13.39,10,251,
2-3,13:17:56,56,56,13.53,10,251,
2-3,13:17:57,50,50,13.43,10,251,
2-3,13:17:57,51,51,13.43,10,251,
2-3,13:17:58,45,45,13.34,10,251,
2-3,13:17:58,46,46,13.34,10,251,
2-3,13:17:59,42,42,13.29,10,251,
2-3,13:17:59,53,53,13.48,10,251,
2-3,13:18:0,53,53,13.5,10,251,
2-3,13:18:0,50,50,13.37,10,251,
2-3,13:18:1,42,42,13.3,10,251,
2-3,13:18:1,54,54,13.49,10,251,
2-3,13:18:2,45,45,13.33,10,251,
2-3,13:18:2,57,57,13.51,10,251,
2-3,13:18:3,49,49,13.44,10,251,
2-3,13:18:3,51,51,13.4,10,251,
2-3,13:18:4,48,48,13.39,10,251,
2-3,13:18:4,47,47,13.38,10,251,
2-3,13:18:5,49,49,13.38,10,251,
2-3,13:18:5,41,41,13.26,10,251,
2-3,13:18:6,49,49,13.42,10,251,
2-3,13:18:6,48,48,13.37,10,251,
2-3,13:18:7,48,48,13.37,10,251,
2-3,13:18:7,51,51,13.44,10,251,
2-3,13:18:8,52,52,13.42,10,251,
2-3,13:18:8,50,50,13.4,10,251,
2-3,13:18:9,49,49,13.39,10,251,
2-3,13:18:9,47,47,13.34,10,251,
2-3,13:18:10,50,50,13.39,10,251,
2-3,13:18:10,49,49,13.39,10,251,
2-3,13:18:11,54,54,13.5,10,251,
2-3,13:18:11,46,46,13.34,10,251,
2-3,13:18:12,52,52,13.46,10,251,
2-3,13:18:12,49,49,13.39,10,251,
2-3,13:18:13,50,50,13.4,10,251,
2-3,13:18:13,47,47,13.39,10,251,
2-3,13:18:14,49,49,13.43,10,251,
2-3,13:18:14,50,50,13.39,10,251,
2-3,13:18:15,47,47,13.33,10,251,
2-3,13:18:15,52,52,13.46,10,251,
2-3,13:18:16,46,46,13.33,10,251,
2-3,13:18:16,48,48,13.37,10,251,
2-3,13:18:17,54,54,13.48,10,251,
2-3,13:18:17,57,57,13.5,10,251,
2-3,13:18:18,49,49,13.38,10,251,
2-3,13:18:18,53,53,13.46,10,251,
2-3,13:18:19,57,57,13.5,10,251,
2-3,13:18:19,52,52,13.41,10,251,
2-3,13:18:20,53,53,13.51,10,251,
2-3,13:18:20,49,49,13.37,10,251,
2-3,13:18:21,47,47,13.35,10,251,
2-3,13:18:21,48,48,13.39,10,251,
2-3,13:18:22,42,42,13.26,10,251,
2-3,13:18:22,52,52,13.43,10,251,
2-3,13:18:23,51,51,13.44,10,251,
2-3,13:18:23,45,45,13.29,10,251,
2-3,13:18:24,51,51,13.44,10,251,
2-3,13:18:24,50,50,13.41,10,251,
2-3,13:18:25,50,50,13.41,10,251,
2-3,13:18:25,48,48,13.38,10,251,
2-3,13:18:26,50,50,13.37,10,251,
2-3,13:18:26,45,45,13.31,10,251,
2-3,13:18:27,56,56,13.52,10,251,
2-3,13:18:27,58,58,13.61,10,251,
2-3,13:18:28,43,43,13.28,10,251,
2-3,13:18:28,56,56,13.54,10,251,
2-3,13:18:29,51,51,13.44,10,251,
2-3,13:18:29,44,44,13.33,10,251,
2-3,13:18:30,45,45,13.32,10,251,
2-3,13:18:30,57,57,13.53,10,251,
2-3,13:18:31,57,57,13.48,10,251,
2-3,13:18:31,45,45,13.28,10,251,
2-3,13:18:32,57,57,13.54,10,251,
2-3,13:18:32,50,50,13.41,10,251,
2-3,13:18:33,43,43,13.26,10,251,
2-3,13:18:33,51,51,13.46,10,251,
2-3,13:18:34,58,58,13.57,10,251,
2-3,13:18:34,45,45,13.34,10,251,
2-3,13:18:35,46,46,13.34,10,251,
2-3,13:18:35,45,45,13.28,10,251,
2-3,13:18:36,47,47,13.35,10,251,
2-3,13:18:36,48,48,13.37,10,251,
2-3,13:18:37,53,53,13.49,10,251,
2-3,13:18:37,49,49,13.37,10,251,
2-3,13:18:38,57,57,13.51,10,251,
2-3,13:18:38,49,49,13.39,10,251,
2-3,13:18:39,59,59,13.59,10,251,
2-3,13:18:39,48,48,13.37,10,251,
2-3,13:18:40,46,46,13.33,10,251,
2-3,13:18:40,51,51,13.4,10,251,
2-3,13:18:41,57,57,13.47,10,251,
2-3,13:18:41,44,44,13.27,10,251,
2-3,13:18:42,56,56,13.65,10,251,
2-3,13:18:42,48,48,13.39,10,251,
2-3,13:18:43,47,47,13.34,10,251,
2-3,13:18:43,47,47,13.38,10,251,
2-3,13:18:44,52,52,13.4,10,251,
2-3,13:18:44,49,49,13.38,10,251,
2-3,13:18:45,48,48,13.35,10,251,
2-3,13:18:45,58,58,13.6,10,251,
2-3,13:18:46,42,42,13.25,10,251,
2-3,13:18:46,49,49,13.39,10,251,
2-3,13:18:47,52,52,13.44,10,251,
2-3,13:18:47,44,44,13.31,10,251,
2-3,13:18:48,53,53,13.45,10,251,
2-3,13:18:48,45,45,13.31,10,251,
2-3,13:18:49,45,45,13.26,10,251,
2-3,13:18:49,44,44,13.32,10,251,
2-3,13:18:50,50,50,13.41,10,251,
2-3,13:18:50,51,51,13.42,10,251,
2-3,13:18:51,56,56,13.45,10,251,
2-3,13:18:51,47,47,13.33,10,251,
2-3,13:18:52,45,45,13.31,10,251,
2-3,13:18:52,42,42,13.25,10,251,
2-3,13:18:53,49,49,13.37,10,251,
2-3,13:18:53,49,49,13.38,10,251,
2-3,13:18:54,59,59,13.67,10,251,
2-3,13:18:54,57,57,13.55,10,251,
2-3,13:18:55,43,43,13.27,10,251,
2-3,13:18:55,51,51,13.41,10,251,
2-3,13:18:56,52,52,13.4,10,251,
2-3,13:18:56,48,48,13.34,10,251,
2-3,13:18:57,48,48,13.37,10,251,
2-3,13:18:57,54,54,13.4,10,251,
2-3,13:18:58,44,44,13.27,10,251,
2-3,13:18:58,51,51,13.41,10,251,
2-3,13:18:59,54,54,13.49,10,251,
2-3,13:18:59,49,49,13.37,10,251,
2-3,13:19:0,56,56,13.43,10,251,
2-3,13:19:0,52,52,13.41,10,251,
2-3,13:19:1,46,46,13.32,10,251,
2-3,13:19:1,53,53,13.41,10,251,
2-3,13:19:2,53,53,13.45,10,251,
2-3,13:19:2,54,54,13.48,10,251,
2-3,13:19:3,55,55,13.47,10,251,
2-3,13:19:3,49,49,13.38,10,251,
2-3,13:19:4,48,48,13.31,10,251,
2-3,13:19:4,54,54,13.47,10,251,
2-3,13:19:5,59,59,13.59,10,251,
2-3,13:19:5,51,51,13.39,10,251,
2-3,13:19:6,56,56,13.47,10,251,
2-3,13:19:6,33,33,13.13,10,251,
2-3,13:19:7,50,50,13.39,10,251,
2-3,13:19:7,46,46,13.35,10,251,
2-3,13:19:8,47,47,13.34,10,251,
2-3,13:19:8,41,41,13.25,10,251,
2-3,13:19:9,57,57,13.54,10,251,
2-3,13:19:9,54,54,13.47,10,251,
2-3,13:19:10,50,50,13.38,10,251,
2-3,13:19:10,47,47,13.37,10,251,
2-3,13:19:11,56,56,13.64,10,251,
2-3,13:19:11,57,57,13.52,10,251,
2-3,13:19:12,40,40,13.24,10,251,
2-3,13:19:12,50,50,13.39,10,251,
2-3,13:19:13,57,57,13.5,10,251,
2-3,13:19:13,49,49,13.34,10,251,
2-3,13:19:14,37,37,13.21,10,251,
2-3,13:19:14,49,49,13.41,10,251,
2-3,13:19:15,45,45,13.31,10,251,
2-3,13:19:15,49,49,13.4,10,251,
2-3,13:19:16,56,56,13.43,10,251,
2-3,13:19:16,51,51,13.41,10,251,
2-3,13:19:17,37,37,13.18,10,251,
2-3,13:19:17,48,48,13.4,10,251,
2-3,13:19:18,49,49,13.38,10,251,
2-3,13:19:18,51,51,13.43,10,251,
2-3,13:19:19,48,48,13.37,10,251,
2-3,13:19:19,49,49,13.37,10,251,
2-3,13:19:20,40,40,13.22,10,251,
2-3,13:19:20,56,56,13.49,10,251,
2-3,13:19:21,58,58,13.6,10,251,
2-3,13:19:21,45,45,13.31,10,251,
2-3,13:19:22,56,56,13.49,10,251,
2-3,13:19:22,55,55,13.49,10,251,
2-3,13:19:23,49,49,13.41,10,251,
2-3,13:19:23,52,52,13.44,10,251,
2-3,13:19:24,45,45,13.35,10,251,
2-3,13:19:24,58,58,13.54,10,251,
2-3,13:19:25,50,50,13.39,10,251,
2-3,13:19:25,56,56,13.43,10,251,
2-3,13:19:26,58,58,13.6,10,251,
2-3,13:19:26,54,54,13.5,10,251,
2-3,13:19:27,43,43,13.3,10,251,
2-3,13:19:27,58,58,13.52,10,251,
2-3,13:19:28,55,55,13.52,10,251,
2-3,13:19:28,56,56,13.52,10,251,
2-3,13:19:29,37,37,13.22,10,251,
2-3,13:19:29,44,44,13.3,10,251,
2-3,13:19:30,52,52,13.42,10,251,
2-3,13:19:30,39,39,13.19,10,251,
2-3,13:19:31,54,54,13.48,10,251,
2-3,13:19:31,43,43,13.26,10,251,
2-3,13:19:32,48,48,13.37,10,251,
2-3,13:19:32,47,47,13.37,10,251,
2-3,13:19:33,48,48,13.35,10,251,
2-3,13:19:33,40,40,13.25,10,251,
2-3,13:19:34,42,42,13.29,10,251,
2-3,13:19:34,51,51,13.4,10,251,
2-3,13:19:35,45,45,13.34,10,251,
2-3,13:19:35,48,48,13.39,10,251,
2-3,13:19:36,50,50,13.42,10,251,
2-3,13:19:36,50,50,13.44,10,251,
2-3,13:19:37,57,57,13.59,10,251,
2-3,13:19:37,54,54,13.71,10,251,
2-3,13:19:38,51,51,13.43,10,251,
2-3,13:19:38,54,54,13.75,10,251,
2-3,13:19:39,55,55,13.7,10,251,
2-3,13:19:39,48,48,13.37,10,251,
2-3,13:19:40,54,54,13.5,10,251,
2-3,13:19:40,53,53,13.48,10,251,
2-3,13:19:41,52,52,13.43,10,251,
2-3,13:19:41,53,53,13.45,10,251,
2-3,13:19:42,55,55,13.7,10,251,
2-3,13:19:42,42,42,13.32,10,251,
2-3,13:19:43,44,44,13.27,10,251,
2-3,13:19:43,46,46,13.37,10,251,
2-3,13:19:44,47,47,13.4,10,251,
2-3,13:19:44,41,41,13.26,10,251,
2-3,13:19:45,52,52,13.44,10,251,
2-3,13:19:45,57,57,13.59,10,251,
2-3,13:19:46,47,47,13.38,10,251,
2-3,13:19:46,48,48,13.36,10,251,
2-3,13:19:47,48,48,13.36,10,251,
2-3,13:19:47,46,46,13.38,10,251,
2-3,13:19:48,54,54,13.5,10,251,
2-3,13:19:48,50,50,13.43,10,251,
2-3,13:19:49,41,41,13.27,10,251,
2-3,13:19:49,57,57,13.51,10,251,
2-3,13:19:50,58,58,13.51,10,251,
2-3,13:19:50,44,44,13.3,10,251,
2-3,13:19:51,51,51,13.39,10,251,
2-3,13:19:51,56,56,13.66,10,251,
2-3,13:19:52,54,54,13.49,10,251,
2-3,13:19:52,49,49,13.39,10,251,
2-3,13:19:53,50,50,13.44,10,251,
2-3,13:19:53,52,52,13.45,10,251,
2-3,13:19:54,56,56,13.68,10,251,
2-3,13:19:54,42,42,13.24,10,251,
2-3,13:19:55,33,33,13.17,10,251,
2-3,13:19:55,41,41,13.27,10,251,
2-3,13:19:56,56,56,13.54,10,251,
2-3,13:19:56,48,48,13.36,10,251,
2-3,13:19:57,45,45,13.34,10,251,
2-3,13:19:57,43,43,13.29,10,251,
2-3,13:19:58,47,47,13.34,10,251,
2-3,13:19:58,56,56,13.65,10,251,
2-3,13:19:59,54,54,13.44,10,251,
2-3,13:19:59,48,48,13.37,10,251,
2-3,13:20:0,52,52,13.41,10,251,
2-3,13:20:0,49,49,13.37,10,251,
2-3,13:20:1,49,49,13.34,10,251,
2-3,13:20:1,42,42,13.25,10,251,
2-3,13:20:2,54,54,13.51,10,251,
2-3,13:20:2,57,57,13.59,10,251,
2-3,13:20:3,47,47,13.35,10,251,
2-3,13:20:3,55,55,13.47,10,251,
2-3,13:20:4,43,43,13.3,10,251,
2-3,13:20:4,50,50,13.38,10,251,
2-3,13:20:5,49,49,13.37,10,251,
2-3,13:20:5,43,43,13.25,10,251,
2-3,13:20:6,48,48,13.38,10,251,
2-3,13:20:6,50,50,13.41,10,251,
2-3,13:20:7,50,50,13.34,10,251,
2-3,13:20:7,50,50,13.41,10,251,
2-3,13:20:8,48,48,13.37,10,251,
2-3,13:20:8,47,47,13.34,10,251,
2-3,13:20:9,48,48,13.39,10,251,
2-3,13:20:9,57,57,13.47,10,251,
2-3,13:20:10,57,57,13.49,10,251,
2-3,13:20:10,42,42,13.29,10,251,
2-3,13:20:11,54,54,13.49,10,251,
2-3,13:20:11,51,51,13.41,10,251,
2-3,13:20:12,45,45,13.32,10,251,
2-3,13:20:12,52,52,13.46,10,251,
2-3,13:20:13,42,42,13.28,10,251,
2-3,13:20:13,47,47,13.33,10,251,
2-3,13:20:14,47,47,13.35,10,251,
2-3,13:20:14,55,55,13.76,10,251,
2-3,13:20:15,56,56,13.48,10,251,
2-3,13:20:15,43,43,13.25,10,251,
2-3,13:20:16,46,46,13.34,10,251,
2-3,13:20:16,48,48,13.37,10,251,
2-3,13:20:17,53,53,13.46,10,251,
2-3,13:20:17,44,44,13.28,10,251,
2-3,13:20:18,49,49,13.37,10,251,
2-3,13:20:18,50,50,13.39,10,251,
2-3,13:20:19,49,49,13.41,10,251,
2-3,13:20:19,47,47,13.31,10,251,
2-3,13:20:20,51,51,13.38,10,251,
2-3,13:20:20,55,55,13.73,10,251,
2-3,13:20:21,50,50,13.41,10,251,
2-3,13:20:21,52,52,13.44,10,251,
2-3,13:20:22,50,50,13.4,10,251,
2-3,13:20:22,58,58,13.48,10,251,
2-3,13:20:23,52,52,13.43,10,251,
2-3,13:20:23,47,47,13.35,10,251,
2-3,13:20:24,47,47,13.38,10,251,
2-3,13:20:24,43,43,13.3,10,251,
2-3,13:20:25,55,55,13.54,10,251,
2-3,13:20:25,51,51,13.41,10,251,
2-3,13:20:26,55,55,13.51,10,251,
2-3,13:20:26,49,49,13.39,10,251,
2-3,13:20:27,51,51,13.46,10,251,
2-3,13:20:27,51,51,13.4,10,251,
2-3,13:20:28,55,55,13.52,10,251,
2-3,13:20:28,54,54,13.76,10,251,
2-3,13:20:29,58,58,13.57,10,251,
2-3,13:20:29,51,51,13.44,10,251,
2-3,13:20:30,57,57,13.51,10,251,
2-3,13:20:30,46,46,13.35,10,251,
2-3,13:20:31,42,42,13.24,10,251,
2-3,13:20:31,47,47,13.37,10,251,
2-3,13:20:32,48,48,13.39,10,251,
2-3,13:20:32,45,45,13.33,10,251,
2-3,13:20:33,57,57,13.48,10,251,
2-3,13:20:33,53,53,13.52,10,251,
2-3,13:20:34,49,49,13.42,10,251,
2-3,13:20:34,49,49,13.39,10,251,
2-3,13:20:35,48,48,13.37,10,251,
2-3,13:20:35,49,49,13.44,10,251,
2-3,13:20:36,52,52,13.46,10,251,
2-3,13:20:36,46,46,13.33,10,251,
2-3,13:20:37,44,44,13.29,10,251,
2-3,13:20:37,52,52,13.46,10,251,
2-3,13:20:38,46,46,13.34,10,251,
2-3,13:20:38,56,56,13.65,10,251,
2-3,13:20:39,49,49,13.38,10,251,
2-3,13:20:39,44,44,13.29,10,251,
2-3,13:20:40,52,52,13.44,10,251,
2-3,13:20:40,48,48,13.35,10,251,
2-3,13:20:41,46,46,13.34,10,251,
2-3,13:20:41,45,45,13.34,10,251,
2-3,13:20:42,49,49,13.39,10,251,
2-3,13:20:42,47,47,13.37,10,251,
2-3,13:20:43,48,48,13.42,10,251,
2-3,13:20:43,42,42,13.3,10,251,
2-3,13:20:44,51,51,13.42,10,251,
2-3,13:20:44,53,53,13.45,10,251,
2-3,13:20:45,51,51,13.44,10,251,
2-3,13:20:45,50,50,13.41,10,251,
2-3,13:20:46,52,52,13.43,10,251,
2-3,13:20:46,42,42,13.3,10,251,
2-3,13:20:47,52,52,13.44,10,251,
2-3,13:20:47,49,49,13.41,10,251,
2-3,13:20:48,50,50,13.42,10,251,
2-3,13:20:48,48,48,13.37,10,251,
2-3,13:20:49,48,48,13.37,10,251,
2-3,13:20:49,57,57,13.54,10,251,
2-3,13:20:50,50,50,13.41,10,251,
2-3,13:20:50,54,54,13.5,10,251,
2-3,13:20:51,47,47,13.38,10,251,
2-3,13:20:51,58,58,13.58,10,251,
2-3,13:20:52,43,43,13.27,10,251,
2-3,13:20:52,57,57,13.45,10,251,
2-3,13:20:53,50,50,13.39,10,251,
2-3,13:20:53,58,58,13.54,10,251,
2-3,13:20:54,53,53,13.47,10,251,
2-3,13:20:54,35,35,13.13,10,251,
2-3,13:20:55,51,51,13.38,10,251,
2-3,13:20:55,51,51,13.43,10,251,
2-3,13:20:56,48,48,13.37,10,251,
2-3,13:20:56,50,50,13.38,10,251,
2-3,13:20:57,48,48,13.35,10,251,
2-3,13:20:57,49,49,13.38,10,251,
2-3,13:20:58,55,55,13.54,10,251,
2-3,13:20:58,41,41,13.29,10,251,
2-3,13:20:59,55,55,13.68,10,251,
2-3,13:20:59,57,57,13.54,10,251,
2-3,13:21:0,45,45,13.32,10,251,
2-3,13:21:0,57,57,13.61,10,251,
2-3,13:21:1,52,52,13.45,10,251,
2-3,13:21:1,57,57,13.54,10,251,
2-3,13:21:2,49,49,13.37,10,251,
2-3,13:21:2,56,56,13.66,10,251,
2-3,13:21:3,58,58,13.53,10,251,
2-3,13:21:3,51,51,13.41,10,251,
2-3,13:21:4,57,57,13.45,10,251,
2-3,13:21:4,48,48,13.39,10,251,
2-3,13:21:5,45,45,13.32,10,251,
2-3,13:21:5,55,55,13.54,10,251,
2-3,13:21:6,45,45,13.32,10,251,
2-3,13:21:6,48,48,13.37,10,251,
2-3,13:21:7,49,49,13.39,10,251,
2-3,13:21:7,54,54,13.51,10,251,
2-3,13:21:8,58,58,13.6,10,251,
2-3,13:21:8,56,56,13.53,10,251,
2-3,13:21:9,49,49,13.39,10,251,
2-3,13:21:9,56,56,13.44,10,251,
2-3,13:21:10,44,44,13.33,10,251,
2-3,13:21:10,53,53,13.46,10,251,
2-3,13:21:11,55,55,13.68,10,251,
2-3,13:21:11,52,52,13.46,10,251,
2-3,13:21:12,50,50,13.42,10,251,
2-3,13:21:12,43,43,13.23,10,251,
2-3,13:21:13,57,57,13.51,10,251,
2-3,13:21:13,52,52,13.44,10,251,
2-3,13:21:14,48,48,13.36,10,251,
2-3,13:21:14,51,51,13.44,10,251,
2-3,13:21:15,55,55,13.51,10,251,
2-3,13:21:15,48,48,13.39,10,251,
2-3,13:21:16,48,48,13.37,10,251,
2-3,13:21:16,43,43,13.33,10,251,
2-3,13:21:17,52,52,13.47,10,251,
2-3,13:21:17,57,57,13.46,10,251,
2-3,13:21:18,47,47,13.38,10,251,
2-3,13:21:18,49,49,13.39,10,251,
2-3,13:21:19,47,47,13.38,10,251,
2-3,13:21:19,56,56,13.54,10,251,
2-3,13:21:20,57,57,13.5,10,251,
2-3,13:21:20,51,51,13.38,10,251,
2-3,13:21:21,58,58,13.55,10,251,
2-3,13:21:21,48,48,13.37,10,251,
2-3,13:21:22,49,49,13.38,10,251,
2-3,13:21:22,47,47,13.33,10,251,
2-3,13:21:23,52,52,13.43,10,251,
2-3,13:21:23,49,49,13.38,10,251,
2-3,13:21:24,49,49,13.37,10,251,
2-3,13:21:24,57,57,13.55,10,251,
2-3,13:21:25,50,50,13.4,10,251,
2-3,13:21:25,48,48,13.38,10,251,
2-3,13:21:26,48,48,13.35,10,251,
2-3,13:21:26,48,48,13.36,10,251,
2-3,13:21:27,53,53,13.46,10,251,
2-3,13:21:27,49,49,13.37,10,251,
2-3,13:21:28,48,48,13.37,10,251,
2-3,13:21:28,52,52,13.45,10,251,
2-3,13:21:29,48,48,13.41,10,251,
2-3,13:21:29,57,57,13.55,10,251,
2-3,13:21:30,46,46,13.35,10,251,
2-3,13:21:30,50,50,13.36,10,251,
2-3,13:21:31,40,40,13.25,10,251,
2-3,13:21:31,42,42,13.25,10,251,
2-3,13:21:32,49,49,13.38,10,251,
2-3,13:21:32,51,51,13.45,10,251,
2-3,13:21:33,53,53,13.44,10,251,
2-3,13:21:33,45,45,13.32,10,251,
2-3,13:21:34,48,48,13.37,10,251,
2-3,13:21:34,54,54,13.49,10,251,
2-3,13:21:35,49,49,13.36,10,251,
2-3,13:21:35,57,57,13.62,10,251,
2-3,13:21:36,48,48,13.36,10,251,
2-3,13:21:36,45,45,13.3,10,251,
2-3,13:21:37,44,44,13.31,10,251,
2-3,13:21:37,51,51,13.4,10,251,
2-3,13:21:38,47,47,13.33,10,251,
2-3,13:21:38,54,54,13.46,10,251,
2-3,13:21:39,50,50,13.39,10,251,
2-3,13:21:39,45,45,13.31,10,251,
2-3,13:21:40,49,49,13.36,10,251,
2-3,13:21:40,49,49,13.36,10,251,
2-3,13:21:41,52,52,13.41,10,251,
2-3,13:21:41,58,58,13.49,10,251,
2-3,13:21:42,51,51,13.4,10,251,
2-3,13:21:42,52,52,13.42,10,251,
2-3,13:21:43,52,52,13.42,10,251,
2-3,13:21:43,49,49,13.38,10,251,
2-3,13:21:44,60,60,13.67,10,251,
2-3,13:21:44,44,44,13.28,10,251,
2-3,13:21:45,54,54,13.47,10,251,
2-3,13:21:45,53,53,13.43,10,251,
2-3,13:21:46,58,58,13.49,10,251,
2-3,13:21:46,47,47,13.34,10,251,
2-3,13:21:47,50,50,13.39,10,251,
2-3,13:21:47,55,55,13.46,10,251,
2-3,13:21:48,46,46,13.33,10,251,
2-3,13:21:48,48,48,13.37,10,251,
2-3,13:21:49,51,51,13.4,10,251,
2-3,13:21:49,49,49,13.37,10,251,
2-3,13:21:50,58,58,13.49,10,251,
2-3,13:21:50,45,45,13.33,10,251,
2-3,13:21:51,59,59,13.58,10,251,
2-3,13:21:51,54,54,13.41,10,251,
2-3,13:21:52,51,51,13.42,10,251,
2-3,13:21:52,54,54,13.48,10,251,
2-3,13:21:53,55,55,13.48,10,251,
2-3,13:21:53,49,49,13.35,10,251,
2-3,13:21:54,48,48,13.37,10,251,
2-3,13:21:54,53,53,13.45,10,251,
2-3,13:21:55,58,58,13.56,10,251,
2-3,13:21:55,51,51,13.38,10,251,
2-3,13:21:56,52,52,13.44,10,251,
2-3,13:21:56,46,46,13.34,10,251,
2-3,13:21:57,58,58,13.51,10,251,
2-3,13:21:57,50,50,13.37,10,251,
2-3,13:21:58,57,57,13.46,10,251,
2-3,13:21:58,50,50,13.37,10,251,
2-3,13:21:59,54,54,13.46,10,251,
2-3,13:21:59,47,47,13.34,10,251,
2-3,13:22:0,57,57,13.47,10,251,
2-3,13:22:0,56,56,13.49,10,251,
2-3,13:22:1,55,55,13.46,10,251,
2-3,13:22:1,51,51,13.4,10,251,
2-3,13:22:2,53,53,13.46,10,251,
2-3,13:22:2,53,53,13.46,10,251,
2-3,13:22:3,50,50,13.39,10,251,
2-3,13:22:3,49,49,13.36,10,251,
2-3,13:22:4,55,55,13.74,10,251,
2-3,13:22:4,53,53,13.43,10,251,
2-3,13:22:5,45,45,13.3,10,251,
2-3,13:22:5,51,51,13.39,10,251,
2-3,13:22:6,50,50,13.37,10,251,
2-3,13:22:6,50,50,13.37,10,251,
2-3,13:22:7,48,48,13.35,10,251,
2-3,13:22:7,49,49,13.37,10,251,
2-3,13:22:8,42,42,13.26,10,251,
2-3,13:22:8,48,48,13.38,10,251,
2-3,13:22:9,50,50,13.4,10,251,
2-3,13:22:9,56,56,13.48,10,251,
2-3,13:22:10,51,51,13.38,10,251,
2-3,13:22:10,58,58,13.55,10,251,
2-3,13:22:11,53,53,13.46,10,251,
2-3,13:22:11,48,48,13.34,10,251,
2-3,13:22:12,49,49,13.36,10,251,
2-3,13:22:12,49,49,13.37,10,251,
2-3,13:22:13,57,57,13.54,10,251,
2-3,13:22:13,47,47,13.35,10,251,
2-3,13:22:14,50,50,13.4,10,251,
2-3,13:22:14,51,51,13.38,10,251,
2-3,13:22:15,51,51,13.38,10,251,
2-3,13:22:15,53,53,13.44,10,251,
2-3,13:22:16,54,54,13.45,10,251,
2-3,13:22:16,50,50,13.42,10,251,
2-3,13:22:17,53,53,13.44,10,251,
2-3,13:22:17,48,48,13.38,10,251,
2-3,13:22:18,53,53,13.46,10,251,
2-3,13:22:18,49,49,13.38,10,251,
2-3,13:22:19,46,46,13.32,10,251,
2-3,13:22:19,58,58,13.61,10,251,
2-3,13:22:20,45,45,13.3,10,251,
2-3,13:22:20,55,55,13.48,10,251,
2-3,13:22:21,54,54,13.47,10,251,
2-3,13:22:21,52,52,13.42,10,251,
2-3,13:22:22,52,52,13.42,10,251,
2-3,13:22:22,44,44,13.31,10,251,
2-3,13:22:23,51,51,13.4,10,251,
2-3,13:22:23,35,35,13.15,10,251,
2-3,13:22:24,52,52,13.43,10,251,
2-3,13:22:24,44,44,13.31,10,251,
2-3,13:22:25,58,58,13.63,10,251,
2-3,13:22:25,51,51,13.39,10,251,
2-3,13:22:26,42,42,13.28,10,251,
2-3,13:22:26,50,50,13.4,10,251,
2-3,13:22:27,49,49,13.4,10,251,
2-3,13:22:27,49,49,13.36,10,251,
2-3,13:22:28,45,45,13.32,10,251,
2-3,13:22:28,53,53,13.44,10,251,
2-3,13:22:29,50,50,13.39,10,251,
2-3,13:22:29,48,48,13.37,10,251,
2-3,13:22:30,49,49,13.38,10,251,
2-3,13:22:30,46,46,13.33,10,251,
2-3,13:22:31,52,52,13.47,10,251,
2-3,13:22:31,49,49,13.39,10,251,
2-3,13:22:32,52,52,13.41,10,251,
2-3,13:22:32,47,47,13.37,10,251,
2-3,13:22:33,53,53,13.44,10,251,
2-3,13:22:33,57,57,13.46,10,251,
2-3,13:22:34,57,57,13.54,10,251,
2-3,13:22:34,41,41,13.24,10,251,
2-3,13:22:35,48,48,13.39,10,251,
2-3,13:22:35,49,49,13.38,10,251,
2-3,13:22:36,49,49,13.39,10,251,
2-3,13:22:36,43,43,13.26,10,251,
2-3,13:22:37,47,47,13.35,10,251,
2-3,13:22:37,46,46,13.34,10,251,
2-3,13:22:38,51,51,13.38,10,251,
2-3,13:22:38,43,43,13.32,10,251,
2-3,13:22:39,48,48,13.36,10,251,
2-3,13:22:39,53,53,13.49,10,251,
2-3,13:22:40,48,48,13.32,10,251,
2-3,13:22:40,49,49,13.36,10,251,
2-3,13:22:41,51,51,13.41,10,251,
2-3,13:22:41,48,48,13.36,10,251,
2-3,13:22:42,45,45,13.33,10,251,
2-3,13:22:42,47,47,13.37,10,251,
2-3,13:22:43,56,56,13.63,10,251,
2-3,13:22:43,50,50,13.39,10,251,
2-3,13:22:44,56,56,13.56,10,251,
2-3,13:22:44,57,57,13.58,10,251,
2-3,13:22:45,45,45,13.33,10,251,
2-3,13:22:45,51,51,13.42,10,251,
2-3,13:22:46,57,57,13.51,10,251,
2-3,13:22:46,35,35,13.19,10,251,
2-3,13:22:47,44,44,13.3,10,251,
2-3,13:22:47,47,47,13.37,10,251,
2-3,13:22:48,47,47,13.35,10,251,
2-3,13:22:48,46,46,13.37,10,251,
2-3,13:22:49,43,43,13.28,10,251,
2-3,13:22:49,48,48,13.37,10,251,
2-3,13:22:50,52,52,13.47,10,251,
2-3,13:22:50,49,49,13.36,10,251,
2-3,13:22:51,46,46,13.37,10,251,
2-3,13:22:51,48,48,13.38,10,251,
2-3,13:22:52,50,50,13.4,10,251,
2-3,13:22:52,52,52,13.44,10,251,
2-3,13:22:53,45,45,13.33,10,251,
2-3,13:22:53,44,44,13.31,10,251,
2-3,13:22:54,57,57,13.5,10,251,
2-3,13:22:54,52,52,13.46,10,251,
2-3,13:22:55,54,54,13.47,10,251,
2-3,13:22:55,49,49,13.4,10,251,
2-3,13:22:56,50,50,13.38,10,251,
2-3,13:22:56,45,45,13.3,10,251,
2-3,13:22:57,48,48,13.37,10,251,
2-3,13:22:57,45,45,13.31,10,251,
2-3,13:22:58,49,49,13.36,10,251,
2-3,13:22:58,44,44,13.31,10,251,
2-3,13:22:59,57,57,13.48,10,251,
2-3,13:22:59,49,49,13.38,10,251,
2-3,13:23:0,47,47,13.35,10,251,
2-3,13:23:0,57,57,13.54,10,251,
2-3,13:23:1,48,48,13.37,10,251,
2-3,13:23:1,50,50,13.39,10,251,
2-3,13:23:2,53,53,13.45,10,251,
2-3,13:23:2,41,41,13.27,10,251,
2-3,13:23:3,42,42,13.3,10,251,
2-3,13:23:3,51,51,13.45,10,251,
2-3,13:23:4,48,48,13.37,10,251,
2-3,13:23:4,40,40,13.26,10,251,
2-3,13:23:5,54,54,13.5,10,251,
2-3,13:23:5,53,53,13.48,10,251,
2-3,13:23:6,51,51,13.45,10,251,
2-3,13:23:6,47,47,13.34,10,251,
2-3,13:23:7,39,39,13.26,10,251,
2-3,13:23:7,48,48,13.37,10,251,
2-3,13:23:8,51,51,13.42,10,251,
2-3,13:23:8,52,52,13.45,10,251,
2-3,13:23:9,47,47,13.35,10,251,
2-3,13:23:9,57,57,13.53,10,251,
2-3,13:23:10,46,46,13.35,10,251,
2-3,13:23:10,46,46,13.37,10,251,
2-3,13:23:11,56,56,13.69,10,251,
2-3,13:23:11,49,49,13.38,10,251,
2-3,13:23:12,57,57,13.45,10,251,
2-3,13:23:12,46,46,13.31,10,251,
2-3,13:23:13,48,48,13.39,10,251,
2-3,13:23:13,47,47,13.35,10,251,
2-3,13:23:14,52,52,13.47,10,251,
2-3,13:23:14,47,47,13.34,10,251,
2-3,13:23:15,49,49,13.39,10,251,
2-3,13:23:15,56,56,13.53,10,251,
2-3,13:23:16,50,50,13.37,10,251,
2-3,13:23:16,48,48,13.37,10,251,
2-3,13:23:17,54,54,13.5,10,251,
2-3,13:23:17,57,57,13.53,10,251,
2-3,13:23:18,40,40,13.22,10,251,
2-3,13:23:18,52,52,13.48,10,251,
2-3,13:23:19,51,51,13.46,10,251,
2-3,13:23:19,42,42,13.26,10,251,
2-3,13:23:20,51,51,13.45,10,251,
2-3,13:23:20,46,46,13.31,10,251,
2-3,13:23:21,50,50,13.39,10,251,
2-3,13:23:21,44,44,13.33,10,251,
2-3,13:23:22,52,52,13.44,10,251,
2-3,13:23:22,54,54,13.45,10,251,
2-3,13:23:23,45,45,13.36,10,251,
2-3,13:23:23,48,48,13.36,10,251,
2-3,13:23:24,43,43,13.31,10,251,
2-3,13:23:24,46,46,13.37,10,251,
2-3,13:23:25,56,56,13.67,10,251,
2-3,13:23:25,49,49,13.4,10,251,
2-3,13:23:26,48,48,13.38,10,251,
2-3,13:23:26,50,50,13.43,10,251,
2-3,13:23:27,46,46,13.31,10,251,
2-3,13:23:27,52,52,13.41,10,251,
2-3,13:23:28,45,45,13.32,10,251,
2-3,13:23:28,47,47,13.37,10,251,
2-3,13:23:29,52,52,13.46,10,251,
2-3,13:23:29,51,51,13.43,10,251,
2-3,13:23:30,45,45,13.34,10,251,
2-3,13:23:30,54,54,13.52,10,251,
2-3,13:23:31,51,51,13.44,10,251,
2-3,13:23:31,46,46,13.34,10,251,
2-3,13:23:32,49,49,13.4,10,251,
2-3,13:23:32,52,52,13.46,10,251,
2-3,13:23:33,51,51,13.42,10,251,
2-3,13:23:33,50,50,13.4,10,251,
2-3,13:23:34,55,55,13.73,10,251,
2-3,13:23:34,51,51,13.45,10,251,
2-3,13:23:35,52,52,13.43,10,251,
2-3,13:23:35,49,49,13.37,10,251,
2-3,13:23:36,51,51,13.41,10,251,
2-3,13:23:36,51,51,13.43,10,251,
2-3,13:23:37,49,49,13.37,10,251,
2-3,13:23:37,56,56,13.46,10,251,
2-3,13:23:38,46,46,13.33,10,251,
2-3,13:23:38,51,51,13.38,10,251,
2-3,13:23:39,51,51,13.42,10,251,
2-3,13:23:39,51,51,13.45,10,251,
2-3,13:23:40,45,45,13.33,10,251,
2-3,13:23:40,45,45,13.34,10,251,
2-3,13:23:41,49,49,13.4,10,251,
2-3,13:23:41,51,51,13.44,10,251,
2-3,13:23:42,50,50,13.4,10,251,
2-3,13:23:42,51,51,13.39,10,251,
2-3,13:23:43,51,51,13.44,10,251,
2-3,13:23:43,43,43,13.27,10,251,
2-3,13:23:44,43,43,13.3,10,251,
2-3,13:23:44,51,51,13.42,10,251,
2-3,13:23:45,52,52,13.41,10,251,
2-3,13:23:45,53,53,13.47,10,251,
2-3,13:23:46,58,58,13.63,10,251,
2-3,13:23:46,52,52,13.48,10,251,
2-3,13:23:47,42,42,13.28,10,251,
2-3,13:23:47,44,44,13.28,10,251,
2-3,13:23:48,48,48,13.41,10,251,
2-3,13:23:48,55,55,13.63,10,251,
2-3,13:23:49,47,47,13.38,10,251,
2-3,13:23:49,47,47,13.34,10,251,
2-3,13:23:50,50,50,13.41,10,251,
2-3,13:23:50,51,51,13.41,10,251,
2-3,13:23:51,50,50,13.39,10,251,
2-3,13:23:51,57,57,13.57,10,251,
2-3,13:23:52,45,45,13.33,10,251,
2-3,13:23:52,48,48,13.37,10,251,
2-3,13:23:53,45,45,13.34,10,251,
2-3,13:23:53,51,51,13.47,10,251,
2-3,13:23:54,48,48,13.39,10,251,
2-3,13:23:54,51,51,13.4,10,251,
2-3,13:23:55,47,47,13.35,10,251,
2-3,13:23:55,46,46,13.35,10,251,
2-3,13:23:56,54,54,13.51,10,251,
2-3,13:23:56,57,57,13.53,10,251,
2-3,13:23:57,46,46,13.33,10,251,
2-3,13:23:57,45,45,13.3,10,251,
2-3,13:23:58,48,48,13.36,10,251,
2-3,13:23:58,48,48,13.39,10,251,
2-3,13:23:59,55,55,13.53,10,251,
2-3,13:23:59,45,45,13.32,10,251,
2-3,13:24:0,54,54,13.51,10,251,
2-3,13:24:0,48,48,13.37,10,251,
2-3,13:24:1,48,48,13.36,10,251,
2-3,13:24:1,46,46,13.34,10,251,
2-3,13:24:2,54,54,13.47,10,251,
2-3,13:24:2,49,49,13.41,10,251,
2-3,13:24:3,49,49,13.39,10,251,
2-3,13:24:3,46,46,13.35,10,251,
2-3,13:24:4,57,57,13.48,10,251,
2-3,13:24:4,43,43,13.25,10,251,
2-3,13:24:5,39,39,13.26,10,251,
2-3,13:24:5,46,46,13.33,10,251,
2-3,13:24:6,52,52,13.45,10,251,
2-3,13:24:6,53,53,13.47,10,251,
2-3,13:24:7,47,47,13.37,10,251,
2-3,13:24:7,39,39,13.19,10,251,
2-3,13:24:8,57,57,13.52,10,251,
2-3,13:24:8,47,47,13.38,10,251,
2-3,13:24:9,46,46,13.33,10,251,
2-3,13:24:9,43,43,13.28,10,251,
2-3,13:24:10,50,50,13.38,10,251,
2-3,13:24:10,50,50,13.44,10,251,
2-3,13:24:11,51,51,13.37,10,251,
2-3,13:24:11,49,49,13.37,10,251,
2-3,13:24:12,47,47,13.33,10,251,
2-3,13:24:12,44,44,13.32,10,251,
2-3,13:24:13,45,45,13.26,10,251,
2-3,13:24:13,51,51,13.41,10,251,
2-3,13:24:14,51,51,13.4,10,251,
2-3,13:24:14,42,42,13.24,10,251,
2-3,13:24:15,44,44,13.21,10,251,
2-3,13:24:15,56,56,13.47,10,251,
2-3,13:24:16,49,49,13.31,10,251,
2-3,13:24:16,54,54,13.4,11,251,
2-3,13:24:17,56,56,13.45,11,251,
2-3,13:24:17,52,52,13.33,11,251,
2-3,13:24:18,55,55,13.4,11,251,
2-3,13:24:18,53,53,13.36,11,251,
2-3,13:24:19,51,51,13.33,11,251,
2-3,13:24:19,61,61,13.6,11,251,
2-3,13:24:20,56,56,13.37,11,251,
2-3,13:24:20,58,58,13.41,11,251,
2-3,13:24:21,53,53,13.24,11,251,
2-3,13:24:21,58,58,13.38,11,251,
2-3,13:24:22,60,60,13.4,11,251,
2-3,13:24:22,64,64,13.47,11,251,
2-3,13:24:23,64,64,13.48,11,251,
2-3,13:24:23,66,66,13.49,11,251,
2-3,13:24:24,69,69,13.37,11,251,
2-3,13:24:24,62,62,13.33,11,251,
2-3,13:24:25,70,70,13.6,11,251,
2-3,13:24:25,64,64,13.3,11,251,
2-3,13:24:26,62,62,13.13,11,251,
2-3,13:24:26,64,64,13.24,11,251,
2-3,13:24:27,67,67,13.33,11,251,
2-3,13:24:27,67,67,13.31,11,251,
2-3,13:24:28,67,67,13.33,11,251,
2-3,13:24:28,68,68,13.42,11,251,
2-3,13:24:29,70,70,13.46,11,251,
2-3,13:24:29,67,67,13.33,11,251,
2-3,13:24:30,68,68,13.35,11,251,
2-3,13:24:30,70,70,13.44,11,251,
2-3,13:24:31,68,68,13.36,11,251,
2-3,13:24:31,67,67,13.28,11,251,
2-3,13:24:32,73,73,13.53,11,251,
2-3,13:24:32,69,69,13.32,11,251,
2-3,13:24:33,69,69,13.37,11,251,
2-3,13:24:33,71,71,13.49,11,251,
2-3,13:24:34,67,67,13.31,11,251,
2-3,13:24:34,64,64,13.23,11,251,
2-3,13:24:35,68,68,13.34,11,251,
2-3,13:24:35,69,69,13.41,11,251,
2-3,13:24:36,66,66,13.29,11,251,
2-3,13:24:36,68,68,13.39,11,251,
2-3,13:24:37,69,69,13.43,11,251,
2-3,13:24:37,69,69,13.43,11,251,
2-3,13:24:38,68,68,13.4,11,251,
2-3,13:24:38,68,68,13.44,11,251,
2-3,13:24:39,65,65,13.3,11,251,
2-3,13:24:39,70,70,13.58,11,251,
2-3,13:24:40,71,71,13.59,11,251,
2-3,13:24:40,69,69,13.45,11,251,
2-3,13:24:41,70,70,13.6,11,251,
2-3,13:24:41,70,70,13.52,11,251,
2-3,13:24:42,69,69,13.42,11,251,
2-3,13:24:42,69,69,13.41,11,251,
2-3,13:24:43,65,65,13.3,11,251,
2-3,13:24:43,68,68,13.43,11,251,
2-3,13:24:44,67,67,13.36,11,251,
2-3,13:24:44,65,65,13.31,11,251,
2-3,13:24:45,69,69,13.47,11,251,
2-3,13:24:45,65,65,13.31,11,251,
2-3,13:24:46,67,67,13.39,11,251,
2-3,13:24:46,70,70,13.48,11,251,
2-3,13:24:47,68,68,13.44,11,251,
2-3,13:24:47,68,68,13.41,11,251,
2-3,13:24:48,65,65,13.36,11,251,
2-3,13:24:48,67,67,13.38,11,251,
2-3,13:24:49,65,65,13.27,11,251,
2-3,13:24:49,66,66,13.37,11,251,
2-3,13:24:50,64,64,13.36,11,251,
2-3,13:24:50,65,65,13.39,11,251,
2-3,13:24:51,63,63,13.22,11,251,
2-3,13:24:51,69,69,13.55,11,251,
2-3,13:24:52,65,65,13.38,11,251,
2-3,13:24:52,62,62,13.24,11,251,
2-3,13:24:53,70,70,13.47,11,251,
2-3,13:24:53,63,63,13.34,11,251,
2-3,13:24:54,64,64,13.34,11,251,
2-3,13:24:54,69,69,13.43,11,251,
2-3,13:24:55,65,65,13.37,11,251,
2-3,13:24:55,66,66,13.49,11,251,
2-3,13:24:56,69,69,13.42,11,251,
2-3,13:24:56,65,65,13.38,11,251,
2-3,13:24:57,62,62,13.34,11,251,
2-3,13:24:57,60,60,13.27,11,251,
2-3,13:24:58,67,67,13.51,11,251,
2-3,13:24:58,59,59,13.08,11,251,
2-3,13:24:59,60,60,13.29,11,251,
2-3,13:24:59,62,62,13.36,11,251,
2-3,13:25:0,60,60,13.32,11,251,
2-3,13:25:0,61,61,13.35,11,251,
2-3,13:25:1,60,60,13.34,11,251,
2-3,13:25:1,60,60,13.35,11,251,
2-3,13:25:2,58,58,13.28,11,251,
2-3,13:25:2,60,60,13.37,11,251,
2-3,13:25:3,59,59,13.33,11,251,
2-3,13:25:3,60,60,13.37,11,251,
2-3,13:25:4,59,59,13.34,11,251,
2-3,13:25:4,58,58,13.32,11,251,
2-3,13:25:5,58,58,13.34,11,251,
2-3,13:25:5,60,60,13.45,11,251,
2-3,13:25:6,58,58,13.36,11,251,
2-3,13:25:6,59,59,13.37,11,251,
2-3,13:25:7,58,58,13.34,11,251,
2-3,13:25:7,60,60,13.44,11,251,
2-3,13:25:8,64,64,13.53,11,251,
2-3,13:25:8,60,60,13.46,11,251,
2-3,13:25:9,56,56,13.33,11,251,
2-3,13:25:9,59,59,13.39,11,251,
2-3,13:25:10,57,57,13.36,11,251,
2-3,13:25:10,59,59,13.41,11,251,
2-3,13:25:11,56,56,13.38,11,251,
2-3,13:25:11,62,62,13.53,11,251,
2-3,13:25:12,58,58,13.41,11,251,
2-3,13:25:12,55,55,13.37,11,251,
2-3,13:25:13,59,59,13.42,11,251,
2-3,13:25:13,59,59,13.45,11,251,
2-3,13:25:14,53,53,13.34,11,251,
2-3,13:25:14,56,56,13.38,11,251,
2-3,13:25:15,58,58,13.44,11,251,
2-3,13:25:15,59,59,13.5,11,251,
2-3,13:25:16,57,57,13.41,11,251,
2-3,13:25:16,58,58,13.44,11,251,
2-3,13:25:17,58,58,13.45,11,251,
2-3,13:25:17,59,59,13.46,11,251,
2-3,13:25:18,54,54,13.35,11,251,
2-3,13:25:18,60,60,13.51,11,251,
2-3,13:25:19,55,55,13.38,11,251,
2-3,13:25:19,53,53,13.35,11,251,
2-3,13:25:20,58,58,13.46,11,251,
2-3,13:25:20,52,52,13.29,11,251,
2-3,13:25:21,57,57,13.41,11,251,
2-3,13:25:21,54,54,13.38,11,251,
2-3,13:25:22,55,55,13.38,11,251,
2-3,13:25:22,55,55,13.38,11,251,
2-3,13:25:23,52,52,13.34,11,251,
2-3,13:25:23,55,55,13.37,11,251,
2-3,13:25:24,61,61,13.59,11,251,
2-3,13:25:24,57,57,13.45,11,251,
2-3,13:25:25,57,57,13.46,11,251,
2-3,13:25:25,57,57,13.43,11,251,
2-3,13:25:26,55,55,13.42,11,251,
2-3,13:25:26,58,58,13.46,11,251,
2-3,13:25:27,52,52,13.35,11,251,
2-3,13:25:27,58,58,13.48,11,251,
2-3,13:25:28,60,60,13.5,11,251,
2-3,13:25:28,54,54,13.4,11,251,
2-3,13:25:29,51,51,13.33,11,251,
2-3,13:25:29,55,55,13.45,11,251,
2-3,13:25:30,53,53,13.38,11,251,
2-3,13:25:30,53,53,13.38,11,251,
2-3,13:25:31,54,54,13.43,11,251,
2-3,13:25:31,51,51,13.32,11,251,
2-3,13:25:32,46,46,13.27,11,251,
2-3,13:25:32,48,48,13.3,11,251,
2-3,13:25:33,60,60,13.54,11,251,
2-3,13:25:33,49,49,13.33,11,251,
2-3,13:25:34,47,47,13.27,11,251,
2-3,13:25:34,58,58,13.5,11,251,
2-3,13:25:35,52,52,13.38,11,251,
2-3,13:25:35,43,43,13.24,11,251,
2-3,13:25:36,55,55,13.45,11,251,
2-3,13:25:36,53,53,13.41,11,251,
2-3,13:25:37,53,53,13.42,11,251,
2-3,13:25:37,54,54,13.41,11,251,
2-3,13:25:38,53,53,13.43,11,251,
2-3,13:25:38,54,54,13.44,11,251,
2-3,13:25:39,56,56,13.47,11,251,
2-3,13:25:39,54,54,13.44,11,251,
2-3,13:25:40,51,51,13.35,11,251,
2-3,13:25:40,55,55,13.45,11,251,
2-3,13:25:41,56,56,13.47,11,251,
2-3,13:25:41,48,48,13.32,11,251,
2-3,13:25:42,52,52,13.37,11,251,
2-3,13:25:42,48,48,13.33,11,251,
2-3,13:25:43,48,48,13.34,11,251,
2-3,13:25:43,49,49,13.33,11,251,
2-3,13:25:44,57,57,13.5,11,251,
2-3,13:25:44,54,54,13.43,11,251,
2-3,13:25:45,54,54,13.44,11,251,
2-3,13:25:45,56,56,13.5,11,251,
2-3,13:25:46,52,52,13.39,11,251,
2-3,13:25:46,52,52,13.41,11,251,
2-3,13:25:47,52,52,13.4,11,251,
2-3,13:25:47,51,51,13.4,11,251,
2-3,13:25:48,45,45,13.27,11,251,
2-3,13:25:48,50,50,13.38,11,251,
2-3,13:25:49,58,58,13.52,11,251,
2-3,13:25:49,49,49,13.37,11,251,
2-3,13:25:50,55,55,13.46,11,251,
2-3,13:25:50,53,53,13.46,11,251,
2-3,13:25:51,52,52,13.39,11,251,
2-3,13:25:51,48,48,13.35,11,251,
2-3,13:25:52,49,49,13.33,11,251,
2-3,13:25:52,52,52,13.41,11,251,
2-3,13:25:53,53,53,13.43,11,251,
2-3,13:25:53,53,53,13.42,11,251,
2-3,13:25:54,53,53,13.47,11,251,
2-3,13:25:54,50,50,13.38,11,251,
2-3,13:25:55,54,54,13.44,11,251,
2-3,13:25:55,46,46,13.33,11,251,
2-3,13:25:56,57,57,13.44,11,251,
2-3,13:25:56,49,49,13.37,11,251,
2-3,13:25:57,50,50,13.38,11,251,
2-3,13:25:57,50,50,13.37,11,251,
2-3,13:25:58,48,48,13.34,11,251,
2-3,13:25:58,49,49,13.37,11,251,
2-3,13:25:59,50,50,13.4,11,251,
2-3,13:25:59,57,57,13.45,11,251,
2-3,13:26:0,57,57,13.5,11,251,
2-3,13:26:0,50,50,13.4,11,251,
2-3,13:26:1,47,47,13.35,11,251,
2-3,13:26:1,59,59,13.52,11,251,
2-3,13:26:2,49,49,13.37,11,251,
2-3,13:26:2,48,48,13.38,11,251,
2-3,13:26:3,48,48,13.35,11,251,
2-3,13:26:3,49,49,13.38,11,251,
2-3,13:26:4,50,50,13.38,11,251,
2-3,13:26:4,54,54,13.47,11,251,
2-3,13:26:5,54,54,13.49,11,251,
2-3,13:26:5,52,52,13.44,11,251,
2-3,13:26:6,52,52,13.45,11,251,
2-3,13:26:6,48,48,13.37,11,251,
2-3,13:26:7,47,47,13.34,11,251,
2-3,13:26:7,46,46,13.33,11,251,
2-3,13:26:8,51,51,13.44,11,251,
2-3,13:26:8,54,54,13.5,11,251,
2-3,13:26:9,48,48,13.37,11,251,
2-3,13:26:9,47,47,13.35,11,251,
2-3,13:26:10,48,48,13.37,11,251,
2-3,13:26:10,51,51,13.43,11,251,
2-3,13:26:11,50,50,13.44,11,251,
2-3,13:26:11,53,53,13.49,11,251,
2-3,13:26:12,47,47,13.36,11,251,
2-3,13:26:12,52,52,13.44,11,251,
2-3,13:26:13,49,49,13.38,11,251,
2-3,13:26:13,43,43,13.3,11,251,
2-3,13:26:14,47,47,13.34,11,251,
2-3,13:26:14,47,47,13.36,11,251,
2-3,13:26:15,49,49,13.39,11,251,
2-3,13:26:15,51,51,13.42,11,251,
2-3,13:26:16,46,46,13.35,11,251,
2-3,13:26:16,45,45,13.34,11,251,
2-3,13:26:17,40,40,13.27,11,251,
2-3,13:26:17,42,42,13.31,11,251,
2-3,13:26:18,48,48,13.4,11,251,
2-3,13:26:18,49,49,13.42,11,251,
2-3,13:26:19,48,48,13.4,11,251,
2-3,13:26:19,49,49,13.43,11,251,
2-3,13:26:20,49,49,13.44,11,251,
2-3,13:26:20,50,50,13.44,11,251,
2-3,13:26:21,47,47,13.39,11,251,
2-3,13:26:21,53,53,13.5,11,251,
2-3,13:26:22,46,46,13.36,11,251,
2-3,13:26:22,49,49,13.43,11,251,
2-3,13:26:23,56,56,13.56,11,251,
2-3,13:26:23,47,47,13.38,11,251,
2-3,13:26:24,50,50,13.44,11,251,
2-3,13:26:24,46,46,13.36,11,251,
2-3,13:26:25,50,50,13.45,11,251,
2-3,13:26:25,48,48,13.39,11,251,
2-3,13:26:26,51,51,13.46,11,251,
2-3,13:26:26,41,41,13.31,11,251,
2-3,13:26:27,46,46,13.39,11,251,
2-3,13:26:27,48,48,13.4,11,251,
2-3,13:26:28,52,52,13.51,11,251,
2-3,13:26:28,43,43,13.34,11,251,
2-3,13:26:29,48,48,13.43,11,251,
2-3,13:26:29,49,49,13.44,11,251,
2-3,13:26:30,44,44,13.33,11,251,
2-3,13:26:30,51,51,13.47,11,251,
2-3,13:26:31,45,45,13.37,11,251,
2-3,13:26:31,45,45,13.37,11,251,
2-3,13:26:32,49,49,13.43,11,251,
2-3,13:26:32,42,42,13.31,11,251,
2-3,13:26:33,49,49,13.42,11,251,
2-3,13:26:33,48,48,13.42,11,251,
2-3,13:26:34,41,41,13.34,11,251,
2-3,13:26:34,50,50,13.46,11,251,
2-3,13:26:35,39,39,13.27,11,251,
2-3,13:26:35,49,49,13.44,11,251,
2-3,13:26:36,43,43,13.33,11,251,
2-3,13:26:36,47,47,13.38,11,251,
2-3,13:26:37,48,48,13.42,11,251,
2-3,13:26:37,56,56,13.55,11,251,
2-3,13:26:38,51,51,13.47,11,251,
2-3,13:26:38,49,49,13.44,11,251,
2-3,13:26:39,50,50,13.44,11,251,
2-3,13:26:39,45,45,13.37,11,251,
2-3,13:26:40,48,48,13.42,11,251,
2-3,13:26:40,51,51,13.46,11,251,
2-3,13:26:41,49,49,13.41,11,251,
2-3,13:26:41,53,53,13.5,11,251,
2-3,13:26:42,52,52,13.49,11,251,
2-3,13:26:42,48,48,13.4,11,251,
2-3,13:26:43,49,49,13.43,11,251,
2-3,13:26:43,47,47,13.37,11,251,
2-3,13:26:44,41,41,13.29,11,251,
2-3,13:26:44,51,51,13.45,11,251,
2-3,13:26:45,50,50,13.44,11,251,
2-3,13:26:45,47,47,13.37,11,251,
2-3,13:26:46,49,49,13.44,11,251,
2-3,13:26:46,52,52,13.45,11,251,
2-3,13:26:47,54,54,13.52,11,251,
2-3,13:26:47,56,56,13.44,11,251,
2-3,13:26:48,50,50,13.43,11,251,
2-3,13:26:48,47,47,13.37,11,251,
2-3,13:26:49,46,46,13.35,11,251,
2-3,13:26:49,47,47,13.37,11,251,
2-3,13:26:50,49,49,13.42,11,251,
2-3,13:26:50,52,52,13.46,11,251,
2-3,13:26:51,43,43,13.32,11,251,
2-3,13:26:51,56,56,13.56,11,251,
2-3,13:26:52,46,46,13.36,11,251,
2-3,13:26:52,50,50,13.4,11,251,
2-3,13:26:53,45,45,13.34,11,251,
2-3,13:26:53,53,53,13.49,11,251,
2-3,13:26:54,48,48,13.38,11,251,
2-3,13:26:54,50,50,13.42,11,251,
2-3,13:26:55,52,52,13.47,11,251,
2-3,13:26:55,45,45,13.34,11,251,
2-3,13:26:56,56,56,13.45,11,251,
2-3,13:26:56,54,54,13.51,11,251,
2-3,13:26:57,49,49,13.39,11,251,
2-3,13:26:57,54,54,13.52,11,251,
2-3,13:26:58,57,57,13.47,11,251,
2-3,13:26:58,46,46,13.35,11,251,
2-3,13:26:59,45,45,13.33,11,251,
2-3,13:26:59,49,49,13.38,11,251,
2-3,13:27:0,47,47,13.38,11,251,
2-3,13:27:0,48,48,13.4,11,251,
2-3,13:27:1,51,51,13.43,11,251,
2-3,13:27:1,48,48,13.38,11,251,
2-3,13:27:2,51,51,13.42,11,251,
2-3,13:27:2,44,44,13.32,11,251,
2-3,13:27:3,53,53,13.47,11,251,
2-3,13:27:3,48,48,13.39,11,251,
2-3,13:27:4,47,47,13.38,11,251,
2-3,13:27:4,44,44,13.33,11,251,
2-3,13:27:5,50,50,13.41,11,251,
2-3,13:27:5,42,42,13.29,11,251,
2-3,13:27:6,51,51,13.44,11,251,
2-3,13:27:6,40,40,13.27,11,251,
2-3,13:27:7,44,44,13.33,11,251,
2-3,13:27:7,44,44,13.31,11,251,
2-3,13:27:8,50,50,13.43,11,251,
2-3,13:27:8,45,45,13.34,11,251,
2-3,13:27:9,51,51,13.41,11,251,
2-3,13:27:9,45,45,13.34,11,251,
2-3,13:27:10,42,42,13.3,11,251,
2-3,13:27:10,51,51,13.44,11,251,
2-3,13:27:11,48,48,13.4,11,251,
2-3,13:27:11,39,39,13.26,11,251,
2-3,13:27:12,47,47,13.41,11,251,
2-3,13:27:12,43,43,13.3,11,251,
2-3,13:27:13,49,49,13.43,11,251,
2-3,13:27:13,56,56,13.6,11,251,
2-3,13:27:14,51,51,13.44,11,251,
2-3,13:27:14,46,46,13.37,11,251,
2-3,13:27:15,49,49,13.39,11,251,
2-3,13:27:15,56,56,13.58,11,251,
2-3,13:27:16,44,44,13.33,11,251,
2-3,13:27:16,46,46,13.4,11,251,
2-3,13:27:17,51,51,13.48,11,251,
2-3,13:27:17,47,47,13.38,11,251,
2-3,13:27:18,47,47,13.39,11,251,
2-3,13:27:18,50,50,13.46,11,251,
2-3,13:27:19,53,53,13.51,11,251,
2-3,13:27:19,52,52,13.47,11,251,
2-3,13:27:20,49,49,13.42,11,251,
2-3,13:27:20,50,50,13.43,11,251,
2-3,13:27:21,51,51,13.45,11,251,
2-3,13:27:21,48,48,13.4,11,251,
2-3,13:27:22,45,45,13.36,11,251,
2-3,13:27:22,45,45,13.35,11,251,
2-3,13:27:23,46,46,13.36,11,251,
2-3,13:27:23,52,52,13.48,11,251,
2-3,13:27:24,52,52,13.49,11,251,
2-3,13:27:24,50,50,13.43,11,251,
2-3,13:27:25,46,46,13.37,11,251,
2-3,13:27:25,49,49,13.43,11,251,
2-3,13:27:26,45,45,13.37,11,251,
2-3,13:27:26,41,41,13.29,11,251,
2-3,13:27:27,47,47,13.39,11,251,
2-3,13:27:27,41,41,13.31,11,251,
2-3,13:27:28,49,49,13.42,11,251,
2-3,13:27:28,48,48,13.42,11,251,
2-3,13:27:29,46,46,13.38,11,251,
2-3,13:27:29,55,55,13.52,11,251,
2-3,13:27:30,45,45,13.35,11,251,
2-3,13:27:30,50,50,13.43,11,251,
2-3,13:27:31,42,42,13.3,11,251,
2-3,13:27:31,40,40,13.29,11,251,
2-3,13:27:32,45,45,13.37,11,251,
2-3,13:27:32,40,40,13.27,11,251,
2-3,13:27:33,55,55,13.57,11,251,
2-3,13:27:33,50,50,13.45,11,251,
2-3,13:27:34,44,44,13.37,11,251,
2-3,13:27:34,49,49,13.47,11,251,
2-3,13:27:35,46,46,13.41,11,251,
2-3,13:27:35,55,55,13.54,11,251,
2-3,13:27:36,51,51,13.49,11,251,
2-3,13:27:36,44,44,13.37,11,251,
2-3,13:27:37,41,41,13.3,11,251,
2-3,13:27:37,53,53,13.5,11,251,
2-3,13:27:38,47,47,13.41,11,251,
2-3,13:27:38,55,55,13.52,11,251,
2-3,13:27:39,47,47,13.38,11,251,
2-3,13:27:39,51,51,13.43,11,251,
2-3,13:27:40,51,51,13.42,11,251,
2-3,13:27:40,51,51,13.43,11,251,
2-3,13:27:41,46,46,13.32,11,251,
2-3,13:27:41,46,46,13.33,11,251,
2-3,13:27:42,48,48,13.32,11,251,
2-3,13:27:42,50,50,13.36,11,251,
2-3,13:27:43,49,49,13.34,11,251,
2-3,13:27:43,52,52,13.35,11,251,
2-3,13:27:44,51,51,13.33,11,251,
2-3,13:27:44,57,57,13.44,11,251,
2-3,13:27:45,55,55,13.36,11,251,
2-3,13:27:45,57,57,13.4,11,251,
2-3,13:27:46,56,56,13.35,11,251,
2-3,13:27:46,58,58,13.36,11,251,
2-3,13:27:47,59,59,13.38,11,251,
2-3,13:27:47,60,60,13.35,11,251,
2-3,13:27:48,59,59,13.35,11,251,
2-3,13:27:48,57,57,13.29,11,251,
2-3,13:27:49,61,61,13.37,11,251,
2-3,13:27:49,60,60,13.38,11,251,
2-3,13:27:50,58,58,13.3,11,251,
2-3,13:27:50,60,60,13.36,11,251,
2-3,13:27:51,56,56,13.25,11,251,
2-3,13:27:51,59,59,13.35,11,251,
2-3,13:27:52,59,59,13.36,11,251,
2-3,13:27:52,57,57,13.33,11,251,
2-3,13:27:53,58,58,13.38,11,251,
2-3,13:27:53,48,48,13.3,11,251,
2-3,13:27:54,61,61,13.47,11,251,
2-3,13:27:54,55,55,13.34,11,251,
2-3,13:27:55,53,53,13.34,11,251,
2-3,13:27:55,51,51,13.33,11,251,
2-3,13:27:56,53,53,13.37,11,251,
2-3,13:27:56,50,50,13.35,11,251,
2-3,13:27:57,50,50,13.34,11,251,
2-3,13:27:57,45,45,13.28,11,251,
2-3,13:27:58,46,46,13.31,11,251,
2-3,13:27:58,46,46,13.35,11,251,
2-3,13:27:59,41,41,13.28,11,251,
2-3,13:27:59,45,45,13.34,11,251,
2-3,13:28:0,44,44,13.36,11,251,
2-3,13:28:0,42,42,13.34,11,251,
2-3,13:28:1,44,44,13.39,11,251,
2-3,13:28:1,48,48,13.42,11,251,
2-3,13:28:2,38,38,13.3,11,251,
2-3,13:28:2,35,35,13.29,11,251,
2-3,13:28:3,37,37,13.3,11,251,
2-3,13:28:3,35,35,13.28,11,251,
2-3,13:28:4,39,39,13.36,11,251,
2-3,13:28:4,37,37,13.31,11,251,
2-3,13:28:5,43,43,14.17,11,251,
2-3,13:28:5,34,34,13.3,11,251,
2-3,13:28:6,34,34,13.28,11,251,
2-3,13:28:6,34,34,13.31,11,251,
2-3,13:28:7,36,36,13.31,11,251,
2-3,13:28:7,34,34,13.29,11,251,
2-3,13:28:8,37,37,13.34,11,251,
2-3,13:28:8,38,38,13.33,11,251,
2-3,13:28:9,35,35,13.3,11,251,
2-3,13:28:9,35,35,13.29,11,251,
2-3,13:28:10,36,36,13.31,11,251,
2-3,13:28:10,33,33,13.26,11,251,
2-3,13:28:11,34,34,13.26,11,251,
2-3,13:28:11,38,38,13.33,11,251,
2-3,13:28:12,35,35,13.28,11,251,
2-3,13:28:12,39,39,13.32,11,251,
2-3,13:28:13,24,24,13.19,11,251,
2-3,13:28:13,38,38,13.31,11,251,
2-3,13:28:14,37,37,13.29,11,251,
2-3,13:28:14,36,36,13.29,11,251,
2-3,13:28:15,39,39,13.33,11,251,
2-3,13:28:15,31,31,13.29,11,251,
2-3,13:28:16,33,33,13.26,11,251,
2-3,13:28:16,38,38,13.32,11,251,
2-3,13:28:17,36,36,13.29,11,251,
2-3,13:28:17,35,35,13.28,11,251,
2-3,13:28:18,35,35,13.29,11,251,
2-3,13:28:18,34,34,13.29,11,251,
2-3,13:28:19,36,36,13.29,11,251,
2-3,13:28:19,35,35,13.31,11,251,
2-3,13:28:20,40,40,13.31,11,251,
2-3,13:28:20,34,34,13.29,11,251,
2-3,13:28:21,35,35,13.31,11,251,
2-3,13:28:21,36,36,13.29,11,251,
2-3,13:28:22,36,36,13.28,11,251,
2-3,13:28:22,37,37,13.32,11,251,
2-3,13:28:23,39,39,13.32,11,251,
2-3,13:28:23,38,38,13.31,11,251,
2-3,13:28:24,32,32,13.2,11,251,
2-3,13:28:24,40,40,13.3,11,251,
2-3,13:28:25,37,37,13.27,11,251,
2-3,13:28:25,39,39,13.27,11,251,
2-3,13:28:26,37,37,13.26,11,251,
2-3,13:28:26,37,37,13.26,11,251,
2-3,13:28:27,38,38,13.27,11,251,
2-3,13:28:27,37,37,13.26,11,251,
2-3,13:28:28,39,39,13.27,11,251,
2-3,13:28:28,41,41,13.29,11,251,
2-3,13:28:29,38,38,13.27,11,251,
2-3,13:28:29,40,40,13.28,11,251,
2-3,13:28:30,41,41,13.31,11,251,
2-3,13:28:30,39,39,13.31,11,251,
2-3,13:28:31,41,41,13.34,11,251,
2-3,13:28:31,39,39,13.31,11,251,
2-3,13:28:32,33,33,13.23,11,251,
2-3,13:28:32,37,37,13.27,11,251,
2-3,13:28:33,35,35,13.26,11,251,
2-3,13:28:33,38,38,13.28,11,251,
2-3,13:28:34,34,34,13.25,11,251,
2-3,13:28:34,36,36,13.28,11,251,
2-3,13:28:35,38,38,13.32,11,251,
2-3,13:28:35,33,33,13.26,11,251,
2-3,13:28:36,38,38,13.24,11,251,
2-3,13:28:36,33,33,13.27,11,251,
2-3,13:28:37,33,33,13.27,11,251,
2-3,13:28:37,30,30,13.24,11,251,
2-3,13:28:38,34,34,13.29,11,251,
2-3,13:28:38,35,35,13.31,11,251,
2-3,13:28:39,36,36,13.31,11,251,
2-3,13:28:39,32,32,13.27,11,251,
2-3,13:28:40,37,37,13.31,11,251,
2-3,13:28:40,35,35,13.29,11,251,
2-3,13:28:41,32,32,13.27,11,251,
2-3,13:28:41,32,32,13.27,11,251,
2-3,13:28:42,32,32,13.26,11,251,
2-3,13:28:42,35,35,13.29,11,251,
2-3,13:28:43,36,36,13.32,11,251,
2-3,13:28:43,33,33,13.28,11,251,
2-3,13:28:44,35,35,13.31,11,251,
2-3,13:28:44,29,29,13.26,11,251,
2-3,13:28:45,31,31,13.27,11,251,
2-3,13:28:45,30,30,13.27,11,251,
2-3,13:28:46,30,30,13.26,11,251,
2-3,13:28:46,33,33,13.31,11,251,
2-3,13:28:47,32,32,13.29,11,251,
2-3,13:28:47,34,34,13.31,11,251,
2-3,13:28:48,29,29,13.29,11,251,
2-3,13:28:48,30,30,13.28,11,251,
2-3,13:28:49,33,33,13.32,11,251,
2-3,13:28:49,30,30,13.28,11,251,
2-3,13:28:50,29,29,13.27,11,251,
2-3,13:28:50,29,29,13.28,11,251,
2-3,13:28:51,33,33,13.31,11,251,
2-3,13:28:51,30,30,13.28,11,251,
2-3,13:28:52,34,34,13.3,11,251,
2-3,13:28:52,30,30,13.26,11,251,
2-3,13:28:53,28,28,13.24,11,251,
2-3,13:28:53,36,36,13.33,11,251,
2-3,13:28:54,36,36,13.34,11,251,
2-3,13:28:54,36,36,13.29,11,251,
2-3,13:28:55,37,37,13.34,11,251,
2-3,13:28:55,37,37,13.31,11,251,
2-3,13:28:56,38,38,13.31,11,251,
2-3,13:28:56,37,37,13.31,11,251,
2-3,13:28:57,39,39,13.31,11,251,
2-3,13:28:57,37,37,13.32,11,251,
2-3,13:28:58,39,39,13.28,11,251,
2-3,13:28:58,34,34,13.24,11,251,
2-3,13:28:59,41,41,13.31,11,251,
2-3,13:28:59,39,39,13.26,11,251,
2-3,13:29:0,41,41,13.31,11,251,
2-3,13:29:0,43,43,13.31,11,251,
2-3,13:29:1,43,43,13.33,11,251,
2-3,13:29:1,42,42,13.29,11,251,
2-3,13:29:2,41,41,13.27,11,251,
2-3,13:29:2,45,45,13.32,11,251,
2-3,13:29:3,45,45,13.34,11,251,
2-3,13:29:3,44,44,13.31,11,251,
2-3,13:29:4,45,45,13.34,11,251,
2-3,13:29:4,43,43,13.3,11,251,
2-3,13:29:5,43,43,13.31,11,251,
2-3,13:29:5,43,43,13.3,11,251,
2-3,13:29:6,42,42,13.3,11,251,
2-3,13:29:6,43,43,13.32,11,251,
2-3,13:29:7,42,42,13.29,11,251,
2-3,13:29:7,41,41,13.31,11,251,
2-3,13:29:8,43,43,13.35,11,251,
2-3,13:29:8,42,42,13.32,11,251,
2-3,13:29:9,41,41,13.31,11,251,
2-3,13:29:9,37,37,13.28,11,251,
2-3,13:29:10,37,37,13.29,11,251,
2-3,13:29:10,39,39,13.31,11,251,
2-3,13:29:11,39,39,13.32,11,251,
2-3,13:29:11,38,38,13.29,11,251,
2-3,13:29:12,37,37,13.3,11,251,
2-3,13:29:12,42,42,13.35,11,251,
2-3,13:29:13,37,37,13.3,11,251,
2-3,13:29:13,38,38,13.31,11,251,
2-3,13:29:14,36,36,13.28,11,251,
2-3,13:29:14,38,38,13.31,11,251,
2-3,13:29:15,41,41,13.34,11,251,
2-3,13:29:15,36,36,13.29,11,251,
2-3,13:29:16,41,41,13.35,11,251,
2-3,13:29:16,36,36,13.28,11,251,
2-3,13:29:17,42,42,13.35,11,251,
2-3,13:29:17,38,38,13.3,11,251,
2-3,13:29:18,40,40,13.31,11,251,
2-3,13:29:18,39,39,13.3,11,251,
2-3,13:29:19,41,41,13.32,11,251,
2-3,13:29:19,41,41,13.32,11,251,
2-3,13:29:20,41,41,13.33,11,251,
2-3,13:29:20,39,39,13.3,11,251,
2-3,13:29:21,39,39,13.31,11,251,
2-3,13:29:21,39,39,13.28,11,251,
2-3,13:29:22,35,35,13.24,11,251,
2-3,13:29:22,45,45,13.35,11,251,
2-3,13:29:23,44,44,13.36,11,251,
2-3,13:29:23,40,40,13.28,11,251,
2-3,13:29:24,43,43,13.35,11,251,
2-3,13:29:24,41,41,13.3,11,251,
2-3,13:29:25,44,44,13.33,11,251,
2-3,13:29:25,40,40,13.3,11,251,
2-3,13:29:26,43,43,13.31,11,251,
2-3,13:29:26,43,43,13.31,11,251,
2-3,13:29:27,44,44,13.31,11,251,
2-3,13:29:27,43,43,13.32,11,251,
2-3,13:29:28,43,43,13.31,11,251,
2-3,13:29:28,45,45,13.32,11,251,
2-3,13:29:29,43,43,13.32,11,251,
2-3,13:29:29,42,42,13.28,11,251,
2-3,13:29:30,44,44,13.32,11,251,
2-3,13:29:30,46,46,13.33,11,251,
2-3,13:29:31,44,44,13.31,11,251,
2-3,13:29:31,44,44,13.32,11,251,
2-3,13:29:32,44,44,13.28,11,251,
2-3,13:29:32,43,43,13.31,11,251,
2-3,13:29:33,45,45,13.32,11,251,
2-3,13:29:33,42,42,13.26,11,251,
2-3,13:29:34,43,43,13.26,11,251,
2-3,13:29:34,43,43,13.28,11,251,
2-3,13:29:35,44,44,13.28,11,251,
2-3,13:29:35,46,46,13.28,11,251,
2-3,13:29:36,32,32,13.07,11,251,
2-3,13:29:36,49,49,13.31,11,251,
2-3,13:29:37,49,49,13.28,11,251,
2-3,13:29:37,51,51,13.34,11,251,
2-3,13:29:38,50,50,13.29,11,251,
2-3,13:29:38,51,51,13.31,11,251,
2-3,13:29:39,50,50,13.32,11,251,
2-3,13:29:39,51,51,13.29,11,251,
2-3,13:29:40,52,52,13.32,11,251,
2-3,13:29:40,51,51,13.32,11,251,
2-3,13:29:41,51,51,13.28,11,251,
2-3,13:29:41,51,51,13.32,11,251,
2-3,13:29:42,53,53,13.33,11,251,
2-3,13:29:42,50,50,13.3,11,251,
2-3,13:29:43,51,51,13.31,11,251,
2-3,13:29:43,49,49,13.27,11,251,
2-3,13:29:44,48,48,13.3,11,251,
2-3,13:29:44,49,49,13.31,11,251,
2-3,13:29:45,50,50,13.34,11,251,
2-3,13:29:45,47,47,13.3,11,251,
2-3,13:29:46,47,47,13.29,11,251,
2-3,13:29:46,47,47,13.32,11,251,
2-3,13:29:47,49,49,13.32,11,251,
2-3,13:29:47,47,47,13.32,11,251,
2-3,13:29:48,44,44,13.26,11,251,
2-3,13:29:48,46,46,13.29,11,251,
2-3,13:29:49,45,45,13.29,11,251,
2-3,13:29:49,45,45,13.29,11,251,
2-3,13:29:50,47,47,13.3,11,251,
2-3,13:29:50,45,45,13.3,11,251,
2-3,13:29:51,47,47,13.32,11,251,
2-3,13:29:51,44,44,13.3,11,251,
2-3,13:29:52,44,44,13.3,11,251,
2-3,13:29:52,42,42,13.26,11,251,
2-3,13:29:53,45,45,13.34,11,251,
2-3,13:29:53,41,41,13.27,11,251,
2-3,13:29:54,43,43,13.3,11,251,
2-3,13:29:54,41,41,13.3,11,251,
2-3,13:29:55,42,42,13.29,11,251,
2-3,13:29:55,40,40,13.29,11,251,
2-3,13:29:56,42,42,13.32,11,251,
2-3,13:29:56,43,43,13.34,11,251,
2-3,13:29:57,34,34,13.27,11,251,
2-3,13:29:57,40,40,13.28,11,251,
2-3,13:29:58,38,38,13.26,11,251,
2-3,13:29:58,41,41,13.31,11,251,
2-3,13:29:59,41,41,13.31,11,251,
2-3,13:29:59,38,38,13.27,11,251,
2-3,13:30:0,30,30,13.21,11,251,
2-3,13:30:0,41,41,13.3,11,251,
2-3,13:30:1,36,36,13.26,11,251,
2-3,13:30:1,40,40,13.3,11,251,
2-3,13:30:2,39,39,13.31,11,251,
2-3,13:30:2,39,39,13.29,11,251,
2-3,13:30:3,42,42,13.33,11,251,
2-3,13:30:3,39,39,13.31,11,251,
2-3,13:30:4,41,41,13.33,11,251,
2-3,13:30:4,40,40,13.33,11,251,
2-3,13:30:5,39,39,13.29,11,251,
2-3,13:30:5,42,42,13.33,11,251,
2-3,13:30:6,38,38,13.27,11,251,
2-3,13:30:6,40,40,13.3,11,251,
2-3,13:30:7,38,38,13.28,11,251,
2-3,13:30:7,38,38,13.29,11,251,
2-3,13:30:8,41,41,13.33,11,251,
2-3,13:30:8,37,37,13.26,11,251,
2-3,13:30:9,41,41,13.3,11,251,
2-3,13:30:9,39,39,13.27,11,251,
2-3,13:30:10,39,39,13.29,11,251,
2-3,13:30:10,42,42,13.3,11,251,
2-3,13:30:11,44,44,13.31,11,251,
2-3,13:30:11,45,45,13.31,11,251,
2-3,13:30:12,44,44,13.26,11,251,
2-3,13:30:12,44,44,13.28,11,251,
2-3,13:30:13,45,45,13.28,11,251,
2-3,13:30:13,48,48,13.34,11,251,
2-3,13:30:14,50,50,13.35,11,251,
2-3,13:30:14,49,49,13.33,11,251,
2-3,13:30:15,45,45,13.27,11,251,
2-3,13:30:15,45,45,13.26,11,251,
2-3,13:30:16,46,46,13.31,11,251,
2-3,13:30:16,44,44,13.26,11,251,
2-3,13:30:17,46,46,13.31,11,251,
2-3,13:30:17,45,45,13.32,11,251,
2-3,13:30:18,44,44,13.3,11,251,
2-3,13:30:18,42,42,13.26,11,251,
2-3,13:30:19,41,41,13.29,11,251,
2-3,13:30:19,41,41,13.3,11,251,
2-3,13:30:20,41,41,13.3,11,251,
2-3,13:30:20,36,36,13.22,11,251,
2-3,13:30:21,39,39,13.29,11,251,
2-3,13:30:21,37,37,13.26,11,251,
2-3,13:30:22,39,39,13.28,11,251,
2-3,13:30:22,37,37,13.25,11,251,
2-3,13:30:23,43,43,13.34,11,251,
2-3,13:30:23,42,42,13.32,11,251,
2-3,13:30:24,41,41,13.31,11,251,
2-3,13:30:24,33,33,13.21,11,251,
2-3,13:30:25,40,40,13.29,11,251,
2-3,13:30:25,41,41,13.34,11,251,
2-3,13:30:26,36,36,13.26,11,251,
2-3,13:30:26,40,40,13.32,11,251,
2-3,13:30:27,35,35,13.28,11,251,
2-3,13:30:27,39,39,13.31,11,251,
2-3,13:30:28,31,31,13.27,11,251,
2-3,13:30:28,38,38,13.3,11,251,
2-3,13:30:29,35,35,13.28,11,251,
2-3,13:30:29,38,38,13.31,11,251,
2-3,13:30:30,39,39,13.32,11,251,
2-3,13:30:30,26,26,13.23,11,251,
2-3,13:30:31,53,53,13.54,11,251,
2-3,13:30:31,35,35,13.28,11,251,
2-3,13:30:32,7,7,12.98,11,251,
2-3,13:30:32,37,37,13.29,11,251,
2-3,13:30:33,37,37,13.32,11,251,
2-3,13:30:33,37,37,13.32,11,251,
2-3,13:30:34,35,35,13.27,11,251,
2-3,13:30:34,36,36,13.28,11,251,
2-3,13:30:35,36,36,13.27,11,251,
2-3,13:30:35,37,37,13.32,11,251,
2-3,13:30:36,37,37,13.32,11,251,
2-3,13:30:36,38,38,13.32,11,251,
2-3,13:30:37,34,34,13.3,11,251,
2-3,13:30:37,36,36,13.31,11,251,
2-3,13:30:38,36,36,13.31,11,251,
2-3,13:30:38,34,34,13.28,11,251,
2-3,13:30:39,33,33,13.27,11,251,
2-3,13:30:39,33,33,13.3,11,251,
2-3,13:30:40,38,38,13.33,11,251,
2-3,13:30:40,35,35,13.32,11,251,
2-3,13:30:41,34,34,13.29,11,251,
2-3,13:30:41,33,33,13.29,11,251,
2-3,13:30:42,35,35,13.3,11,251,
2-3,13:30:42,35,35,13.32,11,251,
2-3,13:30:43,33,33,13.29,11,251,
2-3,13:30:43,35,35,13.3,11,251,
2-3,13:30:44,31,31,13.27,11,251,
2-3,13:30:44,37,37,13.33,11,251,
2-3,13:30:45,37,37,13.34,11,251,
2-3,13:30:45,37,37,13.33,11,251,
2-3,13:30:46,40,40,13.37,11,251,
2-3,13:30:46,35,35,13.29,11,251,
2-3,13:30:47,37,37,13.32,11,251,
2-3,13:30:47,36,36,13.32,11,251,
2-3,13:30:48,38,38,13.31,11,251,
2-3,13:30:48,36,36,13.31,11,251,
2-3,13:30:49,37,37,13.3,11,251,
2-3,13:30:49,38,38,13.32,11,251,
2-3,13:30:50,38,38,13.3,11,251,
2-3,13:30:50,37,37,13.31,11,251,
2-3,13:30:51,37,37,13.31,11,251,
2-3,13:30:51,41,41,13.35,11,251,
2-3,13:30:52,40,40,13.35,11,251,
2-3,13:30:52,42,42,13.35,11,251,
2-3,13:30:53,37,37,13.29,11,251,
2-3,13:30:53,41,41,13.32,11,251,
2-3,13:30:54,43,43,13.35,11,251,
2-3,13:30:54,41,41,13.32,11,251,
2-3,13:30:55,43,43,13.36,11,251,
2-3,13:30:55,40,40,13.31,11,251,
2-3,13:30:56,42,42,13.34,11,251,
2-3,13:30:56,38,38,13.27,11,251,
2-3,13:30:57,46,46,13.36,11,251,
2-3,13:30:57,43,43,13.35,11,251,
2-3,13:30:58,43,43,13.31,11,251,
2-3,13:30:58,44,44,13.35,11,251,
2-3,13:30:59,43,43,13.34,11,251,
2-3,13:30:59,43,43,13.34,11,251,
2-3,13:31:0,41,41,13.3,11,251,
2-3,13:31:0,44,44,13.35,11,251,
2-3,13:31:1,45,45,13.38,11,251,
2-3,13:31:1,39,39,13.26,11,251,
2-3,13:31:2,44,44,13.36,11,251,
2-3,13:31:2,42,42,13.3,11,251,
2-3,13:31:3,37,37,13.25,11,251,
2-3,13:31:3,42,42,13.31,11,251,
2-3,13:31:4,42,42,13.32,11,251,
2-3,13:31:4,43,43,13.34,11,251,
2-3,13:31:5,43,43,13.33,11,251,
2-3,13:31:5,45,45,13.36,11,251,
2-3,13:31:6,42,42,13.29,11,251,
2-3,13:31:6,46,46,13.36,11,251,
2-3,13:31:7,46,46,13.35,11,251,
2-3,13:31:7,43,43,13.32,11,251,
2-3,13:31:8,44,44,13.32,11,251,
2-3,13:31:8,42,42,13.3,11,251,
2-3,13:31:9,44,44,13.33,11,251,
2-3,13:31:9,44,44,13.31,11,251,
2-3,13:31:10,48,48,13.35,11,251,
2-3,13:31:10,48,48,13.37,11,251,
2-3,13:31:11,48,48,13.36,11,251,
2-3,13:31:11,46,46,13.33,11,251,
2-3,13:31:12,48,48,13.36,11,251,
2-3,13:31:12,48,48,13.36,11,251,
2-3,13:31:13,45,45,13.33,11,251,
2-3,13:31:13,45,45,13.32,11,251,
2-3,13:31:14,45,45,13.31,11,251,
2-3,13:31:14,49,49,13.37,11,251,
2-3,13:31:15,45,45,13.32,11,251,
2-3,13:31:15,49,49,13.38,11,251,
2-3,13:31:16,48,48,13.36,11,251,
2-3,13:31:16,43,43,13.3,11,251,
2-3,13:31:17,46,46,13.35,11,251,
2-3,13:31:17,41,41,13.29,11,251,
2-3,13:31:18,48,48,13.38,11,251,
2-3,13:31:18,45,45,13.37,11,251,
2-3,13:31:19,46,46,13.37,11,251,
2-3,13:31:19,42,42,13.32,11,251,
2-3,13:31:20,43,43,13.32,11,251,
2-3,13:31:20,42,42,13.33,11,251,
2-3,13:31:21,44,44,13.35,11,251,
2-3,13:31:21,42,42,13.32,11,251,
2-3,13:31:22,43,43,13.36,11,251,
2-3,13:31:22,41,41,13.29,11,251,
2-3,13:31:23,42,42,13.34,11,251,
2-3,13:31:23,42,42,13.34,11,251,
2-3,13:31:24,43,43,13.35,11,251,
2-3,13:31:24,43,43,13.34,11,251,
2-3,13:31:25,40,40,13.28,11,251,
2-3,13:31:25,46,46,13.39,11,251,
2-3,13:31:26,42,42,13.31,11,251,
2-3,13:31:26,45,45,13.36,11,251,
2-3,13:31:27,43,43,13.33,11,251,
2-3,13:31:27,43,43,13.32,11,251,
2-3,13:31:28,44,44,13.34,11,251,
2-3,13:31:28,45,45,13.36,11,251,
2-3,13:31:29,44,44,13.34,11,251,
2-3,13:31:29,43,43,13.32,11,251,
2-3,13:31:30,53,53,13.48,11,251,
2-3,13:31:30,45,45,13.34,11,251,
2-3,13:31:31,45,45,13.34,11,251,
2-3,13:31:31,44,44,13.33,11,251,
2-3,13:31:32,42,42,13.3,11,251,
2-3,13:31:32,46,46,13.35,11,251,
2-3,13:31:33,43,43,13.27,11,251,
2-3,13:31:33,46,46,13.36,11,251,
2-3,13:31:34,44,44,13.34,11,251,
2-3,13:31:34,48,48,13.38,11,251,
2-3,13:31:35,52,52,13.39,11,251,
2-3,13:31:35,42,42,13.26,11,251,
2-3,13:31:36,45,45,13.33,11,251,
2-3,13:31:36,47,47,13.32,11,251,
2-3,13:31:37,48,48,13.32,11,251,
2-3,13:31:37,45,45,13.29,11,251,
2-3,13:31:38,49,49,13.33,11,251,
2-3,13:31:38,48,48,13.32,11,251,
2-3,13:31:39,44,44,13.25,11,251,
2-3,13:31:39,49,49,13.3,11,251,
2-3,13:31:40,51,51,13.35,11,251,
2-3,13:31:40,55,55,13.81,11,251,
2-3,13:31:41,50,50,13.32,11,251,
2-3,13:31:41,50,50,13.33,11,251,
2-3,13:31:42,50,50,13.29,11,251,
2-3,13:31:42,52,52,13.31,11,251,
2-3,13:31:43,54,54,13.36,11,251,
2-3,13:31:43,50,50,13.29,11,251,
2-3,13:31:44,52,52,13.34,11,251,
2-3,13:31:44,51,51,13.31,11,251,
2-3,13:31:45,51,51,13.31,11,251,
2-3,13:31:45,52,52,13.36,11,251,
2-3,13:31:46,47,47,13.27,11,251,
2-3,13:31:46,49,49,13.32,11,251,
2-3,13:31:47,47,47,13.29,11,251,
2-3,13:31:47,52,52,13.4,11,251,
2-3,13:31:48,46,46,13.31,11,251,
2-3,13:31:48,46,46,13.33,11,251,
2-3,13:31:49,48,48,13.35,11,251,
2-3,13:31:49,45,45,13.31,11,251,
2-3,13:31:50,43,43,13.28,11,251,
2-3,13:31:50,44,44,13.31,11,251,
2-3,13:31:51,41,41,13.3,11,251,
2-3,13:31:51,44,44,13.32,11,251,
2-3,13:31:52,44,44,13.32,11,251,
2-3,13:31:52,41,41,13.23,11,251,
2-3,13:31:53,49,49,13.38,11,251,
2-3,13:31:53,44,44,13.31,11,251,
2-3,13:31:54,49,49,13.42,11,251,
2-3,13:31:54,57,57,13.68,11,251,
2-3,13:31:55,44,44,13.3,11,251,
2-3,13:31:55,43,43,13.31,11,251,
2-3,13:31:56,52,52,13.43,11,251,
2-3,13:31:56,44,44,13.31,11,251,
2-3,13:31:57,46,46,13.35,11,251,
2-3,13:31:57,28,28,13.01,11,251,
2-3,13:31:58,45,45,13.3,11,251,
2-3,13:31:58,45,45,13.31,11,251,
2-3,13:31:59,44,44,13.28,11,251,
2-3,13:31:59,43,43,13.27,11,251,
2-3,13:32:0,43,43,13.28,11,251,
2-3,13:32:0,50,50,13.4,11,251,
2-3,13:32:1,44,44,13.28,11,251,
2-3,13:32:1,47,47,13.37,11,251,
2-3,13:32:2,43,43,13.26,11,251,
2-3,13:32:2,45,45,13.32,11,251,
2-3,13:32:3,43,43,13.3,11,251,
2-3,13:32:3,44,44,13.31,11,251,
2-3,13:32:4,44,44,13.33,11,251,
2-3,13:32:4,45,45,13.36,11,251,
2-3,13:32:5,44,44,13.32,11,251,
2-3,13:32:5,44,44,13.36,11,251,
2-3,13:32:6,44,44,13.33,11,251,
2-3,13:32:6,41,41,13.29,11,251,
2-3,13:32:7,43,43,13.33,11,251,
2-3,13:32:7,45,45,13.35,11,251,
2-3,13:32:8,34,34,13.23,11,251,
2-3,13:32:8,42,42,13.29,11,251,
2-3,13:32:9,42,42,13.3,11,251,
2-3,13:32:9,42,42,13.28,11,251,
2-3,13:32:10,43,43,13.3,11,251,
2-3,13:32:10,38,38,13.26,11,251,
2-3,13:32:11,44,44,13.31,11,251,
2-3,13:32:11,46,46,13.38,11,251,
2-3,13:32:12,47,47,13.37,11,251,
2-3,13:32:12,43,43,13.31,11,251,
2-3,13:32:13,37,37,13.26,11,251,
2-3,13:32:13,44,44,13.32,11,251,
2-3,13:32:14,42,42,13.29,11,251,
2-3,13:32:14,46,46,13.35,11,251,
2-3,13:32:15,42,42,13.26,11,251,
2-3,13:32:15,46,46,13.33,11,251,
2-3,13:32:16,47,47,13.34,11,251,
2-3,13:32:16,44,44,13.26,11,251,
2-3,13:32:17,45,45,13.33,11,251,
2-3,13:32:17,47,47,13.33,11,251,
2-3,13:32:18,52,52,13.86,11,251,
2-3,13:32:18,44,44,13.26,11,251,
2-3,13:32:19,46,46,13.32,11,251,
2-3,13:32:19,45,45,13.33,11,251,
2-3,13:32:20,46,46,13.32,11,251,
2-3,13:32:20,44,44,13.32,11,251,
2-3,13:32:21,35,35,13.16,11,251,
2-3,13:32:21,45,45,13.32,11,251,
2-3,13:32:22,44,44,13.32,11,251,
2-3,13:32:22,44,44,13.29,11,251,
2-3,13:32:23,44,44,13.31,11,251,
2-3,13:32:23,47,47,13.35,11,251,
2-3,13:32:24,48,48,13.34,11,251,
2-3,13:32:24,58,58,13.6,11,251,
2-3,13:32:25,45,45,13.31,11,251,
2-3,13:32:25,40,40,13.26,11,251,
2-3,13:32:26,42,42,13.29,11,251,
2-3,13:32:26,44,44,13.33,11,251,
2-3,13:32:27,44,44,13.34,11,251,
2-3,13:32:27,43,43,13.32,11,251,
2-3,13:32:28,40,40,13.28,11,251,
2-3,13:32:28,41,41,13.32,11,251,
2-3,13:32:29,42,42,13.32,11,251,
2-3,13:32:29,40,40,13.3,11,251,
2-3,13:32:30,42,42,13.3,11,251,
2-3,13:32:30,39,39,13.28,11,251,
2-3,13:32:31,43,43,13.34,11,251,
2-3,13:32:31,43,43,13.31,11,251,
2-3,13:32:32,43,43,13.32,11,251,
2-3,13:32:32,41,41,13.28,11,251,
2-3,13:32:33,41,41,13.29,11,251,
2-3,13:32:33,41,41,13.28,11,251,
2-3,13:32:34,42,42,13.31,11,251,
2-3,13:32:34,39,39,13.27,11,251,
2-3,13:32:35,42,42,13.3,11,251,
2-3,13:32:35,42,42,13.31,11,251,
2-3,13:32:36,40,40,13.25,11,251,
2-3,13:32:36,45,45,13.34,11,251,
2-3,13:32:37,35,35,13.09,11,251,
2-3,13:32:37,46,46,13.33,11,251,
2-3,13:32:38,46,46,13.34,11,251,
2-3,13:32:38,45,45,13.29,11,251,
2-3,13:32:39,49,49,13.36,11,251,
2-3,13:32:39,48,48,13.32,11,251,
2-3,13:32:40,27,27,12.96,11,251,
2-3,13:32:40,47,47,13.31,11,251,
2-3,13:32:41,11,11,12.79,11,251,
2-3,13:32:41,43,43,13.27,11,251,
2-3,13:32:42,46,46,13.31,11,251,
2-3,13:32:42,43,43,13.27,11,251,
2-3,13:32:43,45,45,13.27,11,251,
2-3,13:32:43,45,45,13.29,11,251,
2-3,13:32:44,43,43,13.27,11,251,
2-3,13:32:44,46,46,13.33,11,251,
2-3,13:32:45,45,45,13.33,11,251,
2-3,13:32:45,42,42,13.3,11,251,
2-3,13:32:46,41,41,13.3,11,251,
2-3,13:32:46,40,40,13.3,11,251,
2-3,13:32:47,48,48,13.4,11,251,
2-3,13:32:47,39,39,13.27,11,251,
2-3,13:32:48,47,47,13.42,11,251,
2-3,13:32:48,38,38,13.26,11,251,
2-3,13:32:49,27,27,12.89,11,251,
2-3,13:32:49,37,37,13.24,11,251,
2-3,13:32:50,37,37,13.25,11,251,
2-3,13:32:50,27,27,12.82,11,251,
2-3,13:32:51,40,40,13.3,11,251,
2-3,13:32:51,41,41,13.3,11,251,
2-3,13:32:52,38,38,13.19,11,251,
2-3,13:32:52,39,39,13.25,11,251,
2-3,13:32:53,40,40,13.27,11,251,
2-3,13:32:53,39,39,13.27,11,251,
2-3,13:32:54,40,40,13.29,11,251,
2-3,13:32:54,41,41,13.29,11,251,
2-3,13:32:55,41,41,13.3,11,251,
2-3,13:32:55,40,40,13.29,11,251,
2-3,13:32:56,40,40,13.27,11,251,
2-3,13:32:56,39,39,13.28,11,251,
2-3,13:32:57,32,32,13.2,11,251,
2-3,13:32:57,40,40,13.28,11,251,
2-3,13:32:58,38,38,13.28,11,251,
2-3,13:32:58,37,37,13.25,11,251,
2-3,13:32:59,41,41,13.31,11,251,
2-3,13:32:59,37,37,13.26,11,251,
2-3,13:33:0,42,42,13.31,11,251,
2-3,13:33:0,39,39,13.27,11,251,
2-3,13:33:1,40,40,13.3,11,251,
2-3,13:33:1,43,43,13.3,11,251,
2-3,13:33:2,40,40,13.25,11,251,
2-3,13:33:2,46,46,13.34,11,251,
2-3,13:33:3,42,42,13.29,11,251,
2-3,13:33:3,43,43,13.27,11,251,
2-3,13:33:4,44,44,13.28,11,251,
2-3,13:33:4,42,42,13.27,11,251,
2-3,13:33:5,42,42,13.27,11,251,
2-3,13:33:5,41,41,13.29,11,251,
2-3,13:33:6,57,57,13.54,11,251,
2-3,13:33:6,41,41,13.28,11,251,
2-3,13:33:7,40,40,13.27,11,251,
2-3,13:33:7,41,41,13.28,11,251,
2-3,13:33:8,36,36,13.25,11,251,
2-3,13:33:8,37,37,13.24,11,251,
2-3,13:33:9,34,34,13.21,11,251,
2-3,13:33:9,38,38,13.31,11,251,
2-3,13:33:10,38,38,13.24,11,251,
2-3,13:33:10,38,38,13.27,11,251,
2-3,13:33:11,38,38,13.27,11,251,
2-3,13:33:11,38,38,13.27,11,251,
2-3,13:33:12,35,35,13.2,11,251,
2-3,13:33:12,36,36,13.24,11,251,
2-3,13:33:13,33,33,13.24,11,251,
2-3,13:33:13,36,36,13.26,11,251,
2-3,13:33:14,36,36,13.29,11,251,
2-3,13:33:14,37,37,13.3,11,251,
2-3,13:33:15,35,35,13.31,11,251,
2-3,13:33:15,31,31,13.26,11,251,
2-3,13:33:16,32,32,13.31,11,251,
2-3,13:33:16,29,29,13.28,11,251,
2-3,13:33:17,31,31,13.29,11,251,
2-3,13:33:17,28,28,13.24,11,251,
2-3,13:33:18,34,34,13.33,11,251,
2-3,13:33:18,29,29,13.25,11,251,
2-3,13:33:19,29,29,13.26,11,251,
2-3,13:33:19,28,28,13.26,11,251,
2-3,13:33:20,29,29,13.28,11,251,
2-3,13:33:20,27,27,13.26,11,251,
2-3,13:33:21,28,28,13.27,11,251,
2-3,13:33:21,29,29,13.28,11,251,
2-3,13:33:22,25,25,13.26,11,251,
2-3,13:33:22,26,26,13.26,11,251,
2-3,13:33:23,31,31,13.32,11,251,
2-3,13:33:23,25,25,13.27,11,251,
2-3,13:33:24,29,29,13.3,11,251,
2-3,13:33:24,27,27,13.29,11,251,
2-3,13:33:25,30,30,13.32,11,251,
2-3,13:33:25,29,29,13.3,11,251,
2-3,13:33:26,27,27,13.29,11,251,
2-3,13:33:26,28,28,13.3,11,251,
2-3,13:33:27,29,29,13.31,11,251,
2-3,13:33:27,27,27,13.28,11,251,
2-3,13:33:28,32,32,13.34,11,251,
2-3,13:33:28,29,29,13.28,11,251,
2-3,13:33:29,28,28,13.3,11,251,
2-3,13:33:29,31,31,13.32,11,251,
2-3,13:33:30,29,29,13.29,11,251,
2-3,13:33:30,30,30,13.31,11,251,
2-3,13:33:31,35,35,13.35,11,251,
2-3,13:33:31,33,33,13.33,11,251,
2-3,13:33:32,33,33,13.33,11,251,
2-3,13:33:32,34,34,13.35,11,251,
2-3,13:33:33,33,33,13.34,11,251,
2-3,13:33:33,34,34,13.33,11,251,
2-3,13:33:34,30,30,13.3,11,251,
2-3,13:33:34,31,31,13.32,11,251,
2-3,13:33:35,31,31,13.31,11,251,
2-3,13:33:35,32,32,13.31,11,251,
2-3,13:33:36,36,36,13.35,11,251,
2-3,13:33:36,38,38,13.37,11,251,
2-3,13:33:37,33,33,13.33,11,251,
2-3,13:33:37,36,36,13.36,11,251,
2-3,13:33:38,34,34,13.32,11,251,
2-3,13:33:38,35,35,13.34,11,251,
2-3,13:33:39,32,32,13.29,11,251,
2-3,13:33:39,34,34,13.33,11,251,
2-3,13:33:40,31,31,13.28,11,251,
2-3,13:33:40,33,33,13.32,11,251,
2-3,13:33:41,35,35,13.34,11,251,
2-3,13:33:41,35,35,13.33,11,251,
2-3,13:33:42,37,37,13.36,11,251,
2-3,13:33:42,34,34,13.31,11,251,
2-3,13:33:43,34,34,13.32,11,251,
2-3,13:33:43,40,40,13.39,11,251,
2-3,13:33:44,37,37,13.37,11,251,
2-3,13:33:44,39,39,13.37,11,251,
2-3,13:33:45,34,34,13.32,11,251,
2-3,13:33:45,38,38,13.37,11,251,
2-3,13:33:46,36,36,13.33,11,251,
2-3,13:33:46,32,32,13.27,11,251,
2-3,13:33:47,37,37,13.36,11,251,
2-3,13:33:47,36,36,13.32,11,251,
2-3,13:33:48,41,41,13.4,11,251,
2-3,13:33:48,39,39,13.36,11,251,
2-3,13:33:49,40,40,13.38,11,251,
2-3,13:33:49,37,37,13.35,11,251,
2-3,13:33:50,43,43,13.43,11,251,
2-3,13:33:50,39,39,13.37,11,251,
2-3,13:33:51,41,41,13.38,11,251,
2-3,13:33:51,39,39,13.35,11,251,
2-3,13:33:52,43,43,13.43,11,251,
2-3,13:33:52,44,44,13.43,11,251,
2-3,13:33:53,43,43,13.43,11,251,
2-3,13:33:53,40,40,13.37,11,251,
2-3,13:33:54,38,38,13.34,11,251,
2-3,13:33:54,36,36,13.31,11,251,
2-3,13:33:55,43,43,13.43,11,251,
2-3,13:33:55,33,33,13.27,11,251,
2-3,13:33:56,37,37,13.34,11,251,
2-3,13:33:56,40,40,13.37,11,251,
2-3,13:33:57,45,45,13.43,11,251,
2-3,13:33:57,37,37,13.32,11,251,
2-3,13:33:58,36,36,13.31,11,251,
2-3,13:33:58,39,39,13.35,11,251,
2-3,13:33:59,40,40,13.37,11,251,
2-3,13:33:59,41,41,13.37,11,251,
2-3,13:34:0,43,43,13.39,11,251,
2-3,13:34:0,45,45,13.43,11,251,
2-3,13:34:1,36,36,13.31,11,251,
2-3,13:34:1,36,36,13.31,11,251,
2-3,13:34:2,41,41,13.37,11,251,
2-3,13:34:2,36,36,13.29,11,251,
2-3,13:34:3,39,39,13.34,11,251,
2-3,13:34:3,38,38,13.33,11,251,
2-3,13:34:4,44,44,13.43,11,251,
2-3,13:34:4,41,41,13.37,11,251,
2-3,13:34:5,37,37,13.32,11,251,
2-3,13:34:5,42,42,13.38,11,251,
2-3,13:34:6,37,37,13.32,11,251,
2-3,13:34:6,42,42,13.37,11,251,
2-3,13:34:7,39,39,13.33,11,251,
2-3,13:34:7,43,43,13.4,11,251,
2-3,13:34:8,43,43,13.41,11,251,
2-3,13:34:8,40,40,13.35,11,251,
2-3,13:34:9,42,42,13.38,11,251,
2-3,13:34:9,43,43,13.39,11,251,
2-3,13:34:10,44,44,13.38,11,251,
2-3,13:34:10,44,44,13.41,11,251,
2-3,13:34:11,40,40,13.36,11,251,
2-3,13:34:11,43,43,13.38,11,251,
2-3,13:34:12,46,46,13.45,11,251,
2-3,13:34:12,47,47,13.45,11,251,
2-3,13:34:13,44,44,13.39,11,251,
2-3,13:34:13,41,41,13.34,11,251,
2-3,13:34:14,42,42,13.38,11,251,
2-3,13:34:14,41,41,13.33,11,251,
2-3,13:34:15,41,41,13.33,11,251,
2-3,13:34:15,39,39,13.33,11,251,
2-3,13:34:16,45,45,13.4,11,251,
2-3,13:34:16,42,42,13.37,11,251,
2-3,13:34:17,40,40,13.35,11,251,
2-3,13:34:17,46,46,13.41,11,251,
2-3,13:34:18,48,48,13.46,11,251,
2-3,13:34:18,44,44,13.39,11,251,
2-3,13:34:19,46,46,13.41,11,251,
2-3,13:34:19,42,42,13.37,11,251,
2-3,13:34:20,53,53,13.52,11,251,
2-3,13:34:20,39,39,13.32,11,251,
2-3,13:34:21,42,42,13.34,11,251,
2-3,13:34:21,43,43,13.36,11,251,
2-3,13:34:22,45,45,13.38,11,251,
2-3,13:34:22,43,43,13.38,11,251,
2-3,13:34:23,47,47,13.44,11,251,
2-3,13:34:23,46,46,13.4,11,251,
2-3,13:34:24,47,47,13.43,11,251,
2-3,13:34:24,46,46,13.41,11,251,
2-3,13:34:25,41,41,13.34,11,251,
2-3,13:34:25,40,40,13.32,11,251,
2-3,13:34:26,44,44,13.38,11,251,
2-3,13:34:26,44,44,13.37,11,251,
2-3,13:34:27,44,44,13.37,11,251,
2-3,13:34:27,40,40,13.33,11,251,
2-3,13:34:28,41,41,13.34,11,251,
2-3,13:34:28,39,39,13.29,11,251,
2-3,13:34:29,47,47,13.43,11,251,
2-3,13:34:29,40,40,13.34,11,251,
2-3,13:34:30,41,41,13.34,11,251,
2-3,13:34:30,39,39,13.32,11,251,
2-3,13:34:31,47,47,13.43,11,251,
2-3,13:34:31,44,44,13.38,11,251,
2-3,13:34:32,47,47,13.43,11,251,
2-3,13:34:32,44,44,13.37,11,251,
2-3,13:34:33,49,49,13.45,11,251,
2-3,13:34:33,40,40,13.32,11,251,
2-3,13:34:34,40,40,13.32,11,251,
2-3,13:34:34,44,44,13.35,11,251,
2-3,13:34:35,42,42,13.34,11,251,
2-3,13:34:35,44,44,13.37,11,251,
2-3,13:34:36,48,48,13.45,11,251,
2-3,13:34:36,39,39,13.31,11,251,
2-3,13:34:37,44,44,13.37,11,251,
2-3,13:34:37,44,44,13.38,11,251,
2-3,13:34:38,42,42,13.36,11,251,
2-3,13:34:38,43,43,13.36,11,251,
2-3,13:34:39,44,44,13.36,11,251,
2-3,13:34:39,41,41,13.35,11,251,
2-3,13:34:40,42,42,13.36,11,251,
2-3,13:34:40,46,46,13.4,11,251,
2-3,13:34:41,44,44,13.38,11,251,
2-3,13:34:41,53,53,13.52,11,251,
2-3,13:34:42,38,38,13.31,11,251,
2-3,13:34:42,45,45,13.4,11,251,
2-3,13:34:43,38,38,13.32,11,251,
2-3,13:34:43,52,52,13.52,11,251,
2-3,13:34:44,44,44,13.38,11,251,
2-3,13:34:44,38,38,13.31,11,251,
2-3,13:34:45,39,39,13.34,11,251,
2-3,13:34:45,44,44,13.38,11,251,
2-3,13:34:46,49,49,13.48,11,251,
2-3,13:34:46,48,48,13.47,11,251,
2-3,13:34:47,36,36,13.28,11,251,
2-3,13:34:47,38,38,13.34,11,251,
2-3,13:34:48,39,39,13.33,11,251,
2-3,13:34:48,35,35,13.31,11,251,
2-3,13:34:49,38,38,13.33,11,251,
2-3,13:34:49,44,44,13.38,11,251,
2-3,13:34:50,46,46,13.46,11,251,
2-3,13:34:50,40,40,13.37,11,251,
2-3,13:34:51,46,46,13.44,11,251,
2-3,13:34:51,33,33,13.28,11,251,
2-3,13:34:52,43,43,13.39,11,251,
2-3,13:34:52,34,34,13.29,11,251,
2-3,13:34:53,39,39,13.34,11,251,
2-3,13:34:53,41,41,13.38,11,251,
2-3,13:34:54,49,49,13.5,11,251,
2-3,13:34:54,40,40,13.35,11,251,
2-3,13:34:55,43,43,13.42,11,251,
2-3,13:34:55,38,38,13.34,11,251,
2-3,13:34:56,40,40,13.35,11,251,
2-3,13:34:56,47,47,13.48,11,251,
2-3,13:34:57,52,52,13.49,11,251,
2-3,13:34:57,46,46,13.43,11,251,
2-3,13:34:58,46,46,13.43,11,251,
2-3,13:34:58,43,43,13.38,11,251,
2-3,13:34:59,47,47,13.45,11,251,
2-3,13:34:59,49,49,13.48,11,251,
2-3,13:35:0,39,39,13.34,11,251,
2-3,13:35:0,47,47,13.45,11,251,
2-3,13:35:1,45,45,13.4,11,251,
2-3,13:35:1,41,41,13.36,11,251,
2-3,13:35:2,52,52,13.51,11,251,
2-3,13:35:2,43,43,13.38,11,251,
2-3,13:35:3,48,48,13.46,11,251,
2-3,13:35:3,46,46,13.39,11,251,
2-3,13:35:4,51,51,13.48,11,251,
2-3,13:35:4,46,46,13.43,11,251,
2-3,13:35:5,45,45,13.38,11,251,
2-3,13:35:5,49,49,13.47,11,251,
2-3,13:35:6,43,43,13.37,11,251,
2-3,13:35:6,52,52,13.47,11,251,
2-3,13:35:7,53,53,13.48,11,251,
2-3,13:35:7,46,46,13.4,11,251,
2-3,13:35:8,47,47,13.41,11,251,
2-3,13:35:8,43,43,13.34,11,251,
2-3,13:35:9,49,49,13.46,11,251,
2-3,13:35:9,44,44,13.37,11,251,
2-3,13:35:10,45,45,13.41,11,251,
2-3,13:35:10,47,47,13.41,11,251,
2-3,13:35:11,50,50,13.46,11,251,
2-3,13:35:11,47,47,13.41,11,251,
2-3,13:35:12,46,46,13.37,11,251,
2-3,13:35:12,46,46,13.38,11,251,
2-3,13:35:13,45,45,13.38,11,251,
2-3,13:35:13,40,40,13.28,11,251,
2-3,13:35:14,48,48,13.42,11,251,
2-3,13:35:14,45,45,13.38,11,251,
2-3,13:35:15,47,47,13.4,11,251,
2-3,13:35:15,49,49,13.46,11,251,
2-3,13:35:16,51,51,13.45,11,251,
2-3,13:35:16,46,46,13.38,11,251,
2-3,13:35:17,45,45,13.36,11,251,
2-3,13:35:17,46,46,13.38,11,251,
2-3,13:35:18,49,49,13.38,11,251,
2-3,13:35:18,46,46,13.38,11,251,
2-3,13:35:19,50,50,13.41,11,251,
2-3,13:35:19,49,49,13.38,11,251,
2-3,13:35:20,55,55,13.63,11,251,
2-3,13:35:20,48,48,13.41,11,251,
2-3,13:35:21,50,50,13.42,11,251,
2-3,13:35:21,54,54,13.47,11,251,
2-3,13:35:22,46,46,13.34,11,251,
2-3,13:35:22,49,49,13.39,11,251,
2-3,13:35:23,52,52,13.47,11,251,
2-3,13:35:23,47,47,13.33,11,251,
2-3,13:35:24,50,50,13.42,11,251,
2-3,13:35:24,52,52,13.46,11,251,
2-3,13:35:25,48,48,13.4,11,251,
2-3,13:35:25,46,46,13.36,11,251,
2-3,13:35:26,48,48,13.37,11,251,
2-3,13:35:26,46,46,13.35,11,251,
2-3,13:35:27,49,49,13.35,11,251,
2-3,13:35:27,48,48,13.39,11,251,
2-3,13:35:28,50,50,13.43,11,251,
2-3,13:35:28,53,53,13.47,11,251,
2-3,13:35:29,47,47,13.37,11,251,
2-3,13:35:29,49,49,13.4,11,251,
2-3,13:35:30,52,52,13.47,11,251,
2-3,13:35:30,53,53,13.46,11,251,
2-3,13:35:31,53,53,13.47,11,251,
2-3,13:35:31,52,52,13.43,11,251,
2-3,13:35:32,48,48,13.37,11,251,
2-3,13:35:32,49,49,13.39,11,251,
2-3,13:35:33,51,51,13.4,11,251,
2-3,13:35:33,49,49,13.38,11,251,
2-3,13:35:34,57,57,13.46,11,251,
2-3,13:35:34,51,51,13.42,11,251,
2-3,13:35:35,50,50,13.38,11,251,
2-3,13:35:35,48,48,13.38,11,251,
2-3,13:35:36,48,48,13.35,11,251,
2-3,13:35:36,53,53,13.45,11,251,
2-3,13:35:37,51,51,13.42,11,251,
2-3,13:35:37,46,46,13.34,11,251,
2-3,13:35:38,46,46,13.34,11,251,
2-3,13:35:38,48,48,13.38,11,251,
2-3,13:35:39,50,50,13.4,11,251,
2-3,13:35:39,48,48,13.37,11,251,
2-3,13:35:40,47,47,13.37,11,251,
2-3,13:35:40,52,52,13.45,11,251,
2-3,13:35:41,53,53,13.48,11,251,
2-3,13:35:41,53,53,13.48,11,251,
2-3,13:35:42,53,53,13.45,11,251,
2-3,13:35:42,52,52,13.44,11,251,
2-3,13:35:43,46,46,13.38,11,251,
2-3,13:35:43,52,52,13.44,11,251,
2-3,13:35:44,48,48,13.35,11,251,
2-3,13:35:44,57,57,13.45,11,251,
2-3,13:35:45,52,52,13.45,11,251,
2-3,13:35:45,57,57,13.53,11,251,
2-3,13:35:46,47,47,13.36,11,251,
2-3,13:35:46,50,50,13.39,11,251,
2-3,13:35:47,56,56,13.64,11,251,
2-3,13:35:47,45,45,13.31,11,251,
2-3,13:35:48,50,50,13.4,11,251,
2-3,13:35:48,54,54,13.5,11,251,
2-3,13:35:49,38,38,13.21,11,251,
2-3,13:35:49,52,52,13.42,11,251,
2-3,13:35:50,53,53,13.46,11,251,
2-3,13:35:50,49,49,13.37,11,251,
2-3,13:35:51,47,47,13.34,11,251,
2-3,13:35:51,46,46,13.36,11,251,
2-3,13:35:52,52,52,13.41,11,251,
2-3,13:35:52,49,49,13.39,11,251,
2-3,13:35:53,47,47,13.35,11,251,
2-3,13:35:53,52,52,13.45,11,251,
2-3,13:35:54,57,57,13.49,11,251,
2-3,13:35:54,46,46,13.33,11,251,
2-3,13:35:55,51,51,13.44,11,251,
2-3,13:35:55,51,51,13.44,11,251,
2-3,13:35:56,51,51,13.41,11,251,
2-3,13:35:56,53,53,13.47,11,251,
2-3,13:35:57,47,47,13.37,11,251,
2-3,13:35:57,51,51,13.42,11,251,
2-3,13:35:58,47,47,13.36,11,251,
2-3,13:35:58,53,53,13.46,11,251,
2-3,13:35:59,47,47,13.34,11,251,
2-3,13:35:59,51,51,13.41,11,251,
2-3,13:36:0,46,46,13.35,11,251,
2-3,13:36:0,51,51,13.41,11,251,
2-3,13:36:1,52,52,13.44,11,251,
2-3,13:36:1,51,51,13.43,11,251,
2-3,13:36:2,51,51,13.41,11,251,
2-3,13:36:2,57,57,13.54,11,251,
2-3,13:36:3,52,52,13.43,11,251,
2-3,13:36:3,53,53,13.44,11,251,
2-3,13:36:4,48,48,13.38,11,251,
2-3,13:36:4,50,50,13.39,11,251,
2-3,13:36:5,44,44,13.31,11,251,
2-3,13:36:5,51,51,13.42,11,251,
2-3,13:36:6,49,49,13.38,11,251,
2-3,13:36:6,57,57,13.48,11,251,
2-3,13:36:7,48,48,13.34,11,251,
2-3,13:36:7,53,53,13.46,11,251,
2-3,13:36:8,51,51,13.38,11,251,
2-3,13:36:8,54,54,13.45,11,251,
2-3,13:36:9,54,54,13.45,11,251,
2-3,13:36:9,48,48,13.33,11,251,
2-3,13:36:10,59,59,13.59,11,251,
2-3,13:36:10,54,54,13.45,11,251,
2-3,13:36:11,51,51,13.41,11,251,
2-3,13:36:11,48,48,13.33,11,251,
2-3,13:36:12,55,55,13.47,11,251,
2-3,13:36:12,50,50,13.36,11,251,
2-3,13:36:13,55,55,13.47,11,251,
2-3,13:36:13,49,49,13.35,11,251,
2-3,13:36:14,49,49,13.35,11,251,
2-3,13:36:14,52,52,13.41,11,251,
2-3,13:36:15,51,51,13.42,11,251,
2-3,13:36:15,52,52,13.38,11,251,
2-3,13:36:16,54,54,13.41,11,251,
2-3,13:36:16,51,51,13.38,11,251,
2-3,13:36:17,58,58,13.47,11,251,
2-3,13:36:17,54,54,13.43,11,251,
2-3,13:36:18,54,54,13.44,11,251,
2-3,13:36:18,50,50,13.38,11,251,
2-3,13:36:19,53,53,13.4,11,251,
2-3,13:36:19,48,48,13.34,11,251,
2-3,13:36:20,53,53,13.43,11,251,
2-3,13:36:20,55,55,13.45,11,251,
2-3,13:36:21,53,53,13.43,11,251,
2-3,13:36:21,51,51,13.38,11,251,
2-3,13:36:22,51,51,13.38,11,251,
2-3,13:36:22,58,58,13.51,11,251,
2-3,13:36:23,52,52,13.39,11,251,
2-3,13:36:23,50,50,13.35,11,251,
2-3,13:36:24,53,53,13.42,11,251,
2-3,13:36:24,48,48,13.35,11,251,
2-3,13:36:25,52,52,13.42,11,251,
2-3,13:36:25,53,53,13.42,11,251,
2-3,13:36:26,52,52,13.39,11,251,
2-3,13:36:26,49,49,13.31,11,251,
2-3,13:36:27,47,47,13.28,11,251,
2-3,13:36:27,50,50,13.37,11,251,
2-3,13:36:28,47,47,13.3,11,251,
2-3,13:36:28,55,55,13.43,11,251,
2-3,13:36:29,55,55,13.48,11,251,
2-3,13:36:29,53,53,13.43,11,251,
2-3,13:36:30,55,55,13.45,11,251,
2-3,13:36:30,51,51,13.38,11,251,
2-3,13:36:31,51,51,13.38,11,251,
2-3,13:36:31,53,53,13.42,11,251,
2-3,13:36:32,58,58,13.57,11,251,
2-3,13:36:32,53,53,13.41,11,251,
2-3,13:36:33,49,49,13.34,11,251,
2-3,13:36:33,53,53,13.4,11,251,
2-3,13:36:34,50,50,13.36,11,251,
2-3,13:36:34,52,52,13.4,11,251,
2-3,13:36:35,54,54,13.41,11,251,
2-3,13:36:35,56,56,13.46,11,251,
2-3,13:36:36,50,50,13.37,11,251,
2-3,13:36:36,55,55,13.44,11,251,
2-3,13:36:37,52,52,13.39,11,251,
2-3,13:36:37,48,48,13.3,11,251,
2-3,13:36:38,52,52,13.4,11,251,
2-3,13:36:38,49,49,13.36,11,251,
2-3,13:36:39,50,50,13.36,11,251,
2-3,13:36:39,54,54,13.46,11,251,
2-3,13:36:40,52,52,13.39,11,251,
2-3,13:36:40,51,51,13.38,11,251,
2-3,13:36:41,55,55,13.44,11,251,
2-3,13:36:41,59,59,13.53,11,251,
2-3,13:36:42,54,54,13.44,11,251,
2-3,13:36:42,55,55,13.46,11,251,
2-3,13:36:43,55,55,13.46,11,251,
2-3,13:36:43,59,59,13.56,11,251,
2-3,13:36:44,48,48,13.33,11,251,
2-3,13:36:44,53,53,13.42,11,251,
2-3,13:36:45,52,52,13.39,11,251,
2-3,13:36:45,50,50,13.38,11,251,
2-3,13:36:46,52,52,13.4,11,251,
2-3,13:36:46,50,50,13.37,11,251,
2-3,13:36:47,59,59,13.5,11,251,
2-3,13:36:47,51,51,13.4,11,251,
2-3,13:36:48,57,57,13.5,11,251,
2-3,13:36:48,53,53,13.4,11,251,
2-3,13:36:49,54,54,13.43,11,251,
2-3,13:36:49,54,54,13.45,11,251,
2-3,13:36:50,59,59,13.58,11,251,
2-3,13:36:50,54,54,13.42,11,251,
2-3,13:36:51,57,57,13.47,11,251,
2-3,13:36:51,53,53,13.42,11,251,
2-3,13:36:52,49,49,13.34,11,251,
2-3,13:36:52,52,52,13.39,11,251,
2-3,13:36:53,54,54,13.43,11,251,
2-3,13:36:53,51,51,13.39,11,251,
2-3,13:36:54,54,54,13.45,11,251,
2-3,13:36:54,51,51,13.4,11,251,
2-3,13:36:55,51,51,13.38,11,251,
2-3,13:36:55,54,54,13.43,11,251,
2-3,13:36:56,51,51,13.39,11,251,
2-3,13:36:56,53,53,13.42,11,251,
2-3,13:36:57,50,50,13.35,11,251,
2-3,13:36:57,52,52,13.4,11,251,
2-3,13:36:58,52,52,13.4,11,251,
2-3,13:36:58,54,54,13.45,11,251,
2-3,13:36:59,54,54,13.45,11,251,
2-3,13:36:59,50,50,13.38,11,251,
2-3,13:37:0,47,47,13.31,11,251,
2-3,13:37:0,55,55,13.45,11,251,
2-3,13:37:1,52,52,13.4,11,251,
2-3,13:37:1,59,59,13.51,11,251,
2-3,13:37:2,56,56,13.48,11,251,
2-3,13:37:2,51,51,13.39,11,251,
2-3,13:37:3,59,59,13.59,11,251,
2-3,13:37:3,59,59,13.54,11,251,
2-3,13:37:4,58,58,13.51,11,251,
2-3,13:37:4,45,45,13.26,11,251,
2-3,13:37:5,55,55,13.46,11,251,
2-3,13:37:5,60,60,13.55,11,251,
2-3,13:37:6,55,55,13.43,11,251,
2-3,13:37:6,59,59,13.64,11,251,
2-3,13:37:7,59,59,13.52,11,251,
2-3,13:37:7,54,54,13.43,11,251,
2-3,13:37:8,49,49,13.35,11,251,
2-3,13:37:8,53,53,13.41,11,251,
2-3,13:37:9,54,54,13.43,11,251,
2-3,13:37:9,55,55,13.45,11,251,
2-3,13:37:10,57,57,13.49,11,251,
2-3,13:37:10,55,55,13.45,11,251,
2-3,13:37:11,58,58,13.49,11,251,
2-3,13:37:11,54,54,13.42,11,251,
2-3,13:37:12,54,54,13.44,11,251,
2-3,13:37:12,49,49,13.36,11,251,
2-3,13:37:13,48,48,13.31,11,251,
2-3,13:37:13,51,51,13.36,11,251,
2-3,13:37:14,54,54,13.43,11,251,
2-3,13:37:14,48,48,13.33,11,251,
2-3,13:37:15,48,48,13.3,11,251,
2-3,13:37:15,51,51,13.37,11,251,
2-3,13:37:16,54,54,13.42,11,251,
2-3,13:37:16,56,56,13.46,11,251,
2-3,13:37:17,55,55,13.47,11,251,
2-3,13:37:17,52,52,13.38,11,251,
2-3,13:37:18,47,47,13.31,11,251,
2-3,13:37:18,52,52,13.38,11,251,
2-3,13:37:19,52,52,13.38,11,251,
2-3,13:37:19,52,52,13.39,11,251,
2-3,13:37:20,55,55,13.45,11,251,
2-3,13:37:20,55,55,13.45,11,251,
2-3,13:37:21,53,53,13.4,11,251,
2-3,13:37:21,55,55,13.46,11,251,
2-3,13:37:22,56,56,13.46,11,251,
2-3,13:37:22,54,54,13.42,11,251,
2-3,13:37:23,56,56,13.46,11,251,
2-3,13:37:23,52,52,13.38,11,251,
2-3,13:37:24,53,53,13.41,11,251,
2-3,13:37:24,55,55,13.44,11,251,
2-3,13:37:25,54,54,13.4,11,251,
2-3,13:37:25,55,55,13.44,11,251,
2-3,13:37:26,57,57,13.48,11,251,
2-3,13:37:26,50,50,13.35,11,251,
2-3,13:37:27,51,51,13.35,11,251,
2-3,13:37:27,55,55,13.42,11,251,
2-3,13:37:28,56,56,13.48,11,251,
2-3,13:37:28,52,52,13.38,11,251,
2-3,13:37:29,59,59,13.5,11,251,
2-3,13:37:29,50,50,13.34,11,251,
2-3,13:37:30,56,56,13.48,11,251,
2-3,13:37:30,53,53,13.39,11,251,
2-3,13:37:31,51,51,13.34,11,251,
2-3,13:37:31,54,54,13.45,11,251,
2-3,13:37:32,57,57,13.49,11,251,
2-3,13:37:32,57,57,13.49,11,251,
2-3,13:37:33,53,53,13.39,11,251,
2-3,13:37:33,58,58,13.49,11,251,
2-3,13:37:34,55,55,13.43,11,251,
2-3,13:37:34,49,49,13.32,11,251,
2-3,13:37:35,54,54,13.43,11,251,
2-3,13:37:35,54,54,13.45,11,251,
2-3,13:37:36,55,55,13.42,11,251,
2-3,13:37:36,53,53,13.38,11,251,
2-3,13:37:37,55,55,13.44,11,251,
2-3,13:37:37,49,49,13.33,11,251,
2-3,13:37:38,55,55,13.46,11,251,
2-3,13:37:38,53,53,13.38,11,251,
2-3,13:37:39,48,48,13.31,11,251,
2-3,13:37:39,49,49,13.32,11,251,
2-3,13:37:40,53,53,13.43,11,251,
2-3,13:37:40,54,54,13.42,11,251,
2-3,13:37:41,55,55,13.44,11,251,
2-3,13:37:41,50,50,13.36,11,251,
2-3,13:37:42,56,56,13.49,11,251,
2-3,13:37:42,54,54,13.42,11,251,
2-3,13:37:43,51,51,13.34,11,251,
2-3,13:37:43,52,52,13.4,11,251,
2-3,13:37:44,51,51,13.37,11,251,
2-3,13:37:44,51,51,13.4,11,251,
2-3,13:37:45,51,51,13.38,11,251,
2-3,13:37:45,52,52,13.37,11,251,
2-3,13:37:46,56,56,13.48,11,251,
2-3,13:37:46,53,53,13.4,11,251,
2-3,13:37:47,54,54,13.4,11,251,
2-3,13:37:47,53,53,13.37,11,251,
2-3,13:37:48,51,51,13.34,11,251,
2-3,13:37:48,51,51,13.34,11,251,
2-3,13:37:49,59,59,13.52,11,251,
2-3,13:37:49,53,53,13.41,11,251,
2-3,13:37:50,53,53,13.41,11,251,
2-3,13:37:50,51,51,13.37,11,251,
2-3,13:37:51,50,50,13.34,11,251,
2-3,13:37:51,54,54,13.42,11,251,
2-3,13:37:52,54,54,13.42,11,251,
2-3,13:37:52,57,57,13.5,11,251,
2-3,13:37:53,53,53,13.39,11,251,
2-3,13:37:53,51,51,13.36,11,251,
2-3,13:37:54,52,52,13.39,11,251,
2-3,13:37:54,56,56,13.46,11,251,
2-3,13:37:55,55,55,13.46,11,251,
2-3,13:37:55,56,56,13.47,11,251,
2-3,13:37:56,56,56,13.5,11,251,
2-3,13:37:56,52,52,13.39,11,251,
2-3,13:37:57,54,54,13.43,11,251,
2-3,13:37:57,56,56,13.47,11,251,
2-3,13:37:58,50,50,13.34,11,251,
2-3,13:37:58,53,53,13.4,11,251,
2-3,13:37:59,54,54,13.45,11,251,
2-3,13:37:59,55,55,13.46,11,251,
2-3,13:38:0,51,51,13.38,11,251,
2-3,13:38:0,54,54,13.44,11,251,
2-3,13:38:1,53,53,13.41,11,251,
2-3,13:38:1,54,54,13.4,11,251,
2-3,13:38:2,55,55,13.43,11,251,
2-3,13:38:2,54,54,13.39,11,251,
2-3,13:38:3,55,55,13.44,11,251,
2-3,13:38:3,51,51,13.36,11,251,
2-3,13:38:4,51,51,13.35,11,251,
2-3,13:38:4,57,57,13.42,11,251,
2-3,13:38:5,55,55,13.38,11,251,
2-3,13:38:5,55,55,13.36,11,251,
2-3,13:38:6,55,55,13.38,11,251,
2-3,13:38:6,57,57,13.46,11,251,
2-3,13:38:7,55,55,13.37,11,251,
2-3,13:38:7,55,55,13.35,11,251,
2-3,13:38:8,59,59,13.42,11,251,
2-3,13:38:8,59,59,13.43,11,251,
2-3,13:38:9,65,65,13.64,11,251,
2-3,13:38:9,62,62,13.49,11,251,
2-3,13:38:10,65,65,13.6,11,251,
2-3,13:38:10,65,65,13.57,11,251,
2-3,13:38:11,62,62,13.41,11,251,
2-3,13:38:11,62,62,13.39,11,251,
2-3,13:38:12,62,62,13.41,11,251,
2-3,13:38:12,65,65,13.49,11,251,
2-3,13:38:13,69,69,13.5,11,251,
2-3,13:38:13,66,66,13.49,11,251,
2-3,13:38:14,68,68,13.56,11,251,
2-3,13:38:14,66,66,13.49,11,251,
2-3,13:38:15,69,69,13.57,11,251,
2-3,13:38:15,69,69,13.6,11,251,
2-3,13:38:16,68,68,13.39,11,251,
2-3,13:38:16,68,68,13.56,11,251,
2-3,13:38:17,65,65,13.5,11,251,
2-3,13:38:17,66,66,13.49,11,251,
2-3,13:38:18,65,65,13.47,11,251,
2-3,13:38:18,64,64,13.46,11,251,
2-3,13:38:19,64,64,13.45,11,251,
2-3,13:38:19,66,66,13.52,11,251,
2-3,13:38:20,65,65,13.5,11,251,
2-3,13:38:20,62,62,13.44,11,251,
2-3,13:38:21,65,65,13.55,11,251,
2-3,13:38:21,62,62,13.47,11,251,
2-3,13:38:22,61,61,13.45,11,251,
2-3,13:38:22,60,60,13.41,11,251,
2-3,13:38:23,61,61,13.44,11,251,
2-3,13:38:23,60,60,13.46,11,251,
2-3,13:38:24,57,57,13.39,11,251,
2-3,13:38:24,59,59,13.48,11,251,
2-3,13:38:25,60,60,13.46,11,251,
2-3,13:38:25,63,63,13.54,11,251,
2-3,13:38:26,60,60,13.5,11,251,
2-3,13:38:26,57,57,13.43,11,251,
2-3,13:38:27,57,57,13.45,11,251,
2-3,13:38:27,61,61,13.53,11,251,
2-3,13:38:28,56,56,13.4,11,251,
2-3,13:38:28,58,58,13.47,11,251,
2-3,13:38:29,56,56,13.42,11,251,
2-3,13:38:29,58,58,13.47,11,251,
2-3,13:38:30,58,58,13.47,11,251,
2-3,13:38:30,58,58,13.68,11,251,
2-3,13:38:31,57,57,13.49,11,251,
2-3,13:38:31,59,59,13.5,11,251,
2-3,13:38:32,60,60,13.57,11,251,
2-3,13:38:32,54,54,13.39,11,251,
2-3,13:38:33,57,57,13.48,11,251,
2-3,13:38:33,57,57,13.5,11,251,
2-3,13:38:34,59,59,13.66,11,251,
2-3,13:38:34,59,59,13.52,11,251,
2-3,13:38:35,53,53,13.37,11,251,
2-3,13:38:35,57,57,13.48,11,251,
2-3,13:38:36,57,57,13.46,11,251,
2-3,13:38:36,62,62,13.53,11,251,
2-3,13:38:37,58,58,13.47,11,251,
2-3,13:38:37,58,58,13.48,11,251,
2-3,13:38:38,60,60,13.49,11,251,
2-3,13:38:38,54,54,13.37,11,251,
2-3,13:38:39,58,58,13.42,11,251,
2-3,13:38:39,59,59,13.43,11,251,
2-3,13:38:40,58,58,13.41,11,251,
2-3,13:38:40,56,56,13.35,11,251,
2-3,13:38:41,57,57,13.4,11,251,
2-3,13:38:41,59,59,13.38,11,251,
2-3,13:38:42,58,58,13.37,11,251,
2-3,13:38:42,59,59,13.42,11,251,
2-3,13:38:43,58,58,13.37,11,251,
2-3,13:38:43,62,62,13.49,11,251,
2-3,13:38:44,64,64,13.52,11,251,
2-3,13:38:44,57,57,13.35,11,251,
2-3,13:38:45,58,58,13.39,11,251,
2-3,13:38:45,60,60,13.43,11,251,
2-3,13:38:46,61,61,13.47,11,251,
2-3,13:38:46,59,59,13.41,11,251,
2-3,13:38:47,58,58,13.37,11,251,
2-3,13:38:47,59,59,13.43,11,251,
2-3,13:38:48,61,61,13.46,11,251,
2-3,13:38:48,59,59,13.41,11,251,
2-3,13:38:49,58,58,13.38,11,251,
2-3,13:38:49,57,57,13.36,11,251,
2-3,13:38:50,58,58,13.41,11,251,
2-3,13:38:50,57,57,13.38,11,251,
2-3,13:38:51,62,62,13.48,11,251,
2-3,13:38:51,55,55,13.34,11,251,
2-3,13:38:52,57,57,13.39,11,251,
2-3,13:38:52,57,57,13.38,11,251,
2-3,13:38:53,57,57,13.39,11,251,
2-3,13:38:53,53,53,13.32,11,251,
2-3,13:38:54,56,56,13.38,11,251,
2-3,13:38:54,56,56,13.4,11,251,
2-3,13:38:55,56,56,13.4,11,251,
2-3,13:38:55,56,56,13.4,11,251,
2-3,13:38:56,53,53,13.34,11,251,
2-3,13:38:56,55,55,13.35,11,251,
2-3,13:38:57,53,53,13.35,11,251,
2-3,13:38:57,56,56,13.37,11,251,
2-3,13:38:58,53,53,13.35,11,251,
2-3,13:38:58,54,54,13.38,11,251,
2-3,13:38:59,52,52,13.3,11,251,
2-3,13:38:59,52,52,13.35,11,251,
2-3,13:39:0,52,52,13.33,11,251,
2-3,13:39:0,55,55,13.37,11,251,
2-3,13:39:1,52,52,13.36,11,251,
2-3,13:39:1,54,54,13.39,11,251,
2-3,13:39:2,51,51,13.35,11,251,
2-3,13:39:2,51,51,13.35,11,251,
2-3,13:39:3,54,54,13.39,11,251,
2-3,13:39:3,51,51,13.38,11,251,
2-3,13:39:4,50,50,13.34,11,251,
2-3,13:39:4,48,48,13.33,11,251,
2-3,13:39:5,52,52,13.4,11,251,
2-3,13:39:5,51,51,13.36,11,251,
2-3,13:39:6,49,49,13.35,11,251,
2-3,13:39:6,47,47,13.32,11,251,
2-3,13:39:7,53,53,13.38,11,251,
2-3,13:39:7,49,49,13.32,11,251,
2-3,13:39:8,50,50,13.31,11,251,
2-3,13:39:8,51,51,13.37,11,251,
2-3,13:39:9,47,47,13.31,11,251,
2-3,13:39:9,52,52,13.39,11,251,
2-3,13:39:10,49,49,13.35,11,251,
2-3,13:39:10,53,53,13.4,11,251,
2-3,13:39:11,52,52,13.39,11,251,
2-3,13:39:11,48,48,13.31,11,251,
2-3,13:39:12,51,51,13.35,11,251,
2-3,13:39:12,50,50,13.32,11,251,
2-3,13:39:13,50,50,13.32,11,251,
2-3,13:39:13,52,52,13.35,11,251,
2-3,13:39:14,44,44,13.21,11,251,
2-3,13:39:14,54,54,13.36,11,251,
2-3,13:39:15,53,53,13.32,11,251,
2-3,13:39:15,54,54,13.35,11,251,
2-3,13:39:16,55,55,13.35,11,251,
2-3,13:39:16,51,51,13.21,11,251,
2-3,13:39:17,55,55,13.37,11,251,
2-3,13:39:17,52,52,13.28,11,251,
2-3,13:39:18,53,53,13.34,11,251,
2-3,13:39:18,53,53,13.31,11,251,
2-3,13:39:19,56,56,13.37,11,251,
2-3,13:39:19,53,53,13.31,11,251,
2-3,13:39:20,57,57,13.41,11,251,
2-3,13:39:20,56,56,13.36,11,251,
2-3,13:39:21,51,51,13.29,11,251,
2-3,13:39:21,54,54,13.34,11,251,
2-3,13:39:22,53,53,13.33,11,251,
2-3,13:39:22,56,56,13.39,11,251,
2-3,13:39:23,54,54,13.38,11,251,
2-3,13:39:23,54,54,13.38,11,251,
2-3,13:39:24,51,51,13.33,11,251,
2-3,13:39:24,51,51,13.34,11,251,
2-3,13:39:25,52,52,13.36,11,251,
2-3,13:39:25,52,52,13.38,11,251,
2-3,13:39:26,53,53,13.39,11,251,
2-3,13:39:26,46,46,13.29,11,251,
2-3,13:39:27,49,49,13.36,11,251,
2-3,13:39:27,48,48,13.33,11,251,
2-3,13:39:28,49,49,13.36,11,251,
2-3,13:39:28,47,47,13.35,11,251,
2-3,13:39:29,48,48,13.36,11,251,
2-3,13:39:29,55,55,13.47,11,251,
2-3,13:39:30,50,50,13.38,11,251,
2-3,13:39:30,49,49,13.34,11,251,
2-3,13:39:31,47,47,13.35,11,251,
2-3,13:39:31,44,44,13.27,11,251,
2-3,13:39:32,46,46,13.31,11,251,
2-3,13:39:32,47,47,13.35,11,251,
2-3,13:39:33,48,48,13.33,11,251,
2-3,13:39:33,46,46,13.33,11,251,
2-3,13:39:34,45,45,13.3,11,251,
2-3,13:39:34,49,49,13.36,11,251,
2-3,13:39:35,42,42,13.26,11,251,
2-3,13:39:35,44,44,13.28,11,251,
2-3,13:39:36,48,48,13.38,11,251,
2-3,13:39:36,43,43,13.3,11,251,
2-3,13:39:37,43,43,13.31,11,251,
2-3,13:39:37,48,48,13.39,11,251,
2-3,13:39:38,43,43,13.3,11,251,
2-3,13:39:38,44,44,13.34,11,251,
2-3,13:39:39,44,44,13.34,11,251,
2-3,13:39:39,45,45,13.34,11,251,
2-3,13:39:40,43,43,13.32,11,251,
2-3,13:39:40,46,46,13.37,11,251,
2-3,13:39:41,45,45,13.36,11,251,
2-3,13:39:41,43,43,13.33,11,251,
2-3,13:39:42,39,39,13.29,11,251,
2-3,13:39:42,46,46,13.38,11,251,
2-3,13:39:43,42,42,13.34,11,251,
2-3,13:39:43,44,44,13.35,11,251,
2-3,13:39:44,44,44,13.37,11,251,
2-3,13:39:44,44,44,13.35,11,251,
2-3,13:39:45,41,41,13.3,11,251,
2-3,13:39:45,46,46,13.38,11,251,
2-3,13:39:46,46,46,13.39,11,251,
2-3,13:39:46,43,43,13.35,11,251,
2-3,13:39:47,43,43,13.33,11,251,
2-3,13:39:47,43,43,13.36,11,251,
2-3,13:39:48,43,43,13.33,11,251,
2-3,13:39:48,40,40,13.3,11,251,
2-3,13:39:49,43,43,13.33,11,251,
2-3,13:39:49,41,41,13.31,11,251,
2-3,13:39:50,44,44,13.34,11,251,
2-3,13:39:50,43,43,13.34,11,251,
2-3,13:39:51,47,47,13.39,11,251,
2-3,13:39:51,45,45,13.37,11,251,
2-3,13:39:52,43,43,13.33,11,251,
2-3,13:39:52,44,44,13.33,11,251,
2-3,13:39:53,49,49,13.38,11,251,
2-3,13:39:53,45,45,13.32,11,251,
2-3,13:39:54,45,45,13.31,11,251,
2-3,13:39:54,48,48,13.37,11,251,
2-3,13:39:55,50,50,13.38,11,251,
2-3,13:39:55,49,49,13.36,11,251,
2-3,13:39:56,51,51,13.37,11,251,
2-3,13:39:56,48,48,13.33,11,251,
2-3,13:39:57,51,51,13.35,11,251,
2-3,13:39:57,49,49,13.33,11,251,
2-3,13:39:58,52,52,13.39,11,251,
2-3,13:39:58,51,51,13.37,11,251,
2-3,13:39:59,51,51,13.34,11,251,
2-3,13:39:59,54,54,13.39,11,251,
2-3,13:40:0,50,50,13.34,11,251,
2-3,13:40:0,53,53,13.38,11,251,
2-3,13:40:1,49,49,13.34,11,251,
2-3,13:40:1,52,52,13.35,11,251,
2-3,13:40:2,54,54,13.43,11,251,
2-3,13:40:2,52,52,13.38,11,251,
2-3,13:40:3,50,50,13.35,11,251,
2-3,13:40:3,52,52,13.38,11,251,
2-3,13:40:4,51,51,13.38,11,251,
2-3,13:40:4,51,51,13.38,11,251,
2-3,13:40:5,51,51,13.38,11,251,
2-3,13:40:5,48,48,13.34,11,251,
2-3,13:40:6,53,53,13.42,11,251,
2-3,13:40:6,51,51,13.38,11,251,
2-3,13:40:7,52,52,13.39,11,251,
2-3,13:40:7,50,50,13.37,11,251,
2-3,13:40:8,49,49,13.35,11,251,
2-3,13:40:8,50,50,13.37,11,251,
2-3,13:40:9,49,49,13.37,11,251,
2-3,13:40:9,51,51,13.38,11,251,
2-3,13:40:10,51,51,13.42,11,251,
2-3,13:40:10,50,50,13.37,11,251,
2-3,13:40:11,47,47,13.32,11,251,
2-3,13:40:11,50,50,13.4,11,251,
2-3,13:40:12,50,50,13.37,11,251,
2-3,13:40:12,46,46,13.31,11,251,
2-3,13:40:13,48,48,13.34,11,251,
2-3,13:40:13,48,48,13.35,11,251,
2-3,13:40:14,52,52,13.39,11,251,
2-3,13:40:14,53,53,13.43,11,251,
2-3,13:40:15,49,49,13.38,11,251,
2-3,13:40:15,51,51,13.39,11,251,
2-3,13:40:16,48,48,13.32,11,251,
2-3,13:40:16,51,51,13.37,11,251,
2-3,13:40:17,49,49,13.36,11,251,
2-3,13:40:17,51,51,13.37,11,251,
2-3,13:40:18,51,51,13.38,11,251,
2-3,13:40:18,49,49,13.35,11,251,
2-3,13:40:19,50,50,13.37,11,251,
2-3,13:40:19,50,50,13.37,11,251,
2-3,13:40:20,54,54,13.4,11,251,
2-3,13:40:20,47,47,13.31,11,251,
2-3,13:40:21,47,47,13.3,11,251,
2-3,13:40:21,51,51,13.36,11,251,
2-3,13:40:22,53,53,13.37,11,251,
2-3,13:40:22,53,53,13.39,11,251,
2-3,13:40:23,50,50,13.35,11,251,
2-3,13:40:23,49,49,13.31,11,251,
2-3,13:40:24,49,49,13.31,11,251,
2-3,13:40:24,53,53,13.37,11,251,
2-3,13:40:25,53,53,13.37,11,251,
2-3,13:40:25,51,51,13.35,11,251,
2-3,13:40:26,51,51,13.35,11,251,
2-3,13:40:26,48,48,13.32,11,251,
2-3,13:40:27,53,53,13.39,11,251,
2-3,13:40:27,51,51,13.38,11,251,
2-3,13:40:28,50,50,13.37,11,251,
2-3,13:40:28,51,51,13.36,11,251,
2-3,13:40:29,50,50,13.36,11,251,
2-3,13:40:29,47,47,13.29,11,251,
2-3,13:40:30,50,50,13.35,11,251,
2-3,13:40:30,51,51,13.37,11,251,
2-3,13:40:31,54,54,13.38,11,251,
2-3,13:40:31,49,49,13.34,11,251,
2-3,13:40:32,51,51,13.34,11,251,
2-3,13:40:32,48,48,13.28,11,251,
2-3,13:40:33,52,52,13.38,11,251,
2-3,13:40:33,54,54,13.4,11,251,
2-3,13:40:34,50,50,13.34,11,251,
2-3,13:40:34,50,50,13.33,11,251,
2-3,13:40:35,51,51,13.34,11,251,
2-3,13:40:35,52,52,13.36,11,251,
2-3,13:40:36,52,52,13.35,11,251,
2-3,13:40:36,50,50,13.3,11,251,
2-3,13:40:37,53,53,13.36,11,251,
2-3,13:40:37,54,54,13.39,11,251,
2-3,13:40:38,51,51,13.33,11,251,
2-3,13:40:38,53,53,13.38,11,251,
2-3,13:40:39,52,52,13.35,11,251,
2-3,13:40:39,56,56,13.39,11,251,
2-3,13:40:40,55,55,13.36,11,251,
2-3,13:40:40,54,54,13.36,11,251,
2-3,13:40:41,55,55,13.35,11,251,
2-3,13:40:41,55,55,13.36,11,251,
2-3,13:40:42,55,55,13.35,11,251,
2-3,13:40:42,55,55,13.33,11,251,
2-3,13:40:43,57,57,13.41,11,251,
2-3,13:40:43,57,57,13.38,11,251,
2-3,13:40:44,58,58,13.38,11,251,
2-3,13:40:44,56,56,13.34,11,251,
2-3,13:40:45,57,57,13.34,11,251,
2-3,13:40:45,56,56,13.34,11,251,
2-3,13:40:46,57,57,13.34,11,251,
2-3,13:40:46,58,58,13.36,11,251,
2-3,13:40:47,52,52,13.28,11,251,
2-3,13:40:47,58,58,13.37,11,251,
2-3,13:40:48,56,56,13.35,11,251,
2-3,13:40:48,56,56,13.35,11,251,
2-3,13:40:49,55,55,13.35,11,251,
2-3,13:40:49,56,56,13.34,11,251,
2-3,13:40:50,59,59,13.43,11,251,
2-3,13:40:50,55,55,13.35,11,251,
2-3,13:40:51,55,55,13.35,11,251,
2-3,13:40:51,53,53,13.34,11,251,
2-3,13:40:52,53,53,13.34,11,251,
2-3,13:40:52,54,54,13.36,11,251,
2-3,13:40:53,52,52,13.32,11,251,
2-3,13:40:53,51,51,13.32,11,251,
2-3,13:40:54,51,51,13.31,11,251,
2-3,13:40:54,48,48,13.33,11,251,
2-3,13:40:55,61,61,13.61,11,251,
2-3,13:40:55,49,49,13.31,11,251,
2-3,13:40:56,48,48,13.33,11,251,
2-3,13:40:56,51,51,13.34,11,251,
2-3,13:40:57,50,50,13.34,11,251,
2-3,13:40:57,48,48,13.32,11,251,
2-3,13:40:58,49,49,13.33,11,251,
2-3,13:40:58,51,51,13.33,11,251,
2-3,13:40:59,47,47,13.29,11,251,
2-3,13:40:59,52,52,13.34,11,251,
2-3,13:41:0,52,52,13.34,11,251,
2-3,13:41:0,50,50,13.32,11,251,
2-3,13:41:1,53,53,13.33,11,251,
2-3,13:41:1,52,52,13.35,11,251,
2-3,13:41:2,50,50,13.31,11,251,
2-3,13:41:2,52,52,13.34,11,251,
2-3,13:41:3,51,51,13.35,11,251,
2-3,13:41:3,50,50,13.33,11,251,
2-3,13:41:4,47,47,13.26,11,251,
2-3,13:41:4,47,47,13.27,11,251,
2-3,13:41:5,42,42,13.17,11,251,
2-3,13:41:5,50,50,13.33,11,251,
2-3,13:41:6,49,49,13.31,11,251,
2-3,13:41:6,52,52,13.35,11,251,
2-3,13:41:7,51,51,13.3,11,251,
2-3,13:41:7,51,51,13.33,11,251,
2-3,13:41:8,51,51,13.34,11,251,
2-3,13:41:8,50,50,13.32,11,251,
2-3,13:41:9,45,45,13.26,11,251,
2-3,13:41:9,49,49,13.32,11,251,
2-3,13:41:10,47,47,13.28,11,251,
2-3,13:41:10,49,49,13.32,11,251,
2-3,13:41:11,46,46,13.26,11,251,
2-3,13:41:11,47,47,13.28,11,251,
2-3,13:41:12,48,48,13.33,11,251,
2-3,13:41:12,45,45,13.27,11,251,
2-3,13:41:13,47,47,13.27,11,251,
2-3,13:41:13,43,43,13.16,11,251,
2-3,13:41:14,49,49,13.32,11,251,
2-3,13:41:14,47,47,13.31,11,251,
2-3,13:41:15,46,46,13.32,11,251,
2-3,13:41:15,46,46,13.27,11,251,
2-3,13:41:16,48,48,13.34,11,251,
2-3,13:41:16,59,59,13.58,11,251,
2-3,13:41:17,49,49,13.34,11,251,
2-3,13:41:17,51,51,13.37,11,251,
2-3,13:41:18,47,47,13.31,11,251,
2-3,13:41:18,45,45,13.27,11,251,
2-3,13:41:19,52,52,13.42,11,251,
2-3,13:41:19,46,46,13.29,11,251,
2-3,13:41:20,47,47,13.3,11,251,
2-3,13:41:20,45,45,13.3,11,251,
2-3,13:41:21,46,46,13.27,11,251,
2-3,13:41:21,46,46,13.28,11,251,
2-3,13:41:22,45,45,13.28,11,251,
2-3,13:41:22,47,47,13.26,11,251,
2-3,13:41:23,46,46,13.24,11,251,
2-3,13:41:23,49,49,13.32,11,251,
2-3,13:41:24,48,48,13.29,11,251,
2-3,13:41:24,50,50,13.32,11,251,
2-3,13:41:25,48,48,13.28,11,251,
2-3,13:41:25,51,51,13.33,11,251,
2-3,13:41:26,50,50,13.34,11,251,
2-3,13:41:26,50,50,13.34,11,251,
2-3,13:41:27,49,49,13.3,11,251,
2-3,13:41:27,51,51,13.36,11,251,
2-3,13:41:28,49,49,13.33,11,251,
2-3,13:41:28,47,47,13.29,11,251,
2-3,13:41:29,53,53,13.42,11,251,
2-3,13:41:29,56,56,13.41,11,251,
2-3,13:41:30,48,48,13.31,11,251,
2-3,13:41:30,49,49,13.33,11,251,
2-3,13:41:31,46,46,13.26,11,251,
2-3,13:41:31,48,48,13.32,11,251,
2-3,13:41:32,48,48,13.32,11,251,
2-3,13:41:32,47,47,13.3,11,251,
2-3,13:41:33,48,48,13.34,11,251,
2-3,13:41:33,47,47,13.32,11,251,
2-3,13:41:34,46,46,13.29,11,251,
2-3,13:41:34,41,41,13.25,11,251,
2-3,13:41:35,49,49,13.33,11,251,
2-3,13:41:35,48,48,13.31,11,251,
2-3,13:41:36,45,45,13.3,11,251,
2-3,13:41:36,45,45,13.33,11,251,
2-3,13:41:37,45,45,13.32,11,251,
2-3,13:41:37,43,43,13.29,11,251,
2-3,13:41:38,44,44,13.32,11,251,
2-3,13:41:38,47,47,13.34,11,251,
2-3,13:41:39,42,42,13.31,11,251,
2-3,13:41:39,42,42,13.29,11,251,
2-3,13:41:40,40,40,13.29,11,251,
2-3,13:41:40,39,39,13.29,11,251,
2-3,13:41:41,39,39,13.27,11,251,
2-3,13:41:41,41,41,13.32,11,251,
2-3,13:41:42,41,41,13.33,11,251,
2-3,13:41:42,40,40,13.3,11,251,
2-3,13:41:43,38,38,13.3,11,251,
2-3,13:41:43,42,42,13.34,11,251,
2-3,13:41:44,43,43,13.34,11,251,
2-3,13:41:44,38,38,13.29,11,251,
2-3,13:41:45,39,39,13.27,11,251,
2-3,13:41:45,43,43,13.35,11,251,
2-3,13:41:46,38,38,13.28,11,251,
2-3,13:41:46,39,39,13.27,11,251,
2-3,13:41:47,39,39,13.29,11,251,
2-3,13:41:47,39,39,13.28,11,251,
2-3,13:41:48,42,42,13.31,11,251,
2-3,13:41:48,39,39,13.27,11,251,
2-3,13:41:49,39,39,13.27,11,251,
2-3,13:41:49,42,42,13.33,11,251,
2-3,13:41:50,40,40,13.28,11,251,
2-3,13:41:50,42,42,13.3,11,251,
2-3,13:41:51,39,39,13.27,11,251,
2-3,13:41:51,43,43,13.32,11,251,
2-3,13:41:52,47,47,13.36,11,251,
2-3,13:41:52,42,42,13.3,11,251,
2-3,13:41:53,43,43,13.29,11,251,
2-3,13:41:53,44,44,13.31,11,251,
2-3,13:41:54,41,41,13.28,11,251,
2-3,13:41:54,42,42,13.25,11,251,
2-3,13:41:55,45,45,13.32,11,251,
2-3,13:41:55,45,45,13.3,11,251,
2-3,13:41:56,47,47,13.33,11,251,
2-3,13:41:56,50,50,13.36,11,251,
2-3,13:41:57,50,50,13.35,11,251,
2-3,13:41:57,49,49,13.33,11,251,
2-3,13:41:58,49,49,13.36,11,251,
2-3,13:41:58,46,46,13.3,11,251,
2-3,13:41:59,47,47,13.31,11,251,
2-3,13:41:59,48,48,13.32,11,251,
2-3,13:42:0,47,47,13.29,11,251,
2-3,13:42:0,49,49,13.34,11,251,
2-3,13:42:1,49,49,13.31,11,251,
2-3,13:42:1,47,47,13.29,11,251,
2-3,13:42:2,47,47,13.32,11,251,
2-3,13:42:2,51,51,13.36,11,251,
2-3,13:42:3,47,47,13.28,11,251,
2-3,13:42:3,50,50,13.35,11,251,
2-3,13:42:4,49,49,13.33,11,251,
2-3,13:42:4,48,48,13.31,11,251,
2-3,13:42:5,53,53,13.35,11,251,
2-3,13:42:5,51,51,13.36,11,251,
2-3,13:42:6,46,46,13.29,11,251,
2-3,13:42:6,48,48,13.29,11,251,
2-3,13:42:7,50,50,13.34,11,251,
2-3,13:42:7,47,47,13.3,11,251,
2-3,13:42:8,48,48,13.3,11,251,
2-3,13:42:8,48,48,13.34,11,251,
2-3,13:42:9,50,50,13.34,11,251,
2-3,13:42:9,48,48,13.3,11,251,
2-3,13:42:10,47,47,13.3,11,251,
2-3,13:42:10,49,49,13.31,11,251,
2-3,13:42:11,48,48,13.26,11,251,
2-3,13:42:11,50,50,13.32,11,251,
2-3,13:42:12,51,51,13.33,11,251,
2-3,13:42:12,50,50,13.3,11,251,
2-3,13:42:13,47,47,13.25,11,251,
2-3,13:42:13,49,49,13.3,11,251,
2-3,13:42:14,49,49,13.33,11,251,
2-3,13:42:14,47,47,13.27,11,251,
2-3,13:42:15,51,51,13.34,11,251,
2-3,13:42:15,48,48,13.32,11,251,
2-3,13:42:16,51,51,13.34,11,251,
2-3,13:42:16,48,48,13.29,11,251,
2-3,13:42:17,51,51,13.33,11,251,
2-3,13:42:17,49,49,13.28,11,251,
2-3,13:42:18,48,48,13.3,11,251,
2-3,13:42:18,51,51,13.33,11,251,
2-3,13:42:19,48,48,13.3,11,251,
2-3,13:42:19,50,50,13.31,11,251,
2-3,13:42:20,49,49,13.29,11,251,
2-3,13:42:20,52,52,13.36,11,251,
2-3,13:42:21,50,50,13.33,11,251,
2-3,13:42:21,50,50,13.32,11,251,
2-3,13:42:22,48,48,13.29,11,251,
2-3,13:42:22,50,50,13.29,11,251,
2-3,13:42:23,50,50,13.32,11,251,
2-3,13:42:23,53,53,13.34,11,251,
2-3,13:42:24,50,50,13.3,11,251,
2-3,13:42:24,55,55,13.38,11,251,
2-3,13:42:25,51,51,13.32,11,251,
2-3,13:42:25,49,49,13.3,11,251,
2-3,13:42:26,51,51,13.34,11,251,
2-3,13:42:26,49,49,13.27,11,251,
2-3,13:42:27,48,48,13.25,11,251,
2-3,13:42:27,49,49,13.28,11,251,
2-3,13:42:28,50,50,13.28,11,251,
2-3,13:42:28,51,51,13.32,11,251,
2-3,13:42:29,49,49,13.3,11,251,
2-3,13:42:29,55,55,13.36,11,251,
2-3,13:42:30,51,51,13.29,11,251,
2-3,13:42:30,53,53,13.33,11,251,
2-3,13:42:31,54,54,13.35,11,251,
2-3,13:42:31,52,52,13.32,11,251,
2-3,13:42:32,51,51,13.29,11,251,
2-3,13:42:32,54,54,13.36,11,251,
2-3,13:42:33,52,52,13.34,11,251,
2-3,13:42:33,52,52,13.32,11,251,
2-3,13:42:34,49,49,13.27,11,251,
2-3,13:42:34,50,50,13.27,11,251,
2-3,13:42:35,52,52,13.29,11,251,
2-3,13:42:35,53,53,13.34,11,251,
2-3,13:42:36,54,54,13.35,11,251,
2-3,13:42:36,53,53,13.32,11,251,
2-3,13:42:37,51,51,13.31,11,251,
2-3,13:42:37,54,54,13.33,11,251,
2-3,13:42:38,54,54,13.31,11,251,
2-3,13:42:38,55,55,13.35,11,251,
2-3,13:42:39,55,55,13.33,11,251,
2-3,13:42:39,55,55,13.31,11,251,
2-3,13:42:40,53,53,13.13,11,251,
2-3,13:42:40,56,56,13.28,11,251,
2-3,13:42:41,59,59,13.32,11,251,
2-3,13:42:41,58,58,13.31,11,251,
2-3,13:42:42,56,56,13.29,11,251,
2-3,13:42:42,59,59,13.34,11,251,
2-3,13:42:43,58,58,13.29,11,251,
2-3,13:42:43,58,58,13.32,11,251,
2-3,13:42:44,56,56,13.27,11,251,
2-3,13:42:44,58,58,13.31,11,251,
2-3,13:42:45,58,58,13.33,11,251,
2-3,13:42:45,55,55,13.26,11,251,
2-3,13:42:46,57,57,13.32,11,251,
2-3,13:42:46,55,55,13.26,11,251,
2-3,13:42:47,53,53,13.26,11,251,
2-3,13:42:47,56,56,13.3,11,251,
2-3,13:42:48,54,54,13.27,11,251,
2-3,13:42:48,52,52,13.29,11,251,
2-3,13:42:49,43,43,13.15,11,251,
2-3,13:42:49,54,54,13.3,11,251,
2-3,13:42:50,50,50,13.26,11,251,
2-3,13:42:50,56,56,13.32,11,251,
2-3,13:42:51,51,51,13.28,11,251,
2-3,13:42:51,51,51,13.33,11,251,
2-3,13:42:52,50,50,13.26,11,251,
2-3,13:42:52,50,50,13.27,11,251,
2-3,13:42:53,49,49,13.28,11,251,
2-3,13:42:53,44,44,13.22,11,251,
2-3,13:42:54,49,49,13.27,11,251,
2-3,13:42:54,46,46,13.25,11,251,
2-3,13:42:55,48,48,13.26,11,251,
2-3,13:42:55,47,47,13.25,11,251,
2-3,13:42:56,45,45,13.24,11,251,
2-3,13:42:56,47,47,13.22,11,251,
2-3,13:42:57,51,51,13.32,11,251,
2-3,13:42:57,50,50,13.32,11,251,
2-3,13:42:58,49,49,13.26,11,251,
2-3,13:42:58,44,44,13.22,11,251,
2-3,13:42:59,50,50,13.29,11,251,
2-3,13:42:59,47,47,13.21,11,251,
2-3,13:43:0,43,43,13.18,11,251,
2-3,13:43:0,42,42,13.25,11,251,
2-3,13:43:1,51,51,13.29,11,251,
2-3,13:43:1,60,60,13.67,11,251,
2-3,13:43:2,48,48,13.26,11,251,
2-3,13:43:2,49,49,13.26,11,251,
2-3,13:43:3,48,48,13.27,11,251,
2-3,13:43:3,51,51,13.28,11,251,
2-3,13:43:4,48,48,13.26,11,251,
2-3,13:43:4,46,46,13.26,11,251,
2-3,13:43:5,47,47,13.26,11,251,
2-3,13:43:5,47,47,13.28,11,251,
2-3,13:43:6,50,50,13.31,11,251,
2-3,13:43:6,48,48,13.27,11,251,
2-3,13:43:7,48,48,13.3,11,251,
2-3,13:43:7,44,44,13.24,11,251,
2-3,13:43:8,47,47,13.26,11,251,
2-3,13:43:8,41,41,13.2,11,251,
2-3,13:43:9,52,52,13.36,11,251,
2-3,13:43:9,44,44,13.21,11,251,
2-3,13:43:10,39,39,13.19,11,251,
2-3,13:43:10,44,44,13.23,11,251,
2-3,13:43:11,46,46,13.24,11,251,
2-3,13:43:11,49,49,13.29,11,251,
2-3,13:43:12,47,47,13.26,11,251,
2-3,13:43:12,47,47,13.25,11,251,
2-3,13:43:13,46,46,13.26,11,251,
2-3,13:43:13,49,49,13.26,11,251,
2-3,13:43:14,48,48,13.26,11,251,
2-3,13:43:14,48,48,13.28,11,251,
2-3,13:43:15,49,49,13.26,11,251,
2-3,13:43:15,50,50,13.32,11,251,
2-3,13:43:16,47,47,13.27,11,251,
2-3,13:43:16,49,49,13.29,11,251,
2-3,13:43:17,48,48,13.31,11,251,
2-3,13:43:17,48,48,13.26,11,251,
2-3,13:43:18,46,46,13.25,11,251,
2-3,13:43:18,52,52,13.32,11,251,
2-3,13:43:19,52,52,13.34,11,251,
2-3,13:43:19,44,44,13.22,11,251,
2-3,13:43:20,46,46,13.27,11,251,
2-3,13:43:20,47,47,13.26,11,251,
2-3,13:43:21,44,44,13.24,11,251,
2-3,13:43:21,43,43,13.23,11,251,
2-3,13:43:22,48,48,13.3,11,251,
2-3,13:43:22,45,45,13.25,11,251,
2-3,13:43:23,45,45,13.26,11,251,
2-3,13:43:23,47,47,13.26,11,251,
2-3,13:43:24,47,47,13.27,11,251,
2-3,13:43:24,45,45,13.25,11,251,
2-3,13:43:25,47,47,13.26,11,251,
2-3,13:43:25,44,44,13.22,11,251,
2-3,13:43:26,44,44,13.25,11,251,
2-3,13:43:26,43,43,13.24,11,251,
2-3,13:43:27,47,47,13.28,11,251,
2-3,13:43:27,40,40,13.18,11,251,
2-3,13:43:28,45,45,13.26,11,251,
2-3,13:43:28,47,47,13.25,11,251,
2-3,13:43:29,48,48,13.28,11,251,
2-3,13:43:29,48,48,13.26,11,251,
2-3,13:43:30,49,49,13.32,11,251,
2-3,13:43:30,48,48,13.28,11,251,
2-3,13:43:31,54,54,13.37,11,251,
2-3,13:43:31,50,50,13.29,11,251,
2-3,13:43:32,40,40,13.16,11,251,
2-3,13:43:32,45,45,13.24,11,251,
2-3,13:43:33,49,49,13.27,11,251,
2-3,13:43:33,46,46,13.25,11,251,
2-3,13:43:34,46,46,13.24,11,251,
2-3,13:43:34,37,37,13.15,11,251,
2-3,13:43:35,49,49,13.28,11,251,
2-3,13:43:35,54,54,13.39,11,251,
2-3,13:43:36,48,48,13.26,11,251,
2-3,13:43:36,44,44,13.2,11,251,
2-3,13:43:37,42,42,13.18,11,251,
2-3,13:43:37,39,39,13.16,11,251,
2-3,13:43:38,46,46,13.26,11,251,
2-3,13:43:38,48,48,13.26,11,251,
2-3,13:43:39,48,48,13.27,11,251,
2-3,13:43:39,50,50,13.27,11,251,
2-3,13:43:40,59,59,13.5,11,251,
2-3,13:43:40,46,46,13.23,11,251,
2-3,13:43:41,48,48,13.26,11,251,
2-3,13:43:41,47,47,13.25,11,251,
2-3,13:43:42,46,46,13.23,11,251,
2-3,13:43:42,49,49,13.23,11,251,
2-3,13:43:43,49,49,13.25,11,251,
2-3,13:43:43,51,51,13.28,11,251,
2-3,13:43:44,47,47,13.22,11,251,
2-3,13:43:44,53,53,13.34,11,251,
2-3,13:43:45,47,47,13.23,11,251,
2-3,13:43:45,50,50,13.33,11,251,
2-3,13:43:46,39,39,13.17,11,251,
2-3,13:43:46,45,45,13.24,11,251,
2-3,13:43:47,46,46,13.26,11,251,
2-3,13:43:47,41,41,13.22,11,251,
2-3,13:43:48,46,46,13.27,11,251,
2-3,13:43:48,47,47,13.33,11,251,
2-3,13:43:49,42,42,13.21,11,251,
2-3,13:43:49,45,45,13.24,11,251,
2-3,13:43:50,44,44,13.26,11,251,
2-3,13:43:50,42,42,13.21,11,251,
2-3,13:43:51,43,43,13.23,11,251,
2-3,13:43:51,46,46,13.29,11,251,
2-3,13:43:52,44,44,13.24,11,251,
2-3,13:43:52,43,43,13.23,11,251,
2-3,13:43:53,44,44,13.24,11,251,
2-3,13:43:53,44,44,13.24,11,251,
2-3,13:43:54,50,50,13.35,11,251,
2-3,13:43:54,42,42,13.24,11,251,
2-3,13:43:55,47,47,13.27,11,251,
2-3,13:43:55,44,44,13.25,11,251,
2-3,13:43:56,44,44,13.26,11,251,
2-3,13:43:56,44,44,13.24,11,251,
2-3,13:43:57,31,31,13.09,11,251,
2-3,13:43:57,43,43,13.25,11,251,
2-3,13:43:58,40,40,13.21,11,251,
2-3,13:43:58,40,40,13.23,11,251,
2-3,13:43:59,39,39,13.21,11,251,
2-3,13:43:59,40,40,13.23,11,251,
2-3,13:44:0,40,40,13.23,11,251,
2-3,13:44:0,40,40,13.23,11,251,
2-3,13:44:1,42,42,13.25,11,251,
2-3,13:44:1,44,44,13.26,11,251,
2-3,13:44:2,42,42,13.25,11,251,
2-3,13:44:2,43,43,13.28,11,251,
2-3,13:44:3,42,42,13.25,11,251,
2-3,13:44:3,43,43,13.29,11,251,
2-3,13:44:4,40,40,13.24,11,251,
2-3,13:44:4,39,39,13.26,11,251,
2-3,13:44:5,39,39,13.26,11,251,
2-3,13:44:5,41,41,13.27,11,251,
2-3,13:44:6,35,35,13.23,11,251,
2-3,13:44:6,37,37,13.24,11,251,
2-3,13:44:7,32,32,13.21,11,251,
2-3,13:44:7,35,35,13.27,11,251,
2-3,13:44:8,32,32,13.26,11,251,
2-3,13:44:8,32,32,13.23,11,251,
2-3,13:44:9,36,36,13.29,11,251,
2-3,13:44:9,30,30,13.26,11,251,
2-3,13:44:10,32,32,13.27,11,251,
2-3,13:44:10,26,26,13.1,11,251,
2-3,13:44:11,34,34,13.25,11,251,
2-3,13:44:11,28,28,13.19,11,251,
2-3,13:44:12,31,31,13.26,11,251,
2-3,13:44:12,29,29,13.24,11,251,
2-3,13:44:13,32,32,13.24,11,251,
2-3,13:44:13,31,31,13.25,11,251,
2-3,13:44:14,29,29,13.27,11,251,
2-3,13:44:14,27,27,13.25,11,251,
2-3,13:44:15,31,31,13.28,11,251,
2-3,13:44:15,28,28,13.25,11,251,
2-3,13:44:16,32,32,13.27,11,251,
2-3,13:44:16,31,31,13.27,11,251,
2-3,13:44:17,34,34,13.3,11,251,
2-3,13:44:17,33,33,13.27,11,251,
2-3,13:44:18,33,33,13.28,11,251,
2-3,13:44:18,35,35,13.29,11,251,
2-3,13:44:19,34,34,13.27,11,251,
2-3,13:44:19,33,33,13.26,11,251,
2-3,13:44:20,37,37,13.3,11,251,
2-3,13:44:20,37,37,13.29,11,251,
2-3,13:44:21,36,36,13.29,11,251,
2-3,13:44:21,36,36,13.28,11,251,
2-3,13:44:22,39,39,13.31,11,251,
2-3,13:44:22,42,42,13.33,11,251,
2-3,13:44:23,40,40,13.31,11,251,
2-3,13:44:23,39,39,13.28,11,251,
2-3,13:44:24,43,43,13.32,11,251,
2-3,13:44:24,42,42,13.31,11,251,
2-3,13:44:25,43,43,13.32,11,251,
2-3,13:44:25,40,40,13.28,11,251,
2-3,13:44:26,44,44,13.34,11,251,
2-3,13:44:26,42,42,13.31,11,251,
2-3,13:44:27,44,44,13.32,11,251,
2-3,13:44:27,43,43,13.31,11,251,
2-3,13:44:28,41,41,13.27,11,251,
2-3,13:44:28,45,45,13.34,11,251,
2-3,13:44:29,44,44,13.32,11,251,
2-3,13:44:29,45,45,13.35,11,251,
2-3,13:44:30,44,44,13.33,11,251,
2-3,13:44:30,45,45,13.34,11,251,
2-3,13:44:31,43,43,13.31,11,251,
2-3,13:44:31,44,44,13.33,11,251,
2-3,13:44:32,44,44,13.31,11,251,
2-3,13:44:32,43,43,13.31,11,251,
2-3,13:44:33,43,43,13.31,11,251,
2-3,13:44:33,44,44,13.33,11,251,
2-3,13:44:34,47,47,13.36,11,251,
2-3,13:44:34,44,44,13.32,11,251,
2-3,13:44:35,44,44,13.33,11,251,
2-3,13:44:35,48,48,13.37,11,251,
2-3,13:44:36,44,44,13.31,11,251,
2-3,13:44:36,44,44,13.3,11,251,
2-3,13:44:37,44,44,13.32,11,251,
2-3,13:44:37,45,45,13.32,11,251,
2-3,13:44:38,47,47,13.35,11,251,
2-3,13:44:38,46,46,13.34,11,251,
2-3,13:44:39,47,47,13.36,11,251,
2-3,13:44:39,47,47,13.35,11,251,
2-3,13:44:40,46,46,13.33,11,251,
2-3,13:44:40,48,48,13.37,11,251,
2-3,13:44:41,45,45,13.3,11,251,
2-3,13:44:41,47,47,13.34,11,251,
2-3,13:44:42,47,47,13.32,11,251,
2-3,13:44:42,47,47,13.35,11,251,
2-3,13:44:43,47,47,13.34,11,251,
2-3,13:44:43,48,48,13.35,11,251,
2-3,13:44:44,45,45,13.29,11,251,
2-3,13:44:44,48,48,13.35,11,251,
2-3,13:44:45,49,49,13.36,11,251,
2-3,13:44:45,48,48,13.34,11,251,
2-3,13:44:46,50,50,13.37,11,251,
2-3,13:44:46,48,48,13.35,11,251,
2-3,13:44:47,49,49,13.36,11,251,
2-3,13:44:47,49,49,13.35,11,251,
2-3,13:44:48,49,49,13.35,11,251,
2-3,13:44:48,47,47,13.32,11,251,
2-3,13:44:49,50,50,13.35,11,251,
2-3,13:44:49,48,48,13.32,11,251,
2-3,13:44:50,48,48,13.32,11,251,
2-3,13:44:50,49,49,13.33,11,251,
2-3,13:44:51,52,52,13.38,11,251,
2-3,13:44:51,50,50,13.34,11,251,
2-3,13:44:52,50,50,13.35,11,251,
2-3,13:44:52,48,48,13.33,11,251,
2-3,13:44:53,50,50,13.36,11,251,
2-3,13:44:53,50,50,13.36,11,251,
2-3,13:44:54,47,47,13.3,11,251,
2-3,13:44:54,50,50,13.34,11,251,
2-3,13:44:55,51,51,13.37,11,251,
2-3,13:44:55,51,51,13.36,11,251,
2-3,13:44:56,48,48,13.3,11,251,
2-3,13:44:56,49,49,13.33,11,251,
2-3,13:44:57,50,50,13.34,11,251,
2-3,13:44:57,52,52,13.38,11,251,
2-3,13:44:58,49,49,13.33,11,251,
2-3,13:44:58,49,49,13.33,11,251,
2-3,13:44:59,52,52,13.38,11,251,
2-3,13:44:59,52,52,13.36,11,251,
2-3,13:45:0,50,50,13.33,11,251,
2-3,13:45:0,52,52,13.37,11,251,
2-3,13:45:1,50,50,13.33,11,251,
2-3,13:45:1,53,53,13.39,11,251,
2-3,13:45:2,53,53,13.38,11,251,
2-3,13:45:2,50,50,13.32,11,251,
2-3,13:45:3,51,51,13.34,11,251,
2-3,13:45:3,53,53,13.36,11,251,
2-3,13:45:4,48,48,13.27,11,251,
2-3,13:45:4,55,55,13.41,11,251,
2-3,13:45:5,51,51,13.33,11,251,
2-3,13:45:5,51,51,13.34,11,251,
2-3,13:45:6,53,53,13.36,11,251,
2-3,13:45:6,53,53,13.36,11,251,
2-3,13:45:7,55,55,13.39,11,251,
2-3,13:45:7,54,54,13.37,11,251,
2-3,13:45:8,52,52,13.34,11,251,
2-3,13:45:8,53,53,13.34,11,251,
2-3,13:45:9,52,52,13.34,11,251,
2-3,13:45:9,53,53,13.35,11,251,
2-3,13:45:10,54,54,13.36,11,251,
2-3,13:45:10,53,53,13.35,11,251,
2-3,13:45:11,53,53,13.35,11,251,
2-3,13:45:11,54,54,13.37,11,251,
2-3,13:45:12,52,52,13.33,11,251,
2-3,13:45:12,54,54,13.36,11,251,
2-3,13:45:13,53,53,13.36,11,251,
2-3,13:45:13,53,53,13.36,11,251,
2-3,13:45:14,53,53,13.36,11,251,
2-3,13:45:14,55,55,13.37,11,251,
2-3,13:45:15,53,53,13.34,11,251,
2-3,13:45:15,56,56,13.39,11,251,
2-3,13:45:16,54,54,13.36,11,251,
2-3,13:45:16,54,54,13.37,11,251,
2-3,13:45:17,54,54,13.36,11,251,
2-3,13:45:17,53,53,13.35,11,251,
2-3,13:45:18,54,54,13.36,11,251,
2-3,13:45:18,55,55,13.37,11,251,
2-3,13:45:19,54,54,13.36,11,251,
2-3,13:45:19,56,56,13.38,11,251,
2-3,13:45:20,54,54,13.35,11,251,
2-3,13:45:20,54,54,13.35,11,251,
2-3,13:45:21,55,55,13.36,11,251,
2-3,13:45:21,54,54,13.36,11,251,
2-3,13:45:22,54,54,13.35,11,251,
2-3,13:45:22,55,55,13.36,11,251,
2-3,13:45:23,55,55,13.36,11,251,
2-3,13:45:23,55,55,13.36,11,251,
2-3,13:45:24,56,56,13.37,11,251,
2-3,13:45:24,55,55,13.36,11,251,
2-3,13:45:25,55,55,13.36,11,251,
2-3,13:45:25,56,56,13.37,11,251,
2-3,13:45:26,57,57,13.39,11,251,
2-3,13:45:26,56,56,13.38,11,251,
2-3,13:45:27,56,56,13.38,11,251,
2-3,13:45:27,54,54,13.33,11,251,
2-3,13:45:28,56,56,13.38,11,251,
2-3,13:45:28,56,56,13.38,11,251,
2-3,13:45:29,54,54,13.33,11,251,
2-3,13:45:29,57,57,13.39,11,251,
2-3,13:45:30,55,55,13.34,11,251,
2-3,13:45:30,56,56,13.36,11,251,
2-3,13:45:31,56,56,13.35,11,251,
2-3,13:45:31,57,57,13.37,11,251,
2-3,13:45:32,57,57,13.38,11,251,
2-3,13:45:32,54,54,13.33,11,251,
2-3,13:45:33,55,55,13.33,11,251,
2-3,13:45:33,54,54,13.32,11,251,
2-3,13:45:34,55,55,13.34,11,251,
2-3,13:45:34,55,55,13.35,11,251,
2-3,13:45:35,57,57,13.36,11,251,
2-3,13:45:35,56,56,13.35,11,251,
2-3,13:45:36,56,56,13.34,11,251,
2-3,13:45:36,56,56,13.34,11,251,
2-3,13:45:37,57,57,13.38,11,251,
2-3,13:45:37,58,58,13.4,11,251,
2-3,13:45:38,56,56,13.35,11,251,
2-3,13:45:38,58,58,13.4,11,251,
2-3,13:45:39,55,55,13.33,11,251,
2-3,13:45:39,53,53,13.3,11,251,
2-3,13:45:40,57,57,13.37,11,251,
2-3,13:45:40,56,56,13.36,11,251,
2-3,13:45:41,55,55,13.34,11,251,
2-3,13:45:41,57,57,13.37,11,251,
2-3,13:45:42,54,54,13.31,11,251,
2-3,13:45:42,58,58,13.38,11,251,
2-3,13:45:43,54,54,13.31,11,251,
2-3,13:45:43,56,56,13.36,11,251,
2-3,13:45:44,56,56,13.34,11,251,
2-3,13:45:44,58,58,13.39,11,251,
2-3,13:45:45,57,57,13.37,11,251,
2-3,13:45:45,56,56,13.36,11,251,
2-3,13:45:46,53,53,13.3,11,251,
2-3,13:45:46,57,57,13.39,11,251,
2-3,13:45:47,55,55,13.33,11,251,
2-3,13:45:47,56,56,13.36,11,251,
2-3,13:45:48,54,54,13.34,11,251,
2-3,13:45:48,57,57,13.38,11,251,
2-3,13:45:49,55,55,13.36,11,251,
2-3,13:45:49,56,56,13.37,11,251,
2-3,13:45:50,57,57,13.39,11,251,
2-3,13:45:50,55,55,13.33,11,251,
2-3,13:45:51,57,57,13.37,11,251,
2-3,13:45:51,58,58,13.39,11,251,
2-3,13:45:52,57,57,13.38,11,251,
2-3,13:45:52,56,56,13.34,11,251,
2-3,13:45:53,57,57,13.37,11,251,
2-3,13:45:53,59,59,13.42,11,251,
2-3,13:45:54,56,56,13.34,11,251,
2-3,13:45:54,55,55,13.32,11,251,
2-3,13:45:55,56,56,13.34,11,251,
2-3,13:45:55,56,56,13.35,11,251,
2-3,13:45:56,57,57,13.36,11,251,
2-3,13:45:56,57,57,13.38,11,251,
2-3,13:45:57,56,56,13.35,11,251,
2-3,13:45:57,56,56,13.34,11,251,
2-3,13:45:58,56,56,13.35,11,251,
2-3,13:45:58,56,56,13.33,11,251,
2-3,13:45:59,58,58,13.38,11,251,
2-3,13:45:59,57,57,13.37,11,251,
2-3,13:46:0,60,60,13.43,11,251,
2-3,13:46:0,57,57,13.35,11,251,
2-3,13:46:1,57,57,13.35,11,251,
2-3,13:46:1,57,57,13.34,11,251,
2-3,13:46:2,56,56,13.34,11,251,
2-3,13:46:2,58,58,13.36,11,251,
2-3,13:46:3,59,59,13.39,11,251,
2-3,13:46:3,59,59,13.37,11,251,
2-3,13:46:4,58,58,13.35,11,251,
2-3,13:46:4,58,58,13.34,11,251,
2-3,13:46:5,60,60,13.36,11,251,
2-3,13:46:5,59,59,13.35,11,251,
2-3,13:46:6,58,58,13.35,11,251,
2-3,13:46:6,60,60,13.36,11,251,
2-3,13:46:7,59,59,13.37,11,251,
2-3,13:46:7,61,61,13.4,11,251,
2-3,13:46:8,59,59,13.36,11,251,
2-3,13:46:8,61,61,13.38,11,251,
2-3,13:46:9,61,61,13.41,11,251,
2-3,13:46:9,59,59,13.35,11,251,
2-3,13:46:10,59,59,13.35,11,251,
2-3,13:46:10,59,59,13.36,11,251,
2-3,13:46:11,59,59,13.34,11,251,
2-3,13:46:11,61,61,13.4,11,251,
2-3,13:46:12,59,59,13.33,11,251,
2-3,13:46:12,61,61,13.38,11,251,
2-3,13:46:13,60,60,13.36,11,251,
2-3,13:46:13,60,60,13.36,11,251,
2-3,13:46:14,60,60,13.36,11,251,
2-3,13:46:14,61,61,13.39,11,251,
2-3,13:46:15,61,61,13.37,11,251,
2-3,13:46:15,62,62,13.39,11,251,
2-3,13:46:16,60,60,13.33,11,251,
2-3,13:46:16,62,62,13.4,11,251,
2-3,13:46:17,62,62,13.39,11,251,
2-3,13:46:17,60,60,13.34,11,251,
2-3,13:46:18,60,60,13.35,11,251,
2-3,13:46:18,60,60,13.35,11,251,
2-3,13:46:19,61,61,13.38,11,251,
2-3,13:46:19,60,60,13.36,11,251,
2-3,13:46:20,60,60,13.33,11,251,
2-3,13:46:20,61,61,13.38,11,251,
2-3,13:46:21,60,60,13.36,11,251,
2-3,13:46:21,63,63,13.42,11,251,
2-3,13:46:22,62,62,13.4,11,251,
2-3,13:46:22,61,61,13.35,11,251,
2-3,13:46:23,60,60,13.35,11,251,
2-3,13:46:23,59,59,13.33,11,251,
2-3,13:46:24,61,61,13.39,11,251,
2-3,13:46:24,59,59,13.33,11,251,
2-3,13:46:25,59,59,13.35,11,251,
2-3,13:46:25,59,59,13.33,11,251,
2-3,13:46:26,60,60,13.36,11,251,
2-3,13:46:26,60,60,13.36,11,251,
2-3,13:46:27,61,61,13.37,11,251,
2-3,13:46:27,60,60,13.36,11,251,
2-3,13:46:28,61,61,13.38,11,251,
2-3,13:46:28,58,58,13.31,11,251,
2-3,13:46:29,58,58,13.33,11,251,
2-3,13:46:29,58,58,13.33,11,251,
2-3,13:46:30,60,60,13.37,11,251,
2-3,13:46:30,60,60,13.37,11,251,
2-3,13:46:31,61,61,13.38,11,251,
2-3,13:46:31,59,59,13.34,11,251,
2-3,13:46:32,60,60,13.37,11,251,
2-3,13:46:32,61,61,13.37,11,251,
2-3,13:46:33,58,58,13.33,11,251,
2-3,13:46:33,60,60,13.36,11,251,
2-3,13:46:34,59,59,13.34,11,251,
2-3,13:46:34,59,59,13.36,11,251,
2-3,13:46:35,62,62,13.39,11,251,
2-3,13:46:35,61,61,13.38,11,251,
2-3,13:46:36,60,60,13.37,11,251,
2-3,13:46:36,61,61,13.38,11,251,
2-3,13:46:37,61,61,13.39,11,251,
2-3,13:46:37,61,61,13.39,11,251,
2-3,13:46:38,60,60,13.36,11,251,
2-3,13:46:38,60,60,13.38,11,251,
2-3,13:46:39,59,59,13.36,11,251,
2-3,13:46:39,60,60,13.38,11,251,
2-3,13:46:40,59,59,13.35,11,251,
2-3,13:46:40,62,62,13.42,11,251,
2-3,13:46:41,59,59,13.33,11,251,
2-3,13:46:41,60,60,13.36,11,251,
2-3,13:46:42,61,61,13.4,11,251,
2-3,13:46:42,60,60,13.36,11,251,
2-3,13:46:43,60,60,13.36,11,251,
2-3,13:46:43,61,61,13.37,11,251,
2-3,13:46:44,58,58,13.3,11,251,
2-3,13:46:44,60,60,13.35,11,251,
2-3,13:46:45,59,59,13.31,11,251,
2-3,13:46:45,59,59,13.33,11,251,
2-3,13:46:46,63,63,13.43,11,251,
2-3,13:46:46,60,60,13.36,11,251,
2-3,13:46:47,60,60,13.37,11,251,
2-3,13:46:47,60,60,13.36,11,251,
2-3,13:46:48,61,61,13.38,11,251,
2-3,13:46:48,60,60,13.36,11,251,
2-3,13:46:49,62,62,13.39,11,251,
2-3,13:46:49,60,60,13.37,11,251,
2-3,13:46:50,62,62,13.39,11,251,
2-3,13:46:50,62,62,13.39,11,251,
2-3,13:46:51,61,61,13.37,11,251,
2-3,13:46:51,62,62,13.39,11,251,
2-3,13:46:52,62,62,13.4,11,251,
2-3,13:46:52,60,60,13.35,11,251,
2-3,13:46:53,61,61,13.37,11,251,
2-3,13:46:53,62,62,13.4,11,251,
2-3,13:46:54,61,61,13.36,11,251,
2-3,13:46:54,62,62,13.39,11,251,
2-3,13:46:55,63,63,13.41,11,251,
2-3,13:46:55,62,62,13.39,11,251,
2-3,13:46:56,61,61,13.37,11,251,
2-3,13:46:56,61,61,13.38,11,251,
2-3,13:46:57,62,62,13.39,11,251,
2-3,13:46:57,63,63,13.39,11,251,
2-3,13:46:58,60,60,13.34,11,251,
2-3,13:46:58,59,59,13.3,11,251,
2-3,13:46:59,61,61,13.36,11,251,
2-3,13:46:59,61,61,13.35,11,251,
2-3,13:47:0,60,60,13.35,11,251,
2-3,13:47:0,62,62,13.37,11,251,
2-3,13:47:1,64,64,13.42,11,251,
2-3,13:47:1,60,60,13.36,11,251,
2-3,13:47:2,61,61,13.37,11,251,
2-3,13:47:2,61,61,13.34,11,251,
2-3,13:47:3,62,62,13.36,11,251,
2-3,13:47:3,61,61,13.35,11,251,
2-3,13:47:4,61,61,13.35,11,251,
2-3,13:47:4,64,64,13.42,11,251,
2-3,13:47:5,60,60,13.31,11,251,
2-3,13:47:5,62,62,13.38,11,251,
2-3,13:47:6,61,61,13.35,11,251,
2-3,13:47:6,62,62,13.37,11,251,
2-3,13:47:7,62,62,13.36,11,251,
2-3,13:47:7,62,62,13.37,11,251,
2-3,13:47:8,62,62,13.36,11,251,
2-3,13:47:8,62,62,13.35,11,251,
2-3,13:47:9,61,61,13.34,11,251,
2-3,13:47:9,62,62,13.35,11,251,
2-3,13:47:10,64,64,13.42,11,251,
2-3,13:47:10,63,63,13.4,11,251,
2-3,13:47:11,62,62,13.36,11,251,
2-3,13:47:11,64,64,13.42,11,251,
2-3,13:47:12,64,64,13.4,11,251,
2-3,13:47:12,60,60,13.31,11,251,
2-3,13:47:13,62,62,13.34,11,251,
2-3,13:47:13,63,63,13.38,11,251,
2-3,13:47:14,62,62,13.36,11,251,
2-3,13:47:14,62,62,13.35,11,251,
2-3,13:47:15,62,62,13.36,11,251,
2-3,13:47:15,61,61,13.33,11,251,
2-3,13:47:16,63,63,13.4,11,251,
2-3,13:47:16,65,65,13.45,11,251,
2-3,13:47:17,63,63,13.38,11,251,
2-3,13:47:17,65,65,13.47,11,251,
2-3,13:47:18,63,63,13.38,11,251,
2-3,13:47:18,63,63,13.37,11,251,
2-3,13:47:19,63,63,13.38,11,251,
2-3,13:47:19,64,64,13.41,11,251,
2-3,13:47:20,62,62,13.37,11,251,
2-3,13:47:20,63,63,13.38,11,251,
2-3,13:47:21,62,62,13.37,11,251,
2-3,13:47:21,64,64,13.42,11,251,
2-3,13:47:22,62,62,13.35,11,251,
2-3,13:47:22,62,62,13.36,11,251,
2-3,13:47:23,62,62,13.36,11,251,
2-3,13:47:23,61,61,13.35,11,251,
2-3,13:47:24,63,63,13.4,11,251,
2-3,13:47:24,63,63,13.4,11,251,
2-3,13:47:25,62,62,13.37,11,251,
2-3,13:47:25,62,62,13.36,11,251,
2-3,13:47:26,61,61,13.34,11,251,
2-3,13:47:26,62,62,13.37,11,251,
2-3,13:47:27,62,62,13.34,11,251,
2-3,13:47:27,64,64,13.42,11,251,
2-3,13:47:28,61,61,13.35,11,251,
2-3,13:47:28,62,62,13.37,11,251,
2-3,13:47:29,61,61,13.34,11,251,
2-3,13:47:29,60,60,13.31,11,251,
2-3,13:47:30,60,60,13.32,11,251,
2-3,13:47:30,62,62,13.38,11,251,
2-3,13:47:31,63,63,13.38,11,251,
2-3,13:47:31,61,61,13.34,11,251,
2-3,13:47:32,61,61,13.37,11,251,
2-3,13:47:32,64,64,13.44,11,251,
2-3,13:47:33,62,62,13.37,11,251,
2-3,13:47:33,61,61,13.35,11,251,
2-3,13:47:34,64,64,13.38,11,251,
2-3,13:47:34,62,62,13.37,11,251,
2-3,13:47:35,62,62,13.37,11,251,
2-3,13:47:35,62,62,13.35,11,251,
2-3,13:47:36,61,61,13.34,11,251,
2-3,13:47:36,62,62,13.37,11,251,
2-3,13:47:37,63,63,13.4,11,251,
2-3,13:47:37,64,64,13.42,11,251,
2-3,13:47:38,63,63,13.39,11,251,
2-3,13:47:38,62,62,13.38,11,251,
2-3,13:47:39,65,65,13.45,11,251,
2-3,13:47:39,63,63,13.39,11,251,
2-3,13:47:40,63,63,13.37,11,251,
2-3,13:47:40,62,62,13.37,11,251,
2-3,13:47:41,63,63,13.4,11,251,
2-3,13:47:41,63,63,13.38,11,251,
2-3,13:47:42,63,63,13.38,11,251,
2-3,13:47:42,63,63,13.37,11,251,
2-3,13:47:43,63,63,13.38,11,251,
2-3,13:47:43,63,63,13.41,11,251,
2-3,13:47:44,65,65,13.47,11,251,
2-3,13:47:44,62,62,13.34,11,251,
2-3,13:47:45,61,61,13.34,11,251,
2-3,13:47:45,64,64,13.43,11,251,
2-3,13:47:46,62,62,13.34,11,251,
2-3,13:47:46,63,63,13.38,11,251,
2-3,13:47:47,62,62,13.36,11,251,
2-3,13:47:47,63,63,13.39,11,251,
2-3,13:47:48,63,63,13.39,11,251,
2-3,13:47:48,63,63,13.38,11,251,
2-3,13:47:49,63,63,13.36,11,251,
2-3,13:47:49,62,62,13.34,11,251,
2-3,13:47:50,63,63,13.36,11,251,
2-3,13:47:50,62,62,13.34,11,251,
2-3,13:47:51,63,63,13.35,11,251,
2-3,13:47:51,62,62,13.29,11,251,
2-3,13:47:52,66,66,13.4,11,251,
2-3,13:47:52,63,63,13.33,11,251,
2-3,13:47:53,63,63,13.35,11,251,
2-3,13:47:53,63,63,13.36,11,251,
2-3,13:47:54,62,62,13.31,11,251,
2-3,13:47:54,64,64,13.36,11,251,
2-3,13:47:55,63,63,13.34,11,251,
2-3,13:47:55,62,62,13.33,11,251,
2-3,13:47:56,64,64,13.37,11,251,
2-3,13:47:56,64,64,13.36,11,251,
2-3,13:47:57,64,64,13.37,11,251,
2-3,13:47:57,64,64,13.38,11,251,
2-3,13:47:58,63,63,13.35,11,251,
2-3,13:47:58,69,69,13.35,11,251,
2-3,13:47:59,69,69,13.39,11,251,
2-3,13:47:59,64,64,13.38,11,251,
2-3,13:48:0,63,63,13.34,11,251,
2-3,13:48:0,63,63,13.35,11,251,
2-3,13:48:1,63,63,13.38,11,251,
2-3,13:48:1,63,63,13.35,11,251,
2-3,13:48:2,62,62,13.34,11,251,
2-3,13:48:2,64,64,13.38,11,251,
2-3,13:48:3,63,63,13.36,11,251,
2-3,13:48:3,64,64,13.38,11,251,
2-3,13:48:4,62,62,13.35,11,251,
2-3,13:48:4,61,61,13.33,11,251,
2-3,13:48:5,64,64,13.39,11,251,
2-3,13:48:5,62,62,13.36,11,251,
2-3,13:48:6,62,62,13.31,11,251,
2-3,13:48:6,62,62,13.33,11,251,
2-3,13:48:7,61,61,13.32,11,251,
2-3,13:48:7,63,63,13.36,11,251,
2-3,13:48:8,62,62,13.35,11,251,
2-3,13:48:8,63,63,13.33,11,251,
2-3,13:48:9,68,68,13.36,11,251,
2-3,13:48:9,63,63,13.36,11,251,
2-3,13:48:10,63,63,13.35,11,251,
2-3,13:48:10,69,69,13.36,11,251,
2-3,13:48:11,63,63,13.37,11,251,
2-3,13:48:11,61,61,13.3,11,251,
2-3,13:48:12,63,63,13.35,11,251,
2-3,13:48:12,62,62,13.34,11,251,
2-3,13:48:13,62,62,13.31,11,251,
2-3,13:48:13,68,68,13.37,11,251,
2-3,13:48:14,63,63,13.35,11,251,
2-3,13:48:14,63,63,13.35,11,251,
2-3,13:48:15,62,62,13.31,11,251,
2-3,13:48:15,63,63,13.35,11,251,
2-3,13:48:16,63,63,13.35,11,251,
2-3,13:48:16,69,69,13.4,11,251,
2-3,13:48:17,64,64,13.36,11,251,
2-3,13:48:17,63,63,13.35,11,251,
2-3,13:48:18,69,69,13.37,11,251,
2-3,13:48:18,69,69,13.38,11,251,
2-3,13:48:19,62,62,13.32,11,251,
2-3,13:48:19,64,64,13.38,11,251,
2-3,13:48:20,69,69,13.37,11,251,
2-3,13:48:20,62,62,13.31,11,251,
2-3,13:48:21,62,62,13.34,11,251,
2-3,13:48:21,62,62,13.33,11,251,
2-3,13:48:22,63,63,13.37,11,251,
2-3,13:48:22,69,69,13.4,11,251,
2-3,13:48:23,64,64,13.37,11,251,
2-3,13:48:23,69,69,13.35,11,251,
2-3,13:48:24,64,64,13.38,11,251,
2-3,13:48:24,62,62,13.33,11,251,
2-3,13:48:25,62,62,13.3,11,251,
2-3,13:48:25,62,62,13.33,11,251,
2-3,13:48:26,63,63,13.37,11,251,
2-3,13:48:26,63,63,13.36,11,251,
2-3,13:48:27,69,69,13.38,11,251,
2-3,13:48:27,63,63,13.33,11,251,
2-3,13:48:28,69,69,13.36,11,251,
2-3,13:48:28,62,62,13.3,11,251,
2-3,13:48:29,63,63,13.34,11,251,
2-3,13:48:29,63,63,13.35,11,251,
2-3,13:48:30,63,63,13.35,11,251,
2-3,13:48:30,64,64,13.36,11,251,
2-3,13:48:31,64,64,13.37,11,251,
2-3,13:48:31,69,69,13.35,11,251,
2-3,13:48:32,61,61,13.3,11,251,
2-3,13:48:32,69,69,13.43,11,251,
2-3,13:48:33,64,64,13.38,11,251,
2-3,13:48:33,64,64,13.36,11,251,
2-3,13:48:34,63,63,13.35,11,251,
2-3,13:48:34,69,69,13.43,11,251,
2-3,13:48:35,64,64,13.39,11,251,
2-3,13:48:35,62,62,13.31,11,251,
2-3,13:48:36,64,64,13.39,11,251,
2-3,13:48:36,69,69,13.4,11,251,
2-3,13:48:37,63,63,13.33,11,251,
2-3,13:48:37,62,62,13.3,11,251,
2-3,13:48:38,64,64,13.38,11,251,
2-3,13:48:38,62,62,13.3,11,251,
2-3,13:48:39,64,64,13.37,11,251,
2-3,13:48:39,64,64,13.37,11,251,
2-3,13:48:40,64,64,13.37,11,251,
2-3,13:48:40,64,64,13.35,11,251,
2-3,13:48:41,65,65,13.38,11,251,
2-3,13:48:41,63,63,13.35,11,251,
2-3,13:48:42,65,65,13.38,11,251,
2-3,13:48:42,64,64,13.38,11,251,
2-3,13:48:43,63,63,13.34,11,251,
2-3,13:48:43,69,69,13.34,11,251,
2-3,13:48:44,64,64,13.36,11,251,
2-3,13:48:44,62,62,13.33,11,251,
2-3,13:48:45,64,64,13.37,11,251,
2-3,13:48:45,63,63,13.34,11,251,
2-3,13:48:46,64,64,13.36,11,251,
2-3,13:48:46,63,63,13.36,11,251,
2-3,13:48:47,62,62,13.33,11,251,
2-3,13:48:47,69,69,13.41,11,251,
2-3,13:48:48,62,62,13.31,11,251,
2-3,13:48:48,63,63,13.36,11,251,
2-3,13:48:49,63,63,13.32,11,251,
2-3,13:48:49,64,64,13.37,11,251,
2-3,13:48:50,63,63,13.34,11,251,
2-3,13:48:50,63,63,13.35,11,251,
2-3,13:48:51,62,62,13.28,11,251,
2-3,13:48:51,63,63,13.33,11,251,
2-3,13:48:52,63,63,13.33,11,251,
2-3,13:48:52,63,63,13.33,11,251,
2-3,13:48:53,62,62,13.3,11,251,
2-3,13:48:53,64,64,13.37,11,251,
2-3,13:48:54,69,69,13.42,11,251,
2-3,13:48:54,69,69,13.43,11,251,
2-3,13:48:55,70,70,13.49,11,251,
2-3,13:48:55,64,64,13.37,11,251,
2-3,13:48:56,65,65,13.38,11,251,
2-3,13:48:56,64,64,13.34,11,251,
2-3,13:48:57,64,64,13.37,11,251,
2-3,13:48:57,64,64,13.37,11,251,
2-3,13:48:58,64,64,13.36,11,251,
2-3,13:48:58,64,64,13.36,11,251,
2-3,13:48:59,64,64,13.36,11,251,
2-3,13:48:59,63,63,13.32,11,251,
2-3,13:49:0,69,69,13.35,11,251,
2-3,13:49:0,69,69,13.4,11,251,
2-3,13:49:1,69,69,13.47,11,251,
2-3,13:49:1,70,70,13.44,11,251,
2-3,13:49:2,64,64,13.34,11,251,
2-3,13:49:2,64,64,13.38,11,251,
2-3,13:49:3,64,64,13.35,11,251,
2-3,13:49:3,69,69,13.41,11,251,
2-3,13:49:4,69,69,13.42,11,251,
2-3,13:49:4,65,65,13.38,11,251,
2-3,13:49:5,65,65,13.38,11,251,
2-3,13:49:5,63,63,13.36,11,251,
2-3,13:49:6,64,64,13.34,11,251,
2-3,13:49:6,64,64,13.38,11,251,
2-3,13:49:7,65,65,13.37,11,251,
2-3,13:49:7,65,65,13.4,11,251,
2-3,13:49:8,66,66,13.38,11,251,
2-3,13:49:8,65,65,13.41,11,251,
2-3,13:49:9,65,65,13.38,11,251,
2-3,13:49:9,64,64,13.37,11,251,
2-3,13:49:10,62,62,13.29,11,251,
2-3,13:49:10,69,69,13.39,11,251,
2-3,13:49:11,65,65,13.36,11,251,
2-3,13:49:11,64,64,13.37,11,251,
2-3,13:49:12,65,65,13.37,11,251,
2-3,13:49:12,61,61,13.26,11,251,
2-3,13:49:13,64,64,13.38,11,251,
2-3,13:49:13,69,69,13.4,11,251,
2-3,13:49:14,69,69,13.43,11,251,
2-3,13:49:14,65,65,13.39,11,251,
2-3,13:49:15,64,64,13.37,11,251,
2-3,13:49:15,69,69,13.45,11,251,
2-3,13:49:16,64,64,13.37,11,251,
2-3,13:49:16,66,66,13.4,11,251,
2-3,13:49:17,64,64,13.36,11,251,
2-3,13:49:17,65,65,13.4,11,251,
2-3,13:49:18,64,64,13.35,11,251,
2-3,13:49:18,69,69,13.4,11,251,
2-3,13:49:19,63,63,13.31,11,251,
2-3,13:49:19,64,64,13.34,11,251,
2-3,13:49:20,64,64,13.38,11,251,
2-3,13:49:20,65,65,13.4,11,251,
2-3,13:49:21,66,66,13.39,11,251,
2-3,13:49:21,65,65,13.39,11,251,
2-3,13:49:22,64,64,13.35,11,251,
2-3,13:49:22,64,64,13.37,11,251,
2-3,13:49:23,64,64,13.34,11,251,
2-3,13:49:23,64,64,13.36,11,251,
2-3,13:49:24,64,64,13.34,11,251,
2-3,13:49:24,66,66,13.42,11,251,
2-3,13:49:25,65,65,13.4,11,251,
2-3,13:49:25,66,66,13.39,11,251,
2-3,13:49:26,65,65,13.37,11,251,
2-3,13:49:26,65,65,13.41,11,251,
2-3,13:49:27,65,65,13.36,11,251,
2-3,13:49:27,65,65,13.39,11,251,
2-3,13:49:28,64,64,13.37,11,251,
2-3,13:49:28,66,66,13.42,11,251,
2-3,13:49:29,64,64,13.35,11,251,
2-3,13:49:29,63,63,13.33,11,251,
2-3,13:49:30,69,69,13.49,11,251,
2-3,13:49:30,66,66,13.39,11,251,
2-3,13:49:31,69,69,13.39,11,251,
2-3,13:49:31,65,65,13.36,11,251,
2-3,13:49:32,64,64,13.37,11,251,
2-3,13:49:32,65,65,13.38,11,251,
2-3,13:49:33,63,63,13.36,11,251,
2-3,13:49:33,64,64,13.36,11,251,
2-3,13:49:34,64,64,13.33,11,251,
2-3,13:49:34,64,64,13.36,11,251,
2-3,13:49:35,69,69,13.42,11,251,
2-3,13:49:35,64,64,13.36,11,251,
2-3,13:49:36,69,69,13.44,11,251,
2-3,13:49:36,64,64,13.37,11,251,
2-3,13:49:37,63,63,13.33,11,251,
2-3,13:49:37,65,65,13.4,11,251,
2-3,13:49:38,65,65,13.39,11,251,
2-3,13:49:38,65,65,13.38,11,251,
2-3,13:49:39,65,65,13.39,11,251,
2-3,13:49:39,64,64,13.34,11,251,
2-3,13:49:40,64,64,13.34,11,251,
2-3,13:49:40,64,64,13.36,11,251,
2-3,13:49:41,69,69,13.41,11,251,
2-3,13:49:41,65,65,13.39,11,251,
2-3,13:49:42,65,65,13.39,11,251,
2-3,13:49:42,63,63,13.31,11,251,
2-3,13:49:43,65,65,13.38,11,251,
2-3,13:49:43,65,65,13.39,11,251,
2-3,13:49:44,66,66,13.42,11,251,
2-3,13:49:44,64,64,13.35,11,251,
2-3,13:49:45,65,65,13.34,11,251,
2-3,13:49:45,68,68,13.44,11,251,
2-3,13:49:46,69,69,13.41,11,251,
2-3,13:49:46,63,63,13.33,11,251,
2-3,13:49:47,65,65,13.37,11,251,
2-3,13:49:47,64,64,13.33,11,251,
2-3,13:49:48,70,70,13.43,11,251,
2-3,13:49:48,67,67,13.42,11,251,
2-3,13:49:49,65,65,13.37,11,251,
2-3,13:49:49,66,66,13.41,11,251,
2-3,13:49:50,66,66,13.41,11,251,
2-3,13:49:50,64,64,13.32,11,251,
2-3,13:49:51,66,66,13.39,11,251,
2-3,13:49:51,64,64,13.3,11,251,
2-3,13:49:52,64,64,13.34,11,251,
2-3,13:49:52,70,70,13.45,11,251,
2-3,13:49:53,65,65,13.36,11,251,
2-3,13:49:53,64,64,13.31,11,251,
2-3,13:49:54,64,64,13.33,11,251,
2-3,13:49:54,65,65,13.39,11,251,
2-3,13:49:55,70,70,13.5,11,251,
2-3,13:49:55,66,66,13.41,11,251,
2-3,13:49:56,65,65,13.34,11,251,
2-3,13:49:56,65,65,13.34,11,251,
2-3,13:49:57,64,64,13.33,11,251,
2-3,13:49:57,65,65,13.37,11,251,
2-3,13:49:58,68,68,13.45,11,251,
2-3,13:49:58,64,64,13.35,11,251,
2-3,13:49:59,65,65,13.37,11,251,
2-3,13:49:59,64,64,13.31,11,251,
2-3,13:50:0,66,66,13.41,11,251,
2-3,13:50:0,66,66,13.38,11,251,
2-3,13:50:1,65,65,13.35,11,251,
2-3,13:50:1,66,66,13.39,11,251,
2-3,13:50:2,65,65,13.35,11,251,
2-3,13:50:2,64,64,13.36,11,251,
2-3,13:50:3,65,65,13.37,11,251,
2-3,13:50:3,65,65,13.35,11,251,
2-3,13:50:4,64,64,13.32,11,251,
2-3,13:50:4,66,66,13.4,11,251,
2-3,13:50:5,65,65,13.35,11,251,
2-3,13:50:5,65,65,13.39,11,251,
2-3,13:50:6,65,65,13.36,11,251,
2-3,13:50:6,65,65,13.38,11,251,
2-3,13:50:7,65,65,13.35,11,251,
2-3,13:50:7,64,64,13.34,11,251,
2-3,13:50:8,67,67,13.42,11,251,
2-3,13:50:8,65,65,13.37,11,251,
2-3,13:50:9,63,63,13.3,11,251,
2-3,13:50:9,65,65,13.36,11,251,
2-3,13:50:10,65,65,13.36,11,251,
2-3,13:50:10,67,67,13.41,11,251,
2-3,13:50:11,65,65,13.36,11,251,
2-3,13:50:11,65,65,13.37,11,251,
2-3,13:50:12,65,65,13.33,11,251,
2-3,13:50:12,65,65,13.36,11,251,
2-3,13:50:13,65,65,13.35,11,251,
2-3,13:50:13,66,66,13.37,11,251,
2-3,13:50:14,65,65,13.35,11,251,
2-3,13:50:14,66,66,13.36,11,251,
2-3,13:50:15,65,65,13.35,11,251,
2-3,13:50:15,66,66,13.37,11,251,
2-3,13:50:16,66,66,13.36,11,251,
2-3,13:50:16,65,65,13.33,11,251,
2-3,13:50:17,67,67,13.41,11,251,
2-3,13:50:17,67,67,13.42,11,251,
2-3,13:50:18,66,66,13.37,11,251,
2-3,13:50:18,65,65,13.36,11,251,
2-3,13:50:19,67,67,13.42,11,251,
2-3,13:50:19,64,64,13.33,11,251,
2-3,13:50:20,65,65,13.36,11,251,
2-3,13:50:20,65,65,13.39,11,251,
2-3,13:50:21,64,64,13.31,11,251,
2-3,13:50:21,64,64,13.32,11,251,
2-3,13:50:22,66,66,13.37,11,251,
2-3,13:50:22,64,64,13.35,11,251,
2-3,13:50:23,64,64,13.3,11,251,
2-3,13:50:23,65,65,13.36,11,251,
2-3,13:50:24,66,66,13.39,11,251,
2-3,13:50:24,65,65,13.34,11,251,
2-3,13:50:25,65,65,13.33,11,251,
2-3,13:50:25,66,66,13.39,11,251,
2-3,13:50:26,65,65,13.36,11,251,
2-3,13:50:26,64,64,13.31,11,251,
2-3,13:50:27,66,66,13.39,11,251,
2-3,13:50:27,66,66,13.38,11,251,
2-3,13:50:28,66,66,13.36,11,251,
2-3,13:50:28,66,66,13.38,11,251,
2-3,13:50:29,66,66,13.37,11,251,
2-3,13:50:29,65,65,13.34,11,251,
2-3,13:50:30,66,66,13.41,11,251,
2-3,13:50:30,70,70,13.46,11,251,
2-3,13:50:31,67,67,13.42,11,251,
2-3,13:50:31,65,65,13.33,11,251,
2-3,13:50:32,67,67,13.41,11,251,
2-3,13:50:32,66,66,13.38,11,251,
2-3,13:50:33,66,66,13.39,11,251,
2-3,13:50:33,66,66,13.36,11,251,
2-3,13:50:34,65,65,13.32,11,251,
2-3,13:50:34,67,67,13.37,11,251,
2-3,13:50:35,66,66,13.35,11,251,
2-3,13:50:35,65,65,13.34,11,251,
2-3,13:50:36,65,65,13.34,11,251,
2-3,13:50:36,67,67,13.38,11,251,
2-3,13:50:37,65,65,13.33,11,251,
2-3,13:50:37,65,65,13.31,11,251,
2-3,13:50:38,67,67,13.38,11,251,
2-3,13:50:38,66,66,13.36,11,251,
2-3,13:50:39,67,67,13.37,11,251,
2-3,13:50:39,68,68,13.43,11,251,
2-3,13:50:40,67,67,13.39,11,251,
2-3,13:50:40,67,67,13.37,11,251,
2-3,13:50:41,67,67,13.38,11,251,
2-3,13:50:41,66,66,13.36,11,251,
2-3,13:50:42,67,67,13.37,11,251,
2-3,13:50:42,68,68,13.41,11,251,
2-3,13:50:43,66,66,13.32,11,251,
2-3,13:50:43,67,67,13.38,11,251,
2-3,13:50:44,66,66,13.34,11,251,
2-3,13:50:44,66,66,13.33,11,251,
2-3,13:50:45,67,67,13.39,11,251,
2-3,13:50:45,66,66,13.36,11,251,
2-3,13:50:46,67,67,13.36,11,251,
2-3,13:50:46,68,68,13.41,11,251,
2-3,13:50:47,68,68,13.41,11,251,
2-3,13:50:47,67,67,13.36,11,251,
2-3,13:50:48,68,68,13.38,11,251,
2-3,13:50:48,66,66,13.33,11,251,
2-3,13:50:49,67,67,13.31,11,251,
2-3,13:50:49,69,69,13.45,11,251,
2-3,13:50:50,67,67,13.35,11,251,
2-3,13:50:50,67,67,13.36,11,251,
2-3,13:50:51,68,68,13.41,11,251,
2-3,13:50:51,66,66,13.35,11,251,
2-3,13:50:52,67,67,13.35,11,251,
2-3,13:50:52,68,68,13.41,11,251,
2-3,13:50:53,69,69,13.43,11,251,
2-3,13:50:53,67,67,13.36,11,251,
2-3,13:50:54,67,67,13.38,11,251,
2-3,13:50:54,68,68,13.39,11,251,
2-3,13:50:55,66,66,13.36,11,251,
2-3,13:50:55,66,66,13.35,11,251,
2-3,13:50:56,70,70,13.48,11,251,
2-3,13:50:56,69,69,13.45,11,251,
2-3,13:50:57,69,69,13.41,11,251,
2-3,13:50:57,68,68,13.42,11,251,
2-3,13:50:58,67,67,13.34,11,251,
2-3,13:50:58,69,69,13.44,11,251,
2-3,13:50:59,68,68,13.41,11,251,
2-3,13:50:59,66,66,13.38,11,251,
2-3,13:51:0,67,67,13.4,11,251,
2-3,13:51:0,67,67,13.39,11,251,
2-3,13:51:1,66,66,13.34,11,251,
2-3,13:51:1,68,68,13.43,11,251,
2-3,13:51:2,67,67,13.39,11,251,
2-3,13:51:2,66,66,13.33,11,251,
2-3,13:51:3,68,68,13.41,11,251,
2-3,13:51:3,67,67,13.4,11,251,
2-3,13:51:4,67,67,13.39,11,251,
2-3,13:51:4,66,66,13.33,11,251,
2-3,13:51:5,64,64,13.27,11,251,
2-3,13:51:5,66,66,13.35,11,251,
2-3,13:51:6,67,67,13.4,11,251,
2-3,13:51:6,67,67,13.36,11,251,
2-3,13:51:7,67,67,13.38,11,251,
2-3,13:51:7,66,66,13.32,11,251,
2-3,13:51:8,66,66,13.38,11,251,
2-3,13:51:8,65,65,13.31,11,251,
2-3,13:51:9,66,66,13.36,11,251,
2-3,13:51:9,66,66,13.35,11,251,
2-3,13:51:10,66,66,13.37,11,251,
2-3,13:51:10,68,68,13.43,11,251,
2-3,13:51:11,67,67,13.41,11,251,
2-3,13:51:11,67,67,13.4,11,251,
2-3,13:51:12,67,67,13.37,11,251,
2-3,13:51:12,64,64,13.31,11,251,
2-3,13:51:13,65,65,13.34,11,251,
2-3,13:51:13,66,66,13.38,11,251,
2-3,13:51:14,67,67,13.37,11,251,
2-3,13:51:14,67,67,13.4,11,251,
2-3,13:51:15,67,67,13.41,11,251,
2-3,13:51:15,65,65,13.35,11,251,
2-3,13:51:16,65,65,13.36,11,251,
2-3,13:51:16,66,66,13.35,11,251,
2-3,13:51:17,66,66,13.34,11,251,
2-3,13:51:17,66,66,13.38,11,251,
2-3,13:51:18,66,66,13.36,11,251,
2-3,13:51:18,67,67,13.41,11,251,
2-3,13:51:19,64,64,13.31,11,251,
2-3,13:51:19,65,65,13.36,11,251,
2-3,13:51:20,67,67,13.4,11,251,
2-3,13:51:20,65,65,13.35,11,251,
2-3,13:51:21,66,66,13.35,11,251,
2-3,13:51:21,65,65,13.34,11,251,
2-3,13:51:22,65,65,13.37,11,251,
2-3,13:51:22,65,65,13.33,11,251,
2-3,13:51:23,66,66,13.38,11,251,
2-3,13:51:23,65,65,13.37,11,251,
2-3,13:51:24,66,66,13.37,11,251,
2-3,13:51:24,66,66,13.38,11,251,
2-3,13:51:25,66,66,13.37,11,251,
2-3,13:51:25,64,64,13.34,11,251,
2-3,13:51:26,65,65,13.37,11,251,
2-3,13:51:26,65,65,13.39,11,251,
2-3,13:51:27,65,65,13.35,11,251,
2-3,13:51:27,65,65,13.36,11,251,
2-3,13:51:28,65,65,13.37,11,251,
2-3,13:51:28,70,70,13.45,11,251,
2-3,13:51:29,65,65,13.34,11,251,
2-3,13:51:29,64,64,13.33,11,251,
2-3,13:51:30,65,65,13.39,11,251,
2-3,13:51:30,65,65,13.39,11,251,
2-3,13:51:31,66,66,13.4,11,251,
2-3,13:51:31,65,65,13.34,11,251,
2-3,13:51:32,64,64,13.34,11,251,
2-3,13:51:32,65,65,13.38,11,251,
2-3,13:51:33,64,64,13.35,11,251,
2-3,13:51:33,64,64,13.33,11,251,
2-3,13:51:34,64,64,13.32,11,251,
2-3,13:51:34,63,63,13.31,11,251,
2-3,13:51:35,66,66,13.39,11,251,
2-3,13:51:35,64,64,13.34,11,251,
2-3,13:51:36,65,65,13.41,11,251,
2-3,13:51:36,63,63,13.27,11,251,
2-3,13:51:37,69,69,13.41,11,251,
2-3,13:51:37,63,63,13.32,11,251,
2-3,13:51:38,64,64,13.33,11,251,
2-3,13:51:38,64,64,13.34,11,251,
2-3,13:51:39,63,63,13.31,11,251,
2-3,13:51:39,63,63,13.3,11,251,
2-3,13:51:40,63,63,13.35,11,251,
2-3,13:51:40,65,65,13.38,11,251,
2-3,13:51:41,70,70,13.46,11,251,
2-3,13:51:41,63,63,13.31,11,251,
2-3,13:51:42,62,62,13.29,11,251,
2-3,13:51:42,65,65,13.37,11,251,
2-3,13:51:43,64,64,13.36,11,251,
2-3,13:51:43,62,62,13.32,11,251,
2-3,13:51:44,64,64,13.35,11,251,
2-3,13:51:44,64,64,13.38,11,251,
2-3,13:51:45,65,65,13.37,11,251,
2-3,13:51:45,64,64,13.35,11,251,
2-3,13:51:46,63,63,13.28,11,251,
2-3,13:51:46,66,66,13.42,11,251,
2-3,13:51:47,64,64,13.38,11,251,
2-3,13:51:47,63,63,13.36,11,251,
2-3,13:51:48,64,64,13.37,11,251,
2-3,13:51:48,63,63,13.33,11,251,
2-3,13:51:49,64,64,13.35,11,251,
2-3,13:51:49,63,63,13.34,11,251,
2-3,13:51:50,64,64,13.33,11,251,
2-3,13:51:50,64,64,13.37,11,251,
2-3,13:51:51,63,63,13.35,11,251,
2-3,13:51:51,64,64,13.38,11,251,
2-3,13:51:52,64,64,13.37,11,251,
2-3,13:51:52,60,60,13.26,11,251,
2-3,13:51:53,69,69,13.39,11,251,
2-3,13:51:53,63,63,13.33,11,251,
2-3,13:51:54,64,64,13.37,11,251,
2-3,13:51:54,63,63,13.35,11,251,
2-3,13:51:55,62,62,13.33,11,251,
2-3,13:51:55,63,63,13.33,11,251,
2-3,13:51:56,63,63,13.34,11,251,
2-3,13:51:56,63,63,13.35,11,251,
2-3,13:51:57,64,64,13.37,11,251,
2-3,13:51:57,61,61,13.3,11,251,
2-3,13:51:58,64,64,13.38,11,251,
2-3,13:51:58,63,63,13.36,11,251,
2-3,13:51:59,62,62,13.32,11,251,
2-3,13:51:59,63,63,13.35,11,251,
2-3,13:52:0,62,62,13.33,11,251,
2-3,13:52:0,61,61,13.32,11,251,
2-3,13:52:1,62,62,13.32,11,251,
2-3,13:52:1,64,64,13.37,11,251,
2-3,13:52:2,63,63,13.36,11,251,
2-3,13:52:2,65,65,13.39,11,251,
2-3,13:52:3,63,63,13.32,11,251,
2-3,13:52:3,63,63,13.33,11,251,
2-3,13:52:4,64,64,13.38,11,251,
2-3,13:52:4,62,62,13.3,11,251,
2-3,13:52:5,63,63,13.36,11,251,
2-3,13:52:5,63,63,13.31,11,251,
2-3,13:52:6,64,64,13.35,11,251,
2-3,13:52:6,62,62,13.29,11,251,
2-3,13:52:7,64,64,13.36,11,251,
2-3,13:52:7,65,65,13.36,11,251,
2-3,13:52:8,64,64,13.36,11,251,
2-3,13:52:8,69,69,13.44,11,251,
2-3,13:52:9,63,63,13.3,11,251,
2-3,13:52:9,65,65,13.36,11,251,
2-3,13:52:10,64,64,13.34,11,251,
2-3,13:52:10,70,70,13.47,11,251,
2-3,13:52:11,65,65,13.37,11,251,
2-3,13:52:11,64,64,13.35,11,251,
2-3,13:52:12,65,65,13.36,11,251,
2-3,13:52:12,65,65,13.37,11,251,
2-3,13:52:13,64,64,13.35,11,251,
2-3,13:52:13,63,63,13.34,11,251,
2-3,13:52:14,64,64,13.32,11,251,
2-3,13:52:14,66,66,13.4,11,251,
2-3,13:52:15,66,66,13.38,11,251,
2-3,13:52:15,67,67,13.42,11,251,
2-3,13:52:16,63,63,13.31,11,251,
2-3,13:52:16,67,67,13.42,11,251,
2-3,13:52:17,64,64,13.37,11,251,
2-3,13:52:17,65,65,13.39,11,251,
2-3,13:52:18,64,64,13.35,11,251,
2-3,13:52:18,63,63,13.29,11,251,
2-3,13:52:19,66,66,13.4,11,251,
2-3,13:52:19,65,65,13.37,11,251,
2-3,13:52:20,64,64,13.33,11,251,
2-3,13:52:20,64,64,13.33,11,251,
2-3,13:52:21,63,63,13.31,11,251,
2-3,13:52:21,65,65,13.34,11,251,
2-3,13:52:22,66,66,13.38,11,251,
2-3,13:52:22,67,67,13.44,11,251,
2-3,13:52:23,66,66,13.41,11,251,
2-3,13:52:23,65,65,13.35,11,251,
2-3,13:52:24,63,63,13.3,11,251,
2-3,13:52:24,68,68,13.43,11,251,
2-3,13:52:25,65,65,13.33,11,251,
2-3,13:52:25,64,64,13.33,11,251,
2-3,13:52:26,65,65,13.35,11,251,
2-3,13:52:26,64,64,13.3,11,251,
2-3,13:52:27,64,64,13.31,11,251,
2-3,13:52:27,66,66,13.4,11,251,
2-3,13:52:28,64,64,13.35,11,251,
2-3,13:52:28,63,63,13.29,11,251,
2-3,13:52:29,64,64,13.33,11,251,
2-3,13:52:29,66,66,13.39,11,251,
2-3,13:52:30,63,63,13.3,11,251,
2-3,13:52:30,64,64,13.3,11,251,
2-3,13:52:31,65,65,13.36,11,251,
2-3,13:52:31,63,63,13.3,11,251,
2-3,13:52:32,67,67,13.42,11,251,
2-3,13:52:32,65,65,13.34,11,251,
2-3,13:52:33,66,66,13.39,11,251,
2-3,13:52:33,64,64,13.32,11,251,
2-3,13:52:34,65,65,13.34,11,251,
2-3,13:52:34,67,67,13.4,11,251,
2-3,13:52:35,66,66,13.36,11,251,
2-3,13:52:35,64,64,13.31,11,251,
2-3,13:52:36,65,65,13.36,11,251,
2-3,13:52:36,65,65,13.35,11,251,
2-3,13:52:37,64,64,13.35,11,251,
2-3,13:52:37,67,67,13.4,11,251,
2-3,13:52:38,66,66,13.37,11,251,
2-3,13:52:38,65,65,13.37,11,251,
2-3,13:52:39,64,64,13.35,11,251,
2-3,13:52:39,65,65,13.37,11,251,
2-3,13:52:40,65,65,13.37,11,251,
2-3,13:52:40,67,67,13.42,11,251,
2-3,13:52:41,65,65,13.36,11,251,
2-3,13:52:41,65,65,13.34,11,251,
2-3,13:52:42,64,64,13.35,11,251,
2-3,13:52:42,62,62,13.27,11,251,
2-3,13:52:43,65,65,13.37,11,251,
2-3,13:52:43,66,66,13.41,11,251,
2-3,13:52:44,65,65,13.34,11,251,
2-3,13:52:44,64,64,13.32,11,251,
2-3,13:52:45,65,65,13.38,11,251,
2-3,13:52:45,68,68,13.45,11,251,
2-3,13:52:46,66,66,13.4,11,251,
2-3,13:52:46,65,65,13.36,11,251,
2-3,13:52:47,64,64,13.33,11,251,
2-3,13:52:47,63,63,13.32,11,251,
2-3,13:52:48,66,66,13.4,11,251,
2-3,13:52:48,65,65,13.36,11,251,
2-3,13:52:49,64,64,13.34,11,251,
2-3,13:52:49,65,65,13.36,11,251,
2-3,13:52:50,64,64,13.35,11,251,
2-3,13:52:50,64,64,13.35,11,251,
2-3,13:52:51,64,64,13.35,11,251,
2-3,13:52:51,64,64,13.38,11,251,
2-3,13:52:52,66,66,13.4,11,251,
2-3,13:52:52,65,65,13.38,11,251,
2-3,13:52:53,65,65,13.37,11,251,
2-3,13:52:53,63,63,13.31,11,251,
2-3,13:52:54,64,64,13.35,11,251,
2-3,13:52:54,66,66,13.41,11,251,
2-3,13:52:55,64,64,13.35,11,251,
2-3,13:52:55,64,64,13.34,11,251,
2-3,13:52:56,70,70,13.42,11,251,
2-3,13:52:56,64,64,13.34,11,251,
2-3,13:52:57,66,66,13.41,11,251,
2-3,13:52:57,65,65,13.38,11,251,
2-3,13:52:58,63,63,13.31,11,251,
2-3,13:52:58,62,62,13.26,11,251,
2-3,13:52:59,63,63,13.32,11,251,
2-3,13:52:59,66,66,13.39,11,251,
2-3,13:53:0,64,64,13.32,11,251,
2-3,13:53:0,62,62,13.3,11,251,
2-3,13:53:1,64,64,13.33,11,251,
2-3,13:53:1,63,63,13.3,11,251,
2-3,13:53:2,63,63,13.32,11,251,
2-3,13:53:2,64,64,13.36,11,251,
2-3,13:53:3,69,69,13.4,11,251,
2-3,13:53:3,64,64,13.34,11,251,
2-3,13:53:4,63,63,13.33,11,251,
2-3,13:53:4,61,61,13.27,11,251,
2-3,13:53:5,64,64,13.37,11,251,
2-3,13:53:5,62,62,13.27,11,251,
2-3,13:53:6,64,64,13.34,11,251,
2-3,13:53:6,63,63,13.32,11,251,
2-3,13:53:7,64,64,13.34,11,251,
2-3,13:53:7,65,65,13.36,11,251,
2-3,13:53:8,65,65,13.36,11,251,
2-3,13:53:8,64,64,13.32,11,251,
2-3,13:53:9,63,63,13.29,11,251,
2-3,13:53:9,65,65,13.37,11,251,
2-3,13:53:10,62,62,13.27,11,251,
2-3,13:53:10,64,64,13.32,11,251,
2-3,13:53:11,62,62,13.24,11,251,
2-3,13:53:11,65,65,13.32,11,251,
2-3,13:53:12,64,64,13.29,11,251,
2-3,13:53:12,65,65,13.32,11,251,
2-3,13:53:13,66,66,13.34,11,251,
2-3,13:53:13,66,66,13.31,11,251,
2-3,13:53:14,66,66,13.36,11,251,
2-3,13:53:14,67,67,13.38,11,251,
2-3,13:53:15,67,67,13.4,11,251,
2-3,13:53:15,68,68,13.41,11,251,
2-3,13:53:16,67,67,13.34,11,251,
2-3,13:53:16,66,66,13.34,11,251,
2-3,13:53:17,66,66,13.32,11,251,
2-3,13:53:17,66,66,13.32,11,251,
2-3,13:53:18,68,68,13.4,11,251,
2-3,13:53:18,69,69,13.44,11,251,
2-3,13:53:19,69,69,13.41,11,251,
2-3,13:53:19,69,69,13.38,11,251,
2-3,13:53:20,68,68,13.35,11,251,
2-3,13:53:20,70,70,13.44,11,251,
2-3,13:53:21,69,69,13.39,11,251,
2-3,13:53:21,74,74,13.4,11,251,
2-3,13:53:22,69,69,13.38,11,251,
2-3,13:53:22,73,73,13.38,11,251,
2-3,13:53:23,70,70,13.43,11,251,
2-3,13:53:23,70,70,13.39,11,251,
2-3,13:53:24,73,73,13.43,11,251,
2-3,13:53:24,74,74,13.5,11,251,
2-3,13:53:25,69,69,13.34,11,251,
2-3,13:53:25,73,73,13.48,11,251,
2-3,13:53:26,71,71,13.47,11,251,
2-3,13:53:26,74,74,13.44,11,251,
2-3,13:53:27,74,74,13.43,11,251,
2-3,13:53:27,74,74,13.44,11,251,
2-3,13:53:28,74,74,13.49,11,251,
2-3,13:53:28,74,74,13.46,11,251,
2-3,13:53:29,74,74,13.52,11,251,
2-3,13:53:29,69,69,13.32,11,251,
2-3,13:53:30,74,74,13.53,11,251,
2-3,13:53:30,74,74,13.42,11,251,
2-3,13:53:31,69,69,13.32,11,251,
2-3,13:53:31,70,70,13.39,11,251,
2-3,13:53:32,74,74,13.53,11,251,
2-3,13:53:32,74,74,13.49,11,251,
2-3,13:53:33,71,71,13.41,11,251,
2-3,13:53:33,71,71,13.39,11,251,
2-3,13:53:34,71,71,13.4,11,251,
2-3,13:53:34,74,74,13.44,11,251,
2-3,13:53:35,71,71,13.39,11,251,
2-3,13:53:35,70,70,13.39,11,251,
2-3,13:53:36,74,74,13.48,11,251,
2-3,13:53:36,71,71,13.39,11,251,
2-3,13:53:37,69,69,13.38,11,251,
2-3,13:53:37,71,71,13.39,11,251,
2-3,13:53:38,71,71,13.4,11,251,
2-3,13:53:38,74,74,13.49,11,251,
2-3,13:53:39,74,74,13.46,11,251,
2-3,13:53:39,73,73,13.48,11,251,
2-3,13:53:40,70,70,13.39,11,251,
2-3,13:53:40,73,73,13.5,11,251,
2-3,13:53:41,73,73,13.46,11,251,
2-3,13:53:41,73,73,13.49,11,251,
2-3,13:53:42,74,74,13.45,11,251,
2-3,13:53:42,73,73,13.4,11,251,
2-3,13:53:43,72,72,13.49,11,251,
2-3,13:53:43,73,73,13.45,11,251,
2-3,13:53:44,74,74,13.49,11,251,
2-3,13:53:44,71,71,13.44,11,251,
2-3,13:53:45,71,71,13.47,11,251,
2-3,13:53:45,73,73,13.47,11,251,
2-3,13:53:46,70,70,13.45,11,251,
2-3,13:53:46,68,68,13.35,11,251,
2-3,13:53:47,73,73,13.4,11,251,
2-3,13:53:47,71,71,13.45,11,251,
2-3,13:53:48,71,71,13.49,11,251,
2-3,13:53:48,69,69,13.36,11,251,
2-3,13:53:49,69,69,13.41,11,251,
2-3,13:53:49,70,70,13.44,11,251,
2-3,13:53:50,69,69,13.4,11,251,
2-3,13:53:50,70,70,13.44,11,251,
2-3,13:53:51,69,69,13.41,11,251,
2-3,13:53:51,70,70,13.46,11,251,
2-3,13:53:52,67,67,13.34,11,251,
2-3,13:53:52,68,68,13.33,11,251,
2-3,13:53:53,69,69,13.41,11,251,
2-3,13:53:53,67,67,13.33,11,251,
2-3,13:53:54,71,71,13.53,11,251,
2-3,13:53:54,69,69,13.43,11,251,
2-3,13:53:55,69,69,13.39,11,251,
2-3,13:53:55,69,69,13.42,11,251,
2-3,13:53:56,69,69,13.43,11,251,
2-3,13:53:56,67,67,13.33,11,251,
2-3,13:53:57,68,68,13.37,11,251,
2-3,13:53:57,68,68,13.36,11,251,
2-3,13:53:58,67,67,13.36,11,251,
2-3,13:53:58,68,68,13.37,11,251,
2-3,13:53:59,67,67,13.35,11,251,
2-3,13:53:59,67,67,13.37,11,251,
2-3,13:54:0,67,67,13.35,11,251,
2-3,13:54:0,68,68,13.41,11,251,
2-3,13:54:1,69,69,13.42,11,251,
2-3,13:54:1,67,67,13.37,11,251,
2-3,13:54:2,67,67,13.34,11,251,
2-3,13:54:2,68,68,13.39,11,251,
2-3,13:54:3,68,68,13.38,11,251,
2-3,13:54:3,68,68,13.38,11,251,
2-3,13:54:4,67,67,13.37,11,251,
2-3,13:54:4,68,68,13.42,11,251,
2-3,13:54:5,68,68,13.37,11,251,
2-3,13:54:5,66,66,13.33,11,251,
2-3,13:54:6,67,67,13.37,11,251,
2-3,13:54:6,67,67,13.38,11,251,
2-3,13:54:7,67,67,13.34,11,251,
2-3,13:54:7,67,67,13.37,11,251,
2-3,13:54:8,65,65,13.31,11,251,
2-3,13:54:8,67,67,13.37,11,251,
2-3,13:54:9,67,67,13.36,11,251,
2-3,13:54:9,68,68,13.42,11,251,
2-3,13:54:10,66,66,13.34,11,251,
2-3,13:54:10,67,67,13.36,11,251,
2-3,13:54:11,67,67,13.36,11,251,
2-3,13:54:11,66,66,13.35,11,251,
2-3,13:54:12,65,65,13.35,11,251,
2-3,13:54:12,67,67,13.41,11,251,
2-3,13:54:13,67,67,13.38,11,251,
2-3,13:54:13,67,67,13.41,11,251,
2-3,13:54:14,65,65,13.33,11,251,
2-3,13:54:14,67,67,13.42,11,251,
2-3,13:54:15,64,64,13.34,11,251,
2-3,13:54:15,65,65,13.35,11,251,
2-3,13:54:16,66,66,13.39,11,251,
2-3,13:54:16,64,64,13.33,11,251,
2-3,13:54:17,66,66,13.41,11,251,
2-3,13:54:17,65,65,13.36,11,251,
2-3,13:54:18,64,64,13.32,11,251,
2-3,13:54:18,65,65,13.33,11,251,
2-3,13:54:19,65,65,13.39,11,251,
2-3,13:54:19,67,67,13.39,11,251,
2-3,13:54:20,67,67,13.4,11,251,
2-3,13:54:20,65,65,13.35,11,251,
2-3,13:54:21,65,65,13.38,11,251,
2-3,13:54:21,64,64,13.34,11,251,
2-3,13:54:22,70,70,13.45,11,251,
2-3,13:54:22,66,66,13.38,11,251,
2-3,13:54:23,66,66,13.4,11,251,
2-3,13:54:23,65,65,13.37,11,251,
2-3,13:54:24,65,65,13.34,11,251,
2-3,13:54:24,68,68,13.46,11,251,
2-3,13:54:25,67,67,13.41,11,251,
2-3,13:54:25,65,65,13.36,11,251,
2-3,13:54:26,69,69,13.48,11,251,
2-3,13:54:26,66,66,13.37,11,251,
2-3,13:54:27,65,65,13.35,11,251,
2-3,13:54:27,67,67,13.38,11,251,
2-3,13:54:28,67,67,13.41,11,251,
2-3,13:54:28,66,66,13.37,11,251,
2-3,13:54:29,66,66,13.38,11,251,
2-3,13:54:29,67,67,13.41,11,251,
2-3,13:54:30,66,66,13.37,11,251,
2-3,13:54:30,65,65,13.33,11,251,
2-3,13:54:31,66,66,13.37,11,251,
2-3,13:54:31,63,63,13.28,11,251,
2-3,13:54:32,65,65,13.33,11,251,
2-3,13:54:32,66,66,13.37,11,251,
2-3,13:54:33,65,65,13.35,11,251,
2-3,13:54:33,65,65,13.34,11,251,
2-3,13:54:34,67,67,13.37,11,251,
2-3,13:54:34,64,64,13.3,11,251,
2-3,13:54:35,68,68,13.44,11,251,
2-3,13:54:35,64,64,13.3,11,251,
2-3,13:54:36,67,67,13.37,11,251,
2-3,13:54:36,65,65,13.32,11,251,
2-3,13:54:37,67,67,13.39,11,251,
2-3,13:54:37,66,66,13.36,11,251,
2-3,13:54:38,66,66,13.35,11,251,
2-3,13:54:38,67,67,13.37,11,251,
2-3,13:54:39,70,70,13.52,11,251,
2-3,13:54:39,67,67,13.39,11,251,
2-3,13:54:40,66,66,13.38,11,251,
2-3,13:54:40,67,67,13.38,11,251,
2-3,13:54:41,67,67,13.38,11,251,
2-3,13:54:41,68,68,13.41,11,251,
2-3,13:54:42,65,65,13.35,11,251,
2-3,13:54:42,66,66,13.37,11,251,
2-3,13:54:43,67,67,13.4,11,251,
2-3,13:54:43,63,63,13.28,11,251,
2-3,13:54:44,68,68,13.43,11,251,
2-3,13:54:44,67,67,13.37,11,251,
2-3,13:54:45,67,67,13.42,11,251,
2-3,13:54:45,67,67,13.4,11,251,
2-3,13:54:46,66,66,13.34,11,251,
2-3,13:54:46,68,68,13.44,11,251,
2-3,13:54:47,64,64,13.3,11,251,
2-3,13:54:47,65,65,13.32,11,251,
2-3,13:54:48,67,67,13.41,11,251,
2-3,13:54:48,66,66,13.33,11,251,
2-3,13:54:49,67,67,13.41,11,251,
2-3,13:54:49,66,66,13.34,11,251,
2-3,13:54:50,66,66,13.37,11,251,
2-3,13:54:50,68,68,13.42,11,251,
2-3,13:54:51,67,67,13.42,11,251,
2-3,13:54:51,68,68,13.46,11,251,
2-3,13:54:52,67,67,13.37,11,251,
2-3,13:54:52,67,67,13.39,11,251,
2-3,13:54:53,67,67,13.39,11,251,
2-3,13:54:53,67,67,13.39,11,251,
2-3,13:54:54,66,66,13.37,11,251,
2-3,13:54:54,69,69,13.48,11,251,
2-3,13:54:55,68,68,13.42,11,251,
2-3,13:54:55,65,65,13.36,11,251,
2-3,13:54:56,66,66,13.36,11,251,
2-3,13:54:56,65,65,13.33,11,251,
2-3,13:54:57,67,67,13.38,11,251,
2-3,13:54:57,66,66,13.37,11,251,
2-3,13:54:58,67,67,13.41,11,251,
2-3,13:54:58,65,65,13.31,11,251,
2-3,13:54:59,66,66,13.37,11,251,
2-3,13:54:59,67,67,13.42,11,251,
2-3,13:55:0,66,66,13.33,11,251,
2-3,13:55:0,65,65,13.32,11,251,
2-3,13:55:1,66,66,13.34,11,251,
2-3,13:55:1,65,65,13.36,11,251,
2-3,13:55:2,66,66,13.35,11,251,
2-3,13:55:2,67,67,13.38,11,251,
2-3,13:55:3,67,67,13.41,11,251,
2-3,13:55:3,64,64,13.32,11,251,
2-3,13:55:4,67,67,13.41,11,251,
2-3,13:55:4,65,65,13.32,11,251,
2-3,13:55:5,64,64,13.27,11,251,
2-3,13:55:5,69,69,13.45,11,251,
2-3,13:55:6,66,66,13.33,11,251,
2-3,13:55:6,68,68,13.39,11,251,
2-3,13:55:7,68,68,13.43,11,251,
2-3,13:55:7,66,66,13.33,11,251,
2-3,13:55:8,67,67,13.34,11,251,
2-3,13:55:8,68,68,13.38,11,251,
2-3,13:55:9,66,66,13.34,11,251,
2-3,13:55:9,69,69,13.44,11,251,
2-3,13:55:10,66,66,13.37,11,251,
2-3,13:55:10,68,68,13.4,11,251,
2-3,13:55:11,67,67,13.38,11,251,
2-3,13:55:11,68,68,13.39,11,251,
2-3,13:55:12,66,66,13.35,11,251,
2-3,13:55:12,70,70,13.5,11,251,
2-3,13:55:13,68,68,13.39,11,251,
2-3,13:55:13,68,68,13.39,11,251,
2-3,13:55:14,67,67,13.36,11,251,
2-3,13:55:14,67,67,13.33,11,251,
2-3,13:55:15,67,67,13.39,11,251,
2-3,13:55:15,67,67,13.38,11,251,
2-3,13:55:16,68,68,13.4,11,251,
2-3,13:55:16,65,65,13.31,11,251,
2-3,13:55:17,69,69,13.46,11,251,
2-3,13:55:17,67,67,13.33,11,251,
2-3,13:55:18,69,69,13.48,11,251,
2-3,13:55:18,68,68,13.39,11,251,
2-3,13:55:19,67,67,13.33,11,251,
2-3,13:55:19,66,66,13.38,11,251,
2-3,13:55:20,66,66,13.37,11,251,
2-3,13:55:20,67,67,13.36,11,251,
2-3,13:55:21,67,67,13.39,11,251,
2-3,13:55:21,67,67,13.39,11,251,
2-3,13:55:22,66,66,13.35,11,251,
2-3,13:55:22,65,65,13.3,11,251,
2-3,13:55:23,68,68,13.41,11,251,
2-3,13:55:23,66,66,13.37,11,251,
2-3,13:55:24,67,67,13.35,11,251,
2-3,13:55:24,67,67,13.36,11,251,
2-3,13:55:25,69,69,13.46,11,251,
2-3,13:55:25,65,65,13.34,11,251,
2-3,13:55:26,65,65,13.31,11,251,
2-3,13:55:26,66,66,13.35,11,251,
2-3,13:55:27,65,65,13.34,11,251,
2-3,13:55:27,66,66,13.39,11,251,
2-3,13:55:28,67,67,13.39,11,251,
2-3,13:55:28,66,66,13.36,11,251,
2-3,13:55:29,67,67,13.37,11,251,
2-3,13:55:29,65,65,13.32,11,251,
2-3,13:55:30,66,66,13.36,11,251,
2-3,13:55:30,66,66,13.37,11,251,
2-3,13:55:31,67,67,13.39,11,251,
2-3,13:55:31,67,67,13.39,11,251,
2-3,13:55:32,66,66,13.38,11,251,
2-3,13:55:32,63,63,13.29,11,251,
2-3,13:55:33,66,66,13.4,11,251,
2-3,13:55:33,65,65,13.34,11,251,
2-3,13:55:34,67,67,13.4,11,251,
2-3,13:55:34,66,66,13.42,11,251,
2-3,13:55:35,70,70,13.51,11,251,
2-3,13:55:35,67,67,13.42,11,251,
2-3,13:55:36,66,66,13.38,11,251,
2-3,13:55:36,66,66,13.38,11,251,
2-3,13:55:37,66,66,13.37,11,251,
2-3,13:55:37,66,66,13.37,11,251,
2-3,13:55:38,66,66,13.4,11,251,
2-3,13:55:38,68,68,13.46,11,251,
2-3,13:55:39,65,65,13.32,11,251,
2-3,13:55:39,67,67,13.41,11,251,
2-3,13:55:40,66,66,13.36,11,251,
2-3,13:55:40,66,66,13.37,11,251,
2-3,13:55:41,66,66,13.36,11,251,
2-3,13:55:41,70,70,13.48,11,251,
2-3,13:55:42,66,66,13.39,11,251,
2-3,13:55:42,67,67,13.38,11,251,
2-3,13:55:43,65,65,13.36,11,251,
2-3,13:55:43,66,66,13.42,11,251,
2-3,13:55:44,65,65,13.35,11,251,
2-3,13:55:44,66,66,13.4,11,251,
2-3,13:55:45,65,65,13.34,11,251,
2-3,13:55:45,62,62,13.24,11,251,
2-3,13:55:46,65,65,13.35,11,251,
2-3,13:55:46,68,68,13.47,11,251,
2-3,13:55:47,65,65,13.35,11,251,
2-3,13:55:47,66,66,13.38,11,251,
2-3,13:55:48,67,67,13.4,11,251,
2-3,13:55:48,66,66,13.38,11,251,
2-3,13:55:49,65,65,13.33,11,251,
2-3,13:55:49,67,67,13.41,11,251,
2-3,13:55:50,66,66,13.39,11,251,
2-3,13:55:50,64,64,13.31,11,251,
2-3,13:55:51,67,67,13.38,11,251,
2-3,13:55:51,67,67,13.42,11,251,
2-3,13:55:52,65,65,13.32,11,251,
2-3,13:55:52,68,68,13.42,11,251,
2-3,13:55:53,66,66,13.38,11,251,
2-3,13:55:53,65,65,13.35,11,251,
2-3,13:55:54,67,67,13.41,11,251,
2-3,13:55:54,66,66,13.38,11,251,
2-3,13:55:55,64,64,13.29,11,251,
2-3,13:55:55,66,66,13.41,11,251,
2-3,13:55:56,66,66,13.34,11,251,
2-3,13:55:56,64,64,13.3,11,251,
2-3,13:55:57,68,68,13.43,11,251,
2-3,13:55:57,66,66,13.41,11,251,
2-3,13:55:58,66,66,13.35,11,251,
2-3,13:55:58,67,67,13.38,11,251,
2-3,13:55:59,66,66,13.4,11,251,
2-3,13:55:59,64,64,13.32,11,251,
2-3,13:56:0,68,68,13.47,11,251,
2-3,13:56:0,66,66,13.4,11,251,
2-3,13:56:1,65,65,13.37,11,251,
2-3,13:56:1,67,67,13.4,11,251,
2-3,13:56:2,65,65,13.33,11,251,
2-3,13:56:2,67,67,13.41,11,251,
2-3,13:56:3,65,65,13.35,11,251,
2-3,13:56:3,66,66,13.37,11,251,
2-3,13:56:4,64,64,13.28,11,251,
2-3,13:56:4,67,67,13.41,11,251,
2-3,13:56:5,66,66,13.37,11,251,
2-3,13:56:5,67,67,13.39,11,251,
2-3,13:56:6,66,66,13.36,11,251,
2-3,13:56:6,67,67,13.43,11,251,
2-3,13:56:7,67,67,13.41,11,251,
2-3,13:56:7,70,70,13.58,11,251,
2-3,13:56:8,65,65,13.36,11,251,
2-3,13:56:8,66,66,13.38,11,251,
2-3,13:56:9,66,66,13.37,11,251,
2-3,13:56:9,65,65,13.37,11,251,
2-3,13:56:10,68,68,13.43,11,251,
2-3,13:56:10,64,64,13.3,11,251,
2-3,13:56:11,64,64,13.34,11,251,
2-3,13:56:11,65,65,13.34,11,251,
2-3,13:56:12,68,68,13.43,11,251,
2-3,13:56:12,66,66,13.36,11,251,
2-3,13:56:13,66,66,13.39,11,251,
2-3,13:56:13,66,66,13.35,11,251,
2-3,13:56:14,64,64,13.33,11,251,
2-3,13:56:14,65,65,13.34,11,251,
2-3,13:56:15,66,66,13.4,11,251,
2-3,13:56:15,65,65,13.35,11,251,
2-3,13:56:16,66,66,13.4,11,251,
2-3,13:56:16,66,66,13.41,11,251,
2-3,13:56:17,64,64,13.32,11,251,
2-3,13:56:17,64,64,13.34,11,251,
2-3,13:56:18,66,66,13.42,11,251,
2-3,13:56:18,67,67,13.41,11,251,
2-3,13:56:19,67,67,13.38,11,251,
2-3,13:56:19,64,64,13.3,11,251,
2-3,13:56:20,64,64,13.32,11,251,
2-3,13:56:20,65,65,13.36,11,251,
2-3,13:56:21,71,71,13.54,11,251,
2-3,13:56:21,66,66,13.37,11,251,
2-3,13:56:22,66,66,13.39,11,251,
2-3,13:56:22,65,65,13.34,11,251,
2-3,13:56:23,65,65,13.34,11,251,
2-3,13:56:23,67,67,13.41,11,251,
2-3,13:56:24,69,69,13.47,11,251,
2-3,13:56:24,70,70,13.53,11,251,
2-3,13:56:25,70,70,13.54,11,251,
2-3,13:56:25,66,66,13.39,11,251,
2-3,13:56:26,67,67,13.39,11,251,
2-3,13:56:26,65,65,13.35,11,251,
2-3,13:56:27,64,64,13.31,11,251,
2-3,13:56:27,68,68,13.45,11,251,
2-3,13:56:28,67,67,13.39,11,251,
2-3,13:56:28,64,64,13.31,11,251,
2-3,13:56:29,65,65,13.35,11,251,
2-3,13:56:29,66,66,13.37,11,251,
2-3,13:56:30,65,65,13.34,11,251,
2-3,13:56:30,64,64,13.32,11,251,
2-3,13:56:31,64,64,13.32,11,251,
2-3,13:56:31,68,68,13.46,11,251,
2-3,13:56:32,66,66,13.38,11,251,
2-3,13:56:32,67,67,13.4,11,251,
2-3,13:56:33,66,66,13.38,11,251,
2-3,13:56:33,63,63,13.32,11,251,
2-3,13:56:34,66,66,13.38,11,251,
2-3,13:56:34,67,67,13.39,11,251,
2-3,13:56:35,66,66,13.4,11,251,
2-3,13:56:35,65,65,13.35,11,251,
2-3,13:56:36,70,70,13.45,11,251,
2-3,13:56:36,67,67,13.42,11,251,
2-3,13:56:37,66,66,13.38,11,251,
2-3,13:56:37,65,65,13.35,11,251,
2-3,13:56:38,65,65,13.34,11,251,
2-3,13:56:38,65,65,13.38,11,251,
2-3,13:56:39,65,65,13.36,11,251,
2-3,13:56:39,65,65,13.36,11,251,
2-3,13:56:40,70,70,13.49,11,251,
2-3,13:56:40,65,65,13.37,11,251,
2-3,13:56:41,66,66,13.37,11,251,
2-3,13:56:41,65,65,13.37,11,251,
2-3,13:56:42,64,64,13.36,11,251,
2-3,13:56:42,63,63,13.32,11,251,
2-3,13:56:43,65,65,13.36,11,251,
2-3,13:56:43,69,69,13.48,11,251,
2-3,13:56:44,63,63,13.3,11,251,
2-3,13:56:44,64,64,13.38,11,251,
2-3,13:56:45,69,69,13.41,11,251,
2-3,13:56:45,66,66,13.41,11,251,
2-3,13:56:46,65,65,13.38,11,251,
2-3,13:56:46,64,64,13.33,11,251,
2-3,13:56:47,64,64,13.31,11,251,
2-3,13:56:47,64,64,13.38,11,251,
2-3,13:56:48,64,64,13.38,11,251,
2-3,13:56:48,64,64,13.33,11,251,
2-3,13:56:49,69,69,13.42,11,251,
2-3,13:56:49,69,69,13.4,11,251,
2-3,13:56:50,63,63,13.31,11,251,
2-3,13:56:50,63,63,13.32,11,251,
2-3,13:56:51,64,64,13.37,11,251,
2-3,13:56:51,66,66,13.41,11,251,
2-3,13:56:52,69,69,13.43,11,251,
2-3,13:56:52,64,64,13.37,11,251,
2-3,13:56:53,63,63,13.31,11,251,
2-3,13:56:53,64,64,13.37,11,251,
2-3,13:56:54,63,63,13.35,11,251,
2-3,13:56:54,63,63,13.31,11,251,
2-3,13:56:55,69,69,13.41,11,251,
2-3,13:56:55,63,63,13.31,11,251,
2-3,13:56:56,64,64,13.34,11,251,
2-3,13:56:56,64,64,13.38,11,251,
2-3,13:56:57,69,69,13.41,11,251,
2-3,13:56:57,64,64,13.36,11,251,
2-3,13:56:58,63,63,13.32,11,251,
2-3,13:56:58,62,62,13.3,11,251,
2-3,13:56:59,64,64,13.37,11,251,
2-3,13:56:59,63,63,13.33,11,251,
2-3,13:57:0,69,69,13.42,11,251,
2-3,13:57:0,63,63,13.35,11,251,
2-3,13:57:1,64,64,13.36,11,251,
2-3,13:57:1,65,65,13.39,11,251,
2-3,13:57:2,64,64,13.35,11,251,
2-3,13:57:2,64,64,13.35,11,251,
2-3,13:57:3,65,65,13.37,11,251,
2-3,13:57:3,65,65,13.39,11,251,
2-3,13:57:4,64,64,13.34,11,251,
2-3,13:57:4,66,66,13.37,11,251,
2-3,13:57:5,65,65,13.35,11,251,
2-3,13:57:5,66,66,13.4,11,251,
2-3,13:57:6,64,64,13.31,11,251,
2-3,13:57:6,64,64,13.31,11,251,
2-3,13:57:7,65,65,13.38,11,251,
2-3,13:57:7,66,66,13.38,11,251,
2-3,13:57:8,65,65,13.34,11,251,
2-3,13:57:8,66,66,13.41,11,251,
2-3,13:57:9,65,65,13.37,11,251,
2-3,13:57:9,65,65,13.34,11,251,
2-3,13:57:10,66,66,13.38,11,251,
2-3,13:57:10,67,67,13.4,11,251,
2-3,13:57:11,66,66,13.37,11,251,
2-3,13:57:11,66,66,13.38,11,251,
2-3,13:57:12,65,65,13.34,11,251,
2-3,13:57:12,65,65,13.34,11,251,
2-3,13:57:13,66,66,13.37,11,251,
2-3,13:57:13,65,65,13.37,11,251,
2-3,13:57:14,67,67,13.39,11,251,
2-3,13:57:14,67,67,13.4,11,251,
2-3,13:57:15,66,66,13.36,11,251,
2-3,13:57:15,67,67,13.42,11,251,
2-3,13:57:16,66,66,13.36,11,251,
2-3,13:57:16,65,65,13.36,11,251,
2-3,13:57:17,66,66,13.38,11,251,
2-3,13:57:17,64,64,13.31,11,251,
2-3,13:57:18,65,65,13.35,11,251,
2-3,13:57:18,66,66,13.36,11,251,
2-3,13:57:19,67,67,13.41,11,251,
2-3,13:57:19,66,66,13.38,11,251,
2-3,13:57:20,65,65,13.34,11,251,
2-3,13:57:20,66,66,13.36,11,251,
2-3,13:57:21,66,66,13.34,11,251,
2-3,13:57:21,64,64,13.33,11,251,
2-3,13:57:22,66,66,13.39,11,251,
2-3,13:57:22,66,66,13.39,11,251,
2-3,13:57:23,69,69,13.47,11,251,
2-3,13:57:23,67,67,13.39,11,251,
2-3,13:57:24,68,68,13.45,11,251,
2-3,13:57:24,66,66,13.36,11,251,
2-3,13:57:25,69,69,13.49,11,251,
2-3,13:57:25,68,68,13.41,11,251,
2-3,13:57:26,68,68,13.42,11,251,
2-3,13:57:26,67,67,13.38,11,251,
2-3,13:57:27,67,67,13.39,11,251,
2-3,13:57:27,67,67,13.33,11,251,
2-3,13:57:28,67,67,13.36,11,251,
2-3,13:57:28,66,66,13.34,11,251,
2-3,13:57:29,66,66,13.35,11,251,
2-3,13:57:29,65,65,13.29,11,251,
2-3,13:57:30,67,67,13.36,11,251,
2-3,13:57:30,66,66,13.36,11,251,
2-3,13:57:31,66,66,13.35,11,251,
2-3,13:57:31,67,67,13.37,11,251,
2-3,13:57:32,70,70,13.51,11,251,
2-3,13:57:32,67,67,13.38,11,251,
2-3,13:57:33,65,65,13.3,11,251,
2-3,13:57:33,67,67,13.34,11,251,
2-3,13:57:34,65,65,13.31,11,251,
2-3,13:57:34,68,68,13.41,11,251,
2-3,13:57:35,66,66,13.36,11,251,
2-3,13:57:35,66,66,13.35,11,251,
2-3,13:57:36,69,69,13.45,11,251,
2-3,13:57:36,69,69,13.44,11,251,
2-3,13:57:37,67,67,13.38,11,251,
2-3,13:57:37,67,67,13.36,11,251,
2-3,13:57:38,65,65,13.32,11,251,
2-3,13:57:38,66,66,13.36,11,251,
2-3,13:57:39,68,68,13.44,11,251,
2-3,13:57:39,68,68,13.39,11,251,
2-3,13:57:40,66,66,13.34,11,251,
2-3,13:57:40,65,65,13.29,11,251,
2-3,13:57:41,68,68,13.45,11,251,
2-3,13:57:41,65,65,13.34,11,251,
2-3,13:57:42,65,65,13.31,11,251,
2-3,13:57:42,67,67,13.38,11,251,
2-3,13:57:43,66,66,13.32,11,251,
2-3,13:57:43,67,67,13.37,11,251,
2-3,13:57:44,68,68,13.4,11,251,
2-3,13:57:44,67,67,13.36,11,251,
2-3,13:57:45,66,66,13.36,11,251,
2-3,13:57:45,67,67,13.37,11,251,
2-3,13:57:46,69,69,13.48,11,251,
2-3,13:57:46,67,67,13.4,11,251,
2-3,13:57:47,66,66,13.37,11,251,
2-3,13:57:47,67,67,13.37,11,251,
2-3,13:57:48,69,69,13.47,11,251,
2-3,13:57:48,69,69,13.43,11,251,
2-3,13:57:49,71,71,13.54,11,251,
2-3,13:57:49,66,66,13.35,11,251,
2-3,13:57:50,67,67,13.36,11,251,
2-3,13:57:50,70,70,13.5,11,251,
2-3,13:57:51,66,66,13.35,11,251,
2-3,13:57:51,68,68,13.42,11,251,
2-3,13:57:52,67,67,13.38,11,251,
2-3,13:57:52,68,68,13.4,11,251,
2-3,13:57:53,68,68,13.4,11,251,
2-3,13:57:53,67,67,13.36,11,251,
2-3,13:57:54,67,67,13.33,11,251,
2-3,13:57:54,67,67,13.37,11,251,
2-3,13:57:55,69,69,13.43,11,251,
2-3,13:57:55,69,69,13.44,11,251,
2-3,13:57:56,67,67,13.34,11,251,
2-3,13:57:56,68,68,13.37,11,251,
2-3,13:57:57,70,70,13.46,11,251,
2-3,13:57:57,68,68,13.41,11,251,
2-3,13:57:58,70,70,13.46,11,251,
2-3,13:57:58,69,69,13.42,11,251,
2-3,13:57:59,68,68,13.39,11,251,
2-3,13:57:59,68,68,13.38,11,251,
2-3,13:58:0,71,71,13.52,11,251,
2-3,13:58:0,69,69,13.42,11,251,
2-3,13:58:1,70,70,13.43,11,251,
2-3,13:58:1,66,66,13.28,11,251,
2-3,13:58:2,66,66,13.31,11,251,
2-3,13:58:2,69,69,13.44,11,251,
2-3,13:58:3,69,69,13.42,11,251,
2-3,13:58:3,70,70,13.42,11,251,
2-3,13:58:4,69,69,13.38,11,251,
2-3,13:58:4,70,70,13.42,11,251,
2-3,13:58:5,68,68,13.37,11,251,
2-3,13:58:5,67,67,13.32,11,251,
2-3,13:58:6,71,71,13.48,11,251,
2-3,13:58:6,69,69,13.4,11,251,
2-3,13:58:7,68,68,13.33,11,251,
2-3,13:58:7,68,68,13.36,11,251,
2-3,13:58:8,69,69,13.43,11,251,
2-3,13:58:8,69,69,13.43,11,251,
2-3,13:58:9,68,68,13.37,11,251,
2-3,13:58:9,70,70,13.44,11,251,
2-3,13:58:10,70,70,13.41,11,251,
2-3,13:58:10,69,69,13.37,11,251,
2-3,13:58:11,69,69,13.37,11,251,
2-3,13:58:11,69,69,13.44,11,251,
2-3,13:58:12,68,68,13.33,11,251,
2-3,13:58:12,71,71,13.5,11,251,
2-3,13:58:13,69,69,13.38,11,251,
2-3,13:58:13,69,69,13.4,11,251,
2-3,13:58:14,70,70,13.41,11,251,
2-3,13:58:14,69,69,13.38,11,251,
2-3,13:58:15,68,68,13.39,11,251,
2-3,13:58:15,68,68,13.41,11,251,
2-3,13:58:16,67,67,13.3,11,251,
2-3,13:58:16,68,68,13.39,11,251,
2-3,13:58:17,70,70,13.44,11,251,
2-3,13:58:17,71,71,13.44,11,251,
2-3,13:58:18,71,71,13.49,11,251,
2-3,13:58:18,69,69,13.39,11,251,
2-3,13:58:19,69,69,13.38,11,251,
2-3,13:58:19,70,70,13.42,11,251,
2-3,13:58:20,72,72,13.51,11,251,
2-3,13:58:20,68,68,13.34,11,251,
2-3,13:58:21,69,69,13.39,11,251,
2-3,13:58:21,69,69,13.4,11,251,
2-3,13:58:22,69,69,13.37,11,251,
2-3,13:58:22,70,70,13.43,11,251,
2-3,13:58:23,68,68,13.36,11,251,
2-3,13:58:23,70,70,13.45,11,251,
2-3,13:58:24,68,68,13.34,11,251,
2-3,13:58:24,70,70,13.42,11,251,
2-3,13:58:25,70,70,13.46,11,251,
2-3,13:58:25,68,68,13.36,11,251,
2-3,13:58:26,69,69,13.43,11,251,
2-3,13:58:26,69,69,13.38,11,251,
2-3,13:58:27,68,68,13.35,11,251,
2-3,13:58:27,70,70,13.41,11,251,
2-3,13:58:28,68,68,13.36,11,251,
2-3,13:58:28,69,69,13.4,11,251,
2-3,13:58:29,70,70,13.45,11,251,
2-3,13:58:29,70,70,13.45,11,251,
2-3,13:58:30,70,70,13.42,11,251,
2-3,13:58:30,72,72,13.55,11,251,
2-3,13:58:31,67,67,13.32,11,251,
2-3,13:58:31,69,69,13.38,11,251,
2-3,13:58:32,71,71,13.52,11,251,
2-3,13:58:32,67,67,13.34,11,251,
2-3,13:58:33,71,71,13.48,11,251,
2-3,13:58:33,70,70,13.43,11,251,
2-3,13:58:34,69,69,13.42,11,251,
2-3,13:58:34,71,71,13.48,11,251,
2-3,13:58:35,67,67,13.33,11,251,
2-3,13:58:35,68,68,13.39,11,251,
2-3,13:58:36,67,67,13.35,11,251,
2-3,13:58:36,69,69,13.42,11,251,
2-3,13:58:37,69,69,13.42,11,251,
2-3,13:58:37,68,68,13.37,11,251,
2-3,13:58:38,70,70,13.46,11,251,
2-3,13:58:38,68,68,13.37,11,251,
2-3,13:58:39,70,70,13.45,11,251,
2-3,13:58:39,67,67,13.37,11,251,
2-3,13:58:40,71,71,13.51,11,251,
2-3,13:58:40,69,69,13.38,11,251,
2-3,13:58:41,67,67,13.33,11,251,
2-3,13:58:41,68,68,13.38,11,251,
2-3,13:58:42,69,69,13.39,11,251,
2-3,13:58:42,69,69,13.39,11,251,
2-3,13:58:43,68,68,13.37,11,251,
2-3,13:58:43,71,71,13.51,11,251,
2-3,13:58:44,68,68,13.37,11,251,
2-3,13:58:44,68,68,13.38,11,251,
2-3,13:58:45,67,67,13.36,11,251,
2-3,13:58:45,69,69,13.39,11,251,
2-3,13:58:46,66,66,13.28,11,251,
2-3,13:58:46,68,68,13.44,11,251,
2-3,13:58:47,69,69,13.41,11,251,
2-3,13:58:47,67,67,13.34,11,251,
2-3,13:58:48,68,68,13.39,11,251,
2-3,13:58:48,67,67,13.38,11,251,
2-3,13:58:49,68,68,13.4,11,251,
2-3,13:58:49,67,67,13.36,11,251,
2-3,13:58:50,69,69,13.43,11,251,
2-3,13:58:50,65,65,13.31,11,251,
2-3,13:58:51,69,69,13.47,11,251,
2-3,13:58:51,69,69,13.41,11,251,
2-3,13:58:52,66,66,13.34,11,251,
2-3,13:58:52,67,67,13.37,11,251,
2-3,13:58:53,67,67,13.34,11,251,
2-3,13:58:53,66,66,13.33,11,251,
2-3,13:58:54,65,65,13.33,11,251,
2-3,13:58:54,67,67,13.34,11,251,
2-3,13:58:55,68,68,13.39,11,251,
2-3,13:58:55,66,66,13.36,11,251,
2-3,13:58:56,67,67,13.39,11,251,
2-3,13:58:56,67,67,13.39,11,251,
2-3,13:58:57,70,70,13.51,11,251,
2-3,13:58:57,66,66,13.34,11,251,
2-3,13:58:58,66,66,13.34,11,251,
2-3,13:58:58,65,65,13.32,11,251,
2-3,13:58:59,66,66,13.33,11,251,
2-3,13:58:59,69,69,13.41,11,251,
2-3,13:59:0,67,67,13.36,11,251,
2-3,13:59:0,68,68,13.4,11,251,
2-3,13:59:1,66,66,13.33,11,251,
2-3,13:59:1,66,66,13.35,11,251,
2-3,13:59:2,67,67,13.35,11,251,
2-3,13:59:2,69,69,13.46,11,251,
2-3,13:59:3,67,67,13.36,11,251,
2-3,13:59:3,65,65,13.32,11,251,
2-3,13:59:4,67,67,13.35,11,251,
2-3,13:59:4,66,66,13.36,11,251,
2-3,13:59:5,67,67,13.37,11,251,
2-3,13:59:5,67,67,13.41,11,251,
2-3,13:59:6,65,65,13.34,11,251,
2-3,13:59:6,65,65,13.33,11,251,
2-3,13:59:7,66,66,13.36,11,251,
2-3,13:59:7,67,67,13.37,11,251,
2-3,13:59:8,65,65,13.37,11,251,
2-3,13:59:8,64,64,13.33,11,251,
2-3,13:59:9,65,65,13.32,11,251,
2-3,13:59:9,66,66,13.36,11,251,
2-3,13:59:10,67,67,13.42,11,251,
2-3,13:59:10,65,65,13.36,11,251,
2-3,13:59:11,65,65,13.32,11,251,
2-3,13:59:11,66,66,13.36,11,251,
2-3,13:59:12,66,66,13.38,11,251,
2-3,13:59:12,64,64,13.32,11,251,
2-3,13:59:13,66,66,13.35,11,251,
2-3,13:59:13,67,67,13.39,11,251,
2-3,13:59:14,64,64,13.28,11,251,
2-3,13:59:14,64,64,13.31,11,251,
2-3,13:59:15,66,66,13.37,11,251,
2-3,13:59:15,66,66,13.39,11,251,
2-3,13:59:16,66,66,13.37,11,251,
2-3,13:59:16,67,67,13.4,11,251,
2-3,13:59:17,62,62,13.27,11,251,
2-3,13:59:17,70,70,13.43,11,251,
2-3,13:59:18,65,65,13.34,11,251,
2-3,13:59:18,66,66,13.37,11,251,
2-3,13:59:19,66,66,13.41,11,251,
2-3,13:59:19,65,65,13.33,11,251,
2-3,13:59:20,65,65,13.38,11,251,
2-3,13:59:20,65,65,13.32,11,251,
2-3,13:59:21,67,67,13.38,11,251,
2-3,13:59:21,65,65,13.35,11,251,
2-3,13:59:22,64,64,13.33,11,251,
2-3,13:59:22,63,63,13.3,11,251,
2-3,13:59:23,70,70,13.45,11,251,
2-3,13:59:23,68,68,13.43,11,251,
2-3,13:59:24,65,65,13.38,11,251,
2-3,13:59:24,67,67,13.43,11,251,
2-3,13:59:25,64,64,13.31,11,251,
2-3,13:59:25,64,64,13.32,11,251,
2-3,13:59:26,64,64,13.28,11,251,
2-3,13:59:26,65,65,13.36,11,251,
2-3,13:59:27,65,65,13.37,11,251,
2-3,13:59:27,68,68,13.44,11,251,
2-3,13:59:28,67,67,13.39,11,251,
2-3,13:59:28,65,65,13.38,11,251,
2-3,13:59:29,65,65,13.34,11,251,
2-3,13:59:29,67,67,13.39,11,251,
2-3,13:59:30,66,66,13.39,11,251,
2-3,13:59:30,65,65,13.34,11,251,
2-3,13:59:31,66,66,13.4,11,251,
2-3,13:59:31,66,66,13.38,11,251,
2-3,13:59:32,67,67,13.36,11,251,
2-3,13:59:32,67,67,13.37,11,251,
2-3,13:59:33,70,70,13.47,11,251,
2-3,13:59:33,63,63,13.29,11,251,
2-3,13:59:34,65,65,13.32,11,251,
2-3,13:59:34,65,65,13.31,11,251,
2-3,13:59:35,66,66,13.36,11,251,
2-3,13:59:35,67,67,13.41,11,251,
2-3,13:59:36,66,66,13.38,11,251,
2-3,13:59:36,68,68,13.44,11,251,
2-3,13:59:37,67,67,13.35,11,251,
2-3,13:59:37,65,65,13.35,11,251,
2-3,13:59:38,67,67,13.39,11,251,
2-3,13:59:38,67,67,13.4,11,251,
2-3,13:59:39,65,65,13.3,11,251,
2-3,13:59:39,68,68,13.44,11,251,
2-3,13:59:40,66,66,13.38,11,251,
2-3,13:59:40,66,66,13.36,11,251,
2-3,13:59:41,68,68,13.43,11,251,
2-3,13:59:41,69,69,13.46,11,251,
2-3,13:59:42,68,68,13.46,11,251,
2-3,13:59:42,71,71,13.52,11,251,
2-3,13:59:43,67,67,13.4,11,251,
2-3,13:59:43,64,64,13.29,11,251,
2-3,13:59:44,66,66,13.35,11,251,
2-3,13:59:44,67,67,13.36,11,251,
2-3,13:59:45,65,65,13.32,11,251,
2-3,13:59:45,68,68,13.41,11,251,
2-3,13:59:46,67,67,13.33,11,251,
2-3,13:59:46,67,67,13.37,11,251,
2-3,13:59:47,66,66,13.35,11,251,
2-3,13:59:47,67,67,13.36,11,251,
2-3,13:59:48,69,69,13.48,11,251,
2-3,13:59:48,67,67,13.37,11,251,
2-3,13:59:49,66,66,13.37,11,251,
2-3,13:59:49,66,66,13.35,11,251,
2-3,13:59:50,70,70,13.53,11,251,
2-3,13:59:50,66,66,13.36,11,251,
2-3,13:59:51,67,67,13.36,11,251,
2-3,13:59:51,70,70,13.52,11,251,
2-3,13:59:52,70,70,13.5,11,251,
2-3,13:59:52,66,66,13.35,11,251,
2-3,13:59:53,66,66,13.32,11,251,
2-3,13:59:53,67,67,13.38,11,251,
2-3,13:59:54,68,68,13.4,11,251,
2-3,13:59:54,67,67,13.37,11,251,
2-3,13:59:55,65,65,13.32,11,251,
2-3,13:59:55,65,65,13.3,11,251,
2-3,13:59:56,67,67,13.36,11,251,
2-3,13:59:56,67,67,13.35,11,251,
2-3,13:59:57,68,68,13.38,11,251,
2-3,13:59:57,67,67,13.34,11,251,
2-3,13:59:58,67,67,13.35,11,251,
2-3,13:59:58,68,68,13.39,11,251,
2-3,13:59:59,66,66,13.32,11,251,
2-3,13:59:59,67,67,13.36,11,251,
2-3,14:0:0,68,68,13.41,11,251,
2-3,14:0:0,67,67,13.31,11,251,
2-3,14:0:1,68,68,13.38,11,251,
2-3,14:0:1,66,66,13.34,11,251,
2-3,14:0:2,66,66,13.32,11,251,
2-3,14:0:2,65,65,13.31,11,251,
2-3,14:0:3,71,71,13.51,11,251,
2-3,14:0:3,69,69,13.47,11,251,
2-3,14:0:4,67,67,13.37,11,251,
2-3,14:0:4,66,66,13.33,11,251,
2-3,14:0:5,70,70,13.47,11,251,
2-3,14:0:5,70,70,13.47,11,251,
2-3,14:0:6,66,66,13.35,11,251,
2-3,14:0:6,66,66,13.33,11,251,
2-3,14:0:7,68,68,13.39,11,251,
2-3,14:0:7,69,69,13.41,11,251,
2-3,14:0:8,66,66,13.33,11,251,
2-3,14:0:8,67,67,13.32,11,251,
2-3,14:0:9,66,66,13.3,11,251,
2-3,14:0:9,68,68,13.37,11,251,
2-3,14:0:10,69,69,13.41,11,251,
2-3,14:0:10,70,70,13.49,11,251,
2-3,14:0:11,66,66,13.32,11,251,
2-3,14:0:11,67,67,13.33,11,251,
2-3,14:0:12,69,69,13.41,11,251,
2-3,14:0:12,70,70,13.49,11,251,
2-3,14:0:13,70,70,13.65,11,251,
2-3,14:0:13,67,67,13.33,11,251,
2-3,14:0:14,68,68,13.37,11,251,
2-3,14:0:14,68,68,13.39,11,251,
2-3,14:0:15,69,69,13.38,11,251,
2-3,14:0:15,67,67,13.32,11,251,
2-3,14:0:16,67,67,13.36,11,251,
2-3,14:0:16,68,68,13.38,11,251,
2-3,14:0:17,68,68,13.41,11,251,
2-3,14:0:17,66,66,13.33,11,251,
2-3,14:0:18,69,69,13.4,11,251,
2-3,14:0:18,70,70,13.5,11,251,
2-3,14:0:19,66,66,13.34,11,251,
2-3,14:0:19,69,69,13.41,11,251,
2-3,14:0:20,68,68,13.39,11,251,
2-3,14:0:20,68,68,13.41,11,251,
2-3,14:0:21,68,68,13.37,11,251,
2-3,14:0:21,68,68,13.4,11,251,
2-3,14:0:22,68,68,13.38,11,251,
2-3,14:0:22,67,67,13.36,11,251,
2-3,14:0:23,70,70,13.49,11,251,
2-3,14:0:23,68,68,13.42,11,251,
2-3,14:0:24,66,66,13.32,11,251,
2-3,14:0:24,68,68,13.41,11,251,
2-3,14:0:25,67,67,13.36,11,251,
2-3,14:0:25,67,67,13.38,11,251,
2-3,14:0:26,66,66,13.32,11,251,
2-3,14:0:26,66,66,13.34,11,251,
2-3,14:0:27,68,68,13.35,11,251,
2-3,14:0:27,65,65,13.27,11,251,
2-3,14:0:28,68,68,13.4,11,251,
2-3,14:0:28,68,68,13.38,11,251,
2-3,14:0:29,67,67,13.33,11,251,
2-3,14:0:29,69,69,13.43,11,251,
2-3,14:0:30,66,66,13.36,11,251,
2-3,14:0:30,67,67,13.36,11,251,
2-3,14:0:31,68,68,13.42,11,251,
2-3,14:0:31,68,68,13.41,11,251,
2-3,14:0:32,67,67,13.38,11,251,
2-3,14:0:32,66,66,13.33,11,251,
2-3,14:0:33,66,66,13.33,11,251,
2-3,14:0:33,67,67,13.38,11,251,
2-3,14:0:34,66,66,13.34,11,251,
2-3,14:0:34,66,66,13.36,11,251,
2-3,14:0:35,67,67,13.34,11,251,
2-3,14:0:35,67,67,13.38,11,251,
2-3,14:0:36,68,68,13.39,11,251,
2-3,14:0:36,69,69,13.49,11,251,
2-3,14:0:37,65,65,13.31,11,251,
2-3,14:0:37,64,64,13.25,11,251,
2-3,14:0:38,64,64,13.27,11,251,
2-3,14:0:38,68,68,13.42,11,251,
2-3,14:0:39,66,66,13.32,11,251,
2-3,14:0:39,67,67,13.35,11,251,
2-3,14:0:40,67,67,13.38,11,251,
2-3,14:0:40,67,67,13.36,11,251,
2-3,14:0:41,66,66,13.33,11,251,
2-3,14:0:41,65,65,13.34,11,251,
2-3,14:0:42,66,66,13.35,11,251,
2-3,14:0:42,66,66,13.35,11,251,
2-3,14:0:43,68,68,13.4,11,251,
2-3,14:0:43,68,68,13.42,11,251,
2-3,14:0:44,67,67,13.34,11,251,
2-3,14:0:44,68,68,13.39,11,251,
2-3,14:0:45,66,66,13.33,11,251,
2-3,14:0:45,67,67,13.38,11,251,
2-3,14:0:46,67,67,13.36,11,251,
2-3,14:0:46,64,64,13.28,11,251,
2-3,14:0:47,64,64,13.26,11,251,
2-3,14:0:47,67,67,13.37,11,251,
2-3,14:0:48,66,66,13.35,11,251,
2-3,14:0:48,65,65,13.32,11,251,
2-3,14:0:49,64,64,13.18,11,251,
2-3,14:0:49,66,66,13.28,11,251,
2-3,14:0:50,66,66,13.27,11,251,
2-3,14:0:50,62,62,13.16,11,251,
2-3,14:0:51,63,63,13.19,11,251,
2-3,14:0:51,62,62,13.18,11,251,
2-3,14:0:52,62,62,13.19,11,251,
2-3,14:0:52,59,59,13.1,11,251,
2-3,14:0:53,66,66,13.26,11,251,
2-3,14:0:53,63,63,13.23,11,251,
2-3,14:0:54,57,57,13,11,251,
2-3,14:0:54,63,63,13.17,11,251,
2-3,14:0:55,67,67,13.29,11,251,
2-3,14:0:55,74,74,13.44,11,251,
2-3,14:0:56,69,69,13.33,11,251,
2-3,14:0:56,70,70,13.4,11,251,
2-3,14:0:57,74,74,13.49,11,251,
2-3,14:0:57,74,74,13.55,11,251,
2-3,14:0:58,75,75,13.7,11,251,
2-3,14:0:58,75,75,13.55,11,251,
2-3,14:0:59,73,73,13.31,11,251,
2-3,14:0:59,81,81,11.68,11,251,
2-3,14:1:0,85,85,11.47,11,251,
2-3,14:1:0,74,74,13.41,11,251,
2-3,14:1:1,75,75,13.42,11,251,
2-3,14:1:1,78,78,13.6,11,251,
2-3,14:1:2,69,69,12.6,11,251,
2-3,14:1:2,74,74,12.04,11,251,
2-3,14:1:3,79,79,13.62,11,251,
2-3,14:1:3,76,76,13.7,11,251,
2-3,14:1:4,77,77,13.45,11,251,
2-3,14:1:4,78,78,13.54,11,251,
2-3,14:1:5,77,77,13.47,11,251,
2-3,14:1:5,76,76,13.37,11,251,
2-3,14:1:6,74,74,13.31,11,251,
2-3,14:1:6,71,71,13.07,11,251,
2-3,14:1:7,78,78,13.55,11,251,
2-3,14:1:7,79,79,13.48,11,251,
2-3,14:1:8,78,78,13.62,11,251,
2-3,14:1:8,78,78,13.5,11,251,
2-3,14:1:9,79,79,13.55,11,251,
2-3,14:1:9,78,78,13.65,11,251,
2-3,14:1:10,78,78,13.76,11,251,
2-3,14:1:10,77,77,13.44,11,251,
2-3,14:1:11,79,79,13.55,11,251,
2-3,14:1:11,79,79,13.53,11,251,
2-3,14:1:12,78,78,13.55,11,251,
2-3,14:1:12,80,80,13.65,11,251,
2-3,14:1:13,79,79,13.54,11,251,
2-3,14:1:13,78,78,13.54,11,251,
2-3,14:1:14,77,77,13.47,11,251,
2-3,14:1:14,78,78,13.58,11,251,
2-3,14:1:15,75,75,13.71,11,251,
2-3,14:1:15,79,79,13.62,11,251,
2-3,14:1:16,78,78,13.59,11,251,
2-3,14:1:16,78,78,13.51,11,251,
2-3,14:1:17,79,79,13.61,11,251,
2-3,14:1:17,77,77,13.49,11,251,
2-3,14:1:18,80,80,13.66,11,251,
2-3,14:1:18,80,80,13.66,11,251,
2-3,14:1:19,77,77,13.49,11,251,
2-3,14:1:19,78,78,13.56,11,251,
2-3,14:1:20,76,76,13.47,11,251,
2-3,14:1:20,78,78,13.53,11,251,
2-3,14:1:21,78,78,13.6,11,251,
2-3,14:1:21,74,74,13.75,11,251,
2-3,14:1:22,75,75,13.71,11,251,
2-3,14:1:22,79,79,13.62,11,251,
2-3,14:1:23,78,78,13.6,11,251,
2-3,14:1:23,78,78,13.59,11,251,
2-3,14:1:24,77,77,13.5,11,251,
2-3,14:1:24,75,75,13.46,11,251,
2-3,14:1:25,77,77,13.58,11,251,
2-3,14:1:25,77,77,13.53,11,251,
2-3,14:1:26,76,76,13.49,11,251,
2-3,14:1:26,77,77,13.58,11,251,
2-3,14:1:27,76,76,13.5,11,251,
2-3,14:1:27,77,77,13.53,11,251,
2-3,14:1:28,76,76,13.54,11,251,
2-3,14:1:28,76,76,13.62,11,251,
2-3,14:1:29,76,76,13.56,11,251,
2-3,14:1:29,75,75,13.65,11,251,
2-3,14:1:30,77,77,13.57,11,251,
2-3,14:1:30,77,77,13.54,11,251,
2-3,14:1:31,75,75,13.65,11,251,
2-3,14:1:31,74,74,13.4,11,251,
2-3,14:1:32,74,74,13.41,11,251,
2-3,14:1:32,75,75,13.64,11,251,
2-3,14:1:33,76,76,13.53,11,251,
2-3,14:1:33,75,75,13.64,11,251,
2-3,14:1:34,75,75,13.65,11,251,
2-3,14:1:34,75,75,13.48,11,251,
2-3,14:1:35,75,75,13.66,11,251,
2-3,14:1:35,74,74,13.65,11,251,
2-3,14:1:36,74,74,13.46,11,251,
2-3,14:1:36,75,75,13.53,11,251,
2-3,14:1:37,75,75,13.61,11,251,
2-3,14:1:37,75,75,13.51,11,251,
2-3,14:1:38,75,75,13.57,11,251,
2-3,14:1:38,75,75,13.75,11,251,
2-3,14:1:39,74,74,13.49,11,251,
2-3,14:1:39,75,75,13.76,11,251,
2-3,14:1:40,73,73,13.4,11,251,
2-3,14:1:40,75,75,13.62,11,251,
2-3,14:1:41,72,72,13.38,11,251,
2-3,14:1:41,75,75,13.54,11,251,
2-3,14:1:42,75,75,13.49,11,251,
2-3,14:1:42,75,75,13.52,11,251,
2-3,14:1:43,75,75,13.5,11,251,
2-3,14:1:43,75,75,13.54,11,251,
2-3,14:1:44,75,75,13.63,11,251,
2-3,14:1:44,75,75,13.46,11,251,
2-3,14:1:45,74,74,13.48,11,251,
2-3,14:1:45,72,72,13.42,11,251,
2-3,14:1:46,74,74,13.58,11,251,
2-3,14:1:46,72,72,13.42,11,251,
2-3,14:1:47,74,74,13.54,11,251,
2-3,14:1:47,74,74,13.53,11,251,
2-3,14:1:48,74,74,13.63,11,251,
2-3,14:1:48,74,74,13.5,11,251,
2-3,14:1:49,74,74,13.46,11,251,
2-3,14:1:49,75,75,13.6,11,251,
2-3,14:1:50,73,73,13.54,11,251,
2-3,14:1:50,74,74,13.46,11,251,
2-3,14:1:51,74,74,13.43,11,251,
2-3,14:1:51,74,74,13.42,11,251,
2-3,14:1:52,74,74,13.53,11,251,
2-3,14:1:52,74,74,13.44,11,251,
2-3,14:1:53,74,74,13.43,11,251,
2-3,14:1:53,73,73,13.48,11,251,
2-3,14:1:54,72,72,13.51,11,251,
2-3,14:1:54,73,73,13.44,11,251,
2-3,14:1:55,71,71,13.48,11,251,
2-3,14:1:55,73,73,13.56,11,251,
2-3,14:1:56,74,74,13.5,11,251,
2-3,14:1:56,72,72,13.5,11,251,
2-3,14:1:57,74,74,13.5,11,251,
2-3,14:1:57,68,68,13.35,11,251,
2-3,14:1:58,72,72,13.5,11,251,
2-3,14:1:58,74,74,13.51,11,251,
2-3,14:1:59,70,70,13.45,11,251,
2-3,14:1:59,75,75,13.6,11,251,
2-3,14:2:0,73,73,13.55,11,251,
2-3,14:2:0,72,72,13.5,11,251,
2-3,14:2:1,71,71,13.45,11,251,
2-3,14:2:1,70,70,13.42,11,251,
2-3,14:2:2,71,71,13.48,11,251,
2-3,14:2:2,72,72,13.53,11,251,
2-3,14:2:3,72,72,13.5,11,251,
2-3,14:2:3,68,68,13.37,11,251,
2-3,14:2:4,68,68,13.32,11,251,
2-3,14:2:4,68,68,13.36,11,251,
2-3,14:2:5,73,73,13.57,11,251,
2-3,14:2:5,69,69,13.42,11,251,
2-3,14:2:6,72,72,13.54,11,251,
2-3,14:2:6,72,72,13.57,11,251,
2-3,14:2:7,69,69,13.42,11,251,
2-3,14:2:7,71,71,13.51,11,251,
2-3,14:2:8,69,69,13.41,11,251,
2-3,14:2:8,68,68,13.37,11,251,
2-3,14:2:9,66,66,13.32,11,251,
2-3,14:2:9,70,70,13.42,11,251,
2-3,14:2:10,69,69,13.42,11,251,
2-3,14:2:10,68,68,13.42,11,251,
2-3,14:2:11,68,68,13.41,11,251,
2-3,14:2:11,66,66,13.3,11,251,
2-3,14:2:12,70,70,13.52,11,251,
2-3,14:2:12,66,66,13.32,11,251,
2-3,14:2:13,68,68,13.42,11,251,
2-3,14:2:13,68,68,13.38,11,251,
2-3,14:2:14,68,68,13.38,11,251,
2-3,14:2:14,70,70,13.45,11,251,
2-3,14:2:15,69,69,13.42,11,251,
2-3,14:2:15,69,69,13.47,11,251,
2-3,14:2:16,71,71,13.56,11,251,
2-3,14:2:16,69,69,13.43,11,251,
2-3,14:2:17,68,68,13.39,11,251,
2-3,14:2:17,69,69,13.46,11,251,
2-3,14:2:18,69,69,13.42,11,251,
2-3,14:2:18,68,68,13.42,11,251,
2-3,14:2:19,69,69,13.41,11,251,
2-3,14:2:19,69,69,13.44,11,251,
2-3,14:2:20,69,69,13.47,11,251,
2-3,14:2:20,66,66,13.33,11,251,
2-3,14:2:21,68,68,13.43,11,251,
2-3,14:2:21,69,69,13.43,11,251,
2-3,14:2:22,66,66,13.33,11,251,
2-3,14:2:22,69,69,13.45,11,251,
2-3,14:2:23,66,66,13.33,11,251,
2-3,14:2:23,70,70,13.51,11,251,
2-3,14:2:24,66,66,13.37,11,251,
2-3,14:2:24,65,65,13.3,11,251,
2-3,14:2:25,67,67,13.36,11,251,
2-3,14:2:25,68,68,13.39,11,251,
2-3,14:2:26,68,68,13.38,11,251,
2-3,14:2:26,67,67,13.4,11,251,
2-3,14:2:27,71,71,13.6,11,251,
2-3,14:2:27,69,69,13.46,11,251,
2-3,14:2:28,67,67,13.35,11,251,
2-3,14:2:28,67,67,13.37,11,251,
2-3,14:2:29,69,69,13.47,11,251,
2-3,14:2:29,66,66,13.34,11,251,
2-3,14:2:30,67,67,13.37,11,251,
2-3,14:2:30,65,65,13.28,11,251,
2-3,14:2:31,69,69,13.45,11,251,
2-3,14:2:31,67,67,13.33,11,251,
2-3,14:2:32,69,69,13.43,11,251,
2-3,14:2:32,67,67,13.35,11,251,
2-3,14:2:33,70,70,13.47,11,251,
2-3,14:2:33,67,67,13.35,11,251,
2-3,14:2:34,66,66,13.34,11,251,
2-3,14:2:34,68,68,13.4,11,251,
2-3,14:2:35,69,69,13.43,11,251,
2-3,14:2:35,66,66,13.32,11,251,
2-3,14:2:36,69,69,13.42,11,251,
2-3,14:2:36,66,66,13.29,11,251,
2-3,14:2:37,66,66,13.33,11,251,
2-3,14:2:37,67,67,13.35,11,251,
2-3,14:2:38,68,68,13.38,11,251,
2-3,14:2:38,69,69,13.44,11,251,
2-3,14:2:39,68,68,13.39,11,251,
2-3,14:2:39,67,67,13.33,11,251,
2-3,14:2:40,69,69,13.43,11,251,
2-3,14:2:40,67,67,13.34,11,251,
2-3,14:2:41,67,67,13.35,11,251,
2-3,14:2:41,69,69,13.42,11,251,
2-3,14:2:42,69,69,13.46,11,251,
2-3,14:2:42,67,67,13.32,11,251,
2-3,14:2:43,69,69,13.44,11,251,
2-3,14:2:43,69,69,13.41,11,251,
2-3,14:2:44,66,66,13.32,11,251,
2-3,14:2:44,68,68,13.38,11,251,
2-3,14:2:45,66,66,13.29,11,251,
2-3,14:2:45,67,67,13.33,11,251,
2-3,14:2:46,68,68,13.37,11,251,
2-3,14:2:46,67,67,13.34,11,251,
2-3,14:2:47,69,69,13.46,11,251,
2-3,14:2:47,71,71,13.62,11,251,
2-3,14:2:48,67,67,13.34,11,251,
2-3,14:2:48,69,69,13.44,11,251,
2-3,14:2:49,69,69,13.45,11,251,
2-3,14:2:49,66,66,13.32,11,251,
2-3,14:2:50,67,67,13.38,11,251,
2-3,14:2:50,69,69,13.43,11,251,
2-3,14:2:51,70,70,13.5,11,251,
2-3,14:2:51,68,68,13.39,11,251,
2-3,14:2:52,70,70,13.45,11,251,
2-3,14:2:52,69,69,13.44,11,251,
2-3,14:2:53,72,72,13.58,11,251,
2-3,14:2:53,66,66,13.32,11,251,
2-3,14:2:54,68,68,13.4,11,251,
2-3,14:2:54,69,69,13.42,11,251,
2-3,14:2:55,69,69,13.42,11,251,
2-3,14:2:55,64,64,13.25,11,251,
2-3,14:2:56,70,70,13.44,11,251,
2-3,14:2:56,69,69,13.43,11,251,
2-3,14:2:57,70,70,13.5,11,251,
2-3,14:2:57,68,68,13.39,11,251,
2-3,14:2:58,68,68,13.35,11,251,
2-3,14:2:58,71,71,13.5,11,251,
2-3,14:2:59,68,68,13.35,11,251,
2-3,14:2:59,70,70,13.46,11,251,
2-3,14:3:0,68,68,13.38,11,251,
2-3,14:3:0,71,71,13.49,11,251,
2-3,14:3:1,68,68,13.39,11,251,
2-3,14:3:1,69,69,13.4,11,251,
2-3,14:3:2,70,70,13.46,11,251,
2-3,14:3:2,70,70,13.45,11,251,
2-3,14:3:3,67,67,13.34,11,251,
2-3,14:3:3,67,67,13.33,11,251,
2-3,14:3:4,69,69,13.4,11,251,
2-3,14:3:4,68,68,13.37,11,251,
2-3,14:3:5,69,69,13.42,11,251,
2-3,14:3:5,67,67,13.33,11,251,
2-3,14:3:6,67,67,13.32,11,251,
2-3,14:3:6,69,69,13.37,11,251,
2-3,14:3:7,68,68,13.33,11,251,
2-3,14:3:7,69,69,13.45,11,251,
2-3,14:3:8,70,70,13.46,11,251,
2-3,14:3:8,70,70,13.46,11,251,
2-3,14:3:9,68,68,13.41,11,251,
2-3,14:3:9,67,67,13.32,11,251,
2-3,14:3:10,68,68,13.37,11,251,
2-3,14:3:10,69,69,13.44,11,251,
2-3,14:3:11,68,68,13.35,11,251,
2-3,14:3:11,69,69,13.42,11,251,
2-3,14:3:12,69,69,13.42,11,251,
2-3,14:3:12,67,67,13.31,11,251,
2-3,14:3:13,67,67,13.32,11,251,
2-3,14:3:13,69,69,13.46,11,251,
2-3,14:3:14,67,67,13.35,11,251,
2-3,14:3:14,67,67,13.36,11,251,
2-3,14:3:15,68,68,13.38,11,251,
2-3,14:3:15,70,70,13.47,11,251,
2-3,14:3:16,70,70,13.46,11,251,
2-3,14:3:16,68,68,13.38,11,251,
2-3,14:3:17,69,69,13.43,11,251,
2-3,14:3:17,65,65,13.28,11,251,
2-3,14:3:18,68,68,13.36,11,251,
2-3,14:3:18,69,69,13.42,11,251,
2-3,14:3:19,70,70,13.48,11,251,
2-3,14:3:19,68,68,13.41,11,251,
2-3,14:3:20,70,70,13.49,11,251,
2-3,14:3:20,67,67,13.32,11,251,
2-3,14:3:21,68,68,13.41,11,251,
2-3,14:3:21,66,66,13.32,11,251,
2-3,14:3:22,67,67,13.36,11,251,
2-3,14:3:22,68,68,13.39,11,251,
2-3,14:3:23,68,68,13.42,11,251,
2-3,14:3:23,67,67,13.32,11,251,
2-3,14:3:24,68,68,13.41,11,251,
2-3,14:3:24,67,67,13.34,11,251,
2-3,14:3:25,67,67,13.32,11,251,
2-3,14:3:25,68,68,13.41,11,251,
2-3,14:3:26,70,70,13.51,11,251,
2-3,14:3:26,68,68,13.38,11,251,
2-3,14:3:27,67,67,13.38,11,251,
2-3,14:3:27,68,68,13.43,11,251,
2-3,14:3:28,69,69,13.43,11,251,
2-3,14:3:28,67,67,13.37,11,251,
2-3,14:3:29,64,64,13.24,11,251,
2-3,14:3:29,68,68,13.45,11,251,
2-3,14:3:30,67,67,13.37,11,251,
2-3,14:3:30,66,66,13.35,11,251,
2-3,14:3:31,69,69,13.47,11,251,
2-3,14:3:31,68,68,13.42,11,251,
2-3,14:3:32,68,68,13.43,11,251,
2-3,14:3:32,66,66,13.36,11,251,
2-3,14:3:33,67,67,13.35,11,251,
2-3,14:3:33,68,68,13.38,11,251,
2-3,14:3:34,67,67,13.36,11,251,
2-3,14:3:34,65,65,13.3,11,251,
2-3,14:3:35,68,68,13.41,11,251,
2-3,14:3:35,64,64,13.26,11,251,
2-3,14:3:36,67,67,13.37,11,251,
2-3,14:3:36,66,66,13.34,11,251,
2-3,14:3:37,67,67,13.38,11,251,
2-3,14:3:37,66,66,13.39,11,251,
2-3,14:3:38,66,66,13.35,11,251,
2-3,14:3:38,67,67,13.34,11,251,
2-3,14:3:39,68,68,13.43,11,251,
2-3,14:3:39,65,65,13.32,11,251,
2-3,14:3:40,65,65,13.33,11,251,
2-3,14:3:40,65,65,13.34,11,251,
2-3,14:3:41,66,66,13.37,11,251,
2-3,14:3:41,65,65,13.33,11,251,
2-3,14:3:42,66,66,13.4,11,251,
2-3,14:3:42,64,64,13.3,11,251,
2-3,14:3:43,66,66,13.36,11,251,
2-3,14:3:43,68,68,13.43,11,251,
2-3,14:3:44,67,67,13.4,11,251,
2-3,14:3:44,67,67,13.41,11,251,
2-3,14:3:45,65,65,13.36,11,251,
2-3,14:3:45,70,70,13.49,11,251,
2-3,14:3:46,65,65,13.35,11,251,
2-3,14:3:46,67,67,13.43,11,251,
2-3,14:3:47,66,66,13.38,11,251,
2-3,14:3:47,67,67,13.37,11,251,
2-3,14:3:48,67,67,13.37,11,251,
2-3,14:3:48,66,66,13.36,11,251,
2-3,14:3:49,67,67,13.39,11,251,
2-3,14:3:49,68,68,13.45,11,251,
2-3,14:3:50,65,65,13.32,11,251,
2-3,14:3:50,66,66,13.36,11,251,
2-3,14:3:51,65,65,13.32,11,251,
2-3,14:3:51,67,67,13.4,11,251,
2-3,14:3:52,67,67,13.36,11,251,
2-3,14:3:52,66,66,13.36,11,251,
2-3,14:3:53,67,67,13.37,11,251,
2-3,14:3:53,66,66,13.38,11,251,
2-3,14:3:54,66,66,13.35,11,251,
2-3,14:3:54,67,67,13.38,11,251,
2-3,14:3:55,64,64,13.3,11,251,
2-3,14:3:55,70,70,13.49,11,251,
2-3,14:3:56,68,68,13.43,11,251,
2-3,14:3:56,68,68,13.41,11,251,
2-3,14:3:57,66,66,13.37,11,251,
2-3,14:3:57,66,66,13.34,11,251,
2-3,14:3:58,67,67,13.4,11,251,
2-3,14:3:58,64,64,13.28,11,251,
2-3,14:3:59,65,65,13.32,11,251,
2-3,14:3:59,66,66,13.34,11,251,
2-3,14:4:0,67,67,13.4,11,251,
2-3,14:4:0,67,67,13.36,11,251,
2-3,14:4:1,64,64,13.31,11,251,
2-3,14:4:1,68,68,13.4,11,251,
2-3,14:4:2,66,66,13.39,11,251,
2-3,14:4:2,66,66,13.35,11,251,
2-3,14:4:3,67,67,13.37,11,251,
2-3,14:4:3,68,68,13.4,11,251,
2-3,14:4:4,66,66,13.37,11,251,
2-3,14:4:4,67,67,13.38,11,251,
2-3,14:4:5,65,65,13.3,11,251,
2-3,14:4:5,67,67,13.37,11,251,
2-3,14:4:6,68,68,13.46,11,251,
2-3,14:4:6,63,63,13.26,11,251,
2-3,14:4:7,68,68,13.43,11,251,
2-3,14:4:7,67,67,13.37,11,251,
2-3,14:4:8,65,65,13.34,11,251,
2-3,14:4:8,67,67,13.36,11,251,
2-3,14:4:9,68,68,13.42,11,251,
2-3,14:4:9,63,63,13.25,11,251,
2-3,14:4:10,68,68,13.4,11,251,
2-3,14:4:10,65,65,13.33,11,251,
2-3,14:4:11,67,67,13.39,11,251,
2-3,14:4:11,68,68,13.42,11,251,
2-3,14:4:12,64,64,13.29,11,251,
2-3,14:4:12,67,67,13.35,11,251,
2-3,14:4:13,67,67,13.33,11,251,
2-3,14:4:13,64,64,13.29,11,251,
2-3,14:4:14,66,66,13.35,11,251,
2-3,14:4:14,67,67,13.36,11,251,
2-3,14:4:15,66,66,13.38,11,251,
2-3,14:4:15,67,67,13.38,11,251,
2-3,14:4:16,65,65,13.32,11,251,
2-3,14:4:16,67,67,13.35,11,251,
2-3,14:4:17,68,68,13.41,11,251,
2-3,14:4:17,64,64,13.31,11,251,
2-3,14:4:18,63,63,13.28,11,251,
2-3,14:4:18,66,66,13.34,11,251,
2-3,14:4:19,68,68,13.4,11,251,
2-3,14:4:19,66,66,13.33,11,251,
2-3,14:4:20,66,66,13.34,11,251,
2-3,14:4:20,67,67,13.37,11,251,
2-3,14:4:21,67,67,13.36,11,251,
2-3,14:4:21,65,65,13.34,11,251,
2-3,14:4:22,66,66,13.31,11,251,
2-3,14:4:22,65,65,13.3,11,251,
2-3,14:4:23,69,69,13.42,11,251,
2-3,14:4:23,66,66,13.37,11,251,
2-3,14:4:24,65,65,13.3,11,251,
2-3,14:4:24,66,66,13.36,11,251,
2-3,14:4:25,69,69,13.47,11,251,
2-3,14:4:25,64,64,13.3,11,251,
2-3,14:4:26,64,64,13.31,11,251,
2-3,14:4:26,66,66,13.33,11,251,
2-3,14:4:27,64,64,13.29,11,251,
2-3,14:4:27,68,68,13.4,11,251,
2-3,14:4:28,67,67,13.39,11,251,
2-3,14:4:28,67,67,13.4,11,251,
2-3,14:4:29,71,71,13.6,11,251,
2-3,14:4:29,67,67,13.36,11,251,
2-3,14:4:30,67,67,13.34,11,251,
2-3,14:4:30,67,67,13.4,11,251,
2-3,14:4:31,67,67,13.38,11,251,
2-3,14:4:31,65,65,13.33,11,251,
2-3,14:4:32,67,67,13.37,11,251,
2-3,14:4:32,66,66,13.35,11,251,
2-3,14:4:33,68,68,13.41,11,251,
2-3,14:4:33,65,65,13.32,11,251,
2-3,14:4:34,65,65,13.33,11,251,
2-3,14:4:34,66,66,13.38,11,251,
2-3,14:4:35,68,68,13.46,11,251,
2-3,14:4:35,65,65,13.3,11,251,
2-3,14:4:36,68,68,13.43,11,251,
2-3,14:4:36,68,68,13.4,11,251,
2-3,14:4:37,67,67,13.37,11,251,
2-3,14:4:37,66,66,13.36,11,251,
2-3,14:4:38,67,67,13.39,11,251,
2-3,14:4:38,68,68,13.4,11,251,
2-3,14:4:39,67,67,13.35,11,251,
2-3,14:4:39,64,64,13.32,11,251,
2-3,14:4:40,66,66,13.36,11,251,
2-3,14:4:40,65,65,13.31,11,251,
2-3,14:4:41,67,67,13.35,11,251,
2-3,14:4:41,66,66,13.35,11,251,
2-3,14:4:42,65,65,13.3,11,251,
2-3,14:4:42,66,66,13.34,11,251,
2-3,14:4:43,63,63,13.28,11,251,
2-3,14:4:43,65,65,13.31,11,251,
2-3,14:4:44,66,66,13.33,11,251,
2-3,14:4:44,67,67,13.34,11,251,
2-3,14:4:45,66,66,13.37,11,251,
2-3,14:4:45,68,68,13.39,11,251,
2-3,14:4:46,67,67,13.36,11,251,
2-3,14:4:46,66,66,13.33,11,251,
2-3,14:4:47,65,65,13.37,11,251,
2-3,14:4:47,66,66,13.39,11,251,
2-3,14:4:48,68,68,13.43,11,251,
2-3,14:4:48,66,66,13.31,11,251,
2-3,14:4:49,66,66,13.34,11,251,
2-3,14:4:49,66,66,13.36,11,251,
2-3,14:4:50,68,68,13.4,11,251,
2-3,14:4:50,66,66,13.3,11,251,
2-3,14:4:51,65,65,13.35,11,251,
2-3,14:4:51,68,68,13.44,11,251,
2-3,14:4:52,67,67,13.37,11,251,
2-3,14:4:52,68,68,13.42,11,251,
2-3,14:4:53,65,65,13.33,11,251,
2-3,14:4:53,68,68,13.4,11,251,
2-3,14:4:54,67,67,13.38,11,251,
2-3,14:4:54,67,67,13.38,11,251,
2-3,14:4:55,67,67,13.32,11,251,
2-3,14:4:55,70,70,13.49,11,251,
2-3,14:4:56,65,65,13.31,11,251,
2-3,14:4:56,65,65,13.35,11,251,
2-3,14:4:57,66,66,13.39,11,251,
2-3,14:4:57,68,68,13.39,11,251,
2-3,14:4:58,66,66,13.34,11,251,
2-3,14:4:58,65,65,13.31,11,251,
2-3,14:4:59,67,67,13.39,11,251,
2-3,14:4:59,66,66,13.34,11,251,
2-3,14:5:0,66,66,13.29,11,251,
2-3,14:5:0,68,68,13.43,11,251,
2-3,14:5:1,65,65,13.34,11,251,
2-3,14:5:1,67,67,13.35,11,251,
2-3,14:5:2,69,69,13.48,11,251,
2-3,14:5:2,67,67,13.4,11,251,
2-3,14:5:3,67,67,13.38,11,251,
2-3,14:5:3,68,68,13.39,11,251,
2-3,14:5:4,65,65,13.31,11,251,
2-3,14:5:4,67,67,13.34,11,251,
2-3,14:5:5,66,66,13.34,11,251,
2-3,14:5:5,67,67,13.38,11,251,
2-3,14:5:6,64,64,13.29,11,251,
2-3,14:5:6,68,68,13.42,11,251,
2-3,14:5:7,65,65,13.32,11,251,
2-3,14:5:7,66,66,13.36,11,251,
2-3,14:5:8,65,65,13.34,11,251,
2-3,14:5:8,66,66,13.35,11,251,
2-3,14:5:9,65,65,13.31,11,251,
2-3,14:5:9,67,67,13.39,11,251,
2-3,14:5:10,68,68,13.41,11,251,
2-3,14:5:10,66,66,13.32,11,251,
2-3,14:5:11,68,68,13.38,11,251,
2-3,14:5:11,64,64,13.31,11,251,
2-3,14:5:12,67,67,13.37,11,251,
2-3,14:5:12,65,65,13.32,11,251,
2-3,14:5:13,64,64,13.28,11,251,
2-3,14:5:13,64,64,13.29,11,251,
2-3,14:5:14,64,64,13.29,11,251,
2-3,14:5:14,67,67,13.42,11,251,
2-3,14:5:15,67,67,13.41,11,251,
2-3,14:5:15,64,64,13.34,11,251,
2-3,14:5:16,66,66,13.38,11,251,
2-3,14:5:16,66,66,13.36,11,251,
2-3,14:5:17,66,66,13.34,11,251,
2-3,14:5:17,65,65,13.32,11,251,
2-3,14:5:18,65,65,13.31,11,251,
2-3,14:5:18,67,67,13.4,11,251,
2-3,14:5:19,65,65,13.33,11,251,
2-3,14:5:19,68,68,13.43,11,251,
2-3,14:5:20,68,68,13.4,11,251,
2-3,14:5:20,67,67,13.4,11,251,
2-3,14:5:21,67,67,13.4,11,251,
2-3,14:5:21,66,66,13.35,11,251,
2-3,14:5:22,71,71,13.54,11,251,
2-3,14:5:22,68,68,13.43,11,251,
2-3,14:5:23,66,66,13.32,11,251,
2-3,14:5:23,65,65,13.33,11,251,
2-3,14:5:24,67,67,13.38,11,251,
2-3,14:5:24,66,66,13.32,11,251,
2-3,14:5:25,67,67,13.36,11,251,
2-3,14:5:25,67,67,13.35,11,251,
2-3,14:5:26,68,68,13.35,11,251,
2-3,14:5:26,67,67,13.32,11,251,
2-3,14:5:27,67,67,13.32,11,251,
2-3,14:5:27,68,68,13.43,11,251,
2-3,14:5:28,70,70,13.5,11,251,
2-3,14:5:28,72,72,13.54,11,251,
2-3,14:5:29,67,67,13.34,11,251,
2-3,14:5:29,69,69,13.42,11,251,
2-3,14:5:30,67,67,13.32,11,251,
2-3,14:5:30,69,69,13.47,11,251,
2-3,14:5:31,67,67,13.34,11,251,
2-3,14:5:31,67,67,13.3,11,251,
2-3,14:5:32,69,69,13.38,11,251,
2-3,14:5:32,69,69,13.41,11,251,
2-3,14:5:33,71,71,13.47,11,251,
2-3,14:5:33,70,70,13.47,11,251,
2-3,14:5:34,70,70,13.44,11,251,
2-3,14:5:34,69,69,13.42,11,251,
2-3,14:5:35,69,69,13.39,11,251,
2-3,14:5:35,67,67,13.32,11,251,
2-3,14:5:36,71,71,13.53,11,251,
2-3,14:5:36,69,69,13.41,11,251,
2-3,14:5:37,67,67,13.34,11,251,
2-3,14:5:37,69,69,13.4,11,251,
2-3,14:5:38,67,67,13.33,11,251,
2-3,14:5:38,68,68,13.35,11,251,
2-3,14:5:39,68,68,13.38,11,251,
2-3,14:5:39,69,69,13.38,11,251,
2-3,14:5:40,69,69,13.38,11,251,
2-3,14:5:40,70,70,13.44,11,251,
2-3,14:5:41,67,67,13.33,11,251,
2-3,14:5:41,70,70,13.42,11,251,
2-3,14:5:42,71,71,13.5,11,251,
2-3,14:5:42,69,69,13.37,11,251,
2-3,14:5:43,71,71,13.5,11,251,
2-3,14:5:43,71,71,13.46,11,251,
2-3,14:5:44,71,71,13.47,11,251,
2-3,14:5:44,68,68,13.34,11,251,
2-3,14:5:45,67,67,13.36,11,251,
2-3,14:5:45,71,71,13.51,11,251,
2-3,14:5:46,65,65,13.31,11,251,
2-3,14:5:46,67,67,13.34,11,251,
2-3,14:5:47,67,67,13.31,11,251,
2-3,14:5:47,67,67,13.36,11,251,
2-3,14:5:48,68,68,13.41,11,251,
2-3,14:5:48,64,64,13.33,11,251,
2-3,14:5:49,68,68,13.4,11,251,
2-3,14:5:49,66,66,13.36,11,251,
2-3,14:5:50,66,66,13.38,11,251,
2-3,14:5:50,65,65,13.39,11,251,
2-3,14:5:51,71,71,13.56,11,251,
2-3,14:5:51,64,64,13.32,11,251,
2-3,14:5:52,65,65,13.37,11,251,
2-3,14:5:52,68,68,13.45,11,251,
2-3,14:5:53,65,65,13.37,11,251,
2-3,14:5:53,63,63,13.29,11,251,
2-3,14:5:54,66,66,13.4,11,251,
2-3,14:5:54,61,61,13.26,11,251,
2-3,14:5:55,69,69,13.42,11,251,
2-3,14:5:55,65,65,13.37,11,251,
2-3,14:5:56,65,65,13.36,11,251,
2-3,14:5:56,66,66,13.42,11,251,
2-3,14:5:57,63,63,13.32,11,251,
2-3,14:5:57,63,63,13.34,11,251,
2-3,14:5:58,63,63,13.37,11,251,
2-3,14:5:58,62,62,13.33,11,251,
2-3,14:5:59,63,63,13.32,11,251,
2-3,14:5:59,61,61,13.29,11,251,
2-3,14:6:0,63,63,13.33,11,251,
2-3,14:6:0,66,66,13.42,11,251,
2-3,14:6:1,62,62,13.32,11,251,
2-3,14:6:1,63,63,13.37,11,251,
2-3,14:6:2,62,62,13.34,11,251,
2-3,14:6:2,69,69,13.43,11,251,
2-3,14:6:3,69,69,13.44,11,251,
2-3,14:6:3,63,63,13.35,11,251,
2-3,14:6:4,62,62,13.31,11,251,
2-3,14:6:4,59,59,13.24,11,251,
2-3,14:6:5,69,69,13.47,11,251,
2-3,14:6:5,59,59,13.27,11,251,
2-3,14:6:6,63,63,13.36,11,251,
2-3,14:6:6,62,62,13.34,11,251,
2-3,14:6:7,62,62,13.33,11,251,
2-3,14:6:7,58,58,13.26,11,251,
2-3,14:6:8,62,62,13.36,11,251,
2-3,14:6:8,60,60,13.31,11,251,
2-3,14:6:9,63,63,13.4,11,251,
2-3,14:6:9,63,63,13.38,11,251,
2-3,14:6:10,60,60,13.32,11,251,
2-3,14:6:10,60,60,13.33,11,251,
2-3,14:6:11,64,64,13.43,11,251,
2-3,14:6:11,61,61,13.35,11,251,
2-3,14:6:12,62,62,13.4,11,251,
2-3,14:6:12,61,61,13.34,11,251,
2-3,14:6:13,57,57,13.27,11,251,
2-3,14:6:13,61,61,13.38,11,251,
2-3,14:6:14,63,63,13.42,11,251,
2-3,14:6:14,57,57,13.29,11,251,
2-3,14:6:15,61,61,13.35,11,251,
2-3,14:6:15,62,62,13.39,11,251,
2-3,14:6:16,62,62,13.38,11,251,
2-3,14:6:16,61,61,13.41,11,251,
2-3,14:6:17,60,60,13.36,11,251,
2-3,14:6:17,60,60,13.37,11,251,
2-3,14:6:18,57,57,13.26,11,251,
2-3,14:6:18,60,60,13.35,11,251,
2-3,14:6:19,56,56,13.28,11,251,
2-3,14:6:19,66,66,13.53,11,251,
2-3,14:6:20,55,55,13.26,11,251,
2-3,14:6:20,57,57,13.31,11,251,
2-3,14:6:21,59,59,13.35,11,251,
2-3,14:6:21,58,58,13.35,11,251,
2-3,14:6:22,60,60,13.36,11,251,
2-3,14:6:22,59,59,13.36,11,251,
2-3,14:6:23,59,59,13.38,11,251,
2-3,14:6:23,61,61,13.39,11,251,
2-3,14:6:24,57,57,13.33,11,251,
2-3,14:6:24,57,57,13.34,11,251,
2-3,14:6:25,59,59,13.35,11,251,
2-3,14:6:25,58,58,13.36,11,251,
2-3,14:6:26,60,60,13.39,11,251,
2-3,14:6:26,62,62,13.44,11,251,
2-3,14:6:27,54,54,13.27,11,251,
2-3,14:6:27,57,57,13.31,11,251,
2-3,14:6:28,57,57,13.34,11,251,
2-3,14:6:28,55,55,13.27,11,251,
2-3,14:6:29,55,55,13.27,11,251,
2-3,14:6:29,59,59,13.38,11,251,
2-3,14:6:30,58,58,13.35,11,251,
2-3,14:6:30,58,58,13.36,11,251,
2-3,14:6:31,60,60,13.4,11,251,
2-3,14:6:31,56,56,13.3,11,251,
2-3,14:6:32,57,57,13.37,11,251,
2-3,14:6:32,54,54,13.28,11,251,
2-3,14:6:33,55,55,13.32,11,251,
2-3,14:6:33,54,54,13.27,11,251,
2-3,14:6:34,58,58,13.37,11,251,
2-3,14:6:34,56,56,13.38,11,251,
2-3,14:6:35,57,57,13.35,11,251,
2-3,14:6:35,51,51,13.25,11,251,
2-3,14:6:36,55,55,13.32,11,251,
2-3,14:6:36,56,56,13.35,11,251,
2-3,14:6:37,53,53,13.28,11,251,
2-3,14:6:37,51,51,13.25,11,251,
2-3,14:6:38,53,53,13.31,11,251,
2-3,14:6:38,50,50,13.23,11,251,
2-3,14:6:39,53,53,13.29,11,251,
2-3,14:6:39,54,54,13.32,11,251,
2-3,14:6:40,54,54,13.34,11,251,
2-3,14:6:40,55,55,13.35,11,251,
2-3,14:6:41,53,53,13.33,11,251,
2-3,14:6:41,50,50,13.24,11,251,
2-3,14:6:42,58,58,13.39,11,251,
2-3,14:6:42,52,52,13.29,11,251,
2-3,14:6:43,54,54,13.34,11,251,
2-3,14:6:43,56,56,13.34,11,251,
2-3,14:6:44,54,54,13.32,11,251,
2-3,14:6:44,51,51,13.29,11,251,
2-3,14:6:45,49,49,13.24,11,251,
2-3,14:6:45,54,54,13.33,11,251,
2-3,14:6:46,53,53,13.32,11,251,
2-3,14:6:46,49,49,13.26,11,251,
2-3,14:6:47,49,49,13.27,11,251,
2-3,14:6:47,58,58,13.46,11,251,
2-3,14:6:48,50,50,13.27,11,251,
2-3,14:6:48,50,50,13.26,11,251,
2-3,14:6:49,51,51,13.27,11,251,
2-3,14:6:49,48,48,13.26,11,251,
2-3,14:6:50,47,47,13.25,11,251,
2-3,14:6:50,57,57,13.43,11,251,
2-3,14:6:51,50,50,13.29,11,251,
2-3,14:6:51,49,49,13.3,11,251,
2-3,14:6:52,51,51,13.31,11,251,
2-3,14:6:52,47,47,13.24,11,251,
2-3,14:6:53,51,51,13.32,11,251,
2-3,14:6:53,48,48,13.25,11,251,
2-3,14:6:54,44,44,13.18,11,251,
2-3,14:6:54,52,52,13.34,11,251,
2-3,14:6:55,50,50,13.3,11,251,
2-3,14:6:55,50,50,13.3,11,251,
2-3,14:6:56,49,49,13.28,11,251,
2-3,14:6:56,50,50,13.33,11,251,
2-3,14:6:57,53,53,13.39,11,251,
2-3,14:6:57,49,49,13.31,11,251,
2-3,14:6:58,50,50,13.29,11,251,
2-3,14:6:58,52,52,13.34,11,251,
2-3,14:6:59,49,49,13.31,11,251,
2-3,14:6:59,46,46,13.25,11,251,
2-3,14:7:0,52,52,13.34,11,251,
2-3,14:7:0,49,49,13.3,11,251,
2-3,14:7:1,46,46,13.27,11,251,
2-3,14:7:1,49,49,13.3,11,251,
2-3,14:7:2,49,49,13.32,11,251,
2-3,14:7:2,48,48,13.3,11,251,
2-3,14:7:3,51,51,13.33,11,251,
2-3,14:7:3,54,54,13.4,11,251,
2-3,14:7:4,44,44,13.22,11,251,
2-3,14:7:4,49,49,13.31,11,251,
2-3,14:7:5,52,52,13.38,11,251,
2-3,14:7:5,46,46,13.29,11,251,
2-3,14:7:6,47,47,13.26,11,251,
2-3,14:7:6,51,51,13.35,11,251,
2-3,14:7:7,48,48,13.32,11,251,
2-3,14:7:7,49,49,13.32,11,251,
2-3,14:7:8,49,49,13.32,11,251,
2-3,14:7:8,43,43,13.22,11,251,
2-3,14:7:9,45,45,13.25,11,251,
2-3,14:7:9,43,43,13.25,11,251,
2-3,14:7:10,44,44,13.24,11,251,
2-3,14:7:10,47,47,13.31,11,251,
2-3,14:7:11,42,42,13.23,11,251,
2-3,14:7:11,42,42,13.22,11,251,
2-3,14:7:12,42,42,13.24,11,251,
2-3,14:7:12,47,47,13.33,11,251,
2-3,14:7:13,43,43,13.23,11,251,
2-3,14:7:13,48,48,13.33,11,251,
2-3,14:7:14,44,44,13.26,11,251,
2-3,14:7:14,47,47,13.3,11,251,
2-3,14:7:15,44,44,13.25,11,251,
2-3,14:7:15,46,46,13.28,11,251,
2-3,14:7:16,52,52,13.4,11,251,
2-3,14:7:16,49,49,13.35,11,251,
2-3,14:7:17,44,44,13.27,11,251,
2-3,14:7:17,46,46,13.3,11,251,
2-3,14:7:18,44,44,13.29,11,251,
2-3,14:7:18,42,42,13.25,11,251,
2-3,14:7:19,46,46,13.31,11,251,
2-3,14:7:19,49,49,13.35,11,251,
2-3,14:7:20,46,46,13.34,11,251,
2-3,14:7:20,43,43,13.3,11,251,
2-3,14:7:21,41,41,13.26,11,251,
2-3,14:7:21,42,42,13.26,11,251,
2-3,14:7:22,46,46,13.34,11,251,
2-3,14:7:22,43,43,13.28,11,251,
2-3,14:7:23,49,49,13.37,11,251,
2-3,14:7:23,39,39,13.26,11,251,
2-3,14:7:24,37,37,13.2,11,251,
2-3,14:7:24,40,40,13.24,11,251,
2-3,14:7:25,37,37,13.23,11,251,
2-3,14:7:25,48,48,13.37,11,251,
2-3,14:7:26,51,51,13.41,11,251,
2-3,14:7:26,47,47,13.36,11,251,
2-3,14:7:27,45,45,13.3,11,251,
2-3,14:7:27,42,42,13.28,11,251,
2-3,14:7:28,43,43,13.31,11,251,
2-3,14:7:28,39,39,13.27,11,251,
2-3,14:7:29,41,41,13.24,11,251,
2-3,14:7:29,44,44,13.32,11,251,
2-3,14:7:30,40,40,13.26,11,251,
2-3,14:7:30,49,49,13.4,11,251,
2-3,14:7:31,45,45,13.35,11,251,
2-3,14:7:31,36,36,13.25,11,251,
2-3,14:7:32,39,39,13.23,11,251,
2-3,14:7:32,35,35,13.22,11,251,
2-3,14:7:33,38,38,13.25,11,251,
2-3,14:7:33,43,43,13.31,11,251,
2-3,14:7:34,39,39,13.27,11,251,
2-3,14:7:34,42,42,13.33,11,251,
2-3,14:7:35,40,40,13.3,11,251,
2-3,14:7:35,43,43,13.31,11,251,
2-3,14:7:36,41,41,13.29,11,251,
2-3,14:7:36,41,41,13.31,11,251,
2-3,14:7:37,41,41,13.3,11,251,
2-3,14:7:37,40,40,13.28,11,251,
2-3,14:7:38,30,30,13.18,11,251,
2-3,14:7:38,42,42,13.31,11,251,
2-3,14:7:39,39,39,13.27,11,251,
2-3,14:7:39,36,36,13.22,11,251,
2-3,14:7:40,39,39,13.29,11,251,
2-3,14:7:40,38,38,13.28,11,251,
2-3,14:7:41,33,33,13.22,11,251,
2-3,14:7:41,40,40,13.3,11,251,
2-3,14:7:42,42,42,13.29,11,251,
2-3,14:7:42,40,40,13.31,11,251,
2-3,14:7:43,39,39,13.27,11,251,
2-3,14:7:43,39,39,13.29,11,251,
2-3,14:7:44,35,35,13.27,11,251,
2-3,14:7:44,38,38,13.3,11,251,
2-3,14:7:45,42,42,13.33,11,251,
2-3,14:7:45,38,38,13.3,11,251,
2-3,14:7:46,43,43,13.35,11,251,
2-3,14:7:46,39,39,13.29,11,251,
2-3,14:7:47,38,38,13.31,11,251,
2-3,14:7:47,46,46,13.43,11,251,
2-3,14:7:48,39,39,13.32,11,251,
2-3,14:7:48,42,42,13.34,11,251,
2-3,14:7:49,45,45,13.36,11,251,
2-3,14:7:49,34,34,13.25,11,251,
2-3,14:7:50,46,46,13.4,11,251,
2-3,14:7:50,39,39,13.33,11,251,
2-3,14:7:51,36,36,13.31,11,251,
2-3,14:7:51,41,41,13.35,11,251,
2-3,14:7:52,36,36,13.27,11,251,
2-3,14:7:52,34,34,13.28,11,251,
2-3,14:7:53,27,27,13.19,11,251,
2-3,14:7:53,32,32,13.23,11,251,
2-3,14:7:54,41,41,13.37,11,251,
2-3,14:7:54,40,40,13.3,11,251,
2-3,14:7:55,36,36,13.29,11,251,
2-3,14:7:55,36,36,13.28,11,251,
2-3,14:7:56,45,45,13.4,11,251,
2-3,14:7:56,33,33,13.25,11,251,
2-3,14:7:57,31,31,13.23,11,251,
2-3,14:7:57,37,37,13.29,11,251,
2-3,14:7:58,33,33,13.25,11,251,
2-3,14:7:58,36,36,13.31,11,251,
2-3,14:7:59,43,43,13.39,11,251,
2-3,14:7:59,37,37,13.27,11,251,
2-3,14:8:0,32,32,13.25,11,251,
2-3,14:8:0,40,40,13.36,11,251,
2-3,14:8:1,42,42,13.38,11,251,
2-3,14:8:1,31,31,13.26,11,251,
2-3,14:8:2,25,25,13.2,11,251,
2-3,14:8:2,29,29,13.21,11,251,
2-3,14:8:3,38,38,13.3,11,251,
2-3,14:8:3,32,32,13.26,11,251,
2-3,14:8:4,31,31,13.25,11,251,
2-3,14:8:4,33,33,13.27,11,251,
2-3,14:8:5,30,30,13.24,12,251,
2-3,14:8:5,34,34,13.29,12,251,
2-3,14:8:6,39,39,13.32,12,251,
2-3,14:8:6,43,43,13.39,12,251,
2-3,14:8:7,41,41,13.35,12,251,
2-3,14:8:7,35,35,13.29,12,251,
2-3,14:8:8,44,44,13.42,12,251,
2-3,14:8:8,36,36,13.32,12,251,
2-3,14:8:9,33,33,13.26,12,251,
2-3,14:8:9,37,37,13.32,12,251,
2-3,14:8:10,23,23,13.17,12,251,
2-3,14:8:10,33,33,13.27,12,251,
2-3,14:8:11,36,36,13.33,12,251,
2-3,14:8:11,27,27,13.25,12,251,
2-3,14:8:12,32,32,13.28,12,251,
2-3,14:8:12,30,30,13.25,12,251,
2-3,14:8:13,29,29,13.27,12,251,
2-3,14:8:13,36,36,13.35,12,251,
2-3,14:8:14,29,29,13.27,12,251,
2-3,14:8:14,39,39,13.38,12,251,
2-3,14:8:15,35,35,13.33,12,251,
2-3,14:8:15,32,32,13.27,12,251,
2-3,14:8:16,32,32,13.28,12,251,
2-3,14:8:16,32,32,13.32,12,251,
2-3,14:8:17,26,26,13.23,12,251,
2-3,14:8:17,34,34,13.29,12,251,
2-3,14:8:18,31,31,13.3,12,251,
2-3,14:8:18,31,31,13.26,12,251,
2-3,14:8:19,36,36,13.36,12,251,
2-3,14:8:19,27,27,13.25,12,251,
2-3,14:8:20,32,32,13.32,12,251,
2-3,14:8:20,36,36,13.35,12,251,
2-3,14:8:21,33,33,13.34,12,251,
2-3,14:8:21,27,27,13.26,12,251,
2-3,14:8:22,34,34,13.34,12,251,
2-3,14:8:22,25,25,13.24,12,251,
2-3,14:8:23,31,31,13.3,12,251,
2-3,14:8:23,28,28,13.28,12,251,
2-3,14:8:24,32,32,13.32,12,251,
2-3,14:8:24,30,30,13.29,12,251,
2-3,14:8:25,36,36,13.35,12,251,
2-3,14:8:25,23,23,13.25,12,251,
2-3,14:8:26,30,30,13.32,12,251,
2-3,14:8:26,22,22,13.24,12,251,
2-3,14:8:27,37,37,13.38,12,251,
2-3,14:8:27,32,32,13.35,12,251,
2-3,14:8:28,28,28,13.29,12,251,
2-3,14:8:28,28,28,13.26,12,251,
2-3,14:8:29,26,26,13.26,12,251,
2-3,14:8:29,21,21,13.23,12,251,
2-3,14:8:30,37,37,13.36,12,251,
2-3,14:8:30,27,27,13.29,12,251,
2-3,14:8:31,30,30,13.26,12,251,
2-3,14:8:31,30,30,13.33,12,251,
2-3,14:8:32,28,28,13.28,12,251,
2-3,14:8:32,26,26,13.25,12,251,
2-3,14:8:33,20,20,13.24,12,251,
2-3,14:8:33,26,26,13.26,12,251,
2-3,14:8:34,28,28,13.28,12,251,
2-3,14:8:34,35,35,13.36,12,251,
2-3,14:8:35,27,27,13.29,12,251,
2-3,14:8:35,35,35,13.38,12,251,
2-3,14:8:36,27,27,13.28,12,251,
2-3,14:8:36,29,29,13.33,12,251,
2-3,14:8:37,30,30,13.32,12,251,
2-3,14:8:37,28,28,13.3,12,251,
2-3,14:8:38,27,27,13.28,12,251,
2-3,14:8:38,26,26,13.31,12,251,
2-3,14:8:39,25,25,13.27,12,251,
2-3,14:8:39,30,30,13.31,12,251,
2-3,14:8:40,18,18,13.21,12,251,
2-3,14:8:40,22,22,13.24,12,251,
2-3,14:8:41,26,26,13.26,12,251,
2-3,14:8:41,30,30,13.34,12,251,
2-3,14:8:42,33,33,13.36,12,251,
2-3,14:8:42,29,29,13.3,12,251,
2-3,14:8:43,34,34,13.36,12,251,
2-3,14:8:43,37,37,13.41,12,251,
2-3,14:8:44,21,21,13.25,12,251,
2-3,14:8:44,15,15,13.2,12,251,
2-3,14:8:45,29,29,13.32,12,251,
2-3,14:8:45,28,28,13.32,12,251,
2-3,14:8:46,22,22,13.25,12,251,
2-3,14:8:46,15,15,13.25,12,251,
2-3,14:8:47,21,21,13.25,12,251,
2-3,14:8:47,24,24,13.28,12,251,
2-3,14:8:48,19,19,13.24,12,251,
2-3,14:8:48,7,7,13.15,12,251,
2-3,14:8:49,13,13,13.22,12,251,
2-3,14:8:49,14,14,13.2,12,251,
2-3,14:8:50,22,22,13.27,12,251,
2-3,14:8:50,19,19,13.25,12,251,
2-3,14:8:51,19,19,13.23,12,251,
2-3,14:8:51,19,19,13.25,12,251,
2-3,14:8:52,21,21,13.27,12,251,
2-3,14:8:52,20,20,13.28,12,251,
2-3,14:8:53,21,21,13.26,12,251,
2-3,14:8:53,8,8,13.17,12,251,
2-3,14:8:54,23,23,13.28,12,251,
2-3,14:8:54,30,30,13.36,12,251,
2-3,14:8:55,25,25,13.31,12,251,
2-3,14:8:55,22,22,13.31,12,251,
2-3,14:8:56,13,13,13.25,12,251,
2-3,14:8:56,30,30,13.39,12,251,
2-3,14:8:57,25,25,13.32,12,251,
2-3,14:8:57,21,21,13.27,12,251,
2-3,14:8:58,33,33,13.39,12,251,
2-3,14:8:58,24,24,13.32,12,251,
2-3,14:8:59,26,26,13.33,12,251,
2-3,14:8:59,29,29,13.39,12,251,
2-3,14:9:0,25,25,13.32,12,251,
2-3,14:9:0,22,22,13.31,12,251,
2-3,14:9:1,22,22,13.27,12,251,
2-3,14:9:1,16,16,13.26,12,251,
2-3,14:9:2,9,9,13.18,12,251,
2-3,14:9:2,33,33,13.39,12,251,
2-3,14:9:3,26,26,13.35,12,251,
2-3,14:9:3,15,15,13.24,12,251,
2-3,14:9:4,20,20,13.33,12,251,
2-3,14:9:4,29,29,13.37,12,251,
2-3,14:9:5,25,25,13.35,12,251,
2-3,14:9:5,8,8,13.2,12,251,
2-3,14:9:6,17,17,13.26,12,251,
2-3,14:9:6,11,11,13.24,12,251,
2-3,14:9:7,18,18,13.29,12,251,
2-3,14:9:7,15,15,13.26,12,251,
2-3,14:9:8,22,22,13.31,12,251,
2-3,14:9:8,11,11,13.26,12,251,
2-3,14:9:9,18,18,13.29,12,251,
2-3,14:9:9,13,13,13.25,12,251,
2-3,14:9:10,22,22,13.3,12,251,
2-3,14:9:10,24,24,13.34,12,251,
2-3,14:9:11,20,20,13.29,12,251,
2-3,14:9:11,30,30,13.41,12,251,
2-3,14:9:12,19,19,13.27,12,251,
2-3,14:9:12,14,14,13.26,12,251,
2-3,14:9:13,13,13,13.25,12,251,
2-3,14:9:13,18,18,13.29,12,251,
2-3,14:9:14,22,22,13.33,12,251,
2-3,14:9:14,18,18,13.31,12,251,
2-3,14:9:15,12,12,13.25,12,251,
2-3,14:9:15,20,20,13.33,12,251,
2-3,14:9:16,18,18,13.27,12,251,
2-3,14:9:16,15,15,13.27,12,251,
2-3,14:9:17,20,20,13.31,12,251,
2-3,14:9:17,16,16,13.29,12,251,
2-3,14:9:18,31,31,13.4,12,251,
2-3,14:9:18,12,12,13.25,12,251,
2-3,14:9:19,14,14,13.27,12,251,
2-3,14:9:19,17,17,13.27,12,251,
2-3,14:9:20,10,10,13.24,12,251,
2-3,14:9:20,13,13,13.26,12,251,
2-3,14:9:21,12,12,13.26,12,251,
2-3,14:9:21,13,13,13.28,12,251,
2-3,14:9:22,12,12,13.26,12,251,
2-3,14:9:22,11,11,13.24,12,251,
2-3,14:9:23,23,23,13.36,12,251,
2-3,14:9:23,11,11,13.25,12,251,
2-3,14:9:24,20,20,13.31,12,251,
2-3,14:9:24,10,10,13.25,12,251,
2-3,14:9:25,18,18,13.31,12,251,
2-3,14:9:25,17,17,13.31,12,251,
2-3,14:9:26,16,16,13.33,12,251,
2-3,14:9:26,28,28,13.41,12,251,
2-3,14:9:27,16,16,13.3,12,251,
2-3,14:9:27,27,27,13.39,12,251,
2-3,14:9:28,23,23,13.35,12,251,
2-3,14:9:28,24,24,13.37,12,251,
2-3,14:9:29,16,16,13.3,12,251,
2-3,14:9:29,15,15,13.27,12,251,
2-3,14:9:30,11,11,13.26,12,251,
2-3,14:9:30,10,10,13.26,12,251,
2-3,14:9:31,11,11,13.27,12,251,
2-3,14:9:31,17,17,13.29,12,251,
2-3,14:9:32,10,10,13.27,12,251,
2-3,14:9:32,12,12,13.26,12,251,
2-3,14:9:33,15,15,13.31,12,251,
2-3,14:9:33,20,20,13.32,12,251,
2-3,14:9:34,13,13,13.27,12,251,
2-3,14:9:34,15,15,13.3,12,251,
2-3,14:9:35,13,13,13.29,12,251,
2-3,14:9:35,0,0,13.16,12,251,
2-3,14:9:36,12,12,13.27,12,251,
2-3,14:9:36,9,9,13.27,12,251,
2-3,14:9:37,15,15,13.31,12,251,
2-3,14:9:37,23,23,13.36,12,251,
2-3,14:9:38,17,17,13.32,12,251,
2-3,14:9:38,22,22,13.37,12,251,
2-3,14:9:39,18,18,13.33,12,251,
2-3,14:9:39,5,5,13.2,12,251,
2-3,14:9:40,6,6,13.24,12,251,
2-3,14:9:40,7,7,13.26,12,251,
2-3,14:9:41,9,9,13.24,12,251,
2-3,14:9:41,16,16,13.32,12,251,
2-3,14:9:42,18,18,13.34,12,251,
2-3,14:9:42,19,19,13.33,12,251,
2-3,14:9:43,12,12,13.27,12,251,
2-3,14:9:43,13,13,13.29,12,251,
2-3,14:9:44,4,4,13.21,12,251,
2-3,14:9:44,4,4,13.19,12,251,
2-3,14:9:45,8,8,13.22,12,251,
2-3,14:9:45,22,22,13.35,12,251,
2-3,14:9:46,11,11,13.28,12,251,
2-3,14:9:46,12,12,13.29,12,251,
2-3,14:9:47,10,10,13.27,12,251,
2-3,14:9:47,9,9,13.25,12,251,
2-3,14:9:48,10,10,13.25,12,251,
2-3,14:9:48,3,3,13.2,12,251,
2-3,14:9:49,12,12,13.29,12,251,
2-3,14:9:49,6,6,13.24,12,251,
2-3,14:9:50,9,9,13.27,12,251,
2-3,14:9:50,13,13,13.28,12,251,
2-3,14:9:51,14,14,13.3,12,251,
2-3,14:9:51,10,10,13.27,12,251,
2-3,14:9:52,5,5,13.19,12,251,
2-3,14:9:52,6,6,13.24,12,251,
2-3,14:9:53,19,19,13.33,12,251,
2-3,14:9:53,8,8,13.25,12,251,
2-3,14:9:54,13,13,13.3,12,251,
2-3,14:9:54,11,11,13.29,12,251,
2-3,14:9:55,19,19,13.35,12,251,
2-3,14:9:55,11,11,13.28,12,251,
2-3,14:9:56,16,16,13.34,12,251,
2-3,14:9:56,7,7,13.25,12,251,
2-3,14:9:57,7,7,13.24,12,251,
2-3,14:9:57,5,5,13.24,12,251,
2-3,14:9:58,16,16,13.32,12,251,
2-3,14:9:58,7,7,13.27,12,251,
2-3,14:9:59,18,18,13.34,12,251,
2-3,14:9:59,8,8,13.29,12,251,
2-3,14:10:0,18,18,13.35,12,251,
2-3,14:10:0,24,24,13.39,12,251,
2-3,14:10:1,5,5,13.23,12,251,
2-3,14:10:1,0,0,13.14,12,251,
2-3,14:10:2,11,11,13.3,12,251,
2-3,14:10:2,2,2,13.2,12,251,
2-3,14:10:3,19,19,13.37,12,251,
2-3,14:10:3,18,18,13.33,12,251,
2-3,14:10:4,5,5,13.23,12,251,
2-3,14:10:4,9,9,13.27,12,251,
2-3,14:10:5,12,12,13.3,12,251,
2-3,14:10:5,26,26,13.41,12,251,
2-3,14:10:6,17,17,13.33,12,251,
2-3,14:10:6,14,14,13.3,12,251,
2-3,14:10:7,16,16,13.32,12,251,
2-3,14:10:7,17,17,13.35,12,251,
2-3,14:10:8,12,12,13.27,12,251,
2-3,14:10:8,18,18,13.36,12,251,
2-3,14:10:9,8,8,13.26,12,251,
2-3,14:10:9,14,14,13.31,12,251,
2-3,14:10:10,17,17,13.34,12,251,
2-3,14:10:10,16,16,13.35,12,251,
2-3,14:10:11,22,22,13.39,12,251,
2-3,14:10:11,2,2,13.22,12,251,
2-3,14:10:12,5,5,13.22,12,251,
2-3,14:10:12,10,10,13.29,12,251,
2-3,14:10:13,2,2,13.18,12,251,
2-3,14:10:13,23,23,13.41,12,251,
2-3,14:10:14,23,23,13.37,12,251,
2-3,14:10:14,4,4,13.23,12,251,
2-3,14:10:15,8,8,13.28,12,251,
2-3,14:10:15,13,13,13.31,12,251,
2-3,14:10:16,3,3,13.21,12,251,
2-3,14:10:16,6,6,13.25,12,251,
2-3,14:10:17,25,25,13.4,12,251,
2-3,14:10:17,7,7,13.26,12,251,
2-3,14:10:18,17,17,13.35,12,251,
2-3,14:10:18,5,5,13.21,12,251,
2-3,14:10:19,21,21,13.38,12,251,
2-3,14:10:19,23,23,13.39,12,251,
2-3,14:10:20,9,9,13.28,12,251,
2-3,14:10:20,13,13,13.32,12,251,
2-3,14:10:21,23,23,13.4,12,251,
2-3,14:10:21,7,7,13.26,12,251,
2-3,14:10:22,27,27,13.44,12,251,
2-3,14:10:22,25,25,13.41,12,251,
2-3,14:10:23,18,18,13.36,12,251,
2-3,14:10:23,7,7,13.26,12,251,
2-3,14:10:24,7,7,13.28,12,251,
2-3,14:10:24,13,13,13.34,12,251,
2-3,14:10:25,17,17,13.34,12,251,
2-3,14:10:25,8,8,13.28,12,251,
2-3,14:10:26,3,3,13.23,12,251,
2-3,14:10:26,21,21,13.39,12,251,
2-3,14:10:27,18,18,13.35,12,251,
2-3,14:10:27,12,12,13.32,12,251,
2-3,14:10:28,11,11,13.29,12,251,
2-3,14:10:28,15,15,13.34,12,251,
2-3,14:10:29,29,29,13.45,12,251,
2-3,14:10:29,11,11,13.31,12,251,
2-3,14:10:30,15,15,13.34,12,251,
2-3,14:10:30,20,20,13.36,12,251,
2-3,14:10:31,19,19,13.39,12,251,
2-3,14:10:31,9,9,13.28,12,251,
2-3,14:10:32,6,6,13.26,12,251,
2-3,14:10:32,5,5,13.26,12,251,
2-3,14:10:33,8,8,13.29,12,251,
2-3,14:10:33,10,10,13.32,12,251,
2-3,14:10:34,8,8,13.3,12,251,
2-3,14:10:34,7,7,13.29,12,251,
2-3,14:10:35,0,0,13.16,12,251,
2-3,14:10:35,8,8,13.27,12,251,
2-3,14:10:36,9,9,13.31,12,251,
2-3,14:10:36,9,9,13.32,12,251,
2-3,14:10:37,5,5,13.28,12,251,
2-3,14:10:37,18,18,13.35,12,251,
2-3,14:10:38,6,6,13.27,12,251,
2-3,14:10:38,3,3,13.21,12,251,
2-3,14:10:39,7,7,13.27,12,251,
2-3,14:10:39,6,6,13.27,12,251,
2-3,14:10:40,13,13,13.32,12,251,
2-3,14:10:40,19,19,13.37,12,251,
2-3,14:10:41,7,7,13.25,12,251,
2-3,14:10:41,0,0,13.17,12,251,
2-3,14:10:42,18,18,13.35,12,251,
2-3,14:10:42,11,11,13.31,12,251,
2-3,14:10:43,8,8,13.28,12,251,
2-3,14:10:43,13,13,13.32,12,251,
2-3,14:10:44,16,16,13.34,12,251,
2-3,14:10:44,17,17,13.37,12,251,
2-3,14:10:45,13,13,13.34,12,251,
2-3,14:10:45,7,7,13.24,12,251,
2-3,14:10:46,21,21,13.34,12,251,
2-3,14:10:46,28,28,13.36,12,251,
2-3,14:10:47,30,30,13.33,12,251,
2-3,14:10:47,38,38,13.33,12,251,
2-3,14:10:48,31,31,13.24,12,251,
2-3,14:10:48,49,49,13.43,12,251,
2-3,14:10:49,44,44,13.3,12,251,
2-3,14:10:49,50,50,13.35,12,251,
2-3,14:10:50,51,51,13.33,12,251,
2-3,14:10:50,56,56,13.4,12,251,
2-3,14:10:51,57,57,13.34,12,251,
2-3,14:10:51,63,63,13.46,12,251,
2-3,14:10:52,60,60,13.36,12,251,
2-3,14:10:52,69,69,13.61,12,251,
2-3,14:10:53,71,71,13.59,12,251,
2-3,14:10:53,71,71,13.6,12,251,
2-3,14:10:54,69,69,13.44,12,251,
2-3,14:10:54,76,76,13.64,12,251,
2-3,14:10:55,72,72,13.53,12,251,
2-3,14:10:55,74,74,13.67,12,251,
2-3,14:10:56,75,75,13.59,12,251,
2-3,14:10:56,72,72,13.32,12,251,
2-3,14:10:57,75,75,13.62,12,251,
2-3,14:10:57,72,72,13.83,12,251,
2-3,14:10:58,74,74,13.72,12,251,
2-3,14:10:58,78,78,13.63,12,251,
2-3,14:10:59,78,78,13.59,12,251,
2-3,14:10:59,78,78,13.62,12,251,
2-3,14:11:0,74,74,13.79,12,251,
2-3,14:11:0,78,78,13.55,12,251,
2-3,14:11:1,80,80,13.69,12,251,
2-3,14:11:1,78,78,13.59,12,251,
2-3,14:11:2,76,76,13.36,12,251,
2-3,14:11:2,75,75,13.75,12,251,
2-3,14:11:3,78,78,13.8,12,251,
2-3,14:11:3,78,78,13.79,12,251,
2-3,14:11:4,75,75,13.73,12,251,
2-3,14:11:4,75,75,13.78,12,251,
2-3,14:11:5,74,74,13.84,12,251,
2-3,14:11:5,75,75,13.83,12,251,
2-3,14:11:6,76,76,13.71,12,251,
2-3,14:11:6,79,79,13.54,12,251,
2-3,14:11:7,75,75,13.79,12,251,
2-3,14:11:7,74,74,13.83,12,251,
2-3,14:11:8,76,76,13.76,12,251,
2-3,14:11:8,79,79,13.55,12,251,
2-3,14:11:9,79,79,13.59,12,251,
2-3,14:11:9,78,78,13.7,12,251,
2-3,14:11:10,75,75,13.83,12,251,
2-3,14:11:10,79,79,13.65,12,251,
2-3,14:11:11,78,78,14.02,12,251,
2-3,14:11:11,78,78,13.84,12,251,
2-3,14:11:12,79,79,13.84,12,251,
2-3,14:11:12,79,79,13.74,12,251,
2-3,14:11:13,79,79,13.68,12,251,
2-3,14:11:13,79,79,13.72,12,251,
2-3,14:11:14,79,79,13.65,12,251,
2-3,14:11:14,79,79,13.83,12,251,
2-3,14:11:15,78,78,13.81,12,251,
2-3,14:11:15,78,78,13.9,12,251,
2-3,14:11:16,75,75,13.81,12,251,
2-3,14:11:16,78,78,13.49,12,251,
2-3,14:11:17,79,79,13.55,12,251,
2-3,14:11:17,79,79,13.75,12,251,
2-3,14:11:18,79,79,13.66,12,251,
2-3,14:11:18,77,77,13.93,12,251,
2-3,14:11:19,78,78,13.77,12,251,
2-3,14:11:19,79,79,13.66,12,251,
2-3,14:11:20,78,78,13.89,12,251,
2-3,14:11:20,79,79,13.82,12,251,
2-3,14:11:21,79,79,13.74,12,251,
2-3,14:11:21,79,79,13.9,12,251,
2-3,14:11:22,79,79,13.83,12,251,
2-3,14:11:22,80,80,13.7,12,251,
2-3,14:11:23,79,79,13.71,12,251,
2-3,14:11:23,78,78,14.01,12,251,
2-3,14:11:24,79,79,13.87,12,251,
2-3,14:11:24,79,79,13.85,12,251,
2-3,14:11:25,79,79,13.72,12,251,
2-3,14:11:25,80,80,13.58,12,251,
2-3,14:11:26,78,78,13.89,12,251,
2-3,14:11:26,78,78,13.82,12,251,
2-3,14:11:27,80,80,13.66,12,251,
2-3,14:11:27,80,80,13.71,12,251,
2-3,14:11:28,80,80,13.6,12,251,
2-3,14:11:28,76,76,13.86,12,251,
2-3,14:11:29,79,79,13.82,12,251,
2-3,14:11:29,79,79,13.78,12,251,
2-3,14:11:30,79,79,13.83,12,251,
2-3,14:11:30,79,79,13.82,12,251,
2-3,14:11:31,79,79,13.69,12,251,
2-3,14:11:31,79,79,13.68,12,251,
2-3,14:11:32,79,79,13.69,12,251,
2-3,14:11:32,76,76,13.88,12,251,
2-3,14:11:33,78,78,13.79,12,251,
2-3,14:11:33,79,79,13.66,12,251,
2-3,14:11:34,77,77,13.85,12,251,
2-3,14:11:34,79,79,13.71,12,251,
2-3,14:11:35,78,78,13.78,12,251,
2-3,14:11:35,77,77,13.79,12,251,
2-3,14:11:36,79,79,14.02,12,251,
2-3,14:11:36,79,79,13.82,12,251,
2-3,14:11:37,79,79,13.71,12,251,
2-3,14:11:37,80,80,13.63,12,251,
2-3,14:11:38,79,79,13.81,12,251,
2-3,14:11:38,80,80,13.79,12,251,
2-3,14:11:39,81,81,13.59,12,251,
2-3,14:11:39,78,78,13.75,12,251,
2-3,14:11:40,79,79,13.73,12,251,
2-3,14:11:40,79,79,13.68,12,251,
2-3,14:11:41,79,79,13.66,12,251,
2-3,14:11:41,80,80,13.7,12,251,
2-3,14:11:42,79,79,13.75,12,251,
2-3,14:11:42,79,79,13.71,12,251,
2-3,14:11:43,80,80,13.67,12,251,
2-3,14:11:43,79,79,14.05,12,251,
2-3,14:11:44,79,79,13.7,12,251,
2-3,14:11:44,80,80,13.43,12,251,
2-3,14:11:45,77,77,13.8,12,251,
2-3,14:11:45,79,79,13.7,12,251,
2-3,14:11:46,80,80,13.66,12,251,
2-3,14:11:46,78,78,13.81,12,251,
2-3,14:11:47,80,80,13.72,12,251,
2-3,14:11:47,78,78,13.83,12,251,
2-3,14:11:48,80,80,13.48,12,251,
2-3,14:11:48,78,78,13.78,12,251,
2-3,14:11:49,79,79,13.72,12,251,
2-3,14:11:49,81,81,13.5,12,251,
2-3,14:11:50,77,77,13.88,12,251,
2-3,14:11:50,80,80,13.65,12,251,
2-3,14:11:51,78,78,13.8,12,251,
2-3,14:11:51,78,78,13.74,12,251,
2-3,14:11:52,79,79,13.92,12,251,
2-3,14:11:52,80,80,13.67,12,251,
2-3,14:11:53,80,80,13.54,12,251,
2-3,14:11:53,78,78,13.76,12,251,
2-3,14:11:54,78,78,13.79,12,251,
2-3,14:11:54,79,79,13.73,12,251,
2-3,14:11:55,79,79,13.67,12,251,
2-3,14:11:55,80,80,13.57,12,251,
2-3,14:11:56,79,79,13.83,12,251,
2-3,14:11:56,80,80,13.47,12,251,
2-3,14:11:57,79,79,13.99,12,251,
2-3,14:11:57,79,79,13.76,12,251,
2-3,14:11:58,79,79,13.85,12,251,
2-3,14:11:58,79,79,13.63,12,251,
2-3,14:11:59,79,79,13.7,12,251,
2-3,14:11:59,79,79,13.76,12,251,
2-3,14:12:0,80,80,13.54,12,251,
2-3,14:12:0,79,79,13.69,12,251,
2-3,14:12:1,80,80,13.55,12,251,
2-3,14:12:1,79,79,13.55,12,251,
2-3,14:12:2,79,79,13.69,12,251,
2-3,14:12:2,80,80,13.63,12,251,
2-3,14:12:3,79,79,13.74,12,251,
2-3,14:12:3,79,79,13.74,12,251,
2-3,14:12:4,80,80,13.61,12,251,
2-3,14:12:4,79,79,13.82,12,251,
2-3,14:12:5,80,80,13.5,12,251,
2-3,14:12:5,79,79,13.72,12,251,
2-3,14:12:6,79,79,13.75,12,251,
2-3,14:12:6,79,79,13.78,12,251,
2-3,14:12:7,79,79,13.66,12,251,
2-3,14:12:7,79,79,13.85,12,251,
2-3,14:12:8,78,78,13.85,12,251,
2-3,14:12:8,79,79,13.41,12,251,
2-3,14:12:9,80,80,13.6,12,251,
2-3,14:12:9,78,78,13.79,12,251,
2-3,14:12:10,79,79,13.52,12,251,
2-3,14:12:10,78,78,13.76,12,251,
2-3,14:12:11,79,79,13.61,12,251,
2-3,14:12:11,79,79,13.55,12,251,
2-3,14:12:12,78,78,13.88,12,251,
2-3,14:12:12,79,79,13.7,12,251,
2-3,14:12:13,79,79,13.61,12,251,
2-3,14:12:13,78,78,13.65,12,251,
2-3,14:12:14,78,78,13.5,12,251,
2-3,14:12:14,78,78,13.86,12,251,
2-3,14:12:15,76,76,13.75,12,251,
2-3,14:12:15,78,78,13.77,12,251,
2-3,14:12:16,79,79,13.62,12,251,
2-3,14:12:16,80,80,13.37,12,251,
2-3,14:12:17,79,79,13.58,12,251,
2-3,14:12:17,78,78,13.75,12,251,
2-3,14:12:18,74,74,13.82,12,251,
2-3,14:12:18,79,79,13.55,12,251,
2-3,14:12:19,77,77,13.45,12,251,
2-3,14:12:19,79,79,13.57,12,251,
2-3,14:12:20,76,76,13.72,12,251,
2-3,14:12:20,79,79,13.55,12,251,
2-3,14:12:21,76,76,13.68,12,251,
2-3,14:12:21,78,78,13.5,12,251,
2-3,14:12:22,77,77,13.46,12,251,
2-3,14:12:22,74,74,13.8,12,251,
2-3,14:12:23,76,76,13.45,12,251,
2-3,14:12:23,75,75,13.4,12,251,
2-3,14:12:24,76,76,13.4,12,251,
2-3,14:12:24,79,79,13.64,12,251,
2-3,14:12:25,75,75,13.68,12,251,
2-3,14:12:25,77,77,13.54,12,251,
2-3,14:12:26,74,74,13.68,12,251,
2-3,14:12:26,79,79,13.63,12,251,
2-3,14:12:27,78,78,13.54,12,251,
2-3,14:12:27,76,76,13.49,12,251,
2-3,14:12:28,75,75,13.64,12,251,
2-3,14:12:28,75,75,13.69,12,251,
2-3,14:12:29,74,74,13.43,12,251,
2-3,14:12:29,75,75,13.68,12,251,
2-3,14:12:30,75,75,13.43,12,251,
2-3,14:12:30,77,77,13.56,12,251,
2-3,14:12:31,75,75,13.69,12,251,
2-3,14:12:31,75,75,13.51,12,251,
2-3,14:12:32,75,75,13.53,12,251,
2-3,14:12:32,74,74,13.49,12,251,
2-3,14:12:33,75,75,13.64,12,251,
2-3,14:12:33,75,75,13.65,12,251,
2-3,14:12:34,71,71,13.29,12,251,
2-3,14:12:34,75,75,13.5,12,251,
2-3,14:12:35,72,72,13.35,12,251,
2-3,14:12:35,75,75,13.64,12,251,
2-3,14:12:36,74,74,13.45,12,251,
2-3,14:12:36,73,73,13.37,12,251,
2-3,14:12:37,75,75,13.5,12,251,
2-3,14:12:37,75,75,13.52,12,251,
2-3,14:12:38,75,75,13.6,12,251,
2-3,14:12:38,75,75,13.5,12,251,
2-3,14:12:39,72,72,13.39,12,251,
2-3,14:12:39,75,75,13.51,12,251,
2-3,14:12:40,75,75,13.5,12,251,
2-3,14:12:40,75,75,13.5,12,251,
2-3,14:12:41,74,74,13.57,12,251,
2-3,14:12:41,71,71,13.38,12,251,
2-3,14:12:42,74,74,13.69,12,251,
2-3,14:12:42,75,75,13.53,12,251,
2-3,14:12:43,72,72,13.39,12,251,
2-3,14:12:43,73,73,13.64,12,251,
2-3,14:12:44,71,71,13.4,12,251,
2-3,14:12:44,72,72,13.41,12,251,
2-3,14:12:45,75,75,13.5,12,251,
2-3,14:12:45,73,73,13.42,12,251,
2-3,14:12:46,70,70,13.38,12,251,
2-3,14:12:46,71,71,13.38,12,251,
2-3,14:12:47,70,70,13.33,12,251,
2-3,14:12:47,74,74,13.5,12,251,
2-3,14:12:48,74,74,13.5,12,251,
2-3,14:12:48,73,73,13.36,12,251,
2-3,14:12:49,70,70,13.4,12,251,
2-3,14:12:49,74,74,13.49,12,251,
2-3,14:12:50,68,68,13.34,12,251,
2-3,14:12:50,74,74,13.52,12,251,
2-3,14:12:51,75,75,13.64,12,251,
2-3,14:12:51,66,66,13.26,12,251,
2-3,14:12:52,73,73,13.6,12,251,
2-3,14:12:52,70,70,13.4,12,251,
2-3,14:12:53,70,70,13.42,12,251,
2-3,14:12:53,69,69,13.32,12,251,
2-3,14:12:54,68,68,13.32,12,251,
2-3,14:12:54,69,69,13.37,12,251,
2-3,14:12:55,73,73,13.55,12,251,
2-3,14:12:55,68,68,13.34,12,251,
2-3,14:12:56,70,70,13.46,12,251,
2-3,14:12:56,69,69,13.39,12,251,
2-3,14:12:57,72,72,13.51,12,251,
2-3,14:12:57,69,69,13.4,12,251,
2-3,14:12:58,74,74,13.63,12,251,
2-3,14:12:58,72,72,13.51,12,251,
2-3,14:12:59,67,67,13.35,12,251,
2-3,14:12:59,70,70,13.46,12,251,
2-3,14:13:0,66,66,13.33,12,251,
2-3,14:13:0,69,69,13.38,12,251,
2-3,14:13:1,67,67,13.34,12,251,
2-3,14:13:1,69,69,13.46,12,251,
2-3,14:13:2,67,67,13.37,12,251,
2-3,14:13:2,69,69,13.75,12,251,
2-3,14:13:3,69,69,13.46,12,251,
2-3,14:13:3,69,69,13.45,12,251,
2-3,14:13:4,67,67,13.39,12,251,
2-3,14:13:4,68,68,13.4,12,251,
2-3,14:13:5,65,65,13.27,12,251,
2-3,14:13:5,66,66,13.37,12,251,
2-3,14:13:6,70,70,13.63,12,251,
2-3,14:13:6,65,65,13.3,12,251,
2-3,14:13:7,65,65,13.28,12,251,
2-3,14:13:7,64,64,13.31,12,251,
2-3,14:13:8,62,62,13.28,12,251,
2-3,14:13:8,66,66,13.4,12,251,
2-3,14:13:9,63,63,13.26,12,251,
2-3,14:13:9,64,64,13.32,12,251,
2-3,14:13:10,66,66,13.36,12,251,
2-3,14:13:10,71,71,13.57,12,251,
2-3,14:13:11,70,70,13.5,12,251,
2-3,14:13:11,64,64,13.34,12,251,
2-3,14:13:12,66,66,13.41,12,251,
2-3,14:13:12,65,65,13.37,12,251,
2-3,14:13:13,69,69,13.44,12,251,
2-3,14:13:13,70,70,13.44,12,251,
2-3,14:13:14,63,63,13.31,12,251,
2-3,14:13:14,63,63,13.31,12,251,
2-3,14:13:15,60,60,13.25,12,251,
2-3,14:13:15,63,63,13.3,12,251,
2-3,14:13:16,65,65,13.39,12,251,
2-3,14:13:16,64,64,13.34,12,251,
2-3,14:13:17,62,62,13.33,12,251,
2-3,14:13:17,67,67,13.41,12,251,
2-3,14:13:18,59,59,13.24,12,251,
2-3,14:13:18,63,63,13.32,12,251,
2-3,14:13:19,65,65,13.32,12,251,
2-3,14:13:19,63,63,13.3,12,251,
2-3,14:13:20,60,60,13.25,12,251,
2-3,14:13:20,69,69,13.4,12,251,
2-3,14:13:21,63,63,13.36,12,251,
2-3,14:13:21,60,60,13.26,12,251,
2-3,14:13:22,63,63,13.29,12,251,
2-3,14:13:22,65,65,13.37,12,251,
2-3,14:13:23,64,64,13.31,12,251,
2-3,14:13:23,65,65,13.39,12,251,
2-3,14:13:24,64,64,13.38,12,251,
2-3,14:13:24,62,62,13.27,12,251,
2-3,14:13:25,60,60,13.24,12,251,
2-3,14:13:25,65,65,13.44,12,251,
2-3,14:13:26,57,57,13.16,12,251,
2-3,14:13:26,61,61,13.27,12,251,
2-3,14:13:27,60,60,13.24,12,251,
2-3,14:13:27,61,61,13.29,12,251,
2-3,14:13:28,64,64,13.36,12,251,
2-3,14:13:28,60,60,13.24,12,251,
2-3,14:13:29,60,60,13.27,12,251,
2-3,14:13:29,69,69,13.36,12,251,
2-3,14:13:30,66,66,13.4,12,251,
2-3,14:13:30,63,63,13.37,12,251,
2-3,14:13:31,60,60,13.25,12,251,
2-3,14:13:31,60,60,13.3,12,251,
2-3,14:13:32,64,64,13.37,12,251,
2-3,14:13:32,61,61,13.34,12,251,
2-3,14:13:33,69,69,13.44,12,251,
2-3,14:13:33,63,63,13.36,12,251,
2-3,14:13:34,59,59,13.25,12,251,
2-3,14:13:34,59,59,13.3,12,251,
2-3,14:13:35,59,59,13.27,12,251,
2-3,14:13:35,63,63,13.34,12,251,
2-3,14:13:36,60,60,13.27,12,251,
2-3,14:13:36,65,65,13.45,12,251,
2-3,14:13:37,63,63,13.38,12,251,
2-3,14:13:37,65,65,13.44,12,251,
2-3,14:13:38,61,61,13.32,12,251,
2-3,14:13:38,62,62,13.32,12,251,
2-3,14:13:39,61,61,13.28,12,251,
2-3,14:13:39,62,62,13.3,12,251,
2-3,14:13:40,66,66,13.47,12,251,
2-3,14:13:40,59,59,13.31,12,251,
2-3,14:13:41,63,63,13.37,12,251,
2-3,14:13:41,64,64,13.38,12,251,
2-3,14:13:42,54,54,13.11,12,251,
2-3,14:13:42,66,66,13.48,12,251,
2-3,14:13:43,61,61,13.3,12,251,
2-3,14:13:43,63,63,13.35,12,251,
2-3,14:13:44,64,64,13.38,12,251,
2-3,14:13:44,62,62,13.39,12,251,
2-3,14:13:45,63,63,13.38,12,251,
2-3,14:13:45,63,63,13.33,12,251,
2-3,14:13:46,62,62,13.36,12,251,
2-3,14:13:46,61,61,13.32,12,251,
2-3,14:13:47,57,57,13.27,12,251,
2-3,14:13:47,63,63,13.4,12,251,
2-3,14:13:48,59,59,13.33,12,251,
2-3,14:13:48,58,58,13.25,12,251,
2-3,14:13:49,61,61,13.28,12,251,
2-3,14:13:49,66,66,13.38,12,251,
2-3,14:13:50,64,64,13.45,12,251,
2-3,14:13:50,64,64,13.4,12,251,
2-3,14:13:51,67,67,13.54,12,251,
2-3,14:13:51,65,65,13.48,12,251,
2-3,14:13:52,59,59,13.28,12,251,
2-3,14:13:52,63,63,13.38,12,251,
2-3,14:13:53,59,59,13.29,12,251,
2-3,14:13:53,69,69,13.36,12,251,
2-3,14:13:54,61,61,13.34,12,251,
2-3,14:13:54,60,60,13.33,12,251,
2-3,14:13:55,62,62,13.31,12,251,
2-3,14:13:55,61,61,13.34,12,251,
2-3,14:13:56,59,59,13.3,12,251,
2-3,14:13:56,62,62,13.39,12,251,
2-3,14:13:57,60,60,13.3,12,251,
2-3,14:13:57,56,56,13.25,12,251,
2-3,14:13:58,58,58,13.26,12,251,
2-3,14:13:58,56,56,13.21,12,251,
2-3,14:13:59,66,66,13.49,12,251,
2-3,14:13:59,59,59,13.31,12,251,
2-3,14:14:0,57,57,13.24,12,251,
2-3,14:14:0,61,61,13.25,12,251,
2-3,14:14:1,58,58,13.27,12,251,
2-3,14:14:1,58,58,13.27,12,251,
2-3,14:14:2,57,57,13.25,12,251,
2-3,14:14:2,62,62,13.37,12,251,
2-3,14:14:3,59,59,13.25,12,251,
2-3,14:14:3,59,59,13.33,12,251,
2-3,14:14:4,60,60,13.31,12,251,
2-3,14:14:4,57,57,13.28,12,251,
2-3,14:14:5,62,62,13.36,12,251,
2-3,14:14:5,53,53,13.19,12,251,
2-3,14:14:6,64,64,13.4,12,251,
2-3,14:14:6,59,59,13.3,12,251,
2-3,14:14:7,56,56,13.25,12,251,
2-3,14:14:7,59,59,13.32,12,251,
2-3,14:14:8,58,58,13.32,12,251,
2-3,14:14:8,60,60,13.32,12,251,
2-3,14:14:9,56,56,13.27,12,251,
2-3,14:14:9,58,58,13.27,12,251,
2-3,14:14:10,60,60,13.31,12,251,
2-3,14:14:10,58,58,13.27,12,251,
2-3,14:14:11,59,59,13.27,12,251,
2-3,14:14:11,61,61,13.38,12,251,
2-3,14:14:12,52,52,13.14,12,251,
2-3,14:14:12,56,56,13.26,12,251,
2-3,14:14:13,65,65,13.49,12,251,
2-3,14:14:13,55,55,13.23,12,251,
2-3,14:14:14,58,58,13.28,12,251,
2-3,14:14:14,62,62,13.39,12,251,
2-3,14:14:15,55,55,13.23,12,251,
2-3,14:14:15,63,63,13.42,12,251,
2-3,14:14:16,54,54,13.22,12,251,
2-3,14:14:16,63,63,13.4,12,251,
2-3,14:14:17,60,60,13.32,12,251,
2-3,14:14:17,65,65,13.46,12,251,
2-3,14:14:18,53,53,13.18,12,251,
2-3,14:14:18,60,60,13.35,12,251,
2-3,14:14:19,60,60,13.34,12,251,
2-3,14:14:19,58,58,13.28,12,251,
2-3,14:14:20,61,61,13.38,12,251,
2-3,14:14:20,59,59,13.32,12,251,
2-3,14:14:21,59,59,13.28,12,251,
2-3,14:14:21,61,61,13.35,12,251,
2-3,14:14:22,59,59,13.28,12,251,
2-3,14:14:22,60,60,13.33,12,251,
2-3,14:14:23,62,62,13.37,12,251,
2-3,14:14:23,59,59,13.29,12,251,
2-3,14:14:24,63,63,13.38,12,251,
2-3,14:14:24,64,64,13.44,12,251,
2-3,14:14:25,61,61,13.28,12,251,
2-3,14:14:25,66,66,13.5,12,251,
2-3,14:14:26,58,58,13.23,12,251,
2-3,14:14:26,59,59,13.3,12,251,
2-3,14:14:27,57,57,13.29,12,251,
2-3,14:14:27,56,56,13.2,12,251,
2-3,14:14:28,60,60,13.33,12,251,
2-3,14:14:28,60,60,13.31,12,251,
2-3,14:14:29,59,59,13.31,12,251,
2-3,14:14:29,60,60,13.35,12,251,
2-3,14:14:30,63,63,13.41,12,251,
2-3,14:14:30,53,53,13.16,12,251,
2-3,14:14:31,58,58,13.24,12,251,
2-3,14:14:31,55,55,13.25,12,251,
2-3,14:14:32,62,62,13.35,12,251,
2-3,14:14:32,59,59,13.28,12,251,
2-3,14:14:33,55,55,13.19,12,251,
2-3,14:14:33,62,62,13.37,12,251,
2-3,14:14:34,61,61,13.32,12,251,
2-3,14:14:34,62,62,13.36,12,251,
2-3,14:14:35,57,57,13.27,12,251,
2-3,14:14:35,58,58,13.26,12,251,
2-3,14:14:36,65,65,13.47,12,251,
2-3,14:14:36,63,63,13.39,12,251,
2-3,14:14:37,60,60,13.29,12,251,
2-3,14:14:37,58,58,13.27,12,251,
2-3,14:14:38,60,60,13.3,12,251,
2-3,14:14:38,56,56,13.22,12,251,
2-3,14:14:39,64,64,13.45,12,251,
2-3,14:14:39,61,61,13.35,12,251,
2-3,14:14:40,58,58,13.29,12,251,
2-3,14:14:40,61,61,13.4,12,251,
2-3,14:14:41,62,62,13.36,12,251,
2-3,14:14:41,60,60,13.35,12,251,
2-3,14:14:42,58,58,13.24,12,251,
2-3,14:14:42,65,65,13.45,12,251,
2-3,14:14:43,59,59,13.29,12,251,
2-3,14:14:43,57,57,13.23,12,251,
2-3,14:14:44,61,61,13.26,12,251,
2-3,14:14:44,62,62,13.3,12,251,
2-3,14:14:45,62,62,13.36,12,251,
2-3,14:14:45,59,59,13.3,12,251,
2-3,14:14:46,61,61,13.29,12,251,
2-3,14:14:46,60,60,13.35,12,251,
2-3,14:14:47,63,63,13.38,12,251,
2-3,14:14:47,59,59,13.24,12,251,
2-3,14:14:48,59,59,13.34,12,251,
2-3,14:14:48,58,58,13.27,12,251,
2-3,14:14:49,61,61,13.32,12,251,
2-3,14:14:49,60,60,13.33,12,251,
2-3,14:14:50,59,59,13.27,12,251,
2-3,14:14:50,59,59,13.28,12,251,
2-3,14:14:51,57,57,13.21,12,251,
2-3,14:14:51,54,54,13.16,12,251,
2-3,14:14:52,65,65,13.44,12,251,
2-3,14:14:52,61,61,13.37,12,251,
2-3,14:14:53,60,60,13.33,12,251,
2-3,14:14:53,61,61,13.33,12,251,
2-3,14:14:54,58,58,13.27,12,251,
2-3,14:14:54,59,59,13.26,12,251,
2-3,14:14:55,54,54,13.26,12,251,
2-3,14:14:55,59,59,13.34,12,251,
2-3,14:14:56,56,56,13.26,12,251,
2-3,14:14:56,57,57,13.26,12,251,
2-3,14:14:57,58,58,13.33,12,251,
2-3,14:14:57,61,61,13.38,12,251,
2-3,14:14:58,62,62,13.37,12,251,
2-3,14:14:58,59,59,13.35,12,251,
2-3,14:14:59,54,54,13.21,12,251,
2-3,14:14:59,54,54,13.24,12,251,
2-3,14:15:0,59,59,13.38,12,251,
2-3,14:15:0,60,60,13.36,12,251,
2-3,14:15:1,63,63,13.45,12,251,
2-3,14:15:1,60,60,13.33,12,251,
2-3,14:15:2,58,58,13.3,12,251,
2-3,14:15:2,58,58,13.32,12,251,
2-3,14:15:3,57,57,13.28,12,251,
2-3,14:15:3,54,54,13.3,12,251,
2-3,14:15:4,57,57,13.28,12,251,
2-3,14:15:4,59,59,13.32,12,251,
2-3,14:15:5,52,52,13.2,12,251,
2-3,14:15:5,53,53,13.2,12,251,
2-3,14:15:6,57,57,13.28,12,251,
2-3,14:15:6,62,62,13.39,12,251,
2-3,14:15:7,62,62,13.44,12,251,
2-3,14:15:7,61,61,13.35,12,251,
2-3,14:15:8,57,57,13.29,12,251,
2-3,14:15:8,58,58,13.35,12,251,
2-3,14:15:9,57,57,13.31,12,251,
2-3,14:15:9,55,55,13.25,12,251,
2-3,14:15:10,64,64,13.45,12,251,
2-3,14:15:10,59,59,13.35,12,251,
2-3,14:15:11,54,54,13.23,12,251,
2-3,14:15:11,55,55,13.21,12,251,
2-3,14:15:12,59,59,13.26,12,251,
2-3,14:15:12,56,56,13.28,12,251,
2-3,14:15:13,56,56,13.29,12,251,
2-3,14:15:13,62,62,13.4,12,251,
2-3,14:15:14,62,62,13.42,12,251,
2-3,14:15:14,58,58,13.32,12,251,
2-3,14:15:15,51,51,13.18,12,251,
2-3,14:15:15,57,57,13.27,12,251,
2-3,14:15:16,65,65,13.52,12,251,
2-3,14:15:16,55,55,13.24,12,251,
2-3,14:15:17,54,54,13.21,12,251,
2-3,14:15:17,56,56,13.27,12,251,
2-3,14:15:18,56,56,13.26,12,251,
2-3,14:15:18,55,55,13.25,12,251,
2-3,14:15:19,54,54,13.2,12,251,
2-3,14:15:19,56,56,13.23,12,251,
2-3,14:15:20,59,59,13.26,12,251,
2-3,14:15:20,59,59,13.37,12,251,
2-3,14:15:21,57,57,13.3,12,251,
2-3,14:15:21,60,60,13.36,12,251,
2-3,14:15:22,58,58,13.29,12,251,
2-3,14:15:22,54,54,13.21,12,251,
2-3,14:15:23,64,64,13.47,12,251,
2-3,14:15:23,55,55,13.2,12,251,
2-3,14:15:24,62,62,13.37,12,251,
2-3,14:15:24,58,58,13.22,12,251,
2-3,14:15:25,58,58,13.3,12,251,
2-3,14:15:25,60,60,13.34,12,251,
2-3,14:15:26,61,61,13.35,12,251,
2-3,14:15:26,56,56,13.25,12,251,
2-3,14:15:27,59,59,13.34,12,251,
2-3,14:15:27,60,60,13.27,12,251,
2-3,14:15:28,66,66,13.53,12,251,
2-3,14:15:28,60,60,13.31,12,251,
2-3,14:15:29,57,57,13.21,12,251,
2-3,14:15:29,63,63,13.4,12,251,
2-3,14:15:30,55,55,13.21,12,251,
2-3,14:15:30,57,57,13.26,12,251,
2-3,14:15:31,60,60,13.36,12,251,
2-3,14:15:31,61,61,13.28,12,251,
2-3,14:15:32,55,55,13.23,12,251,
2-3,14:15:32,60,60,13.27,12,251,
2-3,14:15:33,58,58,13.25,12,251,
2-3,14:15:33,58,58,13.25,12,251,
2-3,14:15:34,64,64,13.43,12,251,
2-3,14:15:34,60,60,13.32,12,251,
2-3,14:15:35,60,60,13.27,12,251,
2-3,14:15:35,54,54,13.2,12,251,
2-3,14:15:36,56,56,13.28,12,251,
2-3,14:15:36,64,64,13.46,12,251,
2-3,14:15:37,60,60,13.32,12,251,
2-3,14:15:37,60,60,13.36,12,251,
2-3,14:15:38,56,56,13.17,12,251,
2-3,14:15:38,57,57,13.3,12,251,
2-3,14:15:39,60,60,13.33,12,251,
2-3,14:15:39,61,61,13.36,12,251,
2-3,14:15:40,61,61,13.37,12,251,
2-3,14:15:40,57,57,13.25,12,251,
2-3,14:15:41,56,56,13.24,12,251,
2-3,14:15:41,58,58,13.28,12,251,
2-3,14:15:42,61,61,13.38,12,251,
2-3,14:15:42,63,63,13.37,12,251,
2-3,14:15:43,57,57,13.23,12,251,
2-3,14:15:43,61,61,13.29,12,251,
2-3,14:15:44,57,57,13.26,12,251,
2-3,14:15:44,65,65,13.49,12,251,
2-3,14:15:45,61,61,13.39,12,251,
2-3,14:15:45,59,59,13.28,12,251,
2-3,14:15:46,55,55,13.21,12,251,
2-3,14:15:46,59,59,13.28,12,251,
2-3,14:15:47,60,60,13.35,12,251,
2-3,14:15:47,59,59,13.32,12,251,
2-3,14:15:48,59,59,13.32,12,251,
2-3,14:15:48,55,55,13.25,12,251,
2-3,14:15:49,55,55,13.27,12,251,
2-3,14:15:49,56,56,13.26,12,251,
2-3,14:15:50,61,61,13.38,12,251,
2-3,14:15:50,56,56,13.25,12,251,
2-3,14:15:51,59,59,13.34,12,251,
2-3,14:15:51,57,57,13.27,12,251,
2-3,14:15:52,66,66,13.52,12,251,
2-3,14:15:52,53,53,13.17,12,251,
2-3,14:15:53,60,60,13.35,12,251,
2-3,14:15:53,63,63,13.46,12,251,
2-3,14:15:54,63,63,13.47,12,251,
2-3,14:15:54,58,58,13.3,12,251,
2-3,14:15:55,54,54,13.22,12,251,
2-3,14:15:55,62,62,13.37,12,251,
2-3,14:15:56,53,53,13.21,12,251,
2-3,14:15:56,57,57,13.33,12,251,
2-3,14:15:57,58,58,13.32,12,251,
2-3,14:15:57,55,55,13.26,12,251,
2-3,14:15:58,56,56,13.32,12,251,
2-3,14:15:58,57,57,13.3,12,251,
2-3,14:15:59,58,58,13.32,12,251,
2-3,14:15:59,59,59,13.33,12,251,
2-3,14:16:0,62,62,13.37,12,251,
2-3,14:16:0,54,54,13.26,12,251,
2-3,14:16:1,58,58,13.3,12,251,
2-3,14:16:1,50,50,13.16,12,251,
2-3,14:16:2,50,50,13.19,12,251,
2-3,14:16:2,56,56,13.26,12,251,
2-3,14:16:3,53,53,13.21,12,251,
2-3,14:16:3,54,54,13.23,12,251,
2-3,14:16:4,47,47,13.13,12,251,
2-3,14:16:4,58,58,13.28,12,251,
2-3,14:16:5,56,56,13.27,12,251,
2-3,14:16:5,55,55,13.24,12,251,
2-3,14:16:6,60,60,13.38,12,251,
2-3,14:16:6,57,57,13.3,12,251,
2-3,14:16:7,58,58,13.32,12,251,
2-3,14:16:7,55,55,13.24,12,251,
2-3,14:16:8,55,55,13.22,12,251,
2-3,14:16:8,50,50,13.19,12,251,
2-3,14:16:9,53,53,13.26,12,251,
2-3,14:16:9,58,58,13.31,12,251,
2-3,14:16:10,56,56,13.26,12,251,
2-3,14:16:10,54,54,13.2,12,251,
2-3,14:16:11,57,57,13.31,12,251,
2-3,14:16:11,53,53,13.22,12,251,
2-3,14:16:12,53,53,13.24,12,251,
2-3,14:16:12,58,58,13.33,12,251,
2-3,14:16:13,57,57,13.32,12,251,
2-3,14:16:13,54,54,13.26,12,251,
2-3,14:16:14,56,56,13.25,12,251,
2-3,14:16:14,56,56,13.25,12,251,
2-3,14:16:15,57,57,13.34,12,251,
2-3,14:16:15,58,58,13.35,12,251,
2-3,14:16:16,52,52,13.24,12,251,
2-3,14:16:16,52,52,13.2,12,251,
2-3,14:16:17,52,52,13.22,12,251,
2-3,14:16:17,57,57,13.28,12,251,
2-3,14:16:18,56,56,13.3,12,251,
2-3,14:16:18,59,59,13.37,12,251,
2-3,14:16:19,55,55,13.26,12,251,
2-3,14:16:19,55,55,13.26,12,251,
2-3,14:16:20,59,59,13.34,12,251,
2-3,14:16:20,56,56,13.23,12,251,
2-3,14:16:21,58,58,13.26,12,251,
2-3,14:16:21,57,57,13.34,12,251,
2-3,14:16:22,56,56,13.28,12,251,
2-3,14:16:22,56,56,13.27,12,251,
2-3,14:16:23,54,54,13.24,12,251,
2-3,14:16:23,59,59,13.35,12,251,
2-3,14:16:24,57,57,13.29,12,251,
2-3,14:16:24,61,61,13.34,12,251,
2-3,14:16:25,57,57,13.29,12,251,
2-3,14:16:25,60,60,13.37,12,251,
2-3,14:16:26,55,55,13.24,12,251,
2-3,14:16:26,56,56,13.23,12,251,
2-3,14:16:27,59,59,13.35,12,251,
2-3,14:16:27,61,61,13.39,12,251,
2-3,14:16:28,55,55,13.25,12,251,
2-3,14:16:28,53,53,13.2,12,251,
2-3,14:16:29,55,55,13.24,12,251,
2-3,14:16:29,57,57,13.27,12,251,
2-3,14:16:30,55,55,13.24,12,251,
2-3,14:16:30,57,57,13.29,12,251,
2-3,14:16:31,55,55,13.23,12,251,
2-3,14:16:31,53,53,13.23,12,251,
2-3,14:16:32,65,65,13.48,12,251,
2-3,14:16:32,56,56,13.19,12,251,
2-3,14:16:33,57,57,13.28,12,251,
2-3,14:16:33,53,53,13.18,12,251,
2-3,14:16:34,58,58,13.29,12,251,
2-3,14:16:34,59,59,13.33,12,251,
2-3,14:16:35,59,59,13.26,12,251,
2-3,14:16:35,58,58,13.29,12,251,
2-3,14:16:36,57,57,13.26,12,251,
2-3,14:16:36,59,59,13.29,12,251,
2-3,14:16:37,66,66,13.59,12,251,
2-3,14:16:37,54,54,13.23,12,251,
2-3,14:16:38,56,56,13.26,12,251,
2-3,14:16:38,57,57,13.19,12,251,
2-3,14:16:39,58,58,13.29,12,251,
2-3,14:16:39,55,55,13.25,12,251,
2-3,14:16:40,59,59,13.34,12,251,
2-3,14:16:40,60,60,13.33,12,251,
2-3,14:16:41,55,55,13.22,12,251,
2-3,14:16:41,55,55,13.23,12,251,
2-3,14:16:42,58,58,13.24,12,251,
2-3,14:16:42,54,54,13.17,12,251,
2-3,14:16:43,55,55,13.2,12,251,
2-3,14:16:43,59,59,13.29,12,251,
2-3,14:16:44,55,55,13.19,12,251,
2-3,14:16:44,56,56,13.15,12,251,
2-3,14:16:45,60,60,13.36,12,251,
2-3,14:16:45,59,59,13.3,12,251,
2-3,14:16:46,55,55,13.2,12,251,
2-3,14:16:46,57,57,13.27,12,251,
2-3,14:16:47,54,54,13.22,12,251,
2-3,14:16:47,57,57,13.28,12,251,
2-3,14:16:48,62,62,13.38,12,251,
2-3,14:16:48,54,54,13.21,12,251,
2-3,14:16:49,59,59,13.32,12,251,
2-3,14:16:49,59,59,13.27,12,251,
2-3,14:16:50,57,57,13.22,12,251,
2-3,14:16:50,60,60,13.32,12,251,
2-3,14:16:51,62,62,13.38,12,251,
2-3,14:16:51,57,57,13.22,12,251,
2-3,14:16:52,60,60,13.35,12,251,
2-3,14:16:52,58,58,13.27,12,251,
2-3,14:16:53,59,59,13.24,12,251,
2-3,14:16:53,63,63,13.36,12,251,
2-3,14:16:54,58,58,13.28,12,251,
2-3,14:16:54,56,56,13.23,12,251,
2-3,14:16:55,63,63,13.39,12,251,
2-3,14:16:55,64,64,13.48,12,251,
2-3,14:16:56,60,60,13.35,12,251,
2-3,14:16:56,55,55,13.2,12,251,
2-3,14:16:57,60,60,13.31,12,251,
2-3,14:16:57,60,60,13.31,12,251,
2-3,14:16:58,61,61,13.38,12,251,
2-3,14:16:58,58,58,13.28,12,251,
2-3,14:16:59,53,53,13.2,12,251,
2-3,14:16:59,61,61,13.33,12,251,
2-3,14:17:0,60,60,13.33,12,251,
2-3,14:17:0,51,51,13.12,12,251,
2-3,14:17:1,57,57,13.28,12,251,
2-3,14:17:1,53,53,13.15,12,251,
2-3,14:17:2,59,59,13.32,12,251,
2-3,14:17:2,57,57,13.25,12,251,
2-3,14:17:3,61,61,13.36,12,251,
2-3,14:17:3,60,60,13.35,12,251,
2-3,14:17:4,58,58,13.22,12,251,
2-3,14:17:4,53,53,13.19,12,251,
2-3,14:17:5,60,60,13.34,12,251,
2-3,14:17:5,55,55,13.22,12,251,
2-3,14:17:6,59,59,13.32,12,251,
2-3,14:17:6,58,58,13.23,12,251,
2-3,14:17:7,61,61,13.27,12,251,
2-3,14:17:7,54,54,13.19,12,251,
2-3,14:17:8,52,52,13.19,12,251,
2-3,14:17:8,58,58,13.33,12,251,
2-3,14:17:9,59,59,13.3,12,251,
2-3,14:17:9,60,60,13.31,12,251,
2-3,14:17:10,56,56,13.24,12,251,
2-3,14:17:10,64,64,13.41,12,251,
2-3,14:17:11,59,59,13.29,12,251,
2-3,14:17:11,54,54,13.24,12,251,
2-3,14:17:12,56,56,13.22,12,251,
2-3,14:17:12,57,57,13.23,12,251,
2-3,14:17:13,58,58,13.29,12,251,
2-3,14:17:13,62,62,13.33,12,251,
2-3,14:17:14,51,51,13.12,12,251,
2-3,14:17:14,62,62,13.44,12,251,
2-3,14:17:15,63,63,13.37,12,251,
2-3,14:17:15,57,57,13.26,12,251,
2-3,14:17:16,54,54,13.27,12,251,
2-3,14:17:16,67,67,13.52,12,251,
2-3,14:17:17,59,59,13.34,12,251,
2-3,14:17:17,58,58,13.33,12,251,
2-3,14:17:18,61,61,13.37,12,251,
2-3,14:17:18,61,61,13.41,12,251,
2-3,14:17:19,54,54,13.22,12,251,
2-3,14:17:19,60,60,13.33,12,251,
2-3,14:17:20,58,58,13.28,12,251,
2-3,14:17:20,59,59,13.29,12,251,
2-3,14:17:21,54,54,13.19,12,251,
2-3,14:17:21,57,57,13.26,12,251,
2-3,14:17:22,61,61,13.33,12,251,
2-3,14:17:22,58,58,13.24,12,251,
2-3,14:17:23,60,60,13.29,12,251,
2-3,14:17:23,55,55,13.21,12,251,
2-3,14:17:24,61,61,13.37,12,251,
2-3,14:17:24,49,49,13.13,12,251,
2-3,14:17:25,58,58,13.31,12,251,
2-3,14:17:25,60,60,13.34,12,251,
2-3,14:17:26,60,60,13.31,12,251,
2-3,14:17:26,61,61,13.35,12,251,
2-3,14:17:27,55,55,13.23,12,251,
2-3,14:17:27,60,60,13.35,12,251,
2-3,14:17:28,58,58,13.31,12,251,
2-3,14:17:28,59,59,13.31,12,251,
2-3,14:17:29,60,60,13.35,12,251,
2-3,14:17:29,60,60,13.29,12,251,
2-3,14:17:30,62,62,13.36,12,251,
2-3,14:17:30,52,52,13.13,12,251,
2-3,14:17:31,61,61,13.38,12,251,
2-3,14:17:31,55,55,13.19,12,251,
2-3,14:17:32,59,59,13.25,12,251,
2-3,14:17:32,58,58,13.26,12,251,
2-3,14:17:33,57,57,13.26,12,251,
2-3,14:17:33,61,61,13.25,12,251,
2-3,14:17:34,55,55,13.23,12,251,
2-3,14:17:34,62,62,13.39,12,251,
2-3,14:17:35,62,62,13.37,12,251,
2-3,14:17:35,58,58,13.28,12,251,
2-3,14:17:36,60,60,13.27,12,251,
2-3,14:17:36,61,61,13.35,12,251,
2-3,14:17:37,57,57,13.25,12,251,
2-3,14:17:37,64,64,13.42,12,251,
2-3,14:17:38,60,60,13.29,12,251,
2-3,14:17:38,57,57,13.24,12,251,
2-3,14:17:39,59,59,13.29,12,251,
2-3,14:17:39,56,56,13.25,12,251,
2-3,14:17:40,62,62,13.31,12,251,
2-3,14:17:40,57,57,13.24,12,251,
2-3,14:17:41,54,54,13.16,12,251,
2-3,14:17:41,58,58,13.26,12,251,
2-3,14:17:42,55,55,13.24,12,251,
2-3,14:17:42,59,59,13.27,12,251,
2-3,14:17:43,56,56,13.2,12,251,
2-3,14:17:43,60,60,13.34,12,251,
2-3,14:17:44,54,54,13.23,12,251,
2-3,14:17:44,61,61,13.38,12,251,
2-3,14:17:45,59,59,13.31,12,251,
2-3,14:17:45,60,60,13.34,12,251,
2-3,14:17:46,57,57,13.23,12,251,
2-3,14:17:46,60,60,13.31,12,251,
2-3,14:17:47,56,56,13.15,12,251,
2-3,14:17:47,58,58,13.27,12,251,
2-3,14:17:48,54,54,13.18,12,251,
2-3,14:17:48,62,62,13.36,12,251,
2-3,14:17:49,58,58,13.36,12,251,
2-3,14:17:49,57,57,13.21,12,251,
2-3,14:17:50,59,59,13.28,12,251,
2-3,14:17:50,57,57,13.25,12,251,
2-3,14:17:51,64,64,13.42,12,251,
2-3,14:17:51,61,61,13.34,12,251,
2-3,14:17:52,63,63,13.39,12,251,
2-3,14:17:52,57,57,13.23,12,251,
2-3,14:17:53,59,59,13.3,12,251,
2-3,14:17:53,60,60,13.3,12,251,
2-3,14:17:54,65,65,13.45,12,251,
2-3,14:17:54,55,55,13.2,12,251,
2-3,14:17:55,60,60,13.3,12,251,
2-3,14:17:55,55,55,13.24,12,251,
2-3,14:17:56,57,57,13.24,12,251,
2-3,14:17:56,59,59,13.34,12,251,
2-3,14:17:57,52,52,13.17,12,251,
2-3,14:17:57,57,57,13.29,12,251,
2-3,14:17:58,59,59,13.3,12,251,
2-3,14:17:58,62,62,13.38,12,251,
2-3,14:17:59,58,58,13.28,12,251,
2-3,14:17:59,57,57,13.27,12,251,
2-3,14:18:0,57,57,13.26,12,251,
2-3,14:18:0,60,60,13.34,12,251,
2-3,14:18:1,62,62,13.39,12,251,
2-3,14:18:1,60,60,13.39,12,251,
2-3,14:18:2,59,59,13.29,12,251,
2-3,14:18:2,57,57,13.26,12,251,
2-3,14:18:3,61,61,13.39,12,251,
2-3,14:18:3,59,59,13.32,12,251,
2-3,14:18:4,58,58,13.32,12,251,
2-3,14:18:4,59,59,13.33,12,251,
2-3,14:18:5,60,60,13.34,12,251,
2-3,14:18:5,54,54,13.21,12,251,
2-3,14:18:6,56,56,13.28,12,251,
2-3,14:18:6,56,56,13.24,12,251,
2-3,14:18:7,58,58,13.32,12,251,
2-3,14:18:7,57,57,13.3,12,251,
2-3,14:18:8,62,62,13.44,12,251,
2-3,14:18:8,52,52,13.17,12,251,
2-3,14:18:9,62,62,13.39,12,251,
2-3,14:18:9,54,54,13.27,12,251,
2-3,14:18:10,53,53,13.22,12,251,
2-3,14:18:10,55,55,13.27,12,251,
2-3,14:18:11,54,54,13.21,12,251,
2-3,14:18:11,59,59,13.39,12,251,
2-3,14:18:12,55,55,13.25,12,251,
2-3,14:18:12,60,60,13.4,12,251,
2-3,14:18:13,62,62,13.41,12,251,
2-3,14:18:13,57,57,13.34,12,251,
2-3,14:18:14,61,61,13.42,12,251,
2-3,14:18:14,49,49,13.14,12,251,
2-3,14:18:15,56,56,13.3,12,251,
2-3,14:18:15,52,52,13.2,12,251,
2-3,14:18:16,52,52,13.21,12,251,
2-3,14:18:16,55,55,13.26,12,251,
2-3,14:18:17,56,56,13.29,12,251,
2-3,14:18:17,57,57,13.31,12,251,
2-3,14:18:18,54,54,13.26,12,251,
2-3,14:18:18,56,56,13.3,12,251,
2-3,14:18:19,56,56,13.31,12,251,
2-3,14:18:19,54,54,13.24,12,251,
2-3,14:18:20,54,54,13.23,12,251,
2-3,14:18:20,62,62,13.45,12,251,
2-3,14:18:21,57,57,13.27,12,251,
2-3,14:18:21,60,60,13.38,12,251,
2-3,14:18:22,59,59,13.36,12,251,
2-3,14:18:22,55,55,13.26,12,251,
2-3,14:18:23,60,60,13.37,12,251,
2-3,14:18:23,55,55,13.27,12,251,
2-3,14:18:24,61,61,13.39,12,251,
2-3,14:18:24,62,62,13.41,12,251,
2-3,14:18:25,55,55,13.21,12,251,
2-3,14:18:25,59,59,13.36,12,251,
2-3,14:18:26,55,55,13.24,12,251,
2-3,14:18:26,65,65,13.46,12,251,
2-3,14:18:27,57,57,13.33,12,251,
2-3,14:18:27,58,58,13.31,12,251,
2-3,14:18:28,60,60,13.36,12,251,
2-3,14:18:28,50,50,13.14,12,251,
2-3,14:18:29,54,54,13.25,12,251,
2-3,14:18:29,49,49,13.17,12,251,
2-3,14:18:30,58,58,13.3,12,251,
2-3,14:18:30,59,59,13.35,12,251,
2-3,14:18:31,57,57,13.29,12,251,
2-3,14:18:31,61,61,13.35,12,251,
2-3,14:18:32,56,56,13.26,12,251,
2-3,14:18:32,61,61,13.31,12,251,
2-3,14:18:33,60,60,13.33,12,251,
2-3,14:18:33,56,56,13.25,12,251,
2-3,14:18:34,57,57,13.3,12,251,
2-3,14:18:34,54,54,13.23,12,251,
2-3,14:18:35,60,60,13.35,12,251,
2-3,14:18:35,55,55,13.25,12,251,
2-3,14:18:36,55,55,13.21,12,251,
2-3,14:18:36,55,55,13.23,12,251,
2-3,14:18:37,60,60,13.36,12,251,
2-3,14:18:37,57,57,13.26,12,251,
2-3,14:18:38,50,50,13.13,12,251,
2-3,14:18:38,56,56,13.25,12,251,
2-3,14:18:39,58,58,13.25,12,251,
2-3,14:18:39,59,59,13.33,12,251,
2-3,14:18:40,59,59,13.29,12,251,
2-3,14:18:40,60,60,13.34,12,251,
2-3,14:18:41,64,64,13.42,12,251,
2-3,14:18:41,65,65,13.49,12,251,
2-3,14:18:42,52,52,13.15,12,251,
2-3,14:18:42,58,58,13.27,12,251,
2-3,14:18:43,57,57,13.27,12,251,
2-3,14:18:43,60,60,13.35,12,251,
2-3,14:18:44,57,57,13.28,12,251,
2-3,14:18:44,61,61,13.37,12,251,
2-3,14:18:45,59,59,13.32,12,251,
2-3,14:18:45,58,58,13.33,12,251,
2-3,14:18:46,55,55,13.21,12,251,
2-3,14:18:46,51,51,13.14,12,251,
2-3,14:18:47,58,58,13.31,12,251,
2-3,14:18:47,63,63,13.41,12,251,
2-3,14:18:48,58,58,13.3,12,251,
2-3,14:18:48,66,66,13.59,12,251,
2-3,14:18:49,62,62,13.46,12,251,
2-3,14:18:49,56,56,13.25,12,251,
2-3,14:18:50,57,57,13.28,12,251,
2-3,14:18:50,61,61,13.45,12,251,
2-3,14:18:51,56,56,13.27,12,251,
2-3,14:18:51,58,58,13.32,12,251,
2-3,14:18:52,56,56,13.27,12,251,
2-3,14:18:52,53,53,13.22,12,251,
2-3,14:18:53,60,60,13.34,12,251,
2-3,14:18:53,59,59,13.35,12,251,
2-3,14:18:54,61,61,13.38,12,251,
2-3,14:18:54,60,60,13.35,12,251,
2-3,14:18:55,56,56,13.3,12,251,
2-3,14:18:55,61,61,13.35,12,251,
2-3,14:18:56,56,56,13.25,12,251,
2-3,14:18:56,46,46,13.09,12,251,
2-3,14:18:57,59,59,13.31,12,251,
2-3,14:18:57,56,56,13.27,12,251,
2-3,14:18:58,56,56,13.32,12,251,
2-3,14:18:58,59,59,13.34,12,251,
2-3,14:18:59,61,61,13.37,12,251,
2-3,14:18:59,51,51,13.2,12,251,
2-3,14:19:0,56,56,13.21,12,251,
2-3,14:19:0,54,54,13.23,12,251,
2-3,14:19:1,57,57,13.31,12,251,
2-3,14:19:1,60,60,13.37,12,251,
2-3,14:19:2,63,63,13.45,12,251,
2-3,14:19:2,57,57,13.27,12,251,
2-3,14:19:3,56,56,13.23,12,251,
2-3,14:19:3,62,62,13.47,12,251,
2-3,14:19:4,59,59,13.32,12,251,
2-3,14:19:4,50,50,13.14,12,251,
2-3,14:19:5,59,59,13.32,12,251,
2-3,14:19:5,55,55,13.26,12,251,
2-3,14:19:6,57,57,13.27,12,251,
2-3,14:19:6,62,62,13.39,12,251,
2-3,14:19:7,55,55,13.26,12,251,
2-3,14:19:7,50,50,13.15,12,251,
2-3,14:19:8,58,58,13.3,12,251,
2-3,14:19:8,56,56,13.21,12,251,
2-3,14:19:9,60,60,13.35,12,251,
2-3,14:19:9,60,60,13.33,12,251,
2-3,14:19:10,57,57,13.3,12,251,
2-3,14:19:10,59,59,13.36,12,251,
2-3,14:19:11,58,58,13.29,12,251,
2-3,14:19:11,54,54,13.19,12,251,
2-3,14:19:12,60,60,13.33,12,251,
2-3,14:19:12,57,57,13.26,12,251,
2-3,14:19:13,58,58,13.28,12,251,
2-3,14:19:13,60,60,13.31,12,251,
2-3,14:19:14,55,55,13.26,12,251,
2-3,14:19:14,58,58,13.29,12,251,
2-3,14:19:15,60,60,13.37,12,251,
2-3,14:19:15,56,56,13.24,12,251,
2-3,14:19:16,61,61,13.4,12,251,
2-3,14:19:16,57,57,13.23,12,251,
2-3,14:19:17,61,61,13.41,12,251,
2-3,14:19:17,56,56,13.29,12,251,
2-3,14:19:18,57,57,13.29,12,251,
2-3,14:19:18,59,59,13.32,12,251,
2-3,14:19:19,59,59,13.33,12,251,
2-3,14:19:19,61,61,13.37,12,251,
2-3,14:19:20,54,54,13.22,12,251,
2-3,14:19:20,58,58,13.3,12,251,
2-3,14:19:21,56,56,13.19,12,251,
2-3,14:19:21,65,65,13.48,12,251,
2-3,14:19:22,54,54,13.21,12,251,
2-3,14:19:22,59,59,13.29,12,251,
2-3,14:19:23,60,60,13.36,12,251,
2-3,14:19:23,56,56,13.26,12,251,
2-3,14:19:24,60,60,13.28,12,251,
2-3,14:19:24,59,59,13.35,12,251,
2-3,14:19:25,54,54,13.23,12,251,
2-3,14:19:25,56,56,13.27,12,251,
2-3,14:19:26,60,60,13.34,12,251,
2-3,14:19:26,57,57,13.26,12,251,
2-3,14:19:27,61,61,13.35,12,251,
2-3,14:19:27,58,58,13.26,12,251,
2-3,14:19:28,57,57,13.26,12,251,
2-3,14:19:28,56,56,13.24,12,251,
2-3,14:19:29,63,63,13.42,12,251,
2-3,14:19:29,54,54,13.22,12,251,
2-3,14:19:30,57,57,13.27,12,251,
2-3,14:19:30,65,65,13.44,12,251,
2-3,14:19:31,59,59,13.27,12,251,
2-3,14:19:31,63,63,13.39,12,251,
2-3,14:19:32,58,58,13.27,12,251,
2-3,14:19:32,59,59,13.32,12,251,
2-3,14:19:33,48,48,13.08,12,251,
2-3,14:19:33,59,59,13.32,12,251,
2-3,14:19:34,58,58,13.25,12,251,
2-3,14:19:34,58,58,13.29,12,251,
2-3,14:19:35,59,59,13.28,12,251,
2-3,14:19:35,59,59,13.32,12,251,
2-3,14:19:36,55,55,13.2,12,251,
2-3,14:19:36,60,60,13.34,12,251,
2-3,14:19:37,54,54,13.24,12,251,
2-3,14:19:37,62,62,13.36,12,251,
2-3,14:19:38,61,61,13.37,12,251,
2-3,14:19:38,62,62,13.38,12,251,
2-3,14:19:39,63,63,13.41,12,251,
2-3,14:19:39,60,60,13.32,12,251,
2-3,14:19:40,56,56,13.17,12,251,
2-3,14:19:40,60,60,13.32,12,251,
2-3,14:19:41,57,57,13.28,12,251,
2-3,14:19:41,62,62,13.41,12,251,
2-3,14:19:42,60,60,13.34,12,251,
2-3,14:19:42,59,59,13.31,12,251,
2-3,14:19:43,61,61,13.38,12,251,
2-3,14:19:43,59,59,13.28,12,251,
2-3,14:19:44,56,56,13.24,12,251,
2-3,14:19:44,56,56,13.29,12,251,
2-3,14:19:45,56,56,13.24,12,251,
2-3,14:19:45,51,51,13.13,12,251,
2-3,14:19:46,55,55,13.23,12,251,
2-3,14:19:46,64,64,13.44,12,251,
2-3,14:19:47,55,55,13.24,12,251,
2-3,14:19:47,56,56,13.25,12,251,
2-3,14:19:48,55,55,13.24,12,251,
2-3,14:19:48,56,56,13.26,12,251,
2-3,14:19:49,56,56,13.25,12,251,
2-3,14:19:49,58,58,13.26,12,251,
2-3,14:19:50,59,59,13.3,12,251,
2-3,14:19:50,58,58,13.3,12,251,
2-3,14:19:51,57,57,13.28,12,251,
2-3,14:19:51,55,55,13.24,12,251,
2-3,14:19:52,59,59,13.31,12,251,
2-3,14:19:52,57,57,13.28,12,251,
2-3,14:19:53,56,56,13.24,12,251,
2-3,14:19:53,54,54,13.21,12,251,
2-3,14:19:54,55,55,13.22,12,251,
2-3,14:19:54,61,61,13.35,12,251,
2-3,14:19:55,60,60,13.28,12,251,
2-3,14:19:55,56,56,13.22,12,251,
2-3,14:19:56,59,59,13.31,12,251,
2-3,14:19:56,60,60,13.36,12,251,
2-3,14:19:57,55,55,13.24,12,251,
2-3,14:19:57,57,57,13.23,12,251,
2-3,14:19:58,56,56,13.24,12,251,
2-3,14:19:58,58,58,13.27,12,251,
2-3,14:19:59,58,58,13.27,12,251,
2-3,14:19:59,57,57,13.27,12,251,
2-3,14:20:0,54,54,13.23,12,251,
2-3,14:20:0,56,56,13.26,12,251,
2-3,14:20:1,62,62,13.39,12,251,
2-3,14:20:1,59,59,13.32,12,251,
2-3,14:20:2,54,54,13.21,12,251,
2-3,14:20:2,63,63,13.43,12,251,
2-3,14:20:3,63,63,13.43,12,251,
2-3,14:20:3,54,54,13.26,12,251,
2-3,14:20:4,61,61,13.28,12,251,
2-3,14:20:4,56,56,13.3,12,251,
2-3,14:20:5,57,57,13.27,12,251,
2-3,14:20:5,57,57,13.27,12,251,
2-3,14:20:6,57,57,13.28,12,251,
2-3,14:20:6,59,59,13.3,12,251,
2-3,14:20:7,61,61,13.37,12,251,
2-3,14:20:7,57,57,13.23,12,251,
2-3,14:20:8,52,52,13.14,12,251,
2-3,14:20:8,56,56,13.28,12,251,
2-3,14:20:9,58,58,13.3,12,251,
2-3,14:20:9,57,57,13.25,12,251,
2-3,14:20:10,56,56,13.27,12,251,
2-3,14:20:10,51,51,13.17,12,251,
2-3,14:20:11,57,57,13.24,12,251,
2-3,14:20:11,58,58,13.34,12,251,
2-3,14:20:12,60,60,13.32,12,251,
2-3,14:20:12,58,58,13.28,12,251,
2-3,14:20:13,55,55,13.22,12,251,
2-3,14:20:13,62,62,13.41,12,251,
2-3,14:20:14,62,62,13.33,12,251,
2-3,14:20:14,56,56,13.22,12,251,
2-3,14:20:15,58,58,13.27,12,251,
2-3,14:20:15,61,61,13.36,12,251,
2-3,14:20:16,59,59,13.31,12,251,
2-3,14:20:16,58,58,13.25,12,251,
2-3,14:20:17,59,59,13.32,12,251,
2-3,14:20:17,57,57,13.2,12,251,
2-3,14:20:18,61,61,13.29,12,251,
2-3,14:20:18,60,60,13.32,12,251,
2-3,14:20:19,61,61,13.37,12,251,
2-3,14:20:19,63,63,13.41,12,251,
2-3,14:20:20,58,58,13.26,12,251,
2-3,14:20:20,58,58,13.26,12,251,
2-3,14:20:21,63,63,13.4,12,251,
2-3,14:20:21,58,58,13.27,12,251,
2-3,14:20:22,62,62,13.38,12,251,
2-3,14:20:22,57,57,13.27,12,251,
2-3,14:20:23,57,57,13.26,12,251,
2-3,14:20:23,60,60,13.31,12,251,
2-3,14:20:24,62,62,13.4,12,251,
2-3,14:20:24,56,56,13.21,12,251,
2-3,14:20:25,57,57,13.22,12,251,
2-3,14:20:25,56,56,13.21,12,251,
2-3,14:20:26,59,59,13.3,12,251,
2-3,14:20:26,61,61,13.34,12,251,
2-3,14:20:27,60,60,13.3,12,251,
2-3,14:20:27,57,57,13.21,12,251,
2-3,14:20:28,64,64,13.4,12,251,
2-3,14:20:28,62,62,13.38,12,251,
2-3,14:20:29,60,60,13.32,12,251,
2-3,14:20:29,59,59,13.31,12,251,
2-3,14:20:30,61,61,13.33,12,251,
2-3,14:20:30,53,53,13.15,12,251,
2-3,14:20:31,58,58,13.25,12,251,
2-3,14:20:31,61,61,13.36,12,251,
2-3,14:20:32,48,48,13.09,12,251,
2-3,14:20:32,56,56,13.26,12,251,
2-3,14:20:33,64,64,13.43,12,251,
2-3,14:20:33,62,62,13.36,12,251,
2-3,14:20:34,57,57,13.28,12,251,
2-3,14:20:34,58,58,13.25,12,251,
2-3,14:20:35,56,56,13.24,12,251,
2-3,14:20:35,59,59,13.31,12,251,
2-3,14:20:36,60,60,13.32,12,251,
2-3,14:20:36,52,52,13.14,12,251,
2-3,14:20:37,53,53,13.16,12,251,
2-3,14:20:37,56,56,13.23,12,251,
2-3,14:20:38,67,67,13.52,12,251,
2-3,14:20:38,59,59,13.26,12,251,
2-3,14:20:39,58,58,13.28,12,251,
2-3,14:20:39,56,56,13.26,12,251,
2-3,14:20:40,59,59,13.24,12,251,
2-3,14:20:40,59,59,13.3,12,251,
2-3,14:20:41,61,61,13.32,12,251,
2-3,14:20:41,61,61,13.31,12,251,
2-3,14:20:42,58,58,13.25,12,251,
2-3,14:20:42,60,60,13.34,12,251,
2-3,14:20:43,56,56,13.23,12,251,
2-3,14:20:43,59,59,13.31,12,251,
2-3,14:20:44,65,65,13.5,12,251,
2-3,14:20:44,65,65,13.46,12,251,
2-3,14:20:45,61,61,13.34,12,251,
2-3,14:20:45,61,61,13.34,12,251,
2-3,14:20:46,52,52,13.12,12,251,
2-3,14:20:46,56,56,13.24,12,251,
2-3,14:20:47,53,53,13.17,12,251,
2-3,14:20:47,59,59,13.27,12,251,
2-3,14:20:48,62,62,13.41,12,251,
2-3,14:20:48,62,62,13.39,12,251,
2-3,14:20:49,56,56,13.22,12,251,
2-3,14:20:49,59,59,13.27,12,251,
2-3,14:20:50,60,60,13.35,12,251,
2-3,14:20:50,61,61,13.34,12,251,
2-3,14:20:51,58,58,13.29,12,251,
2-3,14:20:51,60,60,13.24,12,251,
2-3,14:20:52,60,60,13.3,12,251,
2-3,14:20:52,61,61,13.32,12,251,
2-3,14:20:53,57,57,13.25,12,251,
2-3,14:20:53,63,63,13.4,12,251,
2-3,14:20:54,62,62,13.32,12,251,
2-3,14:20:54,55,55,13.13,12,251,
2-3,14:20:55,60,60,13.3,12,251,
2-3,14:20:55,59,59,13.27,12,251,
2-3,14:20:56,58,58,13.26,12,251,
2-3,14:20:56,56,56,13.23,12,251,
2-3,14:20:57,53,53,13.15,12,251,
2-3,14:20:57,57,57,13.24,12,251,
2-3,14:20:58,67,67,13.51,12,251,
2-3,14:20:58,55,55,13.2,12,251,
2-3,14:20:59,57,57,13.18,12,251,
2-3,14:20:59,62,62,13.35,12,251,
2-3,14:21:0,59,59,13.25,12,251,
2-3,14:21:0,57,57,13.21,12,251,
2-3,14:21:1,58,58,13.24,12,251,
2-3,14:21:1,60,60,13.29,12,251,
2-3,14:21:2,61,61,13.33,12,251,
2-3,14:21:2,60,60,13.31,12,251,
2-3,14:21:3,62,62,13.35,12,251,
2-3,14:21:3,58,58,13.26,12,251,
2-3,14:21:4,54,54,13.17,12,251,
2-3,14:21:4,56,56,13.26,12,251,
2-3,14:21:5,56,56,13.24,12,251,
2-3,14:21:5,58,58,13.26,12,251,
2-3,14:21:6,55,55,13.21,12,251,
2-3,14:21:6,56,56,13.16,12,251,
2-3,14:21:7,59,59,13.27,12,251,
2-3,14:21:7,60,60,13.32,12,251,
2-3,14:21:8,61,61,13.31,12,251,
2-3,14:21:8,61,61,13.38,12,251,
2-3,14:21:9,61,61,13.33,12,251,
2-3,14:21:9,60,60,13.25,12,251,
2-3,14:21:10,61,61,13.29,12,251,
2-3,14:21:10,59,59,13.25,12,251,
2-3,14:21:11,56,56,13.2,12,251,
2-3,14:21:11,56,56,13.23,12,251,
2-3,14:21:12,63,63,13.42,12,251,
2-3,14:21:12,62,62,13.36,12,251,
2-3,14:21:13,58,58,13.26,12,251,
2-3,14:21:13,58,58,13.27,12,251,
2-3,14:21:14,60,60,13.3,12,251,
2-3,14:21:14,69,69,13.43,12,251,
2-3,14:21:15,61,61,13.35,12,251,
2-3,14:21:15,59,59,13.27,12,251,
2-3,14:21:16,53,53,13.19,12,251,
2-3,14:21:16,62,62,13.38,12,251,
2-3,14:21:17,60,60,13.31,12,251,
2-3,14:21:17,56,56,13.22,12,251,
2-3,14:21:18,60,60,13.34,12,251,
2-3,14:21:18,56,56,13.22,12,251,
2-3,14:21:19,55,55,13.21,12,251,
2-3,14:21:19,53,53,13.15,12,251,
2-3,14:21:20,63,63,13.41,12,251,
2-3,14:21:20,57,57,13.21,12,251,
2-3,14:21:21,55,55,13.2,12,251,
2-3,14:21:21,58,58,13.24,12,251,
2-3,14:21:22,57,57,13.26,12,251,
2-3,14:21:22,56,56,13.26,12,251,
2-3,14:21:23,66,66,13.59,12,251,
2-3,14:21:23,51,51,13.13,12,251,
2-3,14:21:24,58,58,13.28,12,251,
2-3,14:21:24,63,63,13.43,12,251,
2-3,14:21:25,66,66,13.51,12,251,
2-3,14:21:25,64,64,13.43,12,251,
2-3,14:21:26,55,55,13.22,12,251,
2-3,14:21:26,58,58,13.22,12,251,
2-3,14:21:27,55,55,13.2,12,251,
2-3,14:21:27,58,58,13.31,12,251,
2-3,14:21:28,59,59,13.29,12,251,
2-3,14:21:28,60,60,13.36,12,251,
2-3,14:21:29,63,63,13.37,12,251,
2-3,14:21:29,58,58,13.25,12,251,
2-3,14:21:30,57,57,13.22,12,251,
2-3,14:21:30,54,54,13.18,12,251,
2-3,14:21:31,63,63,13.38,12,251,
2-3,14:21:31,57,57,13.27,12,251,
2-3,14:21:32,59,59,13.24,12,251,
2-3,14:21:32,61,61,13.34,12,251,
2-3,14:21:33,60,60,13.35,12,251,
2-3,14:21:33,55,55,13.2,12,251,
2-3,14:21:34,55,55,13.24,12,251,
2-3,14:21:34,61,61,13.38,12,251,
2-3,14:21:35,58,58,13.31,12,251,
2-3,14:21:35,57,57,13.3,12,251,
2-3,14:21:36,49,49,13.1,12,251,
2-3,14:21:36,58,58,13.23,12,251,
2-3,14:21:37,57,57,13.3,12,251,
2-3,14:21:37,56,56,13.26,12,251,
2-3,14:21:38,56,56,13.28,12,251,
2-3,14:21:38,55,55,13.24,12,251,
2-3,14:21:39,61,61,13.37,12,251,
2-3,14:21:39,50,50,13.14,12,251,
2-3,14:21:40,56,56,13.25,12,251,
2-3,14:21:40,55,55,13.23,12,251,
2-3,14:21:41,60,60,13.33,12,251,
2-3,14:21:41,58,58,13.25,12,251,
2-3,14:21:42,59,59,13.3,12,251,
2-3,14:21:42,53,53,13.2,12,251,
2-3,14:21:43,57,57,13.27,12,251,
2-3,14:21:43,57,57,13.26,12,251,
2-3,14:21:44,55,55,13.19,12,251,
2-3,14:21:44,57,57,13.2,12,251,
2-3,14:21:45,56,56,13.18,12,251,
2-3,14:21:45,55,55,13.22,12,251,
2-3,14:21:46,54,54,13.17,12,251,
2-3,14:21:46,53,53,13.23,12,251,
2-3,14:21:47,58,58,13.32,12,251,
2-3,14:21:47,54,54,13.2,12,251,
2-3,14:21:48,56,56,13.26,12,251,
2-3,14:21:48,56,56,13.28,12,251,
2-3,14:21:49,56,56,13.24,12,251,
2-3,14:21:49,57,57,13.27,12,251,
2-3,14:21:50,54,54,13.19,12,251,
2-3,14:21:50,55,55,13.24,12,251,
2-3,14:21:51,59,59,13.31,12,251,
2-3,14:21:51,58,58,13.3,12,251,
2-3,14:21:52,54,54,13.23,12,251,
2-3,14:21:52,55,55,13.2,12,251,
2-3,14:21:53,60,60,13.37,12,251,
2-3,14:21:53,57,57,13.27,12,251,
2-3,14:21:54,58,58,13.29,12,251,
2-3,14:21:54,61,61,13.33,12,251,
2-3,14:21:55,56,56,13.25,12,251,
2-3,14:21:55,57,57,13.22,12,251,
2-3,14:21:56,65,65,13.46,12,251,
2-3,14:21:56,58,58,13.27,12,251,
2-3,14:21:57,59,59,13.29,12,251,
2-3,14:21:57,59,59,13.31,12,251,
2-3,14:21:58,59,59,13.29,12,251,
2-3,14:21:58,58,58,13.29,12,251,
2-3,14:21:59,63,63,13.38,12,251,
2-3,14:21:59,56,56,13.21,12,251,
2-3,14:22:0,54,54,13.21,12,251,
2-3,14:22:0,60,60,13.34,12,251,
2-3,14:22:1,57,57,13.25,12,251,
2-3,14:22:1,55,55,13.19,12,251,
2-3,14:22:2,55,55,13.1,12,251,
2-3,14:22:2,56,56,13.28,12,251,
2-3,14:22:3,61,61,13.32,12,251,
2-3,14:22:3,58,58,13.25,12,251,
2-3,14:22:4,59,59,13.3,12,251,
2-3,14:22:4,60,60,13.29,12,251,
2-3,14:22:5,61,61,13.32,12,251,
2-3,14:22:5,60,60,13.34,12,251,
2-3,14:22:6,57,57,13.26,12,251,
2-3,14:22:6,60,60,13.35,12,251,
2-3,14:22:7,59,59,13.31,12,251,
2-3,14:22:7,61,61,13.33,12,251,
2-3,14:22:8,58,58,13.21,12,251,
2-3,14:22:8,55,55,13.2,12,251,
2-3,14:22:9,54,54,13.15,12,251,
2-3,14:22:9,59,59,13.34,12,251,
2-3,14:22:10,57,57,13.26,12,251,
2-3,14:22:10,60,60,13.31,12,251,
2-3,14:22:11,53,53,13.13,12,251,
2-3,14:22:11,62,62,13.38,12,251,
2-3,14:22:12,53,53,13.14,12,251,
2-3,14:22:12,58,58,13.27,12,251,
2-3,14:22:13,61,61,13.34,12,251,
2-3,14:22:13,59,59,13.31,12,251,
2-3,14:22:14,55,55,13.2,12,251,
2-3,14:22:14,60,60,13.33,12,251,
2-3,14:22:15,58,58,13.24,12,251,
2-3,14:22:15,61,61,13.38,12,251,
2-3,14:22:16,60,60,13.35,12,251,
2-3,14:22:16,59,59,13.31,12,251,
2-3,14:22:17,57,57,13.24,12,251,
2-3,14:22:17,59,59,13.24,12,251,
2-3,14:22:18,58,58,13.27,12,251,
2-3,14:22:18,59,59,13.3,12,251,
2-3,14:22:19,55,55,13.21,12,251,
2-3,14:22:19,54,54,13.15,12,251,
2-3,14:22:20,64,64,13.47,12,251,
2-3,14:22:20,60,60,13.3,12,251,
2-3,14:22:21,57,57,13.21,12,251,
2-3,14:22:21,58,58,13.26,12,251,
2-3,14:22:22,65,65,13.45,12,251,
2-3,14:22:22,59,59,13.28,12,251,
2-3,14:22:23,59,59,13.27,12,251,
2-3,14:22:23,56,56,13.23,12,251,
2-3,14:22:24,61,61,13.33,12,251,
2-3,14:22:24,61,61,13.31,12,251,
2-3,14:22:25,64,64,13.37,12,251,
2-3,14:22:25,57,57,13.21,12,251,
2-3,14:22:26,62,62,13.36,12,251,
2-3,14:22:26,59,59,13.3,12,251,
2-3,14:22:27,62,62,13.35,12,251,
2-3,14:22:27,56,56,13.25,12,251,
2-3,14:22:28,61,61,13.33,12,251,
2-3,14:22:28,59,59,13.28,12,251,
2-3,14:22:29,59,59,13.27,12,251,
2-3,14:22:29,59,59,13.29,12,251,
2-3,14:22:30,56,56,13.28,12,251,
2-3,14:22:30,61,61,13.32,12,251,
2-3,14:22:31,62,62,13.33,12,251,
2-3,14:22:31,60,60,13.29,12,251,
2-3,14:22:32,60,60,13.32,12,251,
2-3,14:22:32,59,59,13.27,12,251,
2-3,14:22:33,64,64,13.45,12,251,
2-3,14:22:33,62,62,13.29,12,251,
2-3,14:22:34,56,56,13.19,12,251,
2-3,14:22:34,60,60,13.25,12,251,
2-3,14:22:35,69,69,13.42,12,251,
2-3,14:22:35,62,62,13.38,12,251,
2-3,14:22:36,60,60,13.25,12,251,
2-3,14:22:36,59,59,13.32,12,251,
2-3,14:22:37,60,60,13.28,12,251,
2-3,14:22:37,60,60,13.32,12,251,
2-3,14:22:38,62,62,13.33,12,251,
2-3,14:22:38,62,62,13.38,12,251,
2-3,14:22:39,58,58,13.24,12,251,
2-3,14:22:39,60,60,13.32,12,251,
2-3,14:22:40,61,61,13.28,12,251,
2-3,14:22:40,61,61,13.34,12,251,
2-3,14:22:41,59,59,13.27,12,251,
2-3,14:22:41,60,60,13.36,12,251,
2-3,14:22:42,61,61,13.35,12,251,
2-3,14:22:42,62,62,13.34,12,251,
2-3,14:22:43,59,59,13.25,12,251,
2-3,14:22:43,60,60,13.25,12,251,
2-3,14:22:44,61,61,13.25,12,251,
2-3,14:22:44,55,55,13.18,12,251,
2-3,14:22:45,60,60,13.31,12,251,
2-3,14:22:45,59,59,13.29,12,251,
2-3,14:22:46,57,57,13.25,12,251,
2-3,14:22:46,57,57,13.2,12,251,
2-3,14:22:47,52,52,13.08,12,251,
2-3,14:22:47,59,59,13.27,12,251,
2-3,14:22:48,60,60,13.25,12,251,
2-3,14:22:48,59,59,13.29,12,251,
2-3,14:22:49,58,58,13.27,12,251,
2-3,14:22:49,57,57,13.24,12,251,
2-3,14:22:50,61,61,13.31,12,251,
2-3,14:22:50,52,52,13.15,12,251,
2-3,14:22:51,51,51,13.13,12,251,
2-3,14:22:51,56,56,13.19,12,251,
2-3,14:22:52,60,60,13.32,12,251,
2-3,14:22:52,60,60,13.24,12,251,
2-3,14:22:53,60,60,13.32,12,251,
2-3,14:22:53,63,63,13.41,12,251,
2-3,14:22:54,57,57,13.23,12,251,
2-3,14:22:54,63,63,13.39,12,251,
2-3,14:22:55,62,62,13.43,12,251,
2-3,14:22:55,60,60,13.26,12,251,
2-3,14:22:56,60,60,13.34,12,251,
2-3,14:22:56,56,56,13.23,12,251,
2-3,14:22:57,65,65,13.47,12,251,
2-3,14:22:57,61,61,13.35,12,251,
2-3,14:22:58,56,56,13.22,12,251,
2-3,14:22:58,58,58,13.2,12,251,
2-3,14:22:59,57,57,13.16,12,251,
2-3,14:22:59,63,63,13.31,12,251,
2-3,14:23:0,58,58,13.26,12,251,
2-3,14:23:0,61,61,13.29,12,251,
2-3,14:23:1,60,60,13.27,12,251,
2-3,14:23:1,56,56,13.2,12,251,
2-3,14:23:2,60,60,13.32,12,251,
2-3,14:23:2,54,54,13.16,12,251,
2-3,14:23:3,61,61,13.26,12,251,
2-3,14:23:3,58,58,13.24,12,251,
2-3,14:23:4,57,57,13.22,12,251,
2-3,14:23:4,61,61,13.25,12,251,
2-3,14:23:5,59,59,13.29,12,251,
2-3,14:23:5,55,55,13.17,12,251,
2-3,14:23:6,58,58,13.21,12,251,
2-3,14:23:6,59,59,13.27,12,251,
2-3,14:23:7,56,56,13.17,12,251,
2-3,14:23:7,65,65,13.45,12,251,
2-3,14:23:8,61,61,13.27,12,251,
2-3,14:23:8,59,59,13.21,12,251,
2-3,14:23:9,59,59,13.29,12,251,
2-3,14:23:9,59,59,13.25,12,251,
2-3,14:23:10,59,59,13.22,12,251,
2-3,14:23:10,57,57,13.21,12,251,
2-3,14:23:11,58,58,13.3,12,251,
2-3,14:23:11,62,62,13.3,12,251,
2-3,14:23:12,59,59,13.26,12,251,
2-3,14:23:12,58,58,13.22,12,251,
2-3,14:23:13,58,58,13.2,12,251,
2-3,14:23:13,60,60,13.27,12,251,
2-3,14:23:14,59,59,13.25,12,251,
2-3,14:23:14,61,61,13.32,12,251,
2-3,14:23:15,60,60,13.23,12,251,
2-3,14:23:15,64,64,13.41,12,251,
2-3,14:23:16,58,58,13.16,12,251,
2-3,14:23:16,57,57,13.25,12,251,
2-3,14:23:17,59,59,13.27,12,251,
2-3,14:23:17,60,60,13.31,12,251,
2-3,14:23:18,63,63,13.35,12,251,
2-3,14:23:18,63,63,13.36,12,251,
2-3,14:23:19,56,56,13.19,12,251,
2-3,14:23:19,58,58,13.24,12,251,
2-3,14:23:20,60,60,13.31,12,251,
2-3,14:23:20,69,69,13.45,12,251,
2-3,14:23:21,63,63,13.35,12,251,
2-3,14:23:21,60,60,13.28,12,251,
2-3,14:23:22,56,56,13.21,12,251,
2-3,14:23:22,60,60,13.31,12,251,
2-3,14:23:23,60,60,13.24,12,251,
2-3,14:23:23,61,61,13.31,12,251,
2-3,14:23:24,60,60,13.24,12,251,
2-3,14:23:24,63,63,13.35,12,251,
2-3,14:23:25,61,61,13.29,12,251,
2-3,14:23:25,58,58,13.23,12,251,
2-3,14:23:26,60,60,13.3,12,251,
2-3,14:23:26,69,69,13.48,12,251,
2-3,14:23:27,60,60,13.22,12,251,
2-3,14:23:27,65,65,13.4,12,251,
2-3,14:23:28,56,56,13.22,12,251,
2-3,14:23:28,58,58,13.24,12,251,
2-3,14:23:29,55,55,13.17,12,251,
2-3,14:23:29,63,63,13.34,12,251,
2-3,14:23:30,61,61,13.37,12,251,
2-3,14:23:30,57,57,13.25,12,251,
2-3,14:23:31,62,62,13.37,12,251,
2-3,14:23:31,61,61,13.28,12,251,
2-3,14:23:32,61,61,13.27,12,251,
2-3,14:23:32,60,60,13.26,12,251,
2-3,14:23:33,69,69,13.42,12,251,
2-3,14:23:33,57,57,13.2,12,251,
2-3,14:23:34,57,57,13.17,12,251,
2-3,14:23:34,61,61,13.28,12,251,
2-3,14:23:35,59,59,13.22,12,251,
2-3,14:23:35,60,60,13.29,12,251,
2-3,14:23:36,59,59,13.23,12,251,
2-3,14:23:36,55,55,13.14,12,251,
2-3,14:23:37,55,55,13.16,12,251,
2-3,14:23:37,59,59,13.3,12,251,
2-3,14:23:38,59,59,13.26,12,251,
2-3,14:23:38,63,63,13.34,12,251,
2-3,14:23:39,57,57,13.22,12,251,
2-3,14:23:39,60,60,13.28,12,251,
2-3,14:23:40,57,57,13.22,12,251,
2-3,14:23:40,62,62,13.34,12,251,
2-3,14:23:41,60,60,13.23,12,251,
2-3,14:23:41,58,58,13.23,12,251,
2-3,14:23:42,62,62,13.34,12,251,
2-3,14:23:42,53,53,13.19,12,251,
2-3,14:23:43,57,57,13.25,12,251,
2-3,14:23:43,56,56,13.17,12,251,
2-3,14:23:44,52,52,13.08,12,251,
2-3,14:23:44,56,56,13.2,12,251,
2-3,14:23:45,52,52,13.13,12,251,
2-3,14:23:45,56,56,13.23,12,251,
2-3,14:23:46,58,58,13.24,12,251,
2-3,14:23:46,64,64,13.27,12,251,
2-3,14:23:47,48,48,12.3,12,251,
2-3,14:23:54,67,67,13.23,12,251,
2-3,14:23:54,67,67,13.24,12,251,
2-3,14:23:55,72,72,13.31,12,251,
2-3,14:23:55,71,71,13.27,12,251,
2-3,14:23:56,73,73,13.29,12,251,
2-3,14:23:56,75,75,13.27,12,251,
2-3,14:23:57,76,76,13.38,12,251,
2-3,14:23:57,76,76,13.39,12,251,
2-3,14:23:58,76,76,13.39,12,251,
2-3,14:23:58,74,74,13.22,12,251,
2-3,14:23:59,74,74,13.29,12,251,
2-3,14:23:59,79,79,13.71,12,251,
2-3,14:24:0,76,76,13.42,12,251,
2-3,14:24:0,76,76,13.29,12,251,
2-3,14:24:1,75,75,13.2,12,251,
2-3,14:24:1,75,75,13.23,12,251,
2-3,14:24:2,77,77,13.29,12,251,
2-3,14:24:2,76,76,13.36,12,251,
2-3,14:24:3,75,75,13.26,12,251,
2-3,14:24:3,75,75,13.29,12,251,
2-3,14:24:4,75,75,13.23,12,251,
2-3,14:24:4,77,77,13.32,12,251,
2-3,14:24:5,76,76,13.31,12,251,
2-3,14:24:5,75,75,13.28,12,251,
2-3,14:24:6,75,75,13.25,12,251,
2-3,14:24:6,75,75,13.25,12,251,
2-3,14:24:7,79,79,13.37,12,251,
2-3,14:24:7,73,73,13.18,12,251,
2-3,14:24:8,74,74,13.24,12,251,
2-3,14:24:8,73,73,13.12,12,251,
2-3,14:24:9,74,74,13.22,12,251,
2-3,14:24:9,72,72,13.24,12,251,
2-3,14:24:10,72,72,13.28,12,251,
2-3,14:24:10,73,73,13.25,12,251,
2-3,14:46:55,68,68,15.51,13,252,
2-3,14:46:55,68,68,15.51,13,252,
2-3,14:46:56,69,69,15.48,13,252,
2-3,14:46:56,68,68,15.49,13,252,
2-3,14:46:57,68,68,15.5,13,252,
2-3,14:46:57,68,68,15.49,13,252,
2-3,14:46:58,69,69,15.46,13,252,
2-3,14:46:58,69,69,15.48,13,252,
2-3,14:46:59,69,69,15.47,13,252,
2-3,14:46:59,69,69,15.46,13,252,
2-3,14:47:0,69,69,15.47,13,252,
2-3,14:47:0,69,69,15.44,13,252,
2-3,14:47:1,69,69,15.43,13,252,
2-3,14:47:1,69,69,15.45,13,252,
2-3,14:47:2,69,69,15.45,13,252,
2-3,14:47:2,69,69,15.43,13,252,
2-3,14:47:3,69,69,15.45,13,252,
2-3,14:47:3,69,69,15.44,13,252,
2-3,14:47:4,69,69,15.42,13,252,
2-3,14:47:4,69,69,15.45,13,252,
2-3,14:47:5,69,69,15.44,13,252,
2-3,14:47:5,69,69,15.44,13,252,
2-3,14:47:6,69,69,15.44,13,252,
2-3,14:47:6,69,69,15.43,13,252,
2-3,14:47:7,69,69,15.43,13,252,
2-3,14:47:7,69,69,15.42,13,252,
2-3,14:47:8,69,69,15.45,13,252,
2-3,14:47:8,69,69,15.43,13,252,
2-3,14:47:9,69,69,15.42,13,252,
2-3,14:47:9,69,69,15.42,13,252,
2-3,14:47:10,69,69,15.43,13,252,
2-3,14:47:10,69,69,15.42,13,252,
2-3,14:47:11,69,69,15.43,13,252,
2-3,14:47:11,69,69,15.43,13,252,
2-3,14:47:12,69,69,15.42,13,252