sep=,
HRV ANALYSIS RESULTS - 20-Apr-2026 22:06:55
Kubios HRV Scientific
4.2.0
released in June 2025

Analyzed by:  -  - 

File name: C:\Users\USER\Desktop\문서\Research\Hypoxia vs Hyperoxia recovery\DATA\08_이찬민\NOR\이찬민_NOR_HRV.edf
Measurement date: 03.02.26 13.05.00
File type: EDF+C
Channel label: ECG
Data length: 01:21:37 (h:min:s)
Measurement rate: 1024 Hz

Parameters
 Number of samples: 1
 Detrending method: Smoothn priors (lambda: 500)
 Min/Max HR as average of: 5 beats
 Threshold for NNxx/pNNxx: 50 ms
 Frequency bands
  VLF: 0 - 0.04 Hz
  LF: 0.04 - 0.15 Hz
  HF: 0.15 - 0.4 Hz
 Interpolation rate: 4 Hz
 Points in frequency-domain: 300 points/Hz
 FFT spectrum options
  Window width: 300 s
  Window overlap: 50 %
 Use Lomb-Scargle periodogram instead of FFT: 0
 Lomb smoothing window: 0.02 Hz
 AR spectrum options
  AR model order: 16
  Use factorization: No
 Apply detrending for nonlinear analysis: 1
 Entropy, embedding dimension: 2
 Entropy, tolerance: 0.2 x SD
 DFA, short-term fluctuations: 4-12 beats
 DFA, long-term fluctuations: 13-64 beats
 RPA and D2, embedding dimension: 10
 RPA, threshold: 3.1623 x SD
 ECG waveform options
  Select number of beats: 30
  Remove outliers: 33 %
 Time-varying options
  Window width: 300 s
  Grid interval: 60 s
  Spectrum estimation method: Spectrogram

Performed Analysis
 Standard analysis: Yes
 Time-varying analysis: Yes

RR Interval Samples Selected for Analysis
                              ,    Sample 1,
  Sample limits (hh:mm:ss):   ,14:06:31-14:11:31,
  Sample Analysis Type: Single sample
  Beat correction: Automatic correction
  Beats total:                ,         464,
  Beats corrected:            ,           0,
  Beats corrected (%):        ,           0,
  Effective data length (s):  ,         300,
  Effective data length (%):  ,      100.00,


RESULTS FOR A SINGLE SAMPLE
STANDARD RESULTS

Results Overview              ,
  PNS index:                  ,     -2.1693,            ,
  SNS index:                  ,      3.2207,            ,
  Stress index:               ,     18.0166,            ,

Time-Domain Results           ,
 Statistical parameters       ,
  Mean RR  (ms):              ,    647.1905,            ,
  SDNN (ms):                  ,     23.1222,            ,
  Mean HR (beats/min):        ,     92.7084,            ,
  SD HR (beats/min):          ,      3.2974,            ,
  Min HR (beats/min):         ,     83.1844,            ,
  Max HR (beats/min):         ,    108.7434,            ,
  RMSSD (ms):                 ,     12.8034,            ,
  NNxx (beats):               ,           0,            ,
  pNNxx (%):                  ,      0.0000,            ,
  SDANN (ms):                 ,         NaN,            ,
  SDNN index (ms):            ,         NaN,            ,
 Geometric parameters         ,
  RR tri index:               ,    6.823529,            ,
  TINN (ms):                  ,    115.0000,            ,
  DC (ms):                    ,      9.5763,            ,
  DCmod (ms):                 ,     12.9591,            ,
  AC (ms):                    ,    -10.5079,            ,
  ACmod (ms):                 ,    -13.8955,            ,

Frequency-Domain Results      ,FFT spectrum, AR spectrum,
 Peak frequencies             ,
  VLF (Hz):                   ,    0.040000,    0.040000,
  LF (Hz):                    ,    0.040000,    0.090000,
  HF (Hz):                    ,    0.156667,    0.150000,
 Absolute powers              ,
  VLF (ms^2):                 ,    104.0216,     64.3050,
  LF (ms^2):                  ,    340.5286,    380.8685,
  HF (ms^2):                  ,     58.9302,     65.6090,
  VLF (log):                  ,      4.6446,      4.1636,
  LF (log):                   ,      5.8305,      5.9425,
  HF (log):                   ,      4.0764,      4.1837,
 Relative powers              ,
  VLF (%):                    ,     20.6599,     12.5887,
  LF (%):                     ,     67.6330,     74.5607,
  HF (%):                     ,     11.7042,     12.8439,
 Normalized powers            ,
  LF (n.u.):                  ,     85.2445,     85.2987,
  HF (n.u.):                  ,     14.7520,     14.6937,
 Total power (ms^2):          ,    503.4946,    510.8167,
 LF/HF ratio:                 ,      5.7785,      5.8051,
 RESP (Hz):                   ,    0.299116,            ,

Nonlinear Results             ,
 Poincare plot                ,
  SD1 (ms):                   ,    9.063628,            ,
  SD2 (ms):                   ,   31.366548,            ,
  SD2/SD1 ratio:              ,    3.460706,            ,
 Approximate entropy (ApEn):  ,      1.1779,            ,
 Sample entropy (SampEn):     ,      1.4195,            ,
 Detrended fluctuation analysis (DFA),
  alpha 1:                    ,      1.4926,            ,
  alpha 2:                    ,      0.5923,            ,
 Correlation dimension (D2):  ,      0.3246,            ,
 Recurrence plot analysis (RPA),
  Mean line length (beats):   ,      9.6016,            ,
  Max line length (beats):    ,         454,            ,
  Recurrence rate (REC) (%):  ,     31.7701,            ,
  Determinism (DET) (%):      ,     98.7137,            ,
  Shannon entropy:            ,      3.0578,            ,
 Multiscale entropy (MSE for scales 1-20),
  MSE(1):                     ,      1.4195,            ,
  MSE(2):                     ,      1.8279,            ,
  MSE(3):                     ,      1.8236,            ,
  MSE(4):                     ,      1.9520,            ,
  MSE(5):                     ,      1.9760,            ,
  MSE(6):                     ,      2.3531,            ,
  MSE(7):                     ,      2.3485,            ,
  MSE(8):                     ,      1.7838,            ,
  MSE(9):                     ,      1.4637,            ,
  MSE(10):                    ,      1.0326,            ,
  MSE(11):                    ,      1.3369,            ,
  MSE(12):                    ,      1.0438,            ,
  MSE(13):                    ,      1.1104,            ,
  MSE(14):                    ,      1.6229,            ,
  MSE(15):                    ,      0.9758,            ,
  MSE(16):                    ,      0.7847,            ,
  MSE(17):                    ,      0.9802,            ,
  MSE(18):                    ,      0.7033,            ,
  MSE(19):                    ,      1.0350,            ,
  MSE(20):                    ,      0.8878,            ,


ECG WAVEFORM RESULTS          ,
Number of beats               ,          20,            ,
  Mean RRsel (ms)             ,      647.44,            ,
  P-wave duration (ms)        ,       54.00,            ,
  PQ-interval (ms)            ,      115.00,            ,
  QRS-duration (ms)           ,       85.00,            ,
  QT-time (ms)                ,      320.00,            ,
  QTc-time (ms)               ,      397.70,            ,
  P-wave amplitude (mV)       ,     -42.846,            ,
  Q-wave amplitude (mV)       ,    -723.418,            ,
  R-wave amplitude (mV)       ,    2905.452,            ,
  S-wave amplitude (mV)       ,      -1.172,            ,
  T-wave amplitude (mV)       ,     310.052,            ,

TIME-VARYING RESULTS          ,
                              ,  WHOLE DATA,            ,            ,            ,            ,            ,            ,            ,            ,            ,            ,            ,            ,            ,            ,            ,            ,            ,            ,            ,            ,            ,            ,            ,            ,            ,            ,            ,            ,            ,            ,            ,            ,            ,            ,            ,            ,            ,            ,            ,            ,            ,            ,            ,            ,            ,            ,            ,            ,            ,            ,
                              ,            ,            ,            ,            ,            ,            ,    Overview,            ,            ,            ,            ,            ,            ,            , Time-Domain,            ,            ,            ,            ,            ,            ,            ,            ,            ,            ,            ,            ,            ,            , Freq-Domain,            ,            ,            ,            ,            ,            ,            ,            ,            ,            ,            ,            ,            ,            ,            ,   Nonlinear,            ,            ,            ,            ,            ,            ,
                              ,        Time, Beats total,Beats corrected,Beats corrected,Effective data length,Effective data length,   PNS index,   SNS index,Stress index, EE activity, EE activity,   Intensity,        Load,         VO2,     Mean RR,        SDNN,     Mean HR,       SD HR,      Min HR,      Max HR,       RMSSD,        NNxx,       pNNxx,       HRVti,        TINN,          DC,       DCmod,          AC,       ACmod,    VLF peak,     LF peak,     HF peak,   VLF power,    LF power,    HF power,   VLF power,    LF power,    HF power,   VLF power,    LF power,    HF power,    LF power,    HF power, LF/HF ratio,        RESP,         SD1,         SD2,     SD2/SD1,        ApEn,      SampEn,      DFA a1,      DFA a2,
                              ,  (hh:mm:ss),     (count),     (count),         (%),       (sec),         (%),            ,            ,            ,  (kcal/min),      (kcal), (TRIMP/min),     (TRIMP),     (l/min),        (ms),        (ms),     (1/min),     (1/min),     (1/min),     (1/min),        (ms),     (count),         (%),            ,        (ms),        (ms),        (ms),        (ms),        (ms),        (Hz),        (Hz),        (Hz),      (ms^2),      (ms^2),      (ms^2),       (log),       (log),       (log),         (%),         (%),         (%),      (n.u.),      (n.u.),            ,        (Hz),        (ms),        (ms),            ,            ,            ,            ,            ,
                              ,    13:07:30,         364,           0,      0.0000,         300,    100.0000,     -0.7623,      0.7879,     10.9075,      4.0384,      4.0384,      0.1735,      0.1735,      0.6722,    809.8306,     39.7472,     74.0896,      3.7084,     65.0296,     91.1167,     33.1538,          46,     12.6722,     10.1111,    194.0000,     30.3086,     32.0450,    -41.1366,    -46.4343,    0.030000,    0.050000,    0.283333,    470.6859,    915.8479,    534.8721,      6.1542,      6.8199,      6.2820,     24.4995,     47.6704,     27.8404,     63.1392,     36.8745,      1.7123,      0.2560,     23.4757,     51.0910,      2.1763,      1.1511,      1.6311,      1.0031,      0.6856,
                              ,    13:08:30,         364,           0,      0.0000,         300,    100.0000,     -0.6791,      0.7053,     10.7872,      1.9638,      6.0022,      0.0431,      0.2166,      0.3257,    822.6305,     42.5158,     72.9368,      3.8466,     64.9471,     91.1167,     34.4578,          54,     14.8760,     12.1333,    203.0000,     35.2343,     35.2369,    -43.5849,    -49.0498,    0.026667,    0.066667,    0.243333,    530.5511,    661.1892,    698.9414,      6.2739,      6.4940,      6.5496,     28.3476,     35.3277,     37.3448,     49.3042,     52.1194,      0.9460,      0.2481,     24.3993,     54.9996,      2.2541,      1.1972,      1.6847,      1.1891,      0.6584,
                              ,    13:09:30,         364,           0,      0.0000,         300,    100.0000,     -0.6733,      0.6645,     10.6084,      2.7785,      8.7807,      0.0875,      0.3041,      0.4618,    826.1437,     43.3625,     72.6266,      3.8968,     64.9471,     91.1167,     34.3343,          59,     16.2534,     11.7419,    217.0000,     37.0866,     34.6853,    -45.6040,    -48.1485,    0.036667,    0.080000,    0.243333,    246.4414,    721.7958,    632.8079,      5.5071,      6.5817,      6.4502,     15.3209,     44.8730,     39.3408,     52.9919,     46.4587,      1.1406,      0.2488,     24.3119,     56.2192,      2.3124,      1.1499,      1.5806,      1.1560,      0.6191,
                              ,    13:10:30,         361,           0,      0.0000,         300,    100.0000,     -0.6142,      0.6951,     11.0754,      3.4547,     12.2355,      0.1308,      0.4348,      0.5747,    830.6597,     42.0732,     72.2317,      3.7405,     64.9471,     91.1167,     35.1571,          60,     16.6667,     12.0333,    205.0000,     39.2018,     35.2002,    -46.9853,    -50.1899,    0.033333,    0.090000,    0.266667,    140.5302,    931.5235,    485.4722,      4.9454,      6.8368,      6.1851,      9.0043,     59.6860,     31.1059,     65.5921,     34.1839,      1.9188,      0.2615,     24.8951,     53.9845,      2.1685,      1.2058,      1.7427,      1.1371,      0.6322,
                              ,    13:11:30,         355,           0,      0.0000,         300,    100.0000,     -0.4421,      0.6398,     11.5231,      3.1055,     15.3410,      0.1076,      0.5425,      0.5164,    845.6123,     39.3989,     70.9545,      3.3435,     62.7900,     80.9593,     37.4469,          66,     18.6441,     12.2414,    197.0000,     42.5602,     37.3098,    -47.7899,    -55.1502,    0.033333,    0.086667,    0.266667,     58.5225,   1013.1150,    570.8151,      4.0694,      6.9208,      6.3471,      3.5370,     61.2305,     34.4989,     63.4756,     35.7638,      1.7749,      0.2693,     26.5166,     48.9728,      1.8469,      1.1860,      1.7408,      0.9959,      0.3355,
                              ,    13:12:30,         357,           0,      0.0000,         300,    100.0000,     -0.4916,      0.6728,     11.4765,      2.6200,     17.9610,      0.0782,      0.6207,      0.4353,    840.1282,     40.0045,     71.4177,      3.4394,     62.7900,     87.7589,     36.9243,          67,     18.8202,     11.1562,    179.0000,     41.7202,     35.9555,    -46.6899,    -54.5708,    0.033333,    0.090000,    0.266667,     47.2335,    786.1561,    650.1942,      3.8551,      6.6672,      6.4773,      3.1695,     52.7528,     43.6295,     54.4795,     45.0576,      1.2091,      0.2742,     26.1463,     50.2252,      1.9209,      1.1425,      1.6442,      1.1080,      0.3321,
                              ,    13:13:30,         362,           0,      0.0000,         300,    100.0000,     -0.5565,      0.7995,     11.9978,      1.7294,     19.6904,      0.0318,      0.6524,      0.2866,    829.8677,     37.7872,     72.3007,      3.3162,     62.7900,     87.7589,     35.8314,          61,     16.8975,     11.6774,    181.0000,     40.3810,     34.2297,    -46.4666,    -52.6020,    0.030000,    0.096667,    0.266667,     81.3925,    541.5528,    694.3105,      4.3993,      6.2944,      6.5429,      6.1701,     41.0533,     52.6333,     43.7529,     56.0944,      0.7800,      0.2725,     25.3719,     46.9594,      1.8508,      1.1347,      1.7117,      1.1129,      0.3784,
                              ,    13:14:30,         363,           0,      0.0000,         300,    100.0000,     -0.5926,      0.9113,     12.6524,      4.0438,     23.7342,      0.1739,      0.8263,      0.6731,    825.4025,     35.0854,     72.6918,      3.1048,     62.7900,     87.7589,     34.6867,          54,     14.9171,     10.0833,    162.0000,     38.1492,     32.2974,    -43.8925,    -51.3072,    0.036667,    0.096667,    0.280000,    183.0423,    647.0425,    579.1984,      5.2097,      6.4724,      6.3616,     13.1104,     46.3444,     41.4851,     53.3371,     47.7446,      1.1171,      0.2747,     24.5613,     43.1640,      1.7574,      1.1377,      1.6829,      0.8995,      0.5279,
                              ,    13:15:30,         363,           0,      0.0000,         300,    100.0000,     -0.5870,      0.9267,     12.8711,      4.2489,     27.9831,      0.1902,      1.0165,      0.7074,    826.6884,     33.6685,     72.5787,      2.9725,     62.7900,     87.7589,     34.2552,          52,     14.3646,     11.3438,    167.0000,     35.7379,     32.4345,    -43.0095,    -50.9624,    0.036667,    0.116667,    0.263333,    200.1859,    482.3563,    439.2566,      5.2992,      6.1787,      6.0851,     18.1369,     43.7016,     39.7968,     53.3838,     48.6138,      1.0981,      0.2793,     24.2559,     40.9652,      1.6889,      1.1587,      1.7039,      0.8199,      0.5575,
                              ,    13:16:30,         370,           0,      0.0000,         300,    100.0000,     -0.7651,      0.9086,     11.9728,      3.5668,     31.5499,      0.1386,      1.1551,      0.5935,    810.1562,     33.2338,     74.0598,      3.0514,     65.1607,     87.7589,     31.3973,          46,     12.4661,      9.7368,    163.0000,     30.7795,     29.0818,    -39.6232,    -46.5916,    0.036667,    0.080000,    0.296667,    168.3232,    267.4847,    470.5689,      5.1259,      5.5891,      6.1539,     19.0114,     30.2113,     53.1489,     37.3032,     65.6251,      0.5684,      0.2855,     22.2321,     41.3252,      1.8588,      1.1775,      1.6922,      0.9279,      0.5504,
                              ,    13:17:30,         371,           2,      0.5391,         300,    100.0000,     -0.7629,      0.8658,     11.6973,      2.7533,     34.3032,      0.0860,      1.2411,      0.4576,    809.5075,     32.9114,     74.1191,      3.0354,     61.7533,     85.5234,     31.4402,          44,     11.8919,      9.0488,    168.0000,     29.3873,     29.7503,    -37.5152,    -44.4843,    0.040000,    0.080000,    0.296667,     65.6404,    279.8253,    481.5999,      4.1842,      5.6342,      6.1771,      8.1434,     34.7155,     59.7479,     37.7931,     65.0448,      0.5810,      0.2867,     22.2622,     40.8106,      1.8332,      1.2025,      1.7966,      0.9005,      0.4851,
                              ,    13:18:30,         373,           2,      0.5362,         300,    100.0000,     -0.7823,      0.6138,      9.6017,      3.2795,     37.5827,      0.1189,      1.3600,      0.5455,    803.8959,     39.0359,     74.6365,      3.7103,     61.7533,     93.8302,     33.1810,          45,     12.0968,     10.3611,    214.0000,     30.2272,     31.5583,    -36.7764,    -44.1842,    0.040000,    0.100000,    0.303333,    101.4950,    695.1572,    475.1522,      4.6200,      6.5441,      6.1636,      8.2597,     56.5724,     38.6683,     61.6659,     42.1497,      1.4630,      0.2900,     23.4942,     49.9939,      2.1279,      1.1721,      1.6732,      1.0497,      0.3885,
                              ,    13:19:30,         372,           2,      0.5376,         300,    100.0000,     -0.7451,      0.5977,      9.6146,      1.7723,     39.3549,      0.0338,      1.3938,      0.2938,    806.5845,     39.7799,     74.3877,      3.7646,     61.7533,     93.8302,     34.0307,          49,     13.2075,     10.9412,    219.0000,     31.0061,     32.7172,    -36.3533,    -45.3845,    0.040000,    0.100000,    0.286667,    211.3660,   1144.9326,    470.1558,      5.3536,      7.0431,      6.1531,     11.9554,     64.7604,     26.5932,     73.5540,     30.2043,      2.4352,      0.2951,     24.0959,     50.8318,      2.1096,      1.1971,      1.6990,      1.2362,      0.3759,
                              ,    13:20:30,         372,           2,      0.5376,         300,    100.0000,     -0.7252,      0.5757,      9.4034,      4.4836,     43.8386,      0.2097,      1.6035,      0.7466,    805.8364,     41.8749,     74.4568,      3.9731,     61.7533,     93.8302,     35.1377,          55,     14.8248,     10.6286,    221.0000,     32.6248,     33.6941,    -38.4271,    -46.8198,    0.036667,    0.076667,    0.246667,    147.4342,   1485.1520,    468.9361,      4.9934,      7.3033,      6.1505,      7.0980,     71.5003,     22.5762,     76.9632,     24.3011,      3.1671,      0.2876,     24.8797,     53.7590,      2.1608,      1.1130,      1.5378,      1.2784,      0.3628,
                              ,    13:21:30,         373,           2,      0.5362,         300,    100.0000,     -0.7283,      0.5764,      9.3345,      2.5448,     46.3834,      0.0739,      1.6774,      0.4228,    804.8934,     42.9377,     74.5440,      4.0866,     61.7533,     93.8302,     35.3972,          56,     15.0538,     10.6571,    225.0000,     33.9861,     34.4465,    -39.3110,    -46.3709,    0.030000,    0.076667,    0.233333,     91.5723,   1182.5699,    565.1225,      4.5171,      7.0754,      6.3370,      4.9664,     64.1368,     30.6495,     67.4885,     32.2512,      2.0926,      0.2776,     25.0634,     55.3706,      2.2092,      1.2046,      1.7784,      1.1977,      0.3809,
                              ,    13:22:30,         402,           5,      1.2438,         300,    100.0000,     -1.0324,      1.0232,      9.7739,      2.8969,     49.2803,      0.0946,      1.7720,      0.4816,    747.0582,     43.0061,     80.3150,      4.7247,     67.6876,    127.4689,     34.2016,          54,     13.4663,     11.1667,    228.0000,     29.4286,     32.2145,    -36.9006,    -43.5190,    0.030000,    0.076667,    0.240000,     99.1350,    712.3087,    676.6797,      4.5965,      6.5685,      6.5172,      6.5746,     47.2400,     44.8771,     50.5644,     48.0352,      1.0527,      0.2666,     24.2149,     55.7984,      2.3043,      1.1630,      1.5259,      1.2672,      0.3617,
                              ,    13:23:30,         404,           5,      1.2376,         300,    100.0000,     -0.6993,      0.6943,      7.7173,      3.0426,     52.3229,      0.1036,      1.8757,      0.5059,    743.0626,     51.5195,     80.7469,      5.9993,     65.2922,    127.4689,     45.9235,          75,     18.6104,     11.8824,    303.0000,     28.9936,     38.6949,    -45.4293,    -57.4735,    0.030000,    0.080000,    0.240000,    131.3416,    784.9762,    550.5171,      4.8778,      6.6657,      6.3109,      8.8024,     52.6084,     36.8952,     57.6862,     40.4563,      1.4259,      0.2633,     32.5133,     65.2718,      2.0075,      1.1335,      1.3973,      1.1632,      0.3420,
                              ,    13:24:30,         411,          13,      3.1630,         300,    100.0000,     -0.7503,      0.8552,      8.2052,     10.2158,     62.5387,      1.0971,      2.9727,      1.7039,    731.1810,     51.7853,     82.0590,      6.2487,     65.2922,    127.4689,     46.0619,          73,     17.8049,     13.2581,    306.0000,     29.2187,     38.7384,    -47.3268,    -56.6418,    0.033333,    0.066667,    0.250000,    128.3383,   1574.7890,    664.5890,      4.8547,      7.3619,      6.4992,      5.2870,     64.8742,     27.3781,     68.4955,     28.9063,      2.3696,      0.2636,     32.6105,     65.6666,      2.0137,      1.1439,      1.4071,      1.1361,      0.4446,
                              ,    13:25:30,         422,          16,      3.7915,         291,     97.0000,     -0.9812,      1.1432,      7.9439,      4.2553,     66.7940,      0.1907,      3.1635,      0.7085,    690.4713,     53.3499,     86.8972,      7.2983,     65.2922,    147.0208,     45.0453,          63,     14.9644,     12.4118,    306.0000,     25.9893,     35.8215,    -40.6173,    -49.4429,    0.036667,    0.110000,    0.200000,    130.4876,   2576.1974,   1190.8357,      4.8713,      7.8541,      7.0824,      3.2640,     64.4406,     29.7874,     66.6149,     30.7925,      2.1634,      0.2811,     31.8897,     68.4669,      2.1470,      1.0400,      1.1078,      1.2323,      0.4719,
                              ,    13:26:30,         480,          24,      5.0000,         279,     93.0000,     -1.6497,      2.5691,      9.9746,      4.9119,     71.7059,      0.2478,      3.4112,      0.8181,    581.7922,     47.6288,    103.1296,      9.5247,     65.2922,    168.8840,     40.1498,          49,     10.2296,      4.1026,    285.0000,     17.6550,     26.3755,    -27.8519,    -35.1829,    0.026667,    0.110000,    0.200000,    128.8127,   2045.2207,   1033.3797,      4.8584,      7.6233,      6.9406,      3.9362,     62.4971,     31.5776,     65.0579,     32.8715,      1.9792,      0.3438,     28.4199,     61.1340,      2.1511,      0.7822,      0.3739,      1.2546,      0.4322,
                              ,    13:27:30,         546,          32,      5.8608,         279,     93.0000,     -2.2074,      4.6468,     15.6757,      5.8775,     77.5834,      0.3465,      3.7577,      0.9794,    511.3327,     40.7955,    117.3404,     11.2076,     65.2922,    170.3827,     35.5669,          42,      7.7064,      2.2469,    277.0000,     12.7868,     19.4670,    -19.0949,    -25.2845,    0.040000,    0.090000,    0.200000,    120.7522,   1144.3417,    472.6187,      4.7937,      7.0426,      6.1583,      6.9264,     65.6398,     27.1096,     70.5246,     29.1270,      2.4213,      0.4254,     25.1728,     51.9272,      2.0628,      0.5282,      0.2054,      1.1943,      0.3977,
                              ,    13:28:30,         638,          32,      5.0157,         279,     92.9766,     -3.3090,      7.5476,     21.2577,     16.9718,     94.5552,      4.2498,      8.0075,      2.8323,    437.6632,     23.7489,    137.0917,      8.5506,     71.3755,    178.1903,     19.2079,          17,      2.6688,      2.5217,    171.0000,      7.1798,     11.2413,     -9.0172,    -12.8326,    0.040000,    0.096667,    0.170000,     51.0736,    352.1138,    107.7809,      3.9333,      5.8640,      4.6801,     10.0965,     69.6076,     21.3067,     77.4248,     23.6995,      3.2669,      0.5086,     13.5927,     30.7385,      2.2614,      0.6122,      0.4301,      1.2222,      0.4755,
                              ,    13:29:30,         728,          24,      3.2967,         279,     92.9766,     -3.9059,      9.3539,     21.2669,     17.1591,    111.7143,      4.3966,     12.4041,      2.8636,    382.9184,     18.2707,    156.6914,      9.0500,     72.8048,    178.1903,     13.9223,           6,      0.8253,      2.2821,    171.0000,      3.5805,      8.9829,     -5.0031,    -10.0454,    0.033333,    0.043333,    0.173333,      1.2011,      3.4312,      2.3917,      0.1832,      1.2329,      0.8720,     14.6046,     41.7215,     29.0814,     48.8569,     34.0550,      1.4346,      0.6027,      9.8515,     23.7945,      2.4153,      0.8116,      0.6382,      1.3235,      0.4797,
                              ,    13:30:30,         826,          21,      2.5424,         288,     96.0000,     -4.2998,     14.6040,     41.9001,     18.5222,    130.2366,      5.6076,     18.0117,      3.0912,    348.6857,      5.4163,    172.0748,      2.6524,    155.7595,    188.4085,      8.5591,           0,      0.0000,      1.9714,     31.0000,      2.4138,      7.9497,     -3.4674,     -8.7550,    0.040000,    0.043333,    0.330000,      0.1210,      0.3918,      0.8607,      0.0000,      0.0000,      0.0000,      5.6804,     18.3950,     40.4078,     19.5029,     42.8414,      0.4552,      0.6561,      6.0559,      4.6941,      0.7751,      1.4473,      1.7257,      0.3467,      0.3799,
                              ,    13:31:30,         871,          13,      1.4925,         300,    100.0000,     -4.3293,     17.9989,     58.6800,     17.7465,    147.9830,      4.8865,     22.8982,      2.9617,    344.7133,      5.1676,    174.0577,      2.6027,    160.9219,    190.3346,      8.4164,           0,      0.0000,      1.9101,     25.0000,      2.3019,      7.9181,     -3.1777,     -8.6154,    0.040000,    0.040000,    0.330000,      0.2451,      0.5280,      1.1933,      0.0000,      0.0000,      0.1767,      9.8586,     21.2385,     48.0020,     23.5613,     53.2519,      0.4424,      0.6879,      5.9547,      4.2230,      0.7092,      1.5343,      1.9006,      0.2552,      0.5005,
                              ,    13:32:30,         848,           0,      0.0000,         300,    100.0000,     -4.2395,     16.2098,     51.3335,     19.0880,    167.0710,      6.1920,     29.0903,      3.1857,    353.8104,      6.0209,    169.5823,      2.8913,    133.2177,    190.3346,      9.3859,           0,      0.0000,      2.5854,     31.0000,      2.6125,      8.9414,     -3.4183,     -9.7265,    0.040000,    0.040000,    0.330000,      0.5122,      0.8083,      1.2251,      0.0000,      0.0000,      0.2030,     16.3153,     25.7448,     39.0199,     30.7640,     46.6273,      0.6598,      0.6965,      6.6408,      5.3325,      0.8030,      1.5322,      1.9469,      0.2899,      0.8053,
                              ,    13:33:30,         798,          10,      1.2531,         300,    100.0000,     -4.0572,     11.5949,     31.7024,     18.4619,    185.5330,      5.5483,     34.6386,      3.0812,    375.7636,      8.0292,    159.6749,      3.3776,    113.5255,    190.3346,     10.4974,           0,      0.0000,      2.1744,     60.0000,      3.1793,      9.9415,     -3.4456,    -10.3324,    0.030000,    0.040000,    0.326667,      2.5680,      4.9232,      2.7155,      0.9431,      1.5940,      0.9990,     22.4955,     43.1269,     23.7872,     55.6444,     30.6913,      1.8130,      0.6788,      7.4275,      8.5762,      1.1547,      1.4269,      1.7614,      0.6958,      0.6491,
                              ,    13:34:30,         743,          14,      1.8843,         300,    100.0000,     -3.8302,     11.8381,     38.3092,     13.4296,    198.9625,      2.1693,     36.8078,      2.2407,    403.7786,      9.3953,    148.5963,      3.3999,    108.3714,    190.3346,     11.0479,           0,      0.0000,      2.4767,     61.0000,      3.8071,     10.4706,     -4.0727,    -10.9624,    0.033333,    0.116667,    0.326667,      7.6937,     28.8695,     19.7339,      2.0404,      3.3628,      2.9823,     12.5011,     46.9083,     32.0645,     53.6102,     36.6456,      1.4629,      0.6314,      7.8173,     10.7478,      1.3749,      1.4321,      1.7237,      0.8069,      0.7163,
                              ,    13:35:30,         676,          14,      2.0710,         300,    100.0000,     -3.4468,      9.4518,     32.9797,     10.6320,    209.5946,      1.2049,     38.0127,      1.7735,    444.2993,     10.4381,    135.0441,      3.1279,    107.5254,    190.3346,     11.9324,           0,      0.0000,      2.8403,     63.0000,      4.0343,     11.4004,     -4.4809,    -12.0092,    0.033333,    0.100000,    0.186667,     15.8079,     69.5474,     39.1821,      2.7605,      4.2420,      3.6682,     11.8461,     52.1172,     29.3621,     59.1207,     33.3078,      1.7750,      0.5922,      8.4437,     12.1196,      1.4353,      1.4003,      1.7395,      0.9288,      0.7004,
                              ,    13:36:30,         639,          14,      2.1909,         300,    100.0000,     -3.1900,      8.7636,     33.5196,      9.7484,    219.3430,      0.9851,     38.9978,      1.6259,    469.4815,     12.1148,    127.8006,      3.2587,    107.5254,    167.7772,     12.9388,           0,      0.0000,      3.7368,     66.0000,      4.1593,     12.6314,     -4.9272,    -13.3372,    0.036667,    0.096667,    0.186667,     16.5984,     63.6728,     25.3552,      2.8093,      4.1538,      3.2330,     14.0941,     54.0663,     21.5298,     62.9367,     25.0620,      2.5112,      0.5735,      9.1563,     14.4865,      1.5821,      1.3788,      1.7732,      0.9271,      0.9364,
                              ,    13:37:30,         671,          14,      2.0864,         300,    100.0000,     -3.4157,      9.5449,     33.9831,      8.3460,    227.6890,      0.7000,     39.6978,      1.3917,    447.2840,     11.4601,    134.1429,      3.3903,    107.5254,    181.0787,     12.2848,           0,      0.0000,      3.1651,     65.0000,      3.8527,     11.7522,     -4.3682,    -12.1985,    0.036667,    0.040000,    0.156667,     40.9353,     43.8419,     13.0650,      3.7120,      3.7806,      2.5699,     39.9870,     42.8262,     12.7623,     71.3616,     21.2659,      3.3557,      0.5778,      8.6932,     13.6904,      1.5748,      1.3468,      1.5572,      0.8792,      0.9593,
                              ,    13:38:30,         723,           4,      0.5533,         300,    100.0000,     -3.7455,     11.6226,     39.3658,     11.2909,    238.9799,      1.3923,     41.0901,      1.8835,    415.4871,      9.5487,    144.4088,      3.2847,    107.5254,    181.0787,     10.7354,           0,      0.0000,      2.2880,     59.0000,      3.3561,     10.3964,     -3.9852,    -10.8499,    0.036667,    0.040000,    0.156667,     59.5325,     32.5494,      7.1283,      4.0865,      3.4828,      1.9641,     61.5514,     33.6533,      7.3701,     87.5279,     19.1686,      4.5662,      0.6062,      7.5964,     11.1723,      1.4707,      1.3554,      1.5888,      0.9007,      0.9748,
                              ,    13:39:30,         790,           0,      0.0000,         300,    100.0000,     -4.0545,     13.7549,     43.8657,     18.8320,    257.8119,      5.9211,     47.0112,      3.1430,    380.2277,      7.9298,    157.8002,      3.2851,    107.5254,    185.1718,      9.6684,           0,      0.0000,      2.3867,     48.0000,      2.8937,      9.4130,     -3.3330,     -9.7112,    0.036667,    0.040000,    0.373333,     19.4455,      8.0608,      1.9322,      2.9676,      2.0870,      0.6587,     67.3106,     27.9024,      6.6884,     85.3559,     20.4603,      4.1718,      0.6574,      6.8409,      8.8920,      1.2998,      1.3832,      1.6506,      0.6722,      1.2092,
                              ,    13:40:30,         853,           0,      0.0000,         300,    100.0000,     -4.2787,     15.3650,     46.4906,     18.4306,    276.2425,      5.5177,     52.5289,      3.0759,    351.7480,      6.8629,    170.5767,      3.3221,    117.8818,    185.1718,      8.6901,           0,      0.0000,      1.7444,     47.0000,      2.8518,      8.7199,     -2.9300,     -8.7025,    0.036667,    0.053333,    0.386667,      0.6756,      0.6169,      0.8719,      0.0000,      0.0000,      0.0000,     22.0122,     20.0978,     28.4069,     25.7704,     36.4248,      0.7075,      0.6912,      6.1484,      7.5169,      1.2226,      1.4609,      1.7259,      0.4423,      1.2717,
                              ,    13:41:30,         901,           0,      0.0000,         300,    100.0000,     -4.4126,     22.2559,     78.2020,     19.6798,    295.9223,      6.8615,     59.3904,      3.2846,    333.2652,      4.8338,    180.0368,      2.6087,    166.7752,    192.2403,      8.0344,           0,      0.0000,      1.6532,     22.0000,      2.8718,      8.1577,     -2.7984,     -8.1465,    0.036667,    0.056667,    0.386667,      0.1630,      0.5161,      0.7478,      0.0000,      0.0000,      0.0000,      7.4299,     23.5257,     34.0892,     25.4139,     36.8252,      0.6901,      0.7213,      5.6843,      3.7998,      0.6685,      1.6238,      2.0679,      0.2520,      0.4534,
                              ,    13:42:30,         899,           4,      0.4449,         300,    100.0000,     -4.4263,     22.0685,     77.3205,     18.2319,    314.1542,      5.3273,     64.7177,      3.0427,    333.6610,      4.6261,    179.8232,      2.4925,    153.1406,    194.8003,      7.5554,           0,      0.0000,      1.5420,     22.0000,      2.8244,      7.6342,     -2.6838,     -7.5219,    0.036667,    0.056667,    0.326667,      0.1441,      0.4815,      0.5814,      0.0000,      0.0000,      0.0000,      9.0735,     30.3152,     36.6101,     33.3403,     40.2634,      0.8281,      0.7189,      5.3455,      3.7767,      0.7065,      1.5583,      1.9144,      0.2464,      0.4955,
                              ,    13:43:30,         860,          15,      1.7442,         300,    100.0000,     -4.2921,     15.3484,     45.7115,     20.3124,    334.4666,      7.6488,     72.3665,      3.3902,    348.4409,      5.9429,    172.1956,      2.9573,    128.5625,    194.8003,      8.8618,           1,      0.1164,      1.7063,     49.0000,      3.3953,      8.4791,     -3.3835,     -8.4393,    0.036667,    0.070000,    0.343333,      0.2721,      0.5493,      0.7511,      0.0000,      0.0000,      0.0000,     13.8808,     28.0207,     38.3119,     32.5371,     44.4871,      0.7314,      0.6855,      6.2699,      5.5931,      0.8921,      1.4533,      1.6665,      0.4579,      0.4216,
                              ,    13:44:30,         799,          21,      2.6283,         300,    100.0000,     -4.0692,     12.4136,     35.9014,     18.5635,    353.0301,      5.6485,     78.0150,      3.0981,    375.3877,      8.3415,    159.8348,      3.5104,    112.4348,    194.8003,     10.2608,           2,      0.2506,      1.8979,     71.0000,      4.0729,      9.4003,     -3.8670,     -9.3258,    0.020000,    0.046667,    0.153333,      0.6416,      4.4863,      7.0867,      0.0000,      1.5010,      1.9582,      4.4339,     31.0012,     48.9702,     32.4395,     51.2422,      0.6331,      0.6301,      7.2601,      9.2606,      1.2756,      1.3252,      1.3769,      0.6390,      0.4905,
                              ,    13:45:30,         738,          21,      2.8455,         300,    100.0000,     -3.8060,      9.8647,     28.3549,     12.3210,    365.3511,      1.7315,     79.7465,      2.0555,    406.4937,      9.4973,    147.6037,      3.4290,    111.0228,    194.8003,     11.1170,           2,      0.2714,      2.1516,     71.0000,      4.3485,     10.1770,     -4.4017,    -10.4097,    0.040000,    0.053333,    0.153333,      3.4108,     28.2889,     34.0067,      1.2270,      3.3425,      3.5266,      4.4819,     37.1723,     44.6857,     38.9165,     46.7824,      0.8319,      0.5715,      7.8662,     10.8914,      1.3846,      1.3043,      1.3073,      0.8272,      0.6174,
                              ,    13:46:30,         669,          21,      3.1390,         300,    100.0000,     -3.4159,      9.0551,     31.5296,     10.2605,    375.6116,      1.1083,     80.8548,      1.7114,    448.4957,     10.6398,    133.7805,      3.1590,    109.3238,    194.8003,     11.7890,           2,      0.2994,      2.4327,     72.0000,      4.7031,     10.9278,     -5.0691,    -11.5768,    0.040000,    0.096667,    0.156667,      7.1410,     69.2690,     39.1339,      1.9658,      4.2380,      3.6670,      5.5139,     53.4862,     30.2173,     56.6075,     31.9807,      1.7701,      0.5139,      8.3424,     12.5315,      1.5022,      1.3371,      1.3042,      1.0083,      0.6172,
                              ,    13:47:30,         608,          17,      2.7961,         300,    100.0000,     -2.9701,      6.1815,     22.5727,      9.0815,    384.6931,      0.8405,     81.6953,      1.5145,    493.7148,     12.2219,    121.5276,      2.9962,    108.2452,    152.9880,     13.0057,           2,      0.3295,      3.5349,     77.0000,      5.6988,     12.9185,     -5.7568,    -13.6040,    0.030000,    0.096667,    0.233333,      6.4211,     77.8020,     17.7546,      1.8596,      4.3542,      2.8766,      5.7216,     69.3270,     15.8206,     73.5344,     16.7807,      4.3821,      0.4776,      9.2041,     14.5594,      1.5818,      1.4226,      1.9681,      0.8625,      0.5684,
                              ,    13:48:30,         582,           6,      1.0309,         300,    100.0000,     -2.8273,      6.8356,     29.3352,      9.9216,    394.6147,      1.0255,     82.7208,      1.6548,    516.1337,     12.9079,    116.2489,      2.8907,    103.2952,    128.6163,     12.3961,           1,      0.1721,      3.9324,     79.0000,      5.6557,     12.4266,     -5.3820,    -13.1286,    0.030000,    0.100000,    0.236667,      3.9633,     75.3697,     12.6354,      1.3771,      4.3224,      2.5365,      3.9571,     75.2503,     12.6154,     78.3507,     13.1352,      5.9649,      0.4540,      8.7729,     16.0134,      1.8253,      1.3836,      1.8673,      1.1164,      0.5923,
                              ,    13:49:30,         568,           0,      0.0000,         300,    100.0000,     -2.7907,      6.1575,     26.6392,      9.2908,    403.9056,      0.8841,     83.6049,      1.5495,    528.5430,     14.2998,    113.5196,      3.0441,     96.7559,    128.1602,     11.7063,           0,      0.0000,      4.5079,     90.0000,      5.4854,     12.0127,     -5.1491,    -12.5346,    0.040000,    0.103333,    0.193333,      5.1964,    105.4390,     14.4214,      1.6480,      4.6581,      2.6687,      3.9957,     81.0746,     11.0890,     84.4489,     11.5505,      7.3113,      0.4340,      8.2849,     18.4642,      2.2286,      1.4042,      1.7728,      1.4240,      0.5011,
                              ,    13:50:30,         558,           0,      0.0000,         300,    100.0000,     -2.7439,      5.6934,     24.7777,      8.4638,    412.3693,      0.7213,     84.3262,      1.4113,    537.2984,     15.1707,    111.6698,      3.1192,     96.7559,    127.1523,     11.6693,           0,      0.0000,      4.8522,     92.0000,      6.0378,     12.1225,     -5.1762,    -12.2276,    0.036667,    0.090000,    0.353333,     15.4525,    155.6776,     22.5883,      2.7378,      5.0478,      3.1174,      7.8859,     79.4470,     11.5275,     86.2485,     12.5144,      6.8920,      0.4149,      8.2589,     19.8153,      2.3993,      1.4001,      1.7526,      1.3275,      0.5231,
                              ,    13:51:30,         544,           0,      0.0000,         300,    100.0000,     -2.6564,      4.7723,     20.5311,      8.7608,    421.1301,      0.7769,     85.1031,      1.4609,    551.0936,     17.3128,    108.8744,      3.3793,     94.8441,    119.7661,     12.2026,           0,      0.0000,      5.0841,     98.0000,      7.0993,     12.7562,     -5.9466,    -12.4819,    0.026667,    0.090000,    0.183333,     31.7829,    251.4441,     34.8407,      3.4589,      5.5272,      3.5508,      9.9014,     78.3325,     10.8539,     86.9408,     12.0467,      7.2170,      0.3882,      8.6366,     22.9014,      2.6517,      1.3699,      1.7122,      1.3911,      0.4798,
                              ,    13:52:30,         533,           2,      0.3752,         300,    100.0000,     -2.5895,      4.6410,     20.8037,      7.5970,    428.7271,      0.5750,     85.6781,      1.2666,    562.9266,     18.3575,    106.5858,      3.4376,     94.3199,    118.7246,     12.3344,           0,      0.0000,      5.4388,    101.0000,      7.2367,     12.6530,     -6.6381,    -12.4148,    0.026667,    0.090000,    0.150000,     25.2489,    278.5125,     42.6584,      3.2288,      5.6295,      3.7532,      7.2126,     79.5603,     12.1859,     85.7448,     13.1331,      6.5289,      0.3555,      8.7302,     24.4173,      2.7969,      1.2883,      1.5632,      1.4209,      0.4749,
                              ,    13:53:30,         526,           2,      0.3802,         300,    100.0000,     -2.5505,      4.8634,     22.7817,      7.9645,    436.6916,      0.6342,     86.3123,      1.3279,    570.1628,     19.3896,    105.2331,      3.5413,     94.3199,    116.8950,     12.5060,           0,      0.0000,      6.0460,    101.0000,      7.6003,     12.9028,     -6.6348,    -12.2896,    0.026667,    0.093333,    0.150000,     16.2447,    295.9901,     52.9483,      2.7878,      5.6903,      3.9693,      4.4381,     80.8658,     14.4657,     84.6214,     15.1375,      5.5902,      0.3149,      8.8515,     25.9434,      2.9310,      1.2873,      1.5573,      1.5423,      0.4334,
                              ,    13:54:30,         522,           2,      0.3831,         300,    100.0000,     -2.5312,      4.3412,     19.7167,      7.6065,    444.2981,      0.5765,     86.8888,      1.2682,    573.8733,     23.8102,    104.5527,      4.2522,     90.4594,    114.8197,     13.4151,           1,      0.1919,      6.3659,    132.0000,      8.6348,     13.4164,     -7.9036,    -12.7495,    0.030000,    0.093333,    0.303333,     14.2618,    325.1590,     61.6600,      2.6576,      5.7843,      4.1216,      3.5609,     81.1853,     15.3952,     84.1830,     15.9636,      5.2734,      0.2749,      9.4951,     32.3068,      3.4025,      1.2188,      1.4159,      1.6882,      0.3684,
                              ,    13:55:30,         522,           2,      0.3831,         300,    100.0000,     -2.5133,      4.2018,     18.9101,      7.9373,    452.2354,      0.6297,     87.5185,      1.3234,    575.4195,     26.8911,    104.2717,      4.7488,     90.0616,    114.8197,     14.1923,           2,      0.3839,      7.6765,    136.0000,      9.0837,     13.5531,     -9.4952,    -13.2671,    0.040000,    0.096667,    0.166667,     30.8254,    526.3184,     81.7590,      3.4283,      6.2659,      4.4038,      4.8555,     82.9042,     12.8784,     87.1351,     13.5357,      6.4374,      0.2442,     10.0451,     36.7140,      3.6549,      1.1648,      1.2719,      1.6191,      0.4050,
                              ,    13:56:30,         518,           2,      0.3861,         300,    100.0000,     -2.4977,      4.2319,     19.4384,      8.0796,    460.3150,      0.6536,     88.1720,      1.3472,    579.6348,     26.8482,    103.5135,      4.6718,     90.0616,    114.8197,     13.9893,           2,      0.3868,      7.5072,    145.0000,      9.1787,     13.5540,     -9.5545,    -12.8962,    0.026667,    0.086667,    0.166667,     44.9883,    911.8250,    168.3681,      3.8064,      6.8154,      5.1262,      4.0181,     81.4384,     15.0376,     84.8477,     15.6671,      5.4157,      0.2298,      9.9015,     36.6792,      3.7044,      1.1590,      1.2372,      1.6461,      0.4160,
                              ,    13:57:30,         517,           0,      0.0000,         300,    100.0000,     -2.4960,      4.1503,     18.9248,      7.8156,    468.1306,      0.6097,     88.7818,      1.3031,    580.0592,     28.3464,    103.4377,      4.9229,     90.0616,    114.8197,     14.2168,           2,      0.3876,      7.9538,    138.0000,     10.3555,     14.0527,    -10.9361,    -13.6972,    0.026667,    0.086667,    0.163333,     26.0058,    808.0943,    164.0353,      3.2583,      6.6947,      5.1001,      2.6086,     81.0575,     16.4539,     83.2286,     16.8946,      4.9263,      0.2309,     10.0626,     38.8233,      3.8582,      1.0793,      1.1402,      1.5851,      0.4086,
                              ,    13:58:30,         518,           0,      0.0000,         300,    100.0000,     -2.5129,      4.1364,     18.6651,      6.7541,    474.8847,      0.4537,     89.2355,      1.1258,    578.6312,     29.8005,    103.6930,      5.1599,     90.0616,    115.3803,     14.2109,           3,      0.5803,      7.2958,    132.0000,     10.2137,     13.6942,    -11.7109,    -13.6069,    0.026667,    0.086667,    0.163333,     26.3131,    518.8686,     89.1420,      3.2701,      6.2517,      4.4902,      4.1251,     81.3434,     13.9749,     84.8433,     14.5761,      5.8207,      0.2424,     10.0585,     40.9467,      4.0709,      1.0355,      1.0124,      1.7158,      0.4690,
                              ,    13:59:30,         510,           0,      0.0000,         300,    100.0000,     -2.4337,      3.9501,     18.4332,      7.7619,    482.6466,      0.6011,     89.8365,      1.2941,    588.7351,     27.7422,    101.9134,      4.6835,     84.8150,    115.3803,     14.4832,           3,      0.5894,      7.2857,    134.0000,     10.9613,     14.5671,    -11.3051,    -14.0319,    0.030000,    0.093333,    0.163333,     73.5118,    530.1328,     77.1487,      4.2974,      6.2731,      4.3457,     10.7536,     77.5496,     11.2856,     86.8938,     12.6454,      6.8716,      0.2664,     10.2514,     37.8773,      3.6948,      1.0832,      1.1182,      1.7231,      0.5028,
                              ,    14:00:30,         504,           0,      0.0000,         300,    100.0000,     -2.4100,      3.7450,     17.7398,      8.8285,    491.4751,      0.7901,     90.6266,      1.4722,    595.2129,     24.4698,    100.8043,      4.0631,     84.8150,    115.3803,     13.6291,           2,      0.3976,      7.0986,    129.0000,      9.5849,     14.2489,     -9.1056,    -13.2688,    0.033333,    0.103333,    0.190000,    135.8408,    562.1684,     77.2754,      4.9115,      6.3318,      4.3474,     17.4835,     72.3542,      9.9458,     87.6845,     12.0531,      7.2749,      0.2840,      9.6468,     33.2640,      3.4482,      1.1406,      1.2283,      1.5982,      0.5524,
                              ,    14:01:30,         501,           0,      0.0000,         300,    100.0000,     -2.3819,      3.6543,     17.3802,      6.9523,    498.4274,      0.4805,     91.1071,      1.1589,    598.7965,     27.1677,    100.2010,      4.4589,     84.1874,    115.3803,     14.3408,           3,      0.6000,      7.4776,    137.0000,     11.0748,     15.1972,     -9.8987,    -13.4417,    0.033333,    0.103333,    0.186667,    105.0784,    525.3541,     73.8349,      4.6547,      6.2641,      4.3018,     14.8305,     74.1471,     10.4209,     87.0583,     12.2354,      7.1153,      0.2909,     10.1506,     37.0787,      3.6529,      1.0982,      1.1576,      1.6371,      0.5754,
                              ,    14:02:30,         492,           0,      0.0000,         300,    100.0000,     -2.3166,      3.2910,     15.9056,      7.0915,    505.5189,      0.5000,     91.6071,      1.1821,    608.9324,     26.2578,     98.5331,      4.1753,     84.1874,    115.3803,     14.4674,           3,      0.6110,      6.6486,    132.0000,     10.8160,     15.1056,    -10.4764,    -13.3817,    0.033333,    0.086667,    0.323333,     50.3267,    462.2199,     58.5231,      3.9185,      6.1360,      4.0694,      8.8786,     81.5441,     10.3246,     89.4895,     11.3305,      7.8981,      0.2897,     10.2408,     35.6698,      3.4831,      1.1729,      1.2794,      1.5658,      0.5552,
                              ,    14:03:30,         482,           0,      0.0000,         300,    100.0000,     -2.2269,      3.6242,     18.9990,      7.7762,    513.2951,      0.6034,     92.2105,      1.2965,    622.3995,     25.9637,     96.4011,      4.0143,     84.1874,    108.4363,     14.9191,           2,      0.4158,      6.6027,    120.0000,     12.6401,     16.4198,    -12.2272,    -14.5558,    0.040000,    0.090000,    0.153333,     45.3793,    651.2361,     72.3193,      3.8151,      6.4789,      4.2811,      5.9938,     86.0163,      9.5520,     91.5007,     10.1611,      9.0050,      0.2914,     10.5604,     35.2033,      3.3335,      1.2188,      1.4464,      1.5019,      0.4325,
                              ,    14:04:30,         480,           0,      0.0000,         300,    100.0000,     -2.2543,      3.7832,     20.1074,      6.1710,    519.4662,      0.3804,     92.5909,      1.0284,    624.0417,     23.8957,     96.1474,      3.6732,     84.1874,    108.4363,     13.6556,           1,      0.2088,      6.4000,    112.0000,     10.4758,     14.0803,    -10.8920,    -12.9472,    0.030000,    0.093333,    0.163333,     38.9562,    621.9051,     75.1468,      3.6624,      6.4328,      4.3194,      5.3173,     84.8869,     10.2572,     89.6541,     10.8332,      8.2759,      0.2932,      9.6661,     32.3926,      3.3511,      1.1727,      1.3858,      1.5264,      0.4373,
                              ,    14:05:30,         474,           0,      0.0000,         300,    100.0000,     -2.1973,      3.5989,     19.5070,      6.3773,    525.8434,      0.4054,     92.9963,      1.0629,    632.7991,     25.4874,     94.8168,      3.8041,     84.1874,    108.4363,     14.2832,           1,      0.2114,      7.6452,    116.0000,     10.5607,     14.4901,    -13.2026,    -14.3308,    0.033333,    0.126667,    0.170000,     28.6340,    451.8521,     78.3199,      3.3546,      6.1134,      4.3608,      5.0951,     80.4022,     13.9362,     84.7187,     14.6844,      5.7693,      0.2935,     10.1108,     34.5644,      3.4186,      1.1596,      1.3751,      1.5116,      0.4187,
                              ,    14:06:30,         465,           0,      0.0000,         300,    100.0000,     -2.1531,      3.5159,     19.7793,      6.1358,    531.9793,      0.3762,     93.3725,      1.0225,    643.9453,     22.6172,     93.1756,      3.2745,     83.5010,    102.7081,     13.4320,           0,      0.0000,      7.0455,    109.0000,     10.3078,     13.7996,    -12.1682,    -14.1020,    0.033333,    0.106667,    0.173333,     18.2707,    321.4571,     78.8219,      2.9053,      5.7729,      4.3672,      4.3717,     76.9163,     18.8600,     80.4325,     19.7222,      4.0783,      0.2938,      9.5082,     30.5645,      3.2145,      1.1900,      1.4740,      1.5929,      0.4841,
                              ,    14:07:30,         465,           0,      0.0000,         300,    100.0000,     -2.1554,      3.3905,     19.0671,      5.5720,    537.5513,      0.3132,     93.6857,      0.9284,    645.9782,     23.0694,     92.8824,      3.3199,     83.1844,    102.7081,     13.2467,           0,      0.0000,      7.3810,    111.0000,     10.0620,     13.3712,    -12.3750,    -14.8511,    0.040000,    0.046667,    0.173333,     42.3058,    394.7508,     71.5153,      3.7449,      5.9783,      4.2699,      8.7255,     81.4169,     14.7499,     89.2001,     16.1600,      5.5198,      0.2953,      9.3774,     31.2212,      3.3294,      1.1854,      1.4673,      1.5757,      0.5500,
                              ,    14:08:30,         464,           0,      0.0000,         300,    100.0000,     -2.1699,      3.2911,     18.4912,      5.1769,    542.7282,      0.2730,     93.9587,      0.8624,    647.3441,     22.5144,     92.6864,      3.2162,     83.1844,    108.7434,     12.6446,           0,      0.0000,      6.4444,    109.0000,      8.4149,     12.2682,    -10.1200,    -13.5838,    0.040000,    0.040000,    0.160000,    117.9312,    401.3252,     62.7952,      4.7701,      5.9948,      4.1399,     22.2701,     75.7861,     11.8582,     97.4993,     15.2557,      6.3910,      0.3006,      8.9512,     30.5238,      3.4100,      1.1662,      1.4173,      1.5069,      0.5510,
                              ,    14:09:30,         463,           0,      0.0000,         300,    100.0000,     -2.1668,      3.0354,     16.8636,      6.0991,    548.8273,      0.3719,     94.3306,      1.0164,    649.0112,     25.2931,     92.4483,      3.6010,     77.6150,    108.7434,     13.0922,           0,      0.0000,      7.4677,    119.0000,      9.4861,     12.8027,    -11.0782,    -14.4918,    0.040000,    0.093333,    0.156667,    108.4863,    360.5142,     57.2810,      4.6866,      5.8875,      4.0480,     22.4119,     74.4777,     11.8335,     95.9912,     15.2518,      6.2938,      0.2975,      9.2682,     34.4973,      3.7221,      1.1721,      1.3837,      1.5455,      0.6430,
                              ,    14:10:30,         452,           0,      0.0000,         300,    100.0000,     -2.0749,      2.9307,     17.0464,      5.6088,    554.4361,      0.3171,     94.6477,      0.9345,    662.6139,     26.0325,     90.5505,      3.5511,     73.6867,    108.7434,     13.8556,           0,      0.0000,      7.9298,    119.0000,     13.1466,     13.5878,    -12.8109,    -15.3461,    0.040000,    0.056667,    0.156667,     82.2123,    484.5484,     59.2391,      4.4093,      6.1832,      4.0816,     13.8087,     81.3867,      9.9500,     94.4256,     11.5441,      8.1795,      0.2956,      9.8083,     35.4278,      3.6120,      1.1454,      1.3415,      1.4421,      0.7161,
                              ,    14:11:30,         452,           0,      0.0000,         300,    100.0000,     -2.0670,      3.0630,     17.9619,      6.2224,    560.6585,      0.3865,     95.0343,      1.0370,    663.8346,     26.0263,     90.3840,      3.5573,     73.6867,    108.7434,     13.9134,           0,      0.0000,      8.3704,    121.0000,     12.9309,     13.7321,    -13.2964,    -15.8538,    0.023333,    0.060000,    0.253333,    152.6884,    638.9442,     95.5420,      5.0284,      6.4598,      4.5596,     17.8620,     74.7456,     11.1768,     91.0000,     13.6073,      6.6876,      0.2948,      9.8492,     35.4839,      3.6027,      1.1256,      1.3074,      1.4527,      0.6451,
                              ,    14:12:30,         451,           0,      0.0000,         300,    100.0000,     -2.0074,      2.7374,     15.9870,      4.9320,    565.5905,      0.2496,     95.2839,      0.8215,    664.6504,     28.3134,     90.2730,      3.8233,     73.6867,    108.7434,     15.6861,           1,      0.2222,      7.9123,    140.0000,     15.6108,     15.5152,    -14.7543,    -16.6844,    0.023333,    0.060000,    0.150000,    119.0622,    526.7676,    126.5988,      4.7796,      6.2668,      4.8410,     15.9328,     70.4916,     16.9413,     83.8514,     20.1521,      4.1609,      0.2906,     11.1041,     38.5085,      3.4679,      1.1370,      1.2868,      1.3040,      0.6898,
                              ,    14:13:30,         445,           0,      0.0000,         300,    100.0000,     -1.9266,      2.7014,     16.3562,      4.4480,    570.0385,      0.2067,     95.4906,      0.7406,    673.8479,     28.4716,     89.0409,      3.7381,     73.6867,    107.2438,     16.6135,           1,      0.2252,      7.9464,    137.0000,     18.9265,     17.3111,    -17.7074,    -18.7960,    0.023333,    0.053333,    0.150000,    118.6533,    425.6257,    150.8359,      4.7762,      6.0536,      5.0162,     17.7365,     63.6232,     22.5472,     77.3408,     27.4085,      2.8218,      0.2835,     11.7608,     38.4836,      3.2722,      1.1486,      1.3670,      1.4124,      0.7126,
                              ,    14:14:30,         434,           0,      0.0000,         300,    100.0000,     -1.7848,      2.4429,     15.7676,      6.2479,    576.2864,      0.3896,     95.8802,      1.0412,    690.4027,     27.8347,     86.9058,      3.4701,     73.6867,    103.9066,     18.0502,           3,      0.6928,      8.1887,    136.0000,     21.7717,     19.0231,    -21.2058,    -22.1032,    0.023333,    0.056667,    0.150000,    130.8488,    586.1809,    215.7345,      4.8740,      6.3736,      5.3740,     14.6565,     65.6586,     24.1646,     76.9345,     28.3145,      2.7171,      0.2779,     12.7784,     37.2520,      2.9152,      1.1592,      1.4194,      1.3310,      0.6448,
                              ,    14:15:30,         439,           0,      0.0000,         300,    100.0000,     -1.8307,      2.6266,     16.5700,      5.2545,    581.5408,      0.2807,     96.1608,      0.8753,    683.4058,     26.9805,     87.7956,      3.4496,     75.9268,    103.9066,     17.5370,           3,      0.6849,      8.4423,    134.0000,     19.5703,     18.0054,    -21.1986,    -22.1477,    0.023333,    0.056667,    0.150000,    114.1013,    502.1991,    252.3572,      4.7371,      6.2190,      5.5308,     13.6149,     59.9240,     30.1121,     69.3685,     34.8580,      1.9900,      0.2738,     12.4149,     36.0775,      2.9060,      1.1621,      1.4022,      1.3350,      0.6872,
                              ,    14:16:30,         438,           0,      0.0000,         300,    100.0000,     -1.8200,      2.3164,     14.5755,      4.1356,    585.6764,      0.1811,     96.3419,      0.6885,    684.6584,     29.4995,     87.6349,      3.7786,     75.9268,    106.2424,     18.1980,           3,      0.6865,      8.1111,    146.0000,     21.4992,     18.9892,    -23.4164,    -23.2094,    0.023333,    0.103333,    0.243333,     89.7180,    397.6495,    224.5258,      4.4967,      5.9856,      5.4140,     12.7011,     56.2942,     31.7855,     64.4844,     36.4100,      1.7711,      0.2670,     12.8828,     39.6983,      3.0815,      1.1249,      1.3481,      1.3326,      0.6229,
                              ,    14:17:30,         429,           0,      0.0000,         300,    100.0000,     -1.7665,      2.1473,     14.2955,      6.6987,    592.3751,      0.4464,     96.7883,      1.1165,    698.9479,     27.3262,     85.8433,      3.3922,     75.9268,    106.2424,     17.4171,           2,      0.4673,      7.6607,    136.0000,     20.9053,     18.0870,    -23.6996,    -23.8260,    0.033333,    0.046667,    0.246667,     86.8865,    508.9970,    167.1115,      4.4646,      6.2324,      5.1187,     11.3150,     66.2853,     21.7625,     74.7424,     24.5391,      3.0459,      0.2627,     12.3302,     36.6722,      2.9742,      1.1340,      1.4050,      1.3252,      0.6378,
                              ,    14:18:30,         430,           0,      0.0000,         300,    100.0000,     -1.7884,      2.1665,     14.3136,      6.2568,    598.6320,      0.3907,     97.1790,      1.0427,    697.4950,     27.2588,     86.0221,      3.4007,     75.9268,    106.2424,     17.0285,           2,      0.4662,      8.4314,    138.0000,     19.8041,     17.3322,    -21.8617,    -22.1990,    0.036667,    0.106667,    0.260000,    118.1863,    604.3246,    147.5285,      4.7723,      6.4041,      4.9940,     13.8265,     70.6995,     17.2593,     82.0433,     20.0285,      4.0963,      0.2631,     12.0551,     36.6175,      3.0375,      1.1406,      1.3973,      1.3017,      0.5677,
                              ,    14:19:30,         432,           0,      0.0000,         300,    100.0000,     -1.8187,      1.9468,     12.5256,      4.6998,    603.3318,      0.2285,     97.4075,      0.7827,    695.4493,     34.6794,     86.2752,      4.4706,     71.0207,    108.1881,     17.8762,           6,      1.3921,      9.8182,    171.0000,     20.5635,     18.2033,    -22.6990,    -22.7529,    0.036667,    0.106667,    0.260000,     72.7928,    496.3041,    133.8135,      4.2876,      6.2072,      4.8964,     10.5088,     71.6494,     19.3181,     80.0630,     21.5866,      3.7089,      0.2664,     12.6557,     47.3612,      3.7423,      1.0536,      1.2671,      1.5517,      0.7491,
                              ,    14:20:30,         424,           0,      0.0000,         300,    100.0000,     -1.7002,      1.9267,     13.1274,      5.2742,    608.6060,      0.2826,     97.6901,      0.8786,    708.0700,     35.4749,     84.7374,      4.3956,     71.0207,    108.1881,     19.5681,           9,      2.1277,      9.8605,    175.0000,     20.1281,     19.2185,    -22.9174,    -24.9202,    0.036667,    0.103333,    0.153333,    301.4099,    856.2415,    109.7483,      5.7085,      6.7526,      4.6982,     25.4820,     72.3891,      9.2784,     97.1432,     12.4513,      7.8019,      0.2704,     13.8531,     48.2517,      3.4831,      1.1059,      1.3408,      1.4355,      0.7224,
                              ,    14:21:30,         425,           0,      0.0000,         300,    100.0000,     -1.7024,      1.9184,     13.0567,      3.1719,    611.7779,      0.1119,     97.8020,      0.5275,    707.2323,     34.7293,     84.8378,      4.3057,     71.0207,    108.1881,     19.4888,           9,      2.1226,      9.4444,    173.0000,     18.9434,     18.9324,    -21.8683,    -24.5465,    0.040000,    0.040000,    0.286667,    504.6466,   1383.8573,    149.2652,      6.2239,      7.2326,      5.0057,     26.7097,     73.2443,      7.9003,     99.9373,     10.7794,      9.2711,      0.2819,     13.7970,     47.1870,      3.4201,      1.0934,      1.3238,      1.4519,      0.6583,
                              ,    14:22:30,         371,           0,      0.0000,         258,     86.0000,     -1.7514,      1.9760,     12.8908,      4.2846,    616.0625,      0.1931,     97.9951,      0.7133,    697.3327,     35.7275,     86.0421,      4.5671,     71.0207,    108.1881,     19.5702,           9,      2.4324,      9.5128,    170.0000,     18.5948,     19.0996,    -21.2428,    -24.4106,    0.040000,    0.100000,    0.286667,    273.6025,    976.3060,    166.7236,      5.6117,      6.8838,      5.1163,     20.3457,     72.6002,     12.3979,     91.1441,     15.5647,      5.8558,      0.2859,     13.8570,     48.6565,      3.5113,      1.0476,      1.2869,      1.5105,      0.7459,
                              ,    14:23:30,         282,           0,      0.0000,         200,     66.6667,     -1.6869,      1.8481,     12.3879,      4.0627,    620.1252,      0.1754,     98.1705,      0.6763,    703.7414,     38.4877,     85.2586,      4.8488,     71.0207,    108.1881,     20.9228,           9,      3.2028,      9.7241,    185.0000,     18.6870,     20.3239,    -23.3649,    -27.3280,    0.023333,    0.100000,    0.283333,     62.8789,    350.9398,    127.5194,      4.1412,      5.8606,      4.8483,     11.6797,     65.1869,     23.6867,     73.8074,     26.8191,      2.7520,      0.2902,     14.8211,     52.4434,      3.5384,      0.9704,      1.2943,      1.5073,      0.7883,

                              ,            ,    INACTIVE,  VERY LIGHT,       LIGHT,    MODERATE,        HARD,     MAXIMUM,    INACTIVE,  VERY LIGHT,       LIGHT,    MODERATE,        HARD,     MAXIMUM,
                              ,            ,         (%),         (%),         (%),         (%),         (%),         (%),   (h:min:s),   (h:min:s),   (h:min:s),   (h:min:s),   (h:min:s),   (h:min:s),
                              ,    HR Zones,     30.6108,     26.6720,     19.3020,      5.5548,      1.9989,     15.8616,    00:24:09,    00:21:02,    00:15:14,    00:04:23,    00:01:35,    00:12:31,

                              ,            ,    VERY LOW,         LOW,      NORMAL,        HIGH,   VERY HIGH,    VERY LOW,         LOW,      NORMAL,        HIGH,   VERY HIGH,
                              ,            ,         (%),         (%),         (%),         (%),         (%),   (h:min:s),   (h:min:s),   (h:min:s),   (h:min:s),   (h:min:s),
                              ,   PNS Zones,     59.7403,     16.8831,     23.3766,      0.0000,      0.0000,    00:47:08,    00:13:19,    00:18:26,    00:00:00,    00:00:00,

                              ,            ,    VERY LOW,         LOW,      NORMAL,        HIGH,   VERY HIGH,    VERY LOW,         LOW,      NORMAL,        HIGH,   VERY HIGH,
                              ,            ,         (%),         (%),         (%),         (%),         (%),   (h:min:s),   (h:min:s),   (h:min:s),   (h:min:s),   (h:min:s),
                              ,   SNS Zones,     68.8312,      9.0909,     22.0779,      0.0000,      0.0000,    00:54:18,    00:07:10,    00:17:25,    00:00:00,    00:00:00,

                              ,            ,         BMR,    Activity,       Total,
                              ,            ,      (kcal),      (kcal),      (kcal),
                              , Energy exp.,     93.2357,    620.1252,    713.3609,


RR INTERVAL DATA, SPECTRUM ESTIMATES AND ECG-WAVEFORM,
                              ,    SAMPLE 1,            ,            ,            ,            ,            ,            ,            ,            ,            ,            ,            ,
                              ,     RR Data,            ,FFT spectrum,            , AR Spectrum,            ,            ,            ,            ,ECG waveform,            ,            ,
                              ,        Time, RR interval,   Frequency,         PSD,   Frequency,         PSD,   VLF comp.,    LF comp.,    HF comp.,        Time,         ECG,      Marker,
                              ,         (s),         (s),        (Hz),   (ms^2/Hz),        (Hz),   (ms^2/Hz),   (ms^2/Hz),   (ms^2/Hz),   (ms^2/Hz),         (s),        (mV),            ,
                              ,   50791.292,       0.623,       0.000,     17.7188,       0.000,    726.2852,            ,            ,            ,     -0.2148,    -91.1741,            ,
                              ,   50791.916,       0.623,       0.003,      8.0801,       0.003,   1455.9464,            ,            ,            ,     -0.2139,    -90.8142,            ,
                              ,   50792.547,       0.632,       0.007,      1.2025,       0.007,   1466.1344,            ,            ,            ,     -0.2129,    -91.0325,            ,
                              ,   50793.187,       0.639,       0.010,     22.3990,       0.010,   1483.3172,            ,            ,            ,     -0.2119,    -90.0965,            ,
                              ,   50793.812,       0.626,       0.013,     21.9360,       0.013,   1507.8058,            ,            ,            ,     -0.2109,    -89.1612,            ,
                              ,   50794.432,       0.620,       0.017,     98.6274,       0.017,   1540.0498,            ,            ,            ,     -0.2100,    -88.2540,            ,
                              ,   50795.041,       0.608,       0.020,   1418.8142,       0.020,   1580.6523,            ,            ,            ,     -0.2090,    -87.9524,            ,
                              ,   50795.666,       0.625,       0.023,   3242.6361,       0.023,   1630.3899,            ,            ,            ,     -0.2080,    -90.0439,            ,
                              ,   50796.297,       0.632,       0.027,   1604.1400,       0.027,   1690.2379,            ,            ,            ,     -0.2070,    -89.9361,            ,
                              ,   50796.939,       0.642,       0.030,   1841.7080,       0.030,   1761.4031,            ,            ,            ,     -0.2061,    -90.2690,            ,
                              ,   50797.578,       0.639,       0.033,   5262.1048,       0.033,   1845.3618,            ,            ,            ,     -0.2051,    -88.4025,            ,
                              ,   50798.219,       0.642,       0.037,   9652.2378,       0.037,   1943.9060,            ,            ,            ,     -0.2041,    -90.2490,            ,
                              ,   50798.853,       0.634,       0.040,  15993.7424,       0.040,   2059.1939,            ,            ,            ,     -0.2031,    -90.1712,            ,
                              ,   50799.495,       0.642,       0.043,   7690.7317,       0.043,   2193.8031,            ,            ,            ,     -0.2021,    -87.7566,            ,
                              ,   50800.137,       0.643,       0.047,   5061.0203,       0.047,   2350.7779,            ,            ,            ,     -0.2012,    -87.0750,            ,
                              ,   50800.800,       0.663,       0.050,   1005.3567,       0.050,   2533.6531,            ,            ,            ,     -0.2002,    -85.8165,            ,
                              ,   50801.441,       0.642,       0.053,   3416.9106,       0.053,   2746.4270,            ,            ,            ,     -0.1992,    -88.5736,            ,
                              ,   50802.083,       0.642,       0.057,    196.4663,       0.057,   2993.4241,            ,            ,            ,     -0.1982,    -87.3438,            ,
                              ,   50802.723,       0.640,       0.060,    604.5558,       0.060,   3278.9572,            ,            ,            ,     -0.1973,    -87.0771,            ,
                              ,   50803.359,       0.636,       0.063,     81.3131,       0.063,   3606.6357,            ,            ,            ,     -0.1963,    -86.3985,            ,
                              ,   50804.006,       0.647,       0.067,    515.9130,       0.067,   3978.1008,            ,            ,            ,     -0.1953,    -86.0505,            ,
                              ,   50804.644,       0.638,       0.070,    294.9354,       0.070,   4390.9237,            ,            ,            ,     -0.1943,    -88.7555,            ,
                              ,   50805.262,       0.618,       0.073,    215.3542,       0.073,   4835.4866,            ,            ,            ,     -0.1934,    -89.3986,            ,
                              ,   50805.854,       0.592,       0.077,     76.0962,       0.077,   5291.0797,            ,            ,            ,     -0.1924,    -90.0423,            ,
                              ,   50806.438,       0.585,       0.080,     26.7797,       0.080,   5722.4775,            ,            ,            ,     -0.1914,    -87.9090,            ,
                              ,   50807.024,       0.586,       0.083,   2610.7612,       0.083,   6079.8367,            ,            ,            ,     -0.1904,    -86.9313,            ,
                              ,   50807.633,       0.609,       0.087,   4979.0384,       0.087,   6305.7422,            ,            ,            ,     -0.1895,    -85.6792,            ,
                              ,   50808.262,       0.629,       0.090,   4336.0000,       0.090,   6350.9948,            ,            ,            ,     -0.1885,    -85.6651,            ,
                              ,   50808.916,       0.653,       0.093,  13434.9023,       0.093,   6193.9050,            ,            ,            ,     -0.1875,    -84.4140,            ,
                              ,   50809.601,       0.686,       0.097,  12847.3852,       0.097,   5851.3810,            ,            ,            ,     -0.1865,    -85.9959,            ,
                              ,   50810.274,       0.673,       0.100,   5249.1068,       0.100,   5373.1294,            ,            ,            ,     -0.1855,    -85.3784,            ,
                              ,   50810.940,       0.666,       0.103,   6194.0575,       0.103,   4822.7174,            ,            ,            ,     -0.1846,    -86.2188,            ,
                              ,   50811.592,       0.652,       0.107,    541.0086,       0.107,   4258.0005,            ,            ,            ,     -0.1836,    -87.1423,            ,
                              ,   50812.235,       0.643,       0.110,   1952.0637,       0.110,   3720.2470,            ,            ,            ,     -0.1826,    -86.5263,            ,
                              ,   50812.869,       0.634,       0.113,   4773.4678,       0.113,   3232.7265,            ,            ,            ,     -0.1816,    -87.4508,            ,
                              ,   50813.500,       0.632,       0.117,     54.4203,       0.117,   2804.6021,            ,            ,            ,     -0.1807,    -87.1383,            ,
                              ,   50814.131,       0.631,       0.120,   1541.5844,       0.120,   2436.0381,            ,            ,            ,     -0.1797,    -88.9988,            ,
                              ,   50814.758,       0.627,       0.123,    936.7241,       0.123,   2122.4140,            ,            ,            ,     -0.1787,    -88.6598,            ,
                              ,   50815.386,       0.628,       0.127,   2120.5307,       0.127,   1857.1297,            ,            ,            ,     -0.1777,    -87.9637,            ,
                              ,   50816.029,       0.643,       0.130,   2270.2820,       0.130,   1633.2200,            ,            ,            ,     -0.1768,    -91.3381,            ,
                              ,   50816.678,       0.649,       0.133,   5811.7985,       0.133,   1444.1641,            ,            ,            ,     -0.1758,    -91.0555,            ,
                              ,   50817.328,       0.650,       0.137,   3663.7141,       0.137,   1284.2182,            ,            ,            ,     -0.1748,    -89.5634,            ,
                              ,   50817.971,       0.643,       0.140,    609.1980,       0.140,   1148.4914,            ,            ,            ,     -0.1738,    -91.0692,            ,
                              ,   50818.633,       0.662,       0.143,    693.7961,       0.143,   1032.8999,            ,            ,            ,     -0.1729,    -91.9979,            ,
                              ,   50819.309,       0.676,       0.147,    336.4794,       0.147,    934.0708,            ,            ,            ,     -0.1719,    -92.8171,            ,
                              ,   50820.009,       0.700,       0.150,    519.0916,       0.150,    849.2337,            ,            ,            ,     -0.1709,    -93.0592,            ,
                              ,   50820.702,       0.692,       0.153,    938.1892,       0.153,    776.1181,            ,            ,            ,     -0.1699,    -91.8718,            ,
                              ,   50821.373,       0.671,       0.157,   2255.4000,       0.157,    712.8631,            ,            ,            ,     -0.1689,    -93.7372,            ,
                              ,   50822.019,       0.646,       0.160,   1750.8898,       0.160,    657.9409,            ,            ,            ,     -0.1680,    -94.3931,            ,
                              ,   50822.653,       0.634,       0.163,    302.3682,       0.163,    610.0943,            ,            ,            ,     -0.1670,    -92.8494,            ,
                              ,   50823.294,       0.642,       0.167,    525.3441,       0.167,    568.2854,            ,            ,            ,     -0.1660,    -93.7536,            ,
                              ,   50823.923,       0.629,       0.170,    369.4191,       0.170,    531.6543,            ,            ,            ,     -0.1650,    -93.6957,            ,
                              ,   50824.566,       0.643,       0.173,    332.9362,       0.173,    499.4862,            ,            ,            ,     -0.1641,    -95.5082,            ,
                              ,   50825.201,       0.635,       0.177,    228.5190,       0.177,    471.1842,            ,            ,            ,     -0.1631,    -97.6510,            ,
                              ,   50825.842,       0.642,       0.180,    266.8925,       0.180,    446.2487,            ,            ,            ,     -0.1621,    -98.2817,           1,
                              ,   50826.489,       0.646,       0.183,    129.6688,       0.183,    424.2592,            ,            ,            ,     -0.1611,    -98.9128,            ,
                              ,   50827.147,       0.658,       0.187,     31.9639,       0.187,    404.8613,            ,            ,            ,     -0.1602,   -100.4518,            ,
                              ,   50827.812,       0.665,       0.190,    226.9915,       0.190,    387.7547,            ,            ,            ,     -0.1592,   -105.2910,            ,
                              ,   50828.497,       0.685,       0.193,     42.9889,       0.193,    372.6843,            ,            ,            ,     -0.1582,   -108.5631,            ,
                              ,   50829.153,       0.656,       0.197,    180.3866,       0.197,    359.4325,            ,            ,            ,     -0.1572,   -109.4431,            ,
                              ,   50829.815,       0.662,       0.200,    282.7678,       0.200,    347.8132,            ,            ,            ,     -0.1562,   -111.2584,            ,
                              ,   50830.470,       0.655,       0.203,    193.8164,       0.203,    337.6665,            ,            ,            ,     -0.1553,   -114.0640,            ,
                              ,   50831.120,       0.649,       0.207,    355.6017,       0.207,    328.8543,            ,            ,            ,     -0.1543,   -115.8525,            ,
                              ,   50831.787,       0.667,       0.210,    454.3954,       0.210,    321.2566,            ,            ,            ,     -0.1533,   -116.6238,            ,
                              ,   50832.426,       0.640,       0.213,      2.6959,       0.213,    314.7685,            ,            ,            ,     -0.1523,   -116.6253,            ,
                              ,   50833.072,       0.646,       0.217,     75.1866,       0.217,    309.2970,            ,            ,            ,     -0.1514,   -116.0772,            ,
                              ,   50833.702,       0.630,       0.220,     59.9910,       0.220,    304.7587,            ,            ,            ,     -0.1504,   -116.9594,            ,
                              ,   50834.343,       0.642,       0.223,    137.1883,       0.223,    301.0775,            ,            ,            ,     -0.1494,   -117.5669,            ,
                              ,   50834.961,       0.618,       0.227,     61.7482,       0.227,    298.1817,            ,            ,            ,     -0.1484,   -119.6046,            ,
                              ,   50835.590,       0.629,       0.230,    127.2882,       0.230,    296.0025,            ,            ,            ,     -0.1475,   -122.3300,            ,
                              ,   50836.218,       0.628,       0.233,     72.2343,       0.233,    294.4711,            ,            ,            ,     -0.1465,   -123.2133,            ,
                              ,   50836.862,       0.644,       0.237,    129.6184,       0.237,    293.5167,            ,            ,            ,     -0.1455,   -125.6642,            ,
                              ,   50837.534,       0.672,       0.240,    322.0902,       0.240,    293.0637,            ,            ,            ,     -0.1445,   -130.5079,            ,
                              ,   50838.179,       0.646,       0.243,    162.3088,       0.243,    293.0295,            ,            ,            ,     -0.1436,   -133.1794,            ,
                              ,   50838.830,       0.650,       0.247,     75.4580,       0.247,    293.3220,            ,            ,            ,     -0.1426,   -133.8161,            ,
                              ,   50839.489,       0.659,       0.250,      0.6489,       0.250,    293.8372,            ,            ,            ,     -0.1416,   -134.8930,            ,
                              ,   50840.139,       0.650,       0.253,     37.7035,       0.253,    294.4574,            ,            ,            ,     -0.1406,   -135.4752,            ,
                              ,   50840.803,       0.664,       0.257,     60.6184,       0.257,    295.0495,            ,            ,            ,     -0.1396,   -136.4150,            ,
                              ,   50841.435,       0.631,       0.260,    167.0654,       0.260,    295.4657,            ,            ,            ,     -0.1387,   -137.9325,            ,
                              ,   50842.055,       0.621,       0.263,    409.9376,       0.263,    295.5438,            ,            ,            ,     -0.1377,   -139.3953,            ,
                              ,   50842.689,       0.634,       0.267,    174.8619,       0.267,    295.1116,            ,            ,            ,     -0.1367,   -140.0057,            ,
                              ,   50843.318,       0.629,       0.270,    576.3948,       0.270,    293.9920,            ,            ,            ,     -0.1357,   -138.9663,            ,
                              ,   50843.955,       0.637,       0.273,    800.2447,       0.273,    292.0117,            ,            ,            ,     -0.1348,   -139.8246,            ,
                              ,   50844.583,       0.628,       0.277,    230.3320,       0.277,    289.0117,            ,            ,            ,     -0.1338,   -138.9780,            ,
                              ,   50845.220,       0.637,       0.280,     50.4282,       0.280,    284.8599,            ,            ,            ,     -0.1328,   -140.4966,            ,
                              ,   50845.872,       0.651,       0.283,    246.0638,       0.283,    279.4634,            ,            ,            ,     -0.1318,   -138.6053,            ,
                              ,   50846.561,       0.689,       0.287,    420.5309,       0.287,    272.7800,            ,            ,            ,     -0.1309,   -136.6042,            ,
                              ,   50847.281,       0.720,       0.290,    207.1550,       0.290,    264.8252,            ,            ,            ,     -0.1299,   -134.5482,            ,
                              ,   50848.005,       0.725,       0.293,    277.8936,       0.293,    255.6752,            ,            ,            ,     -0.1289,   -130.2924,            ,
                              ,   50848.699,       0.693,       0.297,    539.5559,       0.297,    245.4629,            ,            ,            ,     -0.1279,   -131.1791,            ,
                              ,   50849.394,       0.695,       0.300,    531.9474,       0.300,    234.3688,            ,            ,            ,     -0.1270,   -126.1810,            ,
                              ,   50850.064,       0.670,       0.303,    722.1813,       0.303,    222.6070,            ,            ,            ,     -0.1260,   -120.7430,            ,
                              ,   50850.724,       0.660,       0.307,    168.9356,       0.307,    210.4083,            ,            ,            ,     -0.1250,   -115.8826,            ,
                              ,   50851.372,       0.647,       0.310,     97.1591,       0.310,    198.0040,            ,            ,            ,     -0.1240,   -111.5997,            ,
                              ,   50852.003,       0.631,       0.313,     20.2112,       0.313,    185.6113,            ,            ,            ,     -0.1230,   -108.4994,            ,
                              ,   50852.637,       0.634,       0.317,     20.3334,       0.317,    173.4219,            ,            ,            ,     -0.1221,   -102.1817,            ,
                              ,   50853.271,       0.634,       0.320,    208.0755,       0.320,    161.5959,            ,            ,            ,     -0.1211,    -96.0566,            ,
                              ,   50853.907,       0.636,       0.323,    197.6583,       0.323,    150.2582,            ,            ,            ,     -0.1201,    -92.4339,            ,
                              ,   50854.542,       0.636,       0.327,    488.0005,       0.327,    139.4994,            ,            ,            ,     -0.1191,    -89.4163,            ,
                              ,   50855.186,       0.644,       0.330,     68.8835,       0.330,    129.3783,            ,            ,            ,     -0.1182,    -86.3987,            ,
                              ,   50855.840,       0.654,       0.333,      9.0003,       0.333,    119.9265,            ,            ,            ,     -0.1172,    -83.9587,            ,
                              ,   50856.527,       0.687,       0.337,      2.2009,       0.337,    111.1534,            ,            ,            ,     -0.1162,    -80.9136,            ,
                              ,   50857.197,       0.670,       0.340,      6.6554,       0.340,    103.0507,            ,            ,            ,     -0.1152,    -80.3435,            ,
                              ,   50857.845,       0.648,       0.343,     75.9184,       0.343,     95.5972,            ,            ,            ,     -0.1143,    -77.9035,            ,
                              ,   50858.489,       0.644,       0.347,     84.3448,       0.347,     88.7630,            ,            ,            ,     -0.1133,    -73.0984,            ,
                              ,   50859.118,       0.629,       0.350,      2.7596,       0.350,     82.5123,            ,            ,            ,     -0.1123,    -70.6583,            ,
                              ,   50859.742,       0.624,       0.353,     85.6471,       0.353,     76.8061,            ,            ,            ,     -0.1113,    -68.9332,            ,
                              ,   50860.363,       0.621,       0.357,     99.2395,       0.357,     71.6042,            ,            ,            ,     -0.1104,    -68.6105,            ,
                              ,   50860.976,       0.613,       0.360,     16.6242,       0.360,     66.8668,            ,            ,            ,     -0.1094,    -63.7228,            ,
                              ,   50861.598,       0.622,       0.363,      2.1536,       0.363,     62.5552,            ,            ,            ,     -0.1084,    -59.2476,            ,
                              ,   50862.217,       0.619,       0.367,      0.5870,       0.367,     58.6326,            ,            ,            ,     -0.1074,    -58.0723,           1,
                              ,   50862.842,       0.625,       0.370,     60.4681,       0.370,     55.0643,            ,            ,            ,     -0.1064,    -55.4119,            ,
                              ,   50863.478,       0.636,       0.373,     25.3870,       0.373,     51.8185,            ,            ,            ,     -0.1055,    -52.0639,            ,
                              ,   50864.115,       0.637,       0.377,      2.4281,       0.377,     48.8656,            ,            ,            ,     -0.1045,    -51.5483,            ,
                              ,   50864.752,       0.638,       0.380,     13.7486,       0.380,     46.1786,            ,            ,            ,     -0.1035,    -49.4377,            ,
                              ,   50865.413,       0.660,       0.383,     22.3261,       0.383,     43.7331,            ,            ,            ,     -0.1025,    -47.6844,            ,
                              ,   50866.081,       0.668,       0.387,     11.7136,       0.387,     41.5069,            ,            ,            ,     -0.1016,    -47.0860,            ,
                              ,   50866.745,       0.665,       0.390,     18.2314,       0.390,     39.4800,            ,            ,            ,     -0.1006,    -47.7799,            ,
                              ,   50867.410,       0.665,       0.393,     13.2772,       0.393,     37.6342,            ,            ,            ,     -0.0996,    -48.6937,            ,
                              ,   50868.071,       0.661,       0.397,     33.7394,       0.397,     35.9535,            ,            ,            ,     -0.0986,    -48.4524,            ,
                              ,   50868.735,       0.664,       0.400,     15.9434,       0.400,     34.4233,            ,            ,            ,     -0.0977,    -49.7235,            ,
                              ,   50869.405,       0.670,       0.403,      4.2817,       0.403,     33.0306,            ,            ,            ,     -0.0967,    -50.6643,            ,
                              ,   50870.063,       0.658,       0.407,     44.2866,       0.407,     31.7637,            ,            ,            ,     -0.0957,    -56.7750,            ,
                              ,   50870.713,       0.650,       0.410,      4.5833,       0.410,     30.6123,            ,            ,            ,     -0.0947,    -58.0730,            ,
                              ,   50871.361,       0.647,       0.413,      6.6666,       0.413,     29.5671,            ,            ,            ,     -0.0938,    -59.3433,            ,
                              ,   50871.999,       0.638,       0.417,      1.7668,       0.417,     28.6197,            ,            ,            ,     -0.0928,    -60.2835,            ,
                              ,   50872.631,       0.632,       0.420,      0.6542,       0.420,     27.7629,            ,            ,            ,     -0.0918,    -61.8560,            ,
                              ,   50873.249,       0.618,       0.423,      7.9560,       0.423,     26.9901,            ,            ,            ,     -0.0908,    -64.0607,            ,
                              ,   50873.860,       0.611,       0.427,     43.7539,       0.427,     26.2955,            ,            ,            ,     -0.0898,    -65.9078,            ,
                              ,   50874.465,       0.605,       0.430,     73.1285,       0.430,     25.6740,            ,            ,            ,     -0.0889,    -67.2046,            ,
                              ,   50875.073,       0.608,       0.433,     38.2199,       0.433,     25.1211,            ,            ,            ,     -0.0879,    -68.1712,            ,
                              ,   50875.666,       0.593,       0.437,      4.3400,       0.437,     24.6328,            ,            ,            ,     -0.0869,    -69.0550,            ,
                              ,   50876.285,       0.620,       0.440,     37.1662,       0.440,     24.2057,            ,            ,            ,     -0.0859,    -68.8111,            ,
                              ,   50876.922,       0.637,       0.443,      0.8838,       0.443,     23.8368,            ,            ,            ,     -0.0850,    -71.8670,            ,
                              ,   50877.539,       0.617,       0.447,     57.2683,       0.447,     23.5237,            ,            ,            ,     -0.0840,    -71.8976,            ,
                              ,   50878.135,       0.597,       0.450,      5.5637,       0.450,     23.2640,            ,            ,            ,     -0.0830,    -71.2954,            ,
                              ,   50878.720,       0.585,       0.453,     13.5286,       0.453,     23.0562,            ,            ,            ,     -0.0820,    -70.6929,            ,
                              ,   50879.296,       0.576,       0.457,      9.8574,       0.457,     22.8987,            ,            ,            ,     -0.0811,    -72.2077,            ,
                              ,   50879.876,       0.580,       0.460,     19.3175,       0.460,     22.7904,            ,            ,            ,     -0.0801,    -78.6995,            ,
                              ,   50880.466,       0.590,       0.463,     29.4912,       0.463,     22.7307,            ,            ,            ,     -0.0791,    -78.3987,            ,
                              ,   50881.066,       0.600,       0.467,     36.9362,       0.467,     22.7190,            ,            ,            ,     -0.0781,    -76.0076,            ,
                              ,   50881.686,       0.620,       0.470,     43.5621,       0.470,     22.7552,            ,            ,            ,     -0.0771,    -77.4935,            ,
                              ,   50882.320,       0.634,       0.473,     54.5475,       0.473,     22.8393,            ,            ,            ,     -0.0762,    -75.3768,            ,
                              ,   50882.962,       0.643,       0.477,     42.5501,       0.477,     22.9718,            ,            ,            ,     -0.0752,    -75.4321,            ,
                              ,   50883.620,       0.657,       0.480,     21.3557,       0.480,     23.1531,            ,            ,            ,     -0.0742,    -76.0921,            ,
                              ,   50884.274,       0.654,       0.483,     14.3550,       0.483,     23.3842,            ,            ,            ,     -0.0732,    -76.7242,            ,
                              ,   50884.924,       0.650,       0.487,     24.3890,       0.487,     23.6661,            ,            ,            ,     -0.0723,    -75.7610,            ,
                              ,   50885.573,       0.648,       0.490,     59.0547,       0.490,     24.0002,            ,            ,            ,     -0.0713,    -74.6049,            ,
                              ,   50886.210,       0.637,       0.493,     65.9732,       0.493,     24.3880,            ,            ,            ,     -0.0703,    -74.9335,            ,
                              ,   50886.842,       0.632,       0.497,     20.7713,       0.497,     24.8310,            ,            ,            ,     -0.0693,    -74.9316,            ,
                              ,   50887.471,       0.628,       0.500,     14.8395,       0.500,     25.3312,            ,            ,            ,     -0.0684,    -75.5618,            ,
                              ,   50888.129,       0.659,            ,            ,            ,            ,            ,            ,            ,     -0.0674,    -76.7966,            ,
                              ,   50888.810,       0.681,            ,            ,            ,            ,            ,            ,            ,     -0.0664,    -77.4261,            ,
                              ,   50889.516,       0.706,            ,            ,            ,            ,            ,            ,            ,     -0.0654,    -76.2676,            ,
                              ,   50890.231,       0.715,            ,            ,            ,            ,            ,            ,            ,     -0.0645,    -76.0162,            ,
                              ,   50890.958,       0.727,            ,            ,            ,            ,            ,            ,            ,     -0.0635,    -76.3143,            ,
                              ,   50891.665,       0.707,            ,            ,            ,            ,            ,            ,            ,     -0.0625,    -76.8870,            ,
                              ,   50892.357,       0.692,            ,            ,            ,            ,            ,            ,            ,     -0.0615,    -77.2117,            ,
                              ,   50893.032,       0.675,            ,            ,            ,            ,            ,            ,            ,     -0.0605,    -76.0235,            ,
                              ,   50893.701,       0.669,            ,            ,            ,            ,            ,            ,            ,     -0.0596,    -78.1623,            ,
                              ,   50894.359,       0.658,            ,            ,            ,            ,            ,            ,            ,     -0.0586,    -77.3032,            ,
                              ,   50895.022,       0.663,            ,            ,            ,            ,            ,            ,            ,     -0.0576,    -80.4035,            ,
                              ,   50895.673,       0.651,            ,            ,            ,            ,            ,            ,            ,     -0.0566,    -79.1584,            ,
                              ,   50896.333,       0.660,            ,            ,            ,            ,            ,            ,            ,     -0.0557,    -78.5453,            ,
                              ,   50896.979,       0.646,            ,            ,            ,            ,            ,            ,            ,     -0.0547,    -79.4442,            ,
                              ,   50897.629,       0.650,            ,            ,            ,            ,            ,            ,            ,     -0.0537,    -78.2526,            ,
                              ,   50898.283,       0.653,            ,            ,            ,            ,            ,            ,            ,     -0.0527,    -77.0329,            ,
                              ,   50898.946,       0.663,            ,            ,            ,            ,            ,            ,            ,     -0.0518,    -78.2327,            ,
                              ,   50899.615,       0.669,            ,            ,            ,            ,            ,            ,            ,     -0.0508,    -78.5795,            ,
                              ,   50900.279,       0.664,            ,            ,            ,            ,            ,            ,            ,     -0.0498,    -79.1733,            ,
                              ,   50900.936,       0.657,            ,            ,            ,            ,            ,            ,            ,     -0.0488,    -80.4264,            ,
                              ,   50901.581,       0.646,            ,            ,            ,            ,            ,            ,            ,     -0.0479,    -85.9415,            ,
                              ,   50902.217,       0.636,            ,            ,            ,            ,            ,            ,            ,     -0.0469,    -86.7536,           1,
                              ,   50902.834,       0.618,            ,            ,            ,            ,            ,            ,            ,     -0.0459,    -88.0050,            ,
                              ,   50903.458,       0.623,            ,            ,            ,            ,            ,            ,            ,     -0.0449,    -89.8884,            ,
                              ,   50904.078,       0.621,            ,            ,            ,            ,            ,            ,            ,     -0.0439,    -93.8887,            ,
                              ,   50904.726,       0.648,            ,            ,            ,            ,            ,            ,            ,     -0.0430,   -101.7659,            ,
                              ,   50905.395,       0.669,            ,            ,            ,            ,            ,            ,            ,     -0.0420,   -113.3274,            ,
                              ,   50906.081,       0.686,            ,            ,            ,            ,            ,            ,            ,     -0.0410,   -129.4257,            ,
                              ,   50906.771,       0.690,            ,            ,            ,            ,            ,            ,            ,     -0.0400,   -149.0983,            ,
                              ,   50907.462,       0.691,            ,            ,            ,            ,            ,            ,            ,     -0.0391,   -173.0603,            ,
                              ,   50908.140,       0.677,            ,            ,            ,            ,            ,            ,            ,     -0.0381,   -204.6115,            ,
                              ,   50908.812,       0.672,            ,            ,            ,            ,            ,            ,            ,     -0.0371,   -241.6070,            ,
                              ,   50909.479,       0.667,            ,            ,            ,            ,            ,            ,            ,     -0.0361,   -285.8342,            ,
                              ,   50910.154,       0.675,            ,            ,            ,            ,            ,            ,            ,     -0.0352,   -333.3883,            ,
                              ,   50910.829,       0.675,            ,            ,            ,            ,            ,            ,            ,     -0.0342,   -386.9641,            ,
                              ,   50911.522,       0.693,            ,            ,            ,            ,            ,            ,            ,     -0.0332,   -436.9368,            ,
                              ,   50912.202,       0.680,            ,            ,            ,            ,            ,            ,            ,     -0.0322,   -489.7964,            ,
                              ,   50912.892,       0.690,            ,            ,            ,            ,            ,            ,            ,     -0.0312,   -540.8127,            ,
                              ,   50913.595,       0.703,            ,            ,            ,            ,            ,            ,            ,     -0.0303,   -583.9360,            ,
                              ,   50914.299,       0.704,            ,            ,            ,            ,            ,            ,            ,     -0.0293,   -621.0913,            ,
                              ,   50915.009,       0.710,            ,            ,            ,            ,            ,            ,            ,     -0.0283,   -648.9509,            ,
                              ,   50915.685,       0.675,            ,            ,            ,            ,            ,            ,            ,     -0.0273,   -673.0425,            ,
                              ,   50916.358,       0.673,            ,            ,            ,            ,            ,            ,            ,     -0.0264,   -699.5258,            ,
                              ,   50917.020,       0.662,            ,            ,            ,            ,            ,            ,            ,     -0.0254,   -729.0883,            ,
                              ,   50917.685,       0.665,            ,            ,            ,            ,            ,            ,            ,     -0.0244,   -761.9226,            ,
                              ,   50918.356,       0.671,            ,            ,            ,            ,            ,            ,            ,     -0.0234,   -789.5588,            ,
                              ,   50919.029,       0.673,            ,            ,            ,            ,            ,            ,            ,     -0.0225,   -808.6694,            ,
                              ,   50919.702,       0.672,            ,            ,            ,            ,            ,            ,            ,     -0.0215,   -821.0693,            ,
                              ,   50920.375,       0.673,            ,            ,            ,            ,            ,            ,            ,     -0.0205,   -817.9312,            ,
                              ,   50921.056,       0.682,            ,            ,            ,            ,            ,            ,            ,     -0.0195,   -796.0652,            ,
                              ,   50921.729,       0.673,            ,            ,            ,            ,            ,            ,            ,     -0.0186,   -748.1839,            ,
                              ,   50922.381,       0.652,            ,            ,            ,            ,            ,            ,            ,     -0.0176,   -664.4973,            ,
                              ,   50923.032,       0.651,            ,            ,            ,            ,            ,            ,            ,     -0.0166,   -540.1656,            ,
                              ,   50923.673,       0.642,            ,            ,            ,            ,            ,            ,            ,     -0.0156,   -375.7938,            ,
                              ,   50924.318,       0.645,            ,            ,            ,            ,            ,            ,            ,     -0.0146,   -176.5517,            ,
                              ,   50924.975,       0.657,            ,            ,            ,            ,            ,            ,            ,     -0.0137,     58.6881,            ,
                              ,   50925.624,       0.649,            ,            ,            ,            ,            ,            ,            ,     -0.0127,    317.8532,            ,
                              ,   50926.272,       0.648,            ,            ,            ,            ,            ,            ,            ,     -0.0117,    592.7765,            ,
                              ,   50926.924,       0.652,            ,            ,            ,            ,            ,            ,            ,     -0.0107,    875.0429,            ,
                              ,   50927.585,       0.661,            ,            ,            ,            ,            ,            ,            ,     -0.0098,   1153.0751,            ,
                              ,   50928.255,       0.670,            ,            ,            ,            ,            ,            ,            ,     -0.0088,   1425.6632,            ,
                              ,   50928.930,       0.674,            ,            ,            ,            ,            ,            ,            ,     -0.0078,   1683.4299,            ,
                              ,   50929.589,       0.659,            ,            ,            ,            ,            ,            ,            ,     -0.0068,   1921.8651,            ,
                              ,   50930.250,       0.662,            ,            ,            ,            ,            ,            ,            ,     -0.0059,   2138.1090,            ,
                              ,   50930.931,       0.681,            ,            ,            ,            ,            ,            ,            ,     -0.0049,   2333.7565,            ,
                              ,   50931.616,       0.685,            ,            ,            ,            ,            ,            ,            ,     -0.0039,   2505.1227,            ,
                              ,   50932.311,       0.695,            ,            ,            ,            ,            ,            ,            ,     -0.0029,   2646.3776,            ,
                              ,   50932.988,       0.677,            ,            ,            ,            ,            ,            ,            ,     -0.0020,   2747.3465,            ,
                              ,   50933.669,       0.682,            ,            ,            ,            ,            ,            ,            ,     -0.0010,   2796.4520,            ,
                              ,   50934.371,       0.701,            ,            ,            ,            ,            ,            ,            ,      0.0000,   2807.8014,            ,
                              ,   50935.084,       0.714,            ,            ,            ,            ,            ,            ,            ,      0.0010,   2765.6924,            ,
                              ,   50935.807,       0.723,            ,            ,            ,            ,            ,            ,            ,      0.0020,   2709.5870,           1,
                              ,   50936.514,       0.707,            ,            ,            ,            ,            ,            ,            ,      0.0029,   2624.0029,            ,
                              ,   50937.219,       0.705,            ,            ,            ,            ,            ,            ,            ,      0.0039,   2512.6249,            ,
                              ,   50937.943,       0.724,            ,            ,            ,            ,            ,            ,            ,      0.0049,   2354.0311,            ,
                              ,   50938.677,       0.734,            ,            ,            ,            ,            ,            ,            ,      0.0059,   2178.6358,            ,
                              ,   50939.388,       0.711,            ,            ,            ,            ,            ,            ,            ,      0.0068,   1994.1390,            ,
                              ,   50940.105,       0.717,            ,            ,            ,            ,            ,            ,            ,      0.0078,   1802.4107,            ,
                              ,   50940.804,       0.699,            ,            ,            ,            ,            ,            ,            ,      0.0088,   1611.2607,            ,
                              ,   50941.521,       0.717,            ,            ,            ,            ,            ,            ,            ,      0.0098,   1427.8390,            ,
                              ,   50942.255,       0.734,            ,            ,            ,            ,            ,            ,            ,      0.0107,   1262.8703,            ,
                              ,   50942.963,       0.708,            ,            ,            ,            ,            ,            ,            ,      0.0117,   1115.3647,            ,
                              ,   50943.684,       0.721,            ,            ,            ,            ,            ,            ,            ,      0.0127,    989.3096,            ,
                              ,   50944.411,       0.727,            ,            ,            ,            ,            ,            ,            ,      0.0137,    877.1152,            ,
                              ,   50945.125,       0.715,            ,            ,            ,            ,            ,            ,            ,      0.0146,    779.4964,            ,
                              ,   50945.833,       0.708,            ,            ,            ,            ,            ,            ,            ,      0.0156,    690.5408,            ,
                              ,   50946.512,       0.679,            ,            ,            ,            ,            ,            ,            ,      0.0166,    605.9036,            ,
                              ,   50947.170,       0.658,            ,            ,            ,            ,            ,            ,            ,      0.0176,    527.3996,            ,
                              ,   50947.806,       0.636,            ,            ,            ,            ,            ,            ,            ,      0.0186,    454.5613,            ,
                              ,   50948.430,       0.624,            ,            ,            ,            ,            ,            ,            ,      0.0195,    388.4064,            ,
                              ,   50949.047,       0.617,            ,            ,            ,            ,            ,            ,            ,      0.0205,    325.4147,            ,
                              ,   50949.666,       0.618,            ,            ,            ,            ,            ,            ,            ,      0.0215,    268.8038,            ,
                              ,   50950.299,       0.634,            ,            ,            ,            ,            ,            ,            ,      0.0225,    215.6038,            ,
                              ,   50950.935,       0.636,            ,            ,            ,            ,            ,            ,            ,      0.0234,    170.9294,            ,
                              ,   50951.577,       0.642,            ,            ,            ,            ,            ,            ,            ,      0.0244,    128.7859,            ,
                              ,   50952.228,       0.651,            ,            ,            ,            ,            ,            ,            ,      0.0254,     93.6832,            ,
                              ,   50952.879,       0.651,            ,            ,            ,            ,            ,            ,            ,      0.0264,     61.2762,            ,
                              ,   50953.524,       0.645,            ,            ,            ,            ,            ,            ,            ,      0.0273,     34.0951,            ,
                              ,   50954.165,       0.641,            ,            ,            ,            ,            ,            ,            ,      0.0283,     10.9297,            ,
                              ,   50954.784,       0.619,            ,            ,            ,            ,            ,            ,            ,      0.0293,     -9.6223,            ,
                              ,   50955.405,       0.621,            ,            ,            ,            ,            ,            ,            ,      0.0303,    -26.9010,            ,
                              ,   50956.008,       0.604,            ,            ,            ,            ,            ,            ,            ,      0.0312,    -41.2638,            ,
                              ,   50956.607,       0.599,            ,            ,            ,            ,            ,            ,            ,      0.0322,    -53.1509,            ,
                              ,   50957.201,       0.593,            ,            ,            ,            ,            ,            ,            ,      0.0332,    -64.9821,            ,
                              ,   50957.789,       0.588,            ,            ,            ,            ,            ,            ,            ,      0.0342,    -74.7224,            ,
                              ,   50958.375,       0.586,            ,            ,            ,            ,            ,            ,            ,      0.0352,    -84.6544,            ,
                              ,   50958.961,       0.586,            ,            ,            ,            ,            ,            ,            ,      0.0361,    -91.2856,            ,
                              ,   50959.546,       0.585,            ,            ,            ,            ,            ,            ,            ,      0.0371,    -98.8234,            ,
                              ,   50960.130,       0.583,            ,            ,            ,            ,            ,            ,            ,      0.0381,   -107.2678,           1,
                              ,   50960.727,       0.597,            ,            ,            ,            ,            ,            ,            ,      0.0391,   -114.5014,            ,
                              ,   50961.333,       0.605,            ,            ,            ,            ,            ,            ,            ,      0.0400,   -119.0116,            ,
                              ,   50961.943,       0.610,            ,            ,            ,            ,            ,            ,            ,      0.0410,   -123.4385,            ,
                              ,   50962.567,       0.624,            ,            ,            ,            ,            ,            ,            ,      0.0420,   -128.1946,            ,
                              ,   50963.207,       0.640,            ,            ,            ,            ,            ,            ,            ,      0.0430,   -136.0022,            ,
                              ,   50963.865,       0.658,            ,            ,            ,            ,            ,            ,            ,      0.0439,   -139.7941,            ,
                              ,   50964.529,       0.664,            ,            ,            ,            ,            ,            ,            ,      0.0449,   -142.7326,            ,
                              ,   50965.199,       0.670,            ,            ,            ,            ,            ,            ,            ,      0.0459,   -146.3028,            ,
                              ,   50965.849,       0.650,            ,            ,            ,            ,            ,            ,            ,      0.0469,   -149.8171,            ,
                              ,   50966.494,       0.645,            ,            ,            ,            ,            ,            ,            ,      0.0479,   -154.2655,            ,
                              ,   50967.116,       0.622,            ,            ,            ,            ,            ,            ,            ,      0.0488,   -158.3281,            ,
                              ,   50967.732,       0.617,            ,            ,            ,            ,            ,            ,            ,      0.0498,   -162.1974,            ,
                              ,   50968.347,       0.614,            ,            ,            ,            ,            ,            ,            ,      0.0508,   -164.4434,            ,
                              ,   50968.955,       0.608,            ,            ,            ,            ,            ,            ,            ,      0.0518,   -165.5610,            ,
                              ,   50969.556,       0.601,            ,            ,            ,            ,            ,            ,            ,      0.0527,   -166.0178,            ,
                              ,   50970.157,       0.601,            ,            ,            ,            ,            ,            ,            ,      0.0537,   -170.0762,            ,
                              ,   50970.766,       0.609,            ,            ,            ,            ,            ,            ,            ,      0.0547,   -170.8614,            ,
                              ,   50971.399,       0.633,            ,            ,            ,            ,            ,            ,            ,      0.0557,   -174.9456,            ,
                              ,   50972.068,       0.669,            ,            ,            ,            ,            ,            ,            ,      0.0566,   -175.0966,            ,
                              ,   50972.754,       0.686,            ,            ,            ,            ,            ,            ,            ,      0.0576,   -176.7318,            ,
                              ,   50973.417,       0.663,            ,            ,            ,            ,            ,            ,            ,      0.0586,   -178.1461,            ,
                              ,   50974.088,       0.671,            ,            ,            ,            ,            ,            ,            ,      0.0596,   -181.3471,            ,
                              ,   50974.756,       0.668,            ,            ,            ,            ,            ,            ,            ,      0.0605,   -181.4123,            ,
                              ,   50975.432,       0.676,            ,            ,            ,            ,            ,            ,            ,      0.0615,   -183.3742,            ,
                              ,   50976.102,       0.670,            ,            ,            ,            ,            ,            ,            ,      0.0625,   -183.5203,            ,
                              ,   50976.756,       0.654,            ,            ,            ,            ,            ,            ,            ,      0.0635,   -185.4530,            ,
                              ,   50977.403,       0.646,            ,            ,            ,            ,            ,            ,            ,      0.0645,   -185.3500,            ,
                              ,   50978.038,       0.635,            ,            ,            ,            ,            ,            ,            ,      0.0654,   -186.9787,            ,
                              ,   50978.667,       0.629,            ,            ,            ,            ,            ,            ,            ,      0.0664,   -184.5916,            ,
                              ,   50979.284,       0.617,            ,            ,            ,            ,            ,            ,            ,      0.0674,   -185.1187,            ,
                              ,   50979.899,       0.616,            ,            ,            ,            ,            ,            ,            ,      0.0684,   -186.1124,            ,
                              ,   50980.516,       0.617,            ,            ,            ,            ,            ,            ,            ,      0.0693,   -187.1054,            ,
                              ,   50981.140,       0.624,            ,            ,            ,            ,            ,            ,            ,      0.0703,   -187.5476,            ,
                              ,   50981.789,       0.648,            ,            ,            ,            ,            ,            ,            ,      0.0713,   -186.8066,            ,
                              ,   50982.438,       0.649,            ,            ,            ,            ,            ,            ,            ,      0.0723,   -187.4947,            ,
                              ,   50983.101,       0.663,            ,            ,            ,            ,            ,            ,            ,      0.0732,   -186.3946,            ,
                              ,   50983.773,       0.672,            ,            ,            ,            ,            ,            ,            ,      0.0742,   -186.8337,            ,
                              ,   50984.475,       0.702,            ,            ,            ,            ,            ,            ,            ,      0.0752,   -186.3371,            ,
                              ,   50985.161,       0.686,            ,            ,            ,            ,            ,            ,            ,      0.0762,   -185.8397,            ,
                              ,   50985.840,       0.680,            ,            ,            ,            ,            ,            ,            ,      0.0771,   -185.6165,            ,
                              ,   50986.523,       0.683,            ,            ,            ,            ,            ,            ,            ,      0.0781,   -187.2625,            ,
                              ,   50987.205,       0.682,            ,            ,            ,            ,            ,            ,            ,      0.0791,   -184.0679,            ,
                              ,   50987.887,       0.683,            ,            ,            ,            ,            ,            ,            ,      0.0801,   -184.5024,            ,
                              ,   50988.543,       0.656,            ,            ,            ,            ,            ,            ,            ,      0.0811,   -182.7913,            ,
                              ,   50989.197,       0.653,            ,            ,            ,            ,            ,            ,            ,      0.0820,   -182.5093,            ,
                              ,   50989.847,       0.650,            ,            ,            ,            ,            ,            ,            ,      0.0830,   -182.6942,            ,
                              ,   50990.509,       0.662,            ,            ,            ,            ,            ,            ,            ,      0.0840,   -182.5208,            ,
                              ,   50991.175,       0.666,            ,            ,            ,            ,            ,            ,            ,      0.0850,   -180.3942,            ,
                              ,   50991.819,       0.644,            ,            ,            ,            ,            ,            ,            ,      0.0859,   -178.7343,            ,
                              ,   50992.456,       0.636,            ,            ,            ,            ,            ,            ,            ,      0.0869,   -179.2463,            ,
                              ,   50993.091,       0.636,            ,            ,            ,            ,            ,            ,            ,      0.0879,   -178.6575,            ,
                              ,   50993.742,       0.650,            ,            ,            ,            ,            ,            ,            ,      0.0889,   -178.4255,            ,
                              ,   50994.411,       0.669,            ,            ,            ,            ,            ,            ,            ,      0.0898,   -175.9103,            ,
                              ,   50995.102,       0.691,            ,            ,            ,            ,            ,            ,            ,      0.0908,   -175.0169,            ,
                              ,   50995.779,       0.677,            ,            ,            ,            ,            ,            ,            ,      0.0918,   -174.5352,            ,
                              ,   50996.458,       0.679,            ,            ,            ,            ,            ,            ,            ,      0.0928,   -173.8054,            ,
                              ,   50997.137,       0.679,            ,            ,            ,            ,            ,            ,            ,      0.0938,   -172.6624,            ,
                              ,   50997.820,       0.683,            ,            ,            ,            ,            ,            ,            ,      0.0947,   -172.1512,            ,
                              ,   50998.491,       0.671,            ,            ,            ,            ,            ,            ,            ,      0.0957,   -171.1169,            ,
                              ,   50999.153,       0.662,            ,            ,            ,            ,            ,            ,            ,      0.0967,   -170.3018,            ,
                              ,   50999.793,       0.641,            ,            ,            ,            ,            ,            ,            ,      0.0977,   -171.8785,            ,
                              ,   51000.436,       0.643,            ,            ,            ,            ,            ,            ,            ,      0.0986,   -169.5772,            ,
                              ,   51001.077,       0.641,            ,            ,            ,            ,            ,            ,            ,      0.0996,   -166.0927,            ,
                              ,   51001.722,       0.646,            ,            ,            ,            ,            ,            ,            ,      0.1006,   -165.8249,            ,
                              ,   51002.383,       0.661,            ,            ,            ,            ,            ,            ,            ,      0.1016,   -164.7591,            ,
                              ,   51003.038,       0.655,            ,            ,            ,            ,            ,            ,            ,      0.1025,   -163.1425,            ,
                              ,   51003.686,       0.648,            ,            ,            ,            ,            ,            ,            ,      0.1035,   -163.2304,            ,
                              ,   51004.345,       0.659,            ,            ,            ,            ,            ,            ,            ,      0.1045,   -162.6575,            ,
                              ,   51005.005,       0.660,            ,            ,            ,            ,            ,            ,            ,      0.1055,   -160.9841,            ,
                              ,   51005.670,       0.665,            ,            ,            ,            ,            ,            ,            ,      0.1064,   -161.1250,            ,
                              ,   51006.333,       0.663,            ,            ,            ,            ,            ,            ,            ,      0.1074,   -159.7528,            ,
                              ,   51006.989,       0.655,            ,            ,            ,            ,            ,            ,            ,      0.1084,   -157.6925,            ,
                              ,   51007.639,       0.650,            ,            ,            ,            ,            ,            ,            ,      0.1094,   -157.7765,            ,
                              ,   51008.286,       0.646,            ,            ,            ,            ,            ,            ,            ,      0.1104,   -156.0725,            ,
                              ,   51008.936,       0.650,            ,            ,            ,            ,            ,            ,            ,      0.1113,   -154.1478,            ,
                              ,   51009.585,       0.649,            ,            ,            ,            ,            ,            ,            ,      0.1123,   -152.6901,            ,
                              ,   51010.223,       0.638,            ,            ,            ,            ,            ,            ,            ,      0.1133,   -154.2841,            ,
                              ,   51010.862,       0.639,            ,            ,            ,            ,            ,            ,            ,      0.1143,   -154.3927,            ,
                              ,   51011.496,       0.634,            ,            ,            ,            ,            ,            ,            ,      0.1152,   -152.4381,            ,
                              ,   51012.126,       0.631,            ,            ,            ,            ,            ,            ,            ,      0.1162,   -150.4005,            ,
                              ,   51012.756,       0.630,            ,            ,            ,            ,            ,            ,            ,      0.1172,   -148.7748,            ,
                              ,   51013.382,       0.626,            ,            ,            ,            ,            ,            ,            ,      0.1182,   -147.8910,            ,
                              ,   51014.017,       0.634,            ,            ,            ,            ,            ,            ,            ,      0.1191,   -147.0617,            ,
                              ,   51014.677,       0.661,            ,            ,            ,            ,            ,            ,            ,      0.1201,   -144.1968,            ,
                              ,   51015.358,       0.681,            ,            ,            ,            ,            ,            ,            ,      0.1211,   -144.0538,            ,
                              ,   51016.047,       0.689,            ,            ,            ,            ,            ,            ,            ,      0.1221,   -142.3428,            ,
                              ,   51016.723,       0.676,            ,            ,            ,            ,            ,            ,            ,      0.1230,   -140.6313,            ,
                              ,   51017.405,       0.682,            ,            ,            ,            ,            ,            ,            ,      0.1240,   -139.8542,            ,
                              ,   51018.081,       0.676,            ,            ,            ,            ,            ,            ,            ,      0.1250,   -137.1791,            ,
                              ,   51018.753,       0.672,            ,            ,            ,            ,            ,            ,            ,      0.1260,   -135.5209,            ,
                              ,   51019.403,       0.650,            ,            ,            ,            ,            ,            ,            ,      0.1270,   -135.3472,            ,
                              ,   51020.055,       0.652,            ,            ,            ,            ,            ,            ,            ,      0.1279,   -133.3855,            ,
                              ,   51020.708,       0.652,            ,            ,            ,            ,            ,            ,            ,      0.1289,   -132.2483,            ,
                              ,   51021.367,       0.659,            ,            ,            ,            ,            ,            ,            ,      0.1299,   -129.9281,            ,
                              ,   51022.038,       0.671,            ,            ,            ,            ,            ,            ,            ,      0.1309,   -129.7523,            ,
                              ,   51022.703,       0.666,            ,            ,            ,            ,            ,            ,            ,      0.1318,   -128.3936,            ,
                              ,   51023.378,       0.675,            ,            ,            ,            ,            ,            ,            ,      0.1328,   -126.4019,            ,
                              ,   51024.058,       0.680,            ,            ,            ,            ,            ,            ,            ,      0.1338,   -123.7497,            ,
                              ,   51024.746,       0.688,            ,            ,            ,            ,            ,            ,            ,      0.1348,   -123.5445,            ,
                              ,   51025.418,       0.673,            ,            ,            ,            ,            ,            ,            ,      0.1357,   -122.1838,            ,
                              ,   51026.092,       0.674,            ,            ,            ,            ,            ,            ,            ,      0.1367,   -119.6127,            ,
                              ,   51026.757,       0.665,            ,            ,            ,            ,            ,            ,            ,      0.1377,   -118.8286,            ,
                              ,   51027.425,       0.668,            ,            ,            ,            ,            ,            ,            ,      0.1387,   -118.7040,            ,
                              ,   51028.091,       0.666,            ,            ,            ,            ,            ,            ,            ,      0.1396,   -114.8940,            ,
                              ,   51028.737,       0.646,            ,            ,            ,            ,            ,            ,            ,      0.1406,   -111.3311,            ,
                              ,   51029.384,       0.647,            ,            ,            ,            ,            ,            ,            ,      0.1416,   -109.9401,            ,
                              ,   51030.022,       0.638,            ,            ,            ,            ,            ,            ,            ,      0.1426,   -109.1263,            ,
                              ,   51030.671,       0.649,            ,            ,            ,            ,            ,            ,            ,      0.1436,   -106.5795,            ,
                              ,   51031.334,       0.663,            ,            ,            ,            ,            ,            ,            ,      0.1445,   -104.3623,            ,
                              ,   51031.988,       0.654,            ,            ,            ,            ,            ,            ,            ,      0.1455,   -101.1547,            ,
                              ,   51032.646,       0.658,            ,            ,            ,            ,            ,            ,            ,      0.1465,   -102.7866,            ,
                              ,   51033.324,       0.678,            ,            ,            ,            ,            ,            ,            ,      0.1475,    -99.2482,            ,
                              ,   51034.012,       0.688,            ,            ,            ,            ,            ,            ,            ,      0.1484,    -96.3694,            ,
                              ,   51034.678,       0.666,            ,            ,            ,            ,            ,            ,            ,      0.1494,    -93.1602,            ,
                              ,   51035.336,       0.658,            ,            ,            ,            ,            ,            ,            ,      0.1504,    -89.4006,            ,
                              ,   51035.984,       0.648,            ,            ,            ,            ,            ,            ,            ,      0.1514,    -87.7855,            ,
                              ,   51036.644,       0.660,            ,            ,            ,            ,            ,            ,            ,      0.1523,    -85.4551,            ,
                              ,   51037.291,       0.647,            ,            ,            ,            ,            ,            ,            ,      0.1533,    -82.7944,            ,
                              ,   51037.928,       0.637,            ,            ,            ,            ,            ,            ,            ,      0.1543,    -81.1232,            ,
                              ,   51038.559,       0.631,            ,            ,            ,            ,            ,            ,            ,      0.1553,    -77.7192,            ,
                              ,   51039.188,       0.629,            ,            ,            ,            ,            ,            ,            ,      0.1562,    -76.1024,            ,
                              ,   51039.826,       0.638,            ,            ,            ,            ,            ,            ,            ,      0.1572,    -75.6401,            ,
                              ,   51040.478,       0.652,            ,            ,            ,            ,            ,            ,            ,      0.1582,    -71.1901,            ,
                              ,   51041.133,       0.655,            ,            ,            ,            ,            ,            ,            ,      0.1592,    -67.7572,            ,
                              ,   51041.810,       0.677,            ,            ,            ,            ,            ,            ,            ,      0.1602,    -65.2040,            ,
                              ,   51042.467,       0.657,            ,            ,            ,            ,            ,            ,            ,      0.1611,    -62.6779,            ,
                              ,   51043.133,       0.666,            ,            ,            ,            ,            ,            ,            ,      0.1621,    -63.3140,            ,
                              ,   51043.784,       0.650,            ,            ,            ,            ,            ,            ,            ,      0.1631,    -57.7623,            ,
                              ,   51044.419,       0.636,            ,            ,            ,            ,            ,            ,            ,      0.1641,    -52.7604,            ,
                              ,   51045.047,       0.628,            ,            ,            ,            ,            ,            ,            ,      0.1650,    -49.2981,            ,
                              ,   51045.661,       0.613,            ,            ,            ,            ,            ,            ,            ,      0.1660,    -48.2829,            ,
                              ,   51046.264,       0.604,            ,            ,            ,            ,            ,            ,            ,      0.1670,    -43.5551,            ,
                              ,   51046.862,       0.598,            ,            ,            ,            ,            ,            ,            ,      0.1680,    -40.9994,            ,
                              ,   51047.455,       0.593,            ,            ,            ,            ,            ,            ,            ,      0.1689,    -35.3635,            ,
                              ,   51048.046,       0.591,            ,            ,            ,            ,            ,            ,            ,      0.1699,    -32.8622,            ,
                              ,   51048.634,       0.588,            ,            ,            ,            ,            ,            ,            ,      0.1709,    -27.7482,            ,
                              ,   51049.211,       0.577,            ,            ,            ,            ,            ,            ,            ,      0.1719,    -23.7065,            ,
                              ,   51049.779,       0.568,            ,            ,            ,            ,            ,            ,            ,      0.1729,    -18.7570,            ,
                              ,   51050.343,       0.564,            ,            ,            ,            ,            ,            ,            ,      0.1738,    -15.2922,            ,
                              ,   51050.899,       0.556,            ,            ,            ,            ,            ,            ,            ,      0.1748,    -12.1022,            ,
                              ,   51051.451,       0.551,            ,            ,            ,            ,            ,            ,            ,      0.1758,     -7.1244,            ,
                              ,   51051.998,       0.547,            ,            ,            ,            ,            ,            ,            ,      0.1768,     -2.4490,            ,
                              ,   51052.544,       0.546,            ,            ,            ,            ,            ,            ,            ,      0.1777,      2.5292,            ,
                              ,   51053.102,       0.558,            ,            ,            ,            ,            ,            ,            ,      0.1787,      6.8751,            ,
                              ,   51053.658,       0.556,            ,            ,            ,            ,            ,            ,            ,      0.1797,      7.8938,            ,
                              ,   51054.214,       0.556,            ,            ,            ,            ,            ,            ,            ,      0.1807,     12.5152,            ,
                              ,   51054.769,       0.555,            ,            ,            ,            ,            ,            ,            ,      0.1816,     19.6667,            ,
                              ,   51055.336,       0.567,            ,            ,            ,            ,            ,            ,            ,      0.1826,     23.9584,            ,
                              ,   51055.925,       0.589,            ,            ,            ,            ,            ,            ,            ,      0.1836,     28.8554,            ,
                              ,   51056.548,       0.623,            ,            ,            ,            ,            ,            ,            ,      0.1846,     32.2950,            ,
                              ,   51057.213,       0.665,            ,            ,            ,            ,            ,            ,            ,      0.1855,     37.1923,            ,
                              ,   51057.897,       0.684,            ,            ,            ,            ,            ,            ,            ,      0.1865,     43.0247,            ,
                              ,   51058.569,       0.671,            ,            ,            ,            ,            ,            ,            ,      0.1875,     48.2799,            ,
                              ,   51059.219,       0.650,            ,            ,            ,            ,            ,            ,            ,      0.1885,     55.0476,            ,
                              ,   51059.870,       0.650,            ,            ,            ,            ,            ,            ,            ,      0.1895,     59.9456,            ,
                              ,   51060.527,       0.657,            ,            ,            ,            ,            ,            ,            ,      0.1904,     65.6687,            ,
                              ,   51061.178,       0.651,            ,            ,            ,            ,            ,            ,            ,      0.1914,     70.8694,            ,
                              ,   51061.815,       0.637,            ,            ,            ,            ,            ,            ,            ,      0.1924,     76.0702,            ,
                              ,   51062.430,       0.615,            ,            ,            ,            ,            ,            ,            ,      0.1934,     80.2812,            ,
                              ,   51063.042,       0.613,            ,            ,            ,            ,            ,            ,            ,      0.1943,     83.6399,            ,
                              ,   51063.654,       0.611,            ,            ,            ,            ,            ,            ,            ,      0.1953,     86.9987,            ,
                              ,   51064.260,       0.606,            ,            ,            ,            ,            ,            ,            ,      0.1963,     94.3175,            ,
                              ,   51064.870,       0.610,            ,            ,            ,            ,            ,            ,            ,      0.1973,    102.8464,            ,
                              ,   51065.472,       0.602,            ,            ,            ,            ,            ,            ,            ,      0.1982,    108.6529,            ,
                              ,   51066.069,       0.597,            ,            ,            ,            ,            ,            ,            ,      0.1992,    113.5245,            ,
                              ,   51066.670,       0.602,            ,            ,            ,            ,            ,            ,            ,      0.2002,    117.6538,            ,
                              ,   51067.272,       0.602,            ,            ,            ,            ,            ,            ,            ,      0.2012,    124.0655,            ,
                              ,   51067.881,       0.609,            ,            ,            ,            ,            ,            ,            ,      0.2021,    128.5799,            ,
                              ,   51068.495,       0.614,            ,            ,            ,            ,            ,            ,            ,      0.2031,    134.3319,            ,
                              ,   51069.106,       0.611,            ,            ,            ,            ,            ,            ,            ,      0.2041,    140.4138,            ,
                              ,   51069.735,       0.629,            ,            ,            ,            ,            ,            ,            ,      0.2051,    146.7159,            ,
                              ,   51070.383,       0.648,            ,            ,            ,            ,            ,            ,            ,      0.2061,    149.7455,            ,
                              ,   51071.041,       0.657,            ,            ,            ,            ,            ,            ,            ,      0.2070,    156.9826,            ,
                              ,   51071.690,       0.649,            ,            ,            ,            ,            ,            ,            ,      0.2080,    160.5073,            ,
                              ,   51072.333,       0.644,            ,            ,            ,            ,            ,            ,            ,      0.2090,    165.3521,            ,
                              ,   51072.978,       0.645,            ,            ,            ,            ,            ,            ,            ,      0.2100,    167.9968,            ,
                              ,   51073.632,       0.654,            ,            ,            ,            ,            ,            ,            ,      0.2109,    173.7491,            ,
                              ,   51074.290,       0.658,            ,            ,            ,            ,            ,            ,            ,      0.2119,    179.0888,            ,
                              ,   51074.928,       0.638,            ,            ,            ,            ,            ,            ,            ,      0.2129,    182.9436,            ,
                              ,   51075.563,       0.635,            ,            ,            ,            ,            ,            ,            ,      0.2139,    188.0359,            ,
                              ,   51076.196,       0.633,            ,            ,            ,            ,            ,            ,            ,      0.2148,    191.3956,            ,
                              ,   51076.829,       0.633,            ,            ,            ,            ,            ,            ,            ,      0.2158,    193.6554,            ,
                              ,   51077.471,       0.642,            ,            ,            ,            ,            ,            ,            ,      0.2168,    198.0601,            ,
                              ,   51078.105,       0.635,            ,            ,            ,            ,            ,            ,            ,      0.2178,    201.7223,            ,
                              ,   51078.747,       0.641,            ,            ,            ,            ,            ,            ,            ,      0.2188,    204.3395,            ,
                              ,   51079.402,       0.655,            ,            ,            ,            ,            ,            ,            ,      0.2197,    206.3242,            ,
                              ,   51080.078,       0.676,            ,            ,            ,            ,            ,            ,            ,      0.2207,    208.6938,            ,
                              ,   51080.745,       0.667,            ,            ,            ,            ,            ,            ,            ,      0.2217,    209.4134,            ,
                              ,   51081.408,       0.663,            ,            ,            ,            ,            ,            ,            ,      0.2227,    211.8104,            ,
                              ,   51082.063,       0.655,            ,            ,            ,            ,            ,            ,            ,      0.2236,    211.7048,            ,
                              ,   51082.715,       0.652,            ,            ,            ,            ,            ,            ,            ,      0.2246,    211.8467,            ,
                              ,   51083.356,       0.641,            ,            ,            ,            ,            ,            ,            ,      0.2256,    212.4010,            ,
                              ,   51083.972,       0.615,            ,            ,            ,            ,            ,            ,            ,      0.2266,    212.2678,            ,
                              ,   51084.584,       0.613,            ,            ,            ,            ,            ,            ,            ,      0.2275,    209.0819,            ,
                              ,   51085.193,       0.608,            ,            ,            ,            ,            ,            ,            ,      0.2285,    207.1610,            ,
                              ,   51085.819,       0.626,            ,            ,            ,            ,            ,            ,            ,      0.2295,    203.4525,            ,
                              ,   51086.448,       0.629,            ,            ,            ,            ,            ,            ,            ,      0.2305,    202.3838,            ,
                              ,   51087.070,       0.623,            ,            ,            ,            ,            ,            ,            ,      0.2314,    199.5826,            ,
                              ,   51087.686,       0.615,            ,            ,            ,            ,            ,            ,            ,      0.2324,    194.8838,            ,
                              ,   51088.314,       0.628,            ,            ,            ,            ,            ,            ,            ,      0.2334,    189.5798,            ,
                              ,   51088.951,       0.637,            ,            ,            ,            ,            ,            ,            ,      0.2344,    185.3207,            ,
                              ,   51089.632,       0.681,            ,            ,            ,            ,            ,            ,            ,      0.2354,    180.9239,            ,
                              ,   51090.302,       0.670,            ,            ,            ,            ,            ,            ,            ,      0.2363,    174.1621,            ,
                              ,   51090.966,       0.665,            ,            ,            ,            ,            ,            ,            ,      0.2373,    169.5450,            ,
                              ,            ,            ,            ,            ,            ,            ,            ,            ,            ,      0.2383,    163.6903,            ,
                              ,            ,            ,            ,            ,            ,            ,            ,            ,            ,      0.2393,    156.0205,            ,
                              ,            ,            ,            ,            ,            ,            ,            ,            ,            ,      0.2402,    148.5705,            ,
                              ,            ,            ,            ,            ,            ,            ,            ,            ,            ,      0.2412,    142.7977,            ,
                              ,            ,            ,            ,            ,            ,            ,            ,            ,            ,      0.2422,    132.4324,            ,
                              ,            ,            ,            ,            ,            ,            ,            ,            ,            ,      0.2432,    123.7994,            ,
                              ,            ,            ,            ,            ,            ,            ,            ,            ,            ,      0.2441,    116.8436,            ,
                              ,            ,            ,            ,            ,            ,            ,            ,            ,            ,      0.2451,    111.6751,            ,
                              ,            ,            ,            ,            ,            ,            ,            ,            ,            ,      0.2461,    103.7014,            ,
                              ,            ,            ,            ,            ,            ,            ,            ,            ,            ,      0.2471,     97.2950,            ,
                              ,            ,            ,            ,            ,            ,            ,            ,            ,            ,      0.2480,     89.4034,            ,
                              ,            ,            ,            ,            ,            ,            ,            ,            ,            ,      0.2490,     82.4190,            ,
                              ,            ,            ,            ,            ,            ,            ,            ,            ,            ,      0.2500,     73.5919,            ,
                              ,            ,            ,            ,            ,            ,            ,            ,            ,            ,      0.2510,     67.4596,            ,
                              ,            ,            ,            ,            ,            ,            ,            ,            ,            ,      0.2520,     62.0695,            ,
                              ,            ,            ,            ,            ,            ,            ,            ,            ,            ,      0.2529,     55.4141,            ,
                              ,            ,            ,            ,            ,            ,            ,            ,            ,            ,      0.2539,     47.2460,            ,
                              ,            ,            ,            ,            ,            ,            ,            ,            ,            ,      0.2549,     41.7452,            ,
                              ,            ,            ,            ,            ,            ,            ,            ,            ,            ,      0.2559,     35.6665,            ,
                              ,            ,            ,            ,            ,            ,            ,            ,            ,            ,      0.2568,     29.3126,            ,
                              ,            ,            ,            ,            ,            ,            ,            ,            ,            ,      0.2578,     23.0134,            ,
                              ,            ,            ,            ,            ,            ,            ,            ,            ,            ,      0.2588,     13.2489,            ,
                              ,            ,            ,            ,            ,            ,            ,            ,            ,            ,      0.2598,      8.5991,            ,
                              ,            ,            ,            ,            ,            ,            ,            ,            ,            ,      0.2607,      4.4165,            ,
                              ,            ,            ,            ,            ,            ,            ,            ,            ,            ,      0.2617,     -1.6365,            ,
                              ,            ,            ,            ,            ,            ,            ,            ,            ,            ,      0.2627,     -7.3322,            ,
                              ,            ,            ,            ,            ,            ,            ,            ,            ,            ,      0.2637,    -13.7157,            ,
                              ,            ,            ,            ,            ,            ,            ,            ,            ,            ,      0.2646,    -19.7971,            ,
                              ,            ,            ,            ,            ,            ,            ,            ,            ,            ,      0.2656,    -24.8613,            ,
                              ,            ,            ,            ,            ,            ,            ,            ,            ,            ,      0.2666,    -29.3484,            ,
                              ,            ,            ,            ,            ,            ,            ,            ,            ,            ,      0.2676,    -34.1108,            ,
                              ,            ,            ,            ,            ,            ,            ,            ,            ,            ,      0.2686,    -39.5336,            ,
                              ,            ,            ,            ,            ,            ,            ,            ,            ,            ,      0.2695,    -44.5992,            ,
                              ,            ,            ,            ,            ,            ,            ,            ,            ,            ,      0.2705,    -49.3626,            ,
                              ,            ,            ,            ,            ,            ,            ,            ,            ,            ,      0.2715,    -54.0715,            ,
                              ,            ,            ,            ,            ,            ,            ,            ,            ,            ,      0.2725,    -58.2307,            ,
                              ,            ,            ,            ,            ,            ,            ,            ,            ,            ,      0.2734,    -61.7303,           1,
                              ,            ,            ,            ,            ,            ,            ,            ,            ,            ,      0.2744,    -64.3778,            ,
                              ,            ,            ,            ,            ,            ,            ,            ,            ,            ,      0.2754,    -68.1807,            ,
                              ,            ,            ,            ,            ,            ,            ,            ,            ,            ,      0.2764,    -73.8265,            ,
                              ,            ,            ,            ,            ,            ,            ,            ,            ,            ,      0.2773,    -76.3927,            ,
                              ,            ,            ,            ,            ,            ,            ,            ,            ,            ,      0.2783,    -79.2893,            ,
                              ,            ,            ,            ,            ,            ,            ,            ,            ,            ,      0.2793,    -83.0938,            ,
                              ,            ,            ,            ,            ,            ,            ,            ,            ,            ,      0.2803,    -84.1487,            ,
                              ,            ,            ,            ,            ,            ,            ,            ,            ,            ,      0.2812,    -89.2190,            ,
                              ,            ,            ,            ,            ,            ,            ,            ,            ,            ,      0.2822,    -89.0923,            ,
                              ,            ,            ,            ,            ,            ,            ,            ,            ,            ,      0.2832,    -90.0936,            ,
                              ,            ,            ,            ,            ,            ,            ,            ,            ,            ,      0.2842,    -92.3877,            ,
                              ,            ,            ,            ,            ,            ,            ,            ,            ,            ,      0.2852,    -94.2149,            ,
                              ,            ,            ,            ,            ,            ,            ,            ,            ,            ,      0.2861,    -97.1699,            ,
                              ,            ,            ,            ,            ,            ,            ,            ,            ,            ,      0.2871,    -95.5330,            ,
                              ,            ,            ,            ,            ,            ,            ,            ,            ,            ,      0.2881,    -96.9489,            ,
                              ,            ,            ,            ,            ,            ,            ,            ,            ,            ,      0.2891,   -100.4553,            ,
                              ,            ,            ,            ,            ,            ,            ,            ,            ,            ,      0.2900,   -100.5798,            ,
                              ,            ,            ,            ,            ,            ,            ,            ,            ,            ,      0.2910,   -101.5847,            ,
                              ,            ,            ,            ,            ,            ,            ,            ,            ,            ,      0.2920,   -105.0100,            ,
                              ,            ,            ,            ,            ,            ,            ,            ,            ,            ,      0.2930,   -104.3109,            ,
                              ,            ,            ,            ,            ,            ,            ,            ,            ,            ,      0.2939,   -104.7672,            ,
                              ,            ,            ,            ,            ,            ,            ,            ,            ,            ,      0.2949,   -102.2266,            ,
                              ,            ,            ,            ,            ,            ,            ,            ,            ,            ,      0.2959,   -102.9865,            ,
                              ,            ,            ,            ,            ,            ,            ,            ,            ,            ,      0.2969,   -103.6368,            ,
                              ,            ,            ,            ,            ,            ,            ,            ,            ,            ,      0.2979,   -104.9752,            ,
                              ,            ,            ,            ,            ,            ,            ,            ,            ,            ,      0.2988,   -104.8290,            ,
                              ,            ,            ,            ,            ,            ,            ,            ,            ,            ,      0.2998,   -105.0409,            ,
                              ,            ,            ,            ,            ,            ,            ,            ,            ,            ,      0.3008,   -105.1983,            ,
                              ,            ,            ,            ,            ,            ,            ,            ,            ,            ,      0.3018,   -106.8413,            ,
                              ,            ,            ,            ,            ,            ,            ,            ,            ,            ,      0.3027,   -106.0098,            ,
                              ,            ,            ,            ,            ,            ,            ,            ,            ,            ,      0.3037,   -104.9038,            ,
                              ,            ,            ,            ,            ,            ,            ,            ,            ,            ,      0.3047,   -105.4483,            ,
                              ,            ,            ,            ,            ,            ,            ,            ,            ,            ,      0.3057,   -105.3059,            ,
                              ,            ,            ,            ,            ,            ,            ,            ,            ,            ,      0.3066,   -107.1991,            ,
                              ,            ,            ,            ,            ,            ,            ,            ,            ,            ,      0.3076,   -107.0578,            ,
                              ,            ,            ,            ,            ,            ,            ,            ,            ,            ,      0.3086,   -106.8895,            ,
                              ,            ,            ,            ,            ,            ,            ,            ,            ,            ,      0.3096,   -106.4469,            ,
                              ,            ,            ,            ,            ,            ,            ,            ,            ,            ,      0.3105,   -106.5822,            ,
                              ,            ,            ,            ,            ,            ,            ,            ,            ,            ,      0.3115,   -106.7457,            ,
                              ,            ,            ,            ,            ,            ,            ,            ,            ,            ,      0.3125,   -108.3947,            ,
                              ,            ,            ,            ,            ,            ,            ,            ,            ,            ,      0.3135,   -106.1393,            ,
                              ,            ,            ,            ,            ,            ,            ,            ,            ,            ,      0.3145,   -106.2770,            ,
                              ,            ,            ,            ,            ,            ,            ,            ,            ,            ,      0.3154,   -104.5728,            ,
                              ,            ,            ,            ,            ,            ,            ,            ,            ,            ,      0.3164,   -106.2517,            ,
                              ,            ,            ,            ,            ,            ,            ,            ,            ,            ,      0.3174,   -106.0886,            ,
                              ,            ,            ,            ,            ,            ,            ,            ,            ,            ,      0.3184,   -106.2837,            ,
                              ,            ,            ,            ,            ,            ,            ,            ,            ,            ,      0.3193,   -104.2794,            ,
                              ,            ,            ,            ,            ,            ,            ,            ,            ,            ,      0.3203,   -106.0156,            ,
                              ,            ,            ,            ,            ,            ,            ,            ,            ,            ,      0.3213,   -105.7725,            ,
                              ,            ,            ,            ,            ,            ,            ,            ,            ,            ,      0.3223,   -106.2450,            ,
                              ,            ,            ,            ,            ,            ,            ,            ,            ,            ,      0.3232,   -105.4806,            ,
                              ,            ,            ,            ,            ,            ,            ,            ,            ,            ,      0.3242,   -106.9443,            ,
                              ,            ,            ,            ,            ,            ,            ,            ,            ,            ,      0.3252,   -107.3636,            ,
                              ,            ,            ,            ,            ,            ,            ,            ,            ,            ,      0.3262,   -107.5636,            ,
                              ,            ,            ,            ,            ,            ,            ,            ,            ,            ,      0.3271,   -105.8392,            ,
                              ,            ,            ,            ,            ,            ,            ,            ,            ,            ,      0.3281,   -105.6279,            ,
                              ,            ,            ,            ,            ,            ,            ,            ,            ,            ,      0.3291,   -108.9372,            ,
                              ,            ,            ,            ,            ,            ,            ,            ,            ,            ,      0.3301,   -108.4522,            ,
                              ,            ,            ,            ,            ,            ,            ,            ,            ,            ,      0.3311,   -108.5728,            ,
                              ,            ,            ,            ,            ,            ,            ,            ,            ,            ,      0.3320,   -108.5016,            ,
                              ,            ,            ,            ,            ,            ,            ,            ,            ,            ,      0.3330,   -108.9260,            ,
                              ,            ,            ,            ,            ,            ,            ,            ,            ,            ,      0.3340,   -108.7186,            ,
                              ,            ,            ,            ,            ,            ,            ,            ,            ,            ,      0.3350,   -107.9619,            ,
                              ,            ,            ,            ,            ,            ,            ,            ,            ,            ,      0.3359,   -107.5357,            ,
                              ,            ,            ,            ,            ,            ,            ,            ,            ,            ,      0.3369,   -108.3753,            ,
                              ,            ,            ,            ,            ,            ,            ,            ,            ,            ,      0.3379,   -108.5555,            ,
                              ,            ,            ,            ,            ,            ,            ,            ,            ,            ,      0.3389,   -108.6538,            ,
                              ,            ,            ,            ,            ,            ,            ,            ,            ,            ,      0.3398,   -112.7403,            ,
                              ,            ,            ,            ,            ,            ,            ,            ,            ,            ,      0.3408,   -110.7500,            ,
                              ,            ,            ,            ,            ,            ,            ,            ,            ,            ,      0.3418,   -109.4754,            ,
                              ,            ,            ,            ,            ,            ,            ,            ,            ,            ,      0.3428,   -108.7514,            ,
                              ,            ,            ,            ,            ,            ,            ,            ,            ,            ,      0.3438,   -109.7606,            ,
                              ,            ,            ,            ,            ,            ,            ,            ,            ,            ,      0.3447,   -111.4579,            ,
                              ,            ,            ,            ,            ,            ,            ,            ,            ,            ,      0.3457,   -110.9835,            ,
                              ,            ,            ,            ,            ,            ,            ,            ,            ,            ,      0.3467,   -110.5647,            ,
                              ,            ,            ,            ,            ,            ,            ,            ,            ,            ,      0.3477,   -111.3566,            ,
                              ,            ,            ,            ,            ,            ,            ,            ,            ,            ,      0.3486,   -111.5442,            ,
                              ,            ,            ,            ,            ,            ,            ,            ,            ,            ,      0.3496,   -111.6500,            ,
                              ,            ,            ,            ,            ,            ,            ,            ,            ,            ,      0.3506,   -112.7740,            ,
                              ,            ,            ,            ,            ,            ,            ,            ,            ,            ,      0.3516,   -113.2111,            ,
                              ,            ,            ,            ,            ,            ,            ,            ,            ,            ,      0.3525,   -113.4015,            ,
                              ,            ,            ,            ,            ,            ,            ,            ,            ,            ,      0.3535,   -111.7226,            ,
                              ,            ,            ,            ,            ,            ,            ,            ,            ,            ,      0.3545,   -111.2543,            ,
                              ,            ,            ,            ,            ,            ,            ,            ,            ,            ,      0.3555,   -114.5267,            ,
                              ,            ,            ,            ,            ,            ,            ,            ,            ,            ,      0.3564,   -114.0873,            ,
                              ,            ,            ,            ,            ,            ,            ,            ,            ,            ,      0.3574,   -113.3462,            ,
                              ,            ,            ,            ,            ,            ,            ,            ,            ,            ,      0.3584,   -112.2482,            ,
                              ,            ,            ,            ,            ,            ,            ,            ,            ,            ,      0.3594,   -111.7559,            ,
                              ,            ,            ,            ,            ,            ,            ,            ,            ,            ,      0.3604,   -113.5468,            ,
                              ,            ,            ,            ,            ,            ,            ,            ,            ,            ,      0.3613,   -114.0734,            ,
                              ,            ,            ,            ,            ,            ,            ,            ,            ,            ,      0.3623,   -112.3458,            ,
                              ,            ,            ,            ,            ,            ,            ,            ,            ,            ,      0.3633,   -112.7913,            ,
                              ,            ,            ,            ,            ,            ,            ,            ,            ,            ,      0.3643,   -111.6976,            ,
                              ,            ,            ,            ,            ,            ,            ,            ,            ,            ,      0.3652,   -111.9795,            ,
                              ,            ,            ,            ,            ,            ,            ,            ,            ,            ,      0.3662,   -110.9422,            ,
                              ,            ,            ,            ,            ,            ,            ,            ,            ,            ,      0.3672,   -110.2356,            ,
                              ,            ,            ,            ,            ,            ,            ,            ,            ,            ,      0.3682,   -110.6296,            ,
                              ,            ,            ,            ,            ,            ,            ,            ,            ,            ,      0.3691,   -111.7119,            ,
                              ,            ,            ,            ,            ,            ,            ,            ,            ,            ,      0.3701,   -110.1274,            ,
                              ,            ,            ,            ,            ,            ,            ,            ,            ,            ,      0.3711,   -110.5786,            ,
                              ,            ,            ,            ,            ,            ,            ,            ,            ,            ,      0.3721,   -110.2055,            ,
                              ,            ,            ,            ,            ,            ,            ,            ,            ,            ,      0.3730,   -111.9231,            ,
                              ,            ,            ,            ,            ,            ,            ,            ,            ,            ,      0.3740,   -110.5614,            ,
                              ,            ,            ,            ,            ,            ,            ,            ,            ,            ,      0.3750,   -109.4754,            ,
                              ,            ,            ,            ,            ,            ,            ,            ,            ,            ,      0.3760,   -109.9577,            ,
                              ,            ,            ,            ,            ,            ,            ,            ,            ,            ,      0.3770,   -110.1931,            ,
                              ,            ,            ,            ,            ,            ,            ,            ,            ,            ,      0.3779,   -112.2717,            ,
                              ,            ,            ,            ,            ,            ,            ,            ,            ,            ,      0.3789,   -110.3086,            ,
                              ,            ,            ,            ,            ,            ,            ,            ,            ,            ,      0.3799,   -109.4737,            ,
                              ,            ,            ,            ,            ,            ,            ,            ,            ,            ,      0.3809,   -109.6845,            ,
                              ,            ,            ,            ,            ,            ,            ,            ,            ,            ,      0.3818,   -109.9235,            ,
                              ,            ,            ,            ,            ,            ,            ,            ,            ,            ,      0.3828,   -108.8982,            ,
                              ,            ,            ,            ,            ,            ,            ,            ,            ,            ,      0.3838,   -106.7187,            ,
                              ,            ,            ,            ,            ,            ,            ,            ,            ,            ,      0.3848,   -106.8498,            ,
                              ,            ,            ,            ,            ,            ,            ,            ,            ,            ,      0.3857,   -104.8366,            ,
                              ,            ,            ,            ,            ,            ,            ,            ,            ,            ,      0.3867,   -106.3166,            ,
                              ,            ,            ,            ,            ,            ,            ,            ,            ,            ,      0.3877,   -105.3499,            ,
                              ,            ,            ,            ,            ,            ,            ,            ,            ,            ,      0.3887,   -107.9863,            ,
                              ,            ,            ,            ,            ,            ,            ,            ,            ,            ,      0.3896,   -107.2409,            ,
                              ,            ,            ,            ,            ,            ,            ,            ,            ,            ,      0.3906,   -104.0488,            ,
                              ,            ,            ,            ,            ,            ,            ,            ,            ,            ,      0.3916,   -102.7273,            ,
                              ,            ,            ,            ,            ,            ,            ,            ,            ,            ,      0.3926,   -103.5791,            ,
                              ,            ,            ,            ,            ,            ,            ,            ,            ,            ,      0.3936,   -102.8640,            ,
                              ,            ,            ,            ,            ,            ,            ,            ,            ,            ,      0.3945,   -102.4522,            ,
                              ,            ,            ,            ,            ,            ,            ,            ,            ,            ,      0.3955,   -104.1310,            ,
                              ,            ,            ,            ,            ,            ,            ,            ,            ,            ,      0.3965,   -101.3830,            ,
                              ,            ,            ,            ,            ,            ,            ,            ,            ,            ,      0.3975,   -101.9082,            ,
                              ,            ,            ,            ,            ,            ,            ,            ,            ,            ,      0.3984,   -101.8292,            ,
                              ,            ,            ,            ,            ,            ,            ,            ,            ,            ,      0.3994,   -103.4557,            ,
                              ,            ,            ,            ,            ,            ,            ,            ,            ,            ,      0.4004,   -103.0755,            ,
                              ,            ,            ,            ,            ,            ,            ,            ,            ,            ,      0.4014,   -102.6960,            ,
                              ,            ,            ,            ,            ,            ,            ,            ,            ,            ,      0.4023,   -102.9497,            ,
                              ,            ,            ,            ,            ,            ,            ,            ,            ,            ,      0.4033,   -101.6365,            ,
                              ,            ,            ,            ,            ,            ,            ,            ,            ,            ,      0.4043,   -103.8715,            ,
                              ,            ,            ,            ,            ,            ,            ,            ,            ,            ,      0.4053,   -101.7347,            ,
                              ,            ,            ,            ,            ,            ,            ,            ,            ,            ,      0.4062,   -100.4236,            ,
                              ,            ,            ,            ,            ,            ,            ,            ,            ,            ,      0.4072,   -101.8907,            ,
                              ,            ,            ,            ,            ,            ,            ,            ,            ,            ,      0.4082,   -101.1309,            ,
                              ,            ,            ,            ,            ,            ,            ,            ,            ,            ,      0.4092,   -100.7843,            ,
                              ,            ,            ,            ,            ,            ,            ,            ,            ,            ,      0.4102,   -100.1084,            ,
                              ,            ,            ,            ,            ,            ,            ,            ,            ,            ,      0.4111,    -99.4056,            ,
                              ,            ,            ,            ,            ,            ,            ,            ,            ,            ,      0.4121,    -98.0985,            ,
                              ,            ,            ,            ,            ,            ,            ,            ,            ,            ,      0.4131,    -97.3696,            ,
                              ,            ,            ,            ,            ,            ,            ,            ,            ,            ,      0.4141,    -97.6313,            ,
                              ,            ,            ,            ,            ,            ,            ,            ,            ,            ,      0.4150,    -98.1137,            ,
                              ,            ,            ,            ,            ,            ,            ,            ,            ,            ,      0.4160,    -97.1942,            ,
                              ,            ,            ,            ,            ,            ,            ,            ,            ,            ,      0.4170,    -98.0354,            ,
                              ,            ,            ,            ,            ,            ,            ,            ,            ,            ,      0.4180,    -96.0997,            ,
                              ,            ,            ,            ,            ,            ,            ,            ,            ,            ,      0.4189,    -97.2171,            ,
                              ,            ,            ,            ,            ,            ,            ,            ,            ,            ,      0.4199,    -95.9428,            ,
                              ,            ,            ,            ,            ,            ,            ,            ,            ,            ,      0.4209,    -96.4840,            ,
                              ,            ,            ,            ,            ,            ,            ,            ,            ,            ,      0.4219,    -97.3284,            ,
                              ,            ,            ,            ,            ,            ,            ,            ,            ,            ,      0.4229,    -98.4483,            ,
                              ,            ,            ,            ,            ,            ,            ,            ,            ,            ,      0.4238,    -96.2690,            ,
                              ,            ,            ,            ,            ,            ,            ,            ,            ,            ,      0.4248,    -94.6403,            ,
                              ,            ,            ,            ,            ,            ,            ,            ,            ,            ,      0.4258,    -97.9346,            ,
                              ,            ,            ,            ,            ,            ,            ,            ,            ,            ,      0.4268,    -97.5721,            ,
                              ,            ,            ,            ,            ,            ,            ,            ,            ,            ,      0.4277,    -96.5503,            ,
                              ,            ,            ,            ,            ,            ,            ,            ,            ,            ,      0.4287,    -94.9240,            ,
                              ,            ,            ,            ,            ,            ,            ,            ,            ,            ,      0.4297,    -93.9859,            ,
                              ,            ,            ,            ,            ,            ,            ,            ,            ,            ,      0.4307,    -93.3508,            ,
                              ,            ,            ,            ,            ,            ,            ,            ,            ,            ,      0.4316,    -92.6888,            ,


